[
    {
        "id": "rm13_armor",
        "type": "TOOL_ARMOR",
        "category" : "armor",
        "symbol": "[",
        "color": "dark_gray",
        "name": "RM13 combat armor",
        "description": "Internally powered by a maximum of ten plutonium fuel cells, this full-body suit of sleek black military armor represents the pinnacle of Rivtech's non-rigid powered armor technology.  Use it to turn it on.",
        "flags" : ["VARSIZE", "STURDY", "WATERPROOF", "RAINPROOF", "WATCH", "ALARMCLOCK", "SWIM_GOGGLES", "SUN_GLASSES", "RAD_RESIST"],
        "price": 50000000,
        "material": ["ceramic", "kevlar"],
        "weight" : 6820,
        "volume": 36,
        "to_hit" : -3,
        "max_charges": 5000,
        "ammo": "plutonium",
        "use_action": "RM13ARMOR_OFF",
        "covers" : ["HEAD", "MOUTH", "EYES", "TORSO", "ARMS", "HANDS", "LEGS", "FEET"],
        "storage" : 32,
        "warmth" : 30,
        "environmental_protection" : 15,
        "encumbrance" : 30,
        "coverage" : 100,
        "material_thickness" : 2
    },{
        "id": "rm13_armor_on",
        "type": "TOOL_ARMOR",
        "category" : "armor",
        "symbol": "[",
        "color": "dark_gray",
        "name": "RM13 combat armor (on)",
        "name_plural": "RM13 combat armors (on)",
        "description": "Internally powered by a maximum of ten plutonium fuel cells, this full-body suit of sleek black military armor represents the pinnacle of Rivtech's non-rigid powered armor technology.  It is turned on, and continually draining power.  Use it to turn it off.",
        "flags" : ["VARSIZE", "STURDY", "WATERPROOF", "RAINPROOF", "WATCH", "ALARMCLOCK", "SWIM_GOGGLES", "SUN_GLASSES", "RAD_PROOF", "ELECTRIC_IMMUNE", "THERMOMETER", "TRADER_AVOID", "CLIMATE_CONTROL"],
        "price": 50000000,
        "material": ["ceramic", "kevlar"],
        "weight" : 6820,
        "volume": 36,
        "to_hit" : -3,
        "max_charges": 5000,
        "turns_per_charge": 3,
        "ammo": "h_cell",
        "revert_to": "rm13_armor",
        "use_action": "RM13ARMOR_ON",
        "covers" : ["HEAD", "MOUTH", "EYES", "TORSO", "ARMS", "HANDS", "LEGS", "FEET"],
        "storage" : 5,
        "warmth" : 50,
        "environmental_protection" : 40,
        "encumbrance" : 6,
        "coverage" : 100,
        "qualities" : [["GLARE", 2]],
        "material_thickness" : 7
    }
]
