[
    {
        "type" : "overmap_special",
        "id" : "fieldoffice",
        "overmaps" :
        [
            { "point":[0,0,0], "overmap": "fieldoffice_north" }
        ],
        "connections" : [
            { "point" : [0,-1,0], "terrain" : "road" }
        ],
        "locations" : [ "wilderness", "swamp" ],
        "city_distance" : [25, -1],
        "city_sizes" : [1, 20],
        "occurrences" : [0, 2],
        "rotate" : true,
        "flags" : [ "CLASSIC" ],
        "spawns" : { "group" : "GROUP_DINOSAUR", "population":[30,60], "radius":[5, 25] }
    }
]
