[
    {
        "type" : "SPECIES",
        "id" : "DINOSAUR",
        "anger_triggers" : ["PLAYER_WEAK"],
        "fear_triggers" : ["SOUND", "FIRE"]
    },{
        "type" : "MONSTER",
        "id" : "mon_compsognathus",
        "name": "Compsognathus",
        "species":"DINOSAUR",
        "default_faction":"compsognathus",
        "symbol":"D",
        "color":"green_yellow",
        "size":"TINY",
        "material":"flesh",
        "diff":0,
        "aggression":0,
        "morale":0,
        "speed":200,
        "melee_skill":4,
        "melee_dice":1,
        "melee_dice_sides":2,
        "melee_cut":2,
        "dodge":4,
        "armor_bash":1,
        "armor_cut":0,
        "item_chance":0,
        "luminance":0,
        "hp":20,
        "special_freq":[0],
        "death_function":"NORMAL",
        "special_attack":["NONE"],
        "description":"A bipedal dinosaur about the size of a small cat.  Its teeth and claws look quite sharp.",
        "flags":["SEES", "SMELLS", "HEARS", "GOODHEARING", "HIT_AND_RUN", "ANIMAL", "PATH_AVOID_DANGER_1", "BLEED", "BONES", "LEATHER"],
        "anger_triggers":["PLAYER_WEAK", "HURT"],
        "fear_triggers":["SOUND", "PLAYER_CLOSE", "FIRE"],
        "placate_triggers":["MEAT"],
        "categories":["DINOSAUR"]
    },{
        "type" : "MONSTER",
        "id" : "mon_gallimimus",
        "name": "Gallimimus",
        "species":"DINOSAUR",
        "default_faction":"gallimimus",
        "symbol":"D",
        "color":"ltgreen_yellow",
        "size":"MEDIUM",
        "material":"flesh",
        "diff":0,
        "aggression":-60,
        "morale":-20,
        "speed":150,
        "melee_skill":2,
        "melee_dice":1,
        "melee_dice_sides":4,
        "melee_cut":2,
        "dodge":3,
        "armor_bash":1,
        "armor_cut":1,
        "item_chance":0,
        "luminance":0,
        "hp":40,
        "special_freq":[0],
        "death_function":"NORMAL",
        "special_attack":["NONE"],
        "description":"A feathered bipedal dinosaur, standing as tall as a human.  It looks somewhat like a reptilian ostrich.",
        "flags":["SEES", "SMELLS", "HEARS", "GOODHEARING", "ANIMAL", "PATH_AVOID_DANGER_1", "BONES", "FEATHER", "LEATHER", "FAT"],
        "fear_triggers":["SOUND", "PLAYER_CLOSE", "FIRE"],
         "categories":["DINOSAUR"]
    },{
        "type" : "MONSTER",
        "id" : "mon_titanis",
        "name": "Titanis",
        "species":"DINOSAUR",
        "default_faction":"titanis",
        "symbol":"D",
        "color":"blue_green",
        "size":"LARGE",
        "material":"flesh",
        "diff":10,
        "aggression":-20,
        "morale":60,
        "speed":150,
        "melee_skill":8,
        "melee_dice":1,
        "melee_dice_sides":8,
        "melee_cut":2,
        "dodge":1,
        "armor_bash":1,
        "armor_cut":1,
        "item_chance":0,
        "luminance":0,
        "hp":60,
        "special_freq":[0],
        "death_function":"NORMAL",
        "special_attack":["NONE"],
        "description":"It looks like a dodo, only much bigger, with longer, muscular legs and a predatory gleam in its eyes.",
        "flags":["SEES", "SMELLS", "HEARS", "ANIMAL", "PATH_AVOID_DANGER_1", "GRABS", "KEENNOSE", "BLEED", "BONES", "FEATHER", "LEATHER", "FAT"],
        "anger_triggers":["STALK", "PLAYER_WEAK", "HURT"],
        "fear_triggers":["SOUND", "FIRE"],
        "placate_triggers":["MEAT"],
         "categories":["DINOSAUR"]
    },{
        "type" : "MONSTER",
        "id" : "mon_spinosaurus",
        "name": "Spinosaurus",
        "species":"DINOSAUR",
        "default_faction":"spinosaurus",
        "symbol":"D",
        "color":"red_white",
        "size":"HUGE",
        "material":"flesh",
        "diff":50,
        "aggression":100,
        "morale":100,
        "speed":130,
        "melee_skill":15,
        "melee_dice":3,
        "melee_dice_sides":8,
        "melee_cut":15,
        "dodge":0,
        "armor_bash":4,
        "armor_cut":2,
        "item_chance":0,
        "luminance":0,
        "hp":400,
        "special_freq":[0],
        "death_function":"NORMAL",
        "special_attack":["NONE"],
        "description":"A huge dinosaur about the size of a small house, with a ferocious crocodile-like head and a sail on its back.",
        "flags":["SEES", "SMELLS", "HEARS", "ANIMAL", "PATH_AVOID_DANGER_1", "BASHES", "DESTROYS", "BLEED", "ATTACKMON", "BONES", "LEATHER", "FAT"],
        "anger_triggers":["STALK", "PLAYER_WEAK", "HURT"],
        "fear_triggers":["SOUND", "FIRE"],
        "placate_triggers":["MEAT"],
         "categories":["DINOSAUR"]
    },{
        "type" : "MONSTER",
        "id" : "mon_tyrannosaurus",
        "name": "Tyrannosaurus rex",
        "species":"DINOSAUR",
        "default_faction":"t-rex",
        "symbol":"D",
        "color":"ltred_white",
        "size":"HUGE",
        "material":"flesh",
        "diff":40,
        "aggression":100,
        "morale":100,
        "speed":130,
        "melee_skill":13,
        "melee_dice":3,
        "melee_dice_sides":6,
        "melee_cut":13,
        "dodge":0,
        "armor_bash":4,
        "armor_cut":2,
        "item_chance":0,
        "luminance":0,
        "hp":300,
        "special_freq":[0],
        "death_function":"NORMAL",
        "special_attack":["NONE"],
        "description":"Look at those TEETH!",
        "flags":["SEES", "SMELLS", "HEARS", "ANIMAL", "PATH_AVOID_DANGER_1", "BASHES", "DESTROYS", "BLEED", "ATTACKMON", "BONES", "LEATHER", "FAT"],
        "anger_triggers":["STALK", "PLAYER_WEAK", "HURT"],
        "fear_triggers":["SOUND", "FIRE"],
        "placate_triggers":["MEAT"],
         "categories":["DINOSAUR"]
    },{
        "type" : "MONSTER",
        "id" : "mon_triceratops",
        "name": "Triceratops",
        "species":"DINOSAUR",
        "default_faction":"herbivore_dino",
        "symbol":"D",
        "color":"ltgreen_magenta",
        "size":"LARGE",
        "material":"flesh",
        "diff":30,
        "aggression":-50,
        "morale":50,
        "speed":80,
        "melee_skill":12,
        "melee_dice":2,
        "melee_dice_sides":8,
        "melee_cut":15,
        "dodge":0,
        "armor_bash":4,
        "armor_cut":2,
        "item_chance":0,
        "luminance":0,
        "hp":150,
        "special_freq":[10],
        "death_function":"NORMAL",
        "special_attack":["NONE"],
        "description":"A massive rhino-like dinosaur with a bony crest from which three large horns emerge.",
        "flags":["SEES", "SMELLS", "HEARS", "GOODHEARING", "ANIMAL", "PATH_AVOID_DANGER_1", "BASHES", "BONES", "LEATHER", "FAT"],
        "anger_triggers":["HURT"],
        "fear_triggers":["SOUND", "PLAYER_CLOSE", "FIRE"],
         "categories":["DINOSAUR"]
    },{
        "type" : "MONSTER",
        "id" : "mon_stegosaurus",
        "name": "Stegosaurus",
        "species":"DINOSAUR",
        "default_faction":"herbivore_dino",
        "symbol":"D",
        "color":"green_magenta",
        "size":"LARGE",
        "material":"flesh",
        "diff":20,
        "aggression":-50,
        "morale":-20,
        "speed":40,
        "melee_skill":7,
        "melee_dice":2,
        "melee_dice_sides":4,
        "melee_cut":1,
        "dodge":1,
        "armor_bash":3,
        "armor_cut":1,
        "item_chance":0,
        "luminance":0,
        "hp":150,
        "special_freq":[5],
        "death_function":"NORMAL",
        "special_attack":["NONE"],
        "description":"A large quadruped dinosaur with plates on its back, and a spiked tail.",
        "flags":["SEES", "SMELLS", "HEARS", "GOODHEARING", "ANIMAL", "PATH_AVOID_DANGER_1", "BASHES", "BONES", "LEATHER", "FAT"],
        "anger_triggers":["HURT"],
        "fear_triggers":["SOUND", "PLAYER_CLOSE", "FIRE"],
         "categories":["DINOSAUR"]
    },{
        "type" : "MONSTER",
        "id" : "mon_ankylosaurus",
        "name": "Ankylosaurus",
        "species":"DINOSAUR",
        "default_faction":"herbivore_dino",
        "symbol":"D",
        "color":"brown_magenta",
        "size":"LARGE",
        "material":"flesh",
        "diff":20,
        "aggression":-50,
        "morale":30,
        "speed":60,
        "melee_skill":7,
        "melee_dice":2,
        "melee_dice_sides":4,
        "melee_cut":1,
        "dodge":1,
        "armor_bash":6,
        "armor_cut":4,
        "item_chance":0,
        "luminance":0,
        "hp":120,
        "special_freq":[7],
        "death_function":"NORMAL",
        "special_attack":["NONE"],
        "description":"This dinosaur looks like a giant prehistoric armadillo.  Its tail ends in a massive spiked club of bone.",
        "flags":["SEES", "SMELLS", "HEARS", "GOODHEARING", "ANIMAL", "PATH_AVOID_DANGER_1", "BASHES", "BONES", "LEATHER", "FAT"],
        "anger_triggers":["HURT"],
        "fear_triggers":["SOUND", "PLAYER_CLOSE", "FIRE"],
         "categories":["DINOSAUR"]
    },{
        "type" : "MONSTER",
        "id" : "mon_allosaurus",
        "name": "Allosaurus",
        "species":"DINOSAUR",
        "default_faction":"allosaurus",
        "symbol":"D",
        "color":"brown_white",
        "size":"LARGE",
        "material":"flesh",
        "diff":30,
        "aggression":80,
        "morale":80,
        "speed":110,
        "melee_skill":11,
        "melee_dice":3,
        "melee_dice_sides":4,
        "melee_cut":6,
        "dodge":1,
        "armor_bash":3,
        "armor_cut":1,
        "item_chance":0,
        "luminance":0,
        "hp":120,
        "special_freq":[0],
        "death_function":"NORMAL",
        "special_attack":["NONE"],
        "description":"A large predatory bipedal dinosaur, with tiger-like stripes on its broad back.",
        "flags":["SEES", "SMELLS", "HEARS", "ANIMAL", "PATH_AVOID_DANGER_1", "BASHES", "BLEED", "ATTACKMON", "BONES", "LEATHER", "FAT"],
        "anger_triggers":["STALK", "PLAYER_WEAK", "HURT"],
        "fear_triggers":["SOUND", "FIRE"],
        "placate_triggers":["MEAT"],
         "categories":["DINOSAUR"]
    },{
        "type" : "MONSTER",
        "id" : "mon_eoraptor",
        "name": "Eoraptor",
        "species":"DINOSAUR",
        "default_faction":"eoraptor",
        "symbol":"D",
        "color":"dkgray_yellow",
        "size":"TINY",
        "material":"flesh",
        "diff":0,
        "aggression":-60,
        "morale":-60,
        "speed":200,
        "melee_skill":1,
        "melee_dice":1,
        "melee_dice_sides":1,
        "melee_cut":1,
        "dodge":4,
        "armor_bash":1,
        "armor_cut":0,
        "item_chance":0,
        "luminance":0,
        "hp":10,
        "special_freq":[0],
        "death_function":"NORMAL",
        "special_attack":["NONE"],
        "description":"A bipedal dinosaur about the size of a chicken.  It roots around the undergrowth, scavenging on small animals and plants.",
        "flags":["SEES", "SMELLS", "HEARS", "GOODHEARING", "HIT_AND_RUN", "ANIMAL", "PATH_AVOID_DANGER_1", "BONES"],
        "fear_triggers":["SOUND", "PLAYER_CLOSE", "FIRE"],
        "categories":["DINOSAUR"]
    },{
        "type" : "MONSTER",
        "id" : "mon_velociraptor",
        "name": "Velociraptor",
        "species":"DINOSAUR",
        "default_faction":"velociraptor",
        "symbol":"D",
        "color":"ltred_green",
        "size":"SMALL",
        "material":"flesh",
        "diff":10,
        "aggression":0,
        "morale":20,
        "speed":150,
        "melee_skill":8,
        "melee_dice":1,
        "melee_dice_sides":6,
        "melee_cut":2,
        "dodge":3,
        "armor_bash":1,
        "armor_cut":1,
        "item_chance":0,
        "luminance":0,
        "hp":30,
        "special_freq":[5],
        "death_function":"NORMAL",
        "special_attack":["LEAP"],
        "description":"A small bipedal dinosaur covered with feathers.  Small, hooked claws emerge from its feet and hands.",
        "flags":["SEES", "SMELLS", "HEARS", "ANIMAL", "PATH_AVOID_DANGER_1", "KEENNOSE", "BLEED", "BONES", "FEATHER", "LEATHER"],
        "anger_triggers":["STALK", "FRIEND_ATTACKED", "FRIEND_DIED", "PLAYER_WEAK", "HURT"],
        "fear_triggers":["SOUND", "FIRE"],
        "placate_triggers":["MEAT"],
         "categories":["DINOSAUR"]
    },{
        "type" : "MONSTER",
        "id" : "mon_deinonychus",
        "name": "Deinonychus",
        "species":"DINOSAUR",
        "default_faction":"deinoychus",
        "symbol":"D",
        "color":"red_green",
        "size":"MEDIUM",
        "material":"flesh",
        "diff":15,
        "aggression":1,
        "morale":50,
        "speed":130,
        "melee_skill":7,
        "melee_dice":1,
        "melee_dice_sides":8,
        "melee_cut":4,
        "dodge":2,
        "armor_bash":1,
        "armor_cut":1,
        "item_chance":0,
        "luminance":0,
        "hp":60,
        "special_freq":[5],
        "death_function":"NORMAL",
        "special_attack":["LEAP"],
        "description":"A medium-sized bipedal dinosaur covered with feathers.  At the end of each foot is a large sickle-like claw.",
        "flags":["SEES", "SMELLS", "HEARS", "ANIMAL", "PATH_AVOID_DANGER_1", "KEENNOSE", "BLEED", "ATTACKMON", "BONES", "FEATHER", "LEATHER", "FAT"],
        "anger_triggers":["STALK", "FRIEND_ATTACKED", "FRIEND_DIED", "PLAYER_WEAK", "HURT"],
        "fear_triggers":["SOUND", "FIRE"],
        "placate_triggers":["MEAT"],
         "categories":["DINOSAUR"]
    },{
        "type" : "MONSTER",
        "id" : "mon_utahraptor",
        "name": "Utahraptor",
        "species":"DINOSAUR",
        "default_faction":"utahraptor",
        "symbol":"D",
        "color":"dkgray_white",
        "size":"LARGE",
        "material":"flesh",
        "diff":30,
        "aggression":30,
        "morale":80,
        "speed":100,
        "melee_skill":10,
        "melee_dice":2,
        "melee_dice_sides":6,
        "melee_cut":5,
        "dodge":1,
        "armor_bash":2,
        "armor_cut":1,
        "item_chance":0,
        "luminance":0,
        "hp":100,
        "special_freq":[5],
        "death_function":"NORMAL",
        "special_attack":["LEAP"],
        "description":"A large bipedal dinosaur with feathered arms, a long tail, and scythe-like claws.",
        "flags":["SEES", "SMELLS", "HEARS", "ANIMAL", "PATH_AVOID_DANGER_1", "KEENNOSE", "BLEED", "ATTACKMON", "BONES", "FEATHER", "LEATHER", "FAT"],
        "anger_triggers":["STALK", "FRIEND_ATTACKED", "FRIEND_DIED", "PLAYER_WEAK", "HURT"],
        "fear_triggers":["SOUND", "FIRE"],
        "placate_triggers":["MEAT"],
         "categories":["DINOSAUR"]
    },{
        "type" : "MONSTER",
        "id" : "mon_parasaurolophus",
        "name": "Parasaurolophus",
        "species":"DINOSAUR",
        "default_faction":"herbivore_dino",
        "symbol":"D",
        "color":"dkgray_magenta",
        "size":"HUGE",
        "material":"flesh",
        "diff":10,
        "aggression":-40,
        "morale":-10,
        "speed":100,
        "melee_skill":10,
        "melee_dice":2,
        "melee_dice_sides":6,
        "melee_cut":2,
        "dodge":0,
        "armor_bash":4,
        "armor_cut":4,
        "item_chance":0,
        "luminance":0,
        "hp":300,
        "special_freq":[10],
        "death_function":"NORMAL",
        "special_attack":["NONE"],
        "description":"A huge mottled dinosaur with a blunt head crest.  It contentedly strips leaves from a nearby shrub.",
        "flags":["SEES", "SMELLS", "HEARS", "GOODHEARING", "ANIMAL", "PATH_AVOID_DANGER_1", "BASHES", "BONES", "LEATHER", "FAT"],
        "anger_triggers":["HURT"],
        "fear_triggers":["SOUND", "PLAYER_CLOSE", "FIRE"],
         "categories":["DINOSAUR"]
    },{
        "type" : "MONSTER",
        "id" : "mon_dimorphodon",
        "name": "Dimorphodon",
        "species":"DINOSAUR",
        "default_faction":"dimorphodon",
        "symbol":"D",
        "color":"ltgray_yellow",
        "size":"SMALL",
        "material":"flesh",
        "diff":0,
        "aggression":0,
        "morale":10,
        "speed":110,
        "melee_skill":5,
        "melee_dice":1,
        "melee_dice_sides":6,
        "melee_cut":4,
        "dodge":6,
        "armor_bash":3,
        "armor_cut":1,
        "item_chance":0,
        "luminance":0,
        "hp":50,
        "special_freq":[0],
        "death_function":"NORMAL",
        "special_attack":["NONE"],
        "description":"A small flying reptile, circling overhead looking for prey.",
        "flags":["SEES", "SMELLS", "HEARS", "FLIES", "HIT_AND_RUN", "ANIMAL", "PATH_AVOID_DANGER_1", "BLEED", "BONES"],
        "fear_triggers":["SOUND", "PLAYER_CLOSE", "FIRE"],
        "placate_triggers":["MEAT"],
        "categories":["DINOSAUR"]
    },{
        "type" : "MONSTER",
        "id" : "mon_dilophosaurus",
        "name": "Dilophosaurus",
        "species":"DINOSAUR",
        "default_faction":"dilophosaurus",
        "symbol":"D",
        "color":"magenta_green",
        "size":"MEDIUM",
        "material":"flesh",
        "diff":10,
        "aggression":10,
        "morale":30,
        "speed":100,
        "melee_skill":4,
        "melee_dice":1,
        "melee_dice_sides":6,
        "melee_cut":2,
        "dodge":1,
        "armor_bash":3,
        "armor_cut":1,
        "item_chance":0,
        "luminance":0,
        "hp":120,
        "special_freq":[0],
        "death_function":"NORMAL",
        "special_attack":["BOOMER"],
        "description":"A medium dinosaur with a sticky green bile dripping from its teeth.",
        "flags":["SEES", "SMELLS", "HEARS", "ANIMAL", "PATH_AVOID_DANGER_1", "KEENNOSE", "BLEED", "BONES", "LEATHER", "FAT"],
        "anger_triggers":["PLAYER_WEAK", "HURT"],
        "fear_triggers":["SOUND", "FIRE"],
        "placate_triggers":["MEAT"],
         "categories":["DINOSAUR"]
    },{
        "type":"monstergroup",
        "name" : "GROUP_DINOSAUR",
        "default" : "mon_null",
        "monsters" : [
          { "monster" : "mon_compsognathus", "freq" : 100, "cost_multiplier" : 0, "pack_size" : [4,12] },
          { "monster" : "mon_gallimimus", "freq" : 50, "cost_multiplier" : 0, "pack_size" : [4,8] },
          { "monster" : "mon_titanis", "freq" : 10, "cost_multiplier" : 10 },
          { "monster" : "mon_spinosaurus", "freq" : 1, "cost_multiplier" : 50 },
          { "monster" : "mon_tyrannosaurus", "freq" : 1, "cost_multiplier" : 40 },
          { "monster" : "mon_triceratops", "freq" : 3, "cost_multiplier" : 30, "pack_size" : [1,2] },
          { "monster" : "mon_stegosaurus", "freq" : 5, "cost_multiplier" : 20, "pack_size" : [2,4] },
          { "monster" : "mon_ankylosaurus", "freq" : 5, "cost_multiplier" : 20 },
          { "monster" : "mon_allosaurus", "freq" : 2, "cost_multiplier" : 30 },
          { "monster" : "mon_eoraptor", "freq" : 20, "cost_multiplier" : 0, "pack_size" : [4,12]  },
          { "monster" : "mon_velociraptor", "freq" : 15, "cost_multiplier" : 10, "pack_size" : [2,4]  },
          { "monster" : "mon_deinonychus", "freq" : 10, "cost_multiplier" : 15, "pack_size" : [1,2]  },
          { "monster" : "mon_utahraptor", "freq" : 5, "cost_multiplier" : 30 },
          { "monster" : "mon_parasaurolophus", "freq" : 3, "cost_multiplier" : 10, "pack_size" : [2,4] },
          { "monster" : "mon_dimorphodon", "freq" : 50, "cost_multiplier" : 0, "pack_size" : [2,4] },
          { "monster" : "mon_dilophosaurus", "freq" : 15, "cost_multiplier" : 10, "pack_size" : [1,2] }
        ]
    },{
        "type":"monstergroup",
        "name" : "GROUP_DINOSAUR_HARMLESS",
        "default" : "mon_null",
        "monsters" : [
          { "monster" : "mon_compsognathus", "freq" : 100, "cost_multiplier" : 0, "pack_size" : [4,12] },
          { "monster" : "mon_gallimimus", "freq" : 50, "cost_multiplier" : 0, "pack_size" : [4,8] },
          { "monster" : "mon_eoraptor", "freq" : 20, "cost_multiplier" : 0, "pack_size" : [4,12]  }
        ]
    },{
        "type":"monstergroup",
        "name" : "GROUP_DINOSAUR_DANGEROUS",
        "default" : "mon_null",
        "monsters" : [
          { "monster" : "mon_titanis", "freq" : 10, "cost_multiplier" : 10 },
          { "monster" : "mon_allosaurus", "freq" : 2, "cost_multiplier" : 30 },
          { "monster" : "mon_velociraptor", "freq" : 15, "cost_multiplier" : 10, "pack_size" : [2,4]  },
          { "monster" : "mon_deinonychus", "freq" : 10, "cost_multiplier" : 15, "pack_size" : [1,2]  },
          { "monster" : "mon_utahraptor", "freq" : 5, "cost_multiplier" : 30 },
          { "monster" : "mon_dilophosaurus", "freq" : 15, "cost_multiplier" : 10, "pack_size" : [1,2] }
        ]
    },{
        "type":"monstergroup",
        "name" : "GROUP_DINOSAUR_FLY",
        "default" : "mon_null",
        "monsters" : [
          { "monster" : "mon_dimorphodon", "freq" : 50, "cost_multiplier" : 0, "pack_size" : [2,4] }
        ]
    },{
        "type":"monstergroup",
        "name" : "GROUP_DINOSAUR_MEGA_HERBIVORE",
        "default" : "mon_null",
        "monsters" : [
          { "monster" : "mon_triceratops", "freq" : 3, "cost_multiplier" : 30, "pack_size" : [1,2] },
          { "monster" : "mon_stegosaurus", "freq" : 5, "cost_multiplier" : 20, "pack_size" : [2,4] },
          { "monster" : "mon_ankylosaurus", "freq" : 5, "cost_multiplier" : 20 },
          { "monster" : "mon_parasaurolophus", "freq" : 3, "cost_multiplier" : 10, "pack_size" : [2,4] }
        ]
    },{
        "type":"monstergroup",
        "name" : "GROUP_DINOSAUR_MEGA_CARNIVORE",
        "default" : "mon_null",
        "monsters" : [
          { "monster" : "mon_spinosaurus", "freq" : 1, "cost_multiplier" : 50 },
          { "monster" : "mon_tyrannosaurus", "freq" : 1, "cost_multiplier" : 40 },
          { "monster" : "mon_allosaurus", "freq" : 2, "cost_multiplier" : 30 }
        ]
    }
]
