[ 
  {
    "type": "GENERIC",
    "id": "c_bill",
    "name": "C-Bill",
    "description": "The C-Bill originated from early ComStar's Letter of Credit, which detailed the value of ComStar's communication services to the Great Houses and the public. Approved in 2835 the C-Bill was intended as a method of payment for those services, its value based on a fixed amount of ComStar service, transmission time, or delivery distance. ",
    "weight": 20,
    "to_hit": -3,
    "color": "green",
    "symbol": ",",
    "material": [ "paper" ],
    "volume": 0,
    "price": 10.9
  }
]
