[
  {
    "type": "MONSTER_FACTION",
    "name": "Capellan_Confederation",
    "base_faction": "human"
  },
  {
    "type": "MONSTER_FACTION",
    "name": "Draconis_Combine",
    "base_faction": "human"
  },
  {
    "type": "MONSTER_FACTION",
    "name": "Federated_Suns",
    "base_faction": "human"
  },
  {
    "type": "MONSTER_FACTION",
    "name": "Free_Worlds_League",
    "base_faction": "human"
  },
  {
    "type": "MONSTER_FACTION",
    "name": "Lyran_Commonwealth",
    "base_faction": "human"
  },
  {
    "type": "MONSTER_FACTION",
    "name": "Republic_of_the_Sphere",
    "base_faction": "human"
  },
  {
    "type": "MONSTER_FACTION",
    "name": "Clan_Wolf-in-Exile",
    "base_faction": "human"
  },
  {
    "type": "MONSTER_FACTION",
    "name": "Duchy_of_Andurien",
    "base_faction": "human"
  },
  {
    "type": "MONSTER_FACTION",
    "name": "Duchy_of_Tamarind-Abbey",
    "base_faction": "human"
  },{
    "type": "MONSTER_FACTION",
    "name": "Marik-Stewart_Commonwealth",
    "base_faction": "human"
  },{
    "type": "MONSTER_FACTION",
    "name": "Rasalhague_Dominion",
    "base_faction": "human"
  },{
    "type": "MONSTER_FACTION",
    "name": "Regulan_Fiefs",
    "base_faction": "human"
  },{
    "type": "MONSTER_FACTION",
    "name": "Rim_Commonality",
    "base_faction": "human"
  },{
    "type": "MONSTER_FACTION",
    "name": "Wolf_Empire",
    "base_faction": "human"
  },{
    "type": "MONSTER_FACTION",
    "name": "Calderon_Protectorate",
    "base_faction": "human"
  },{
    "type": "MONSTER_FACTION",
    "name": "Fiefdom_of_Randis",
    "base_faction": "human"
  },{
    "type": "MONSTER_FACTION",
    "name": "Filtvelt_Coalition",
    "base_faction": "human"
  },{
    "type": "MONSTER_FACTION",
    "name": "Fronc_Reaches",
    "base_faction": "human"
  },{
    "type": "MONSTER_FACTION",
    "name": "Lothian_League",
    "base_faction": "human"
  },{
    "type": "MONSTER_FACTION",
    "name": "Magistracy_of_Canopus",
    "base_faction": "human"
  },{
    "type": "MONSTER_FACTION",
    "name": "Marian_Hegemony",
    "base_faction": "human"
  },{
    "type": "MONSTER_FACTION",
    "name": "Niops_Association",
    "base_faction": "human"
  },{
    "type": "MONSTER_FACTION",
    "name": "Outworlds_Alliance",
    "base_faction": "human"
  },{
    "type": "MONSTER_FACTION",
    "name": "Raven_Alliance",
    "base_faction": "human"
  },{
    "type": "MONSTER_FACTION",
    "name": "Rim_Collection",
    "base_faction": "human"
  },{
    "type": "MONSTER_FACTION",
    "name": "Rim_Territories",
    "base_faction": "human"
  },{
    "type": "MONSTER_FACTION",
    "name": "Taurian_Concordat",
    "base_faction": "human"
  },{
    "type": "MONSTER_FACTION",
    "name": "Tortuge_Dominions",
    "base_faction": "human"
  }
]
