[
  {
    "type": "profession",
    "ident": "infantryman_bt",
    "name": "Infantryman",
    "description": "Jump right in, for some good ol' Battletech action.",
    "points": 5,
    "skills": [ { "level": 2, "name": "gun" }, { "level": 2, "name": "rifle" }, { "level": 2, "name": "stabbing" } ],
    "items": {
      "both": {
        "items": [
          "pants_army",
          "undershirt",
          "jacket_army",
          "helmet_army",
          "mask_ski",
          "gloves_liner",
          "gloves_tactical",
          "socks",
          "boots_combat",
          "molle_pack"
        ],
        "entries": [
          { "item": "modularvest", "contents-group": "army_mags_m4" },
          { "item": "ear_plugs", "custom-flags": [ "no_auto_equip" ] },
          { "item": "knife_combat", "container-item": "sheath" },
          { "item": "rifle_needler_smg", "ammo-item": "fl_block", "charges": 75 }
        ]
      },
      "male": [ "boxer_shorts", "fl_block" ],
      "female": [ "sports_bra", "boxer_shorts" ]
    }
  }
]
