[
    {
        "type"         : "MONSTER_FACTION",
        "name"         : "military_zombie",
        "base_faction" : "zombie",
        "friendly"     : ["zombie", "bot", "military", "cop_bot", "defense_bot", "utility_bot"]
    },{
        "type"         : "MONSTER_FACTION",
        "name"         : "bot",
        "friendly"     : ["military_zombie"],
        "neutral"      : ["cop_bot", "defense_bot", "utility_bot", "small_animal"]
    },{
        "type"         : "MONSTER_FACTION",
        "name"         : "cop_bot",
        "base_faction" : "bot",
        "friendly"     : ["military_zombie"],
        "neutral"      : ["defense_bot", "utility_bot", "small_animal"]
    },{
        "type"         : "MONSTER_FACTION",
        "name"         : "defense_bot",
        "base_faction" : "bot",
        "friendly"     : ["military_zombie"],
        "neutral"      : ["cop_bot", "utility_bot", "small_animal"]
    },{
        "type"         : "MONSTER_FACTION",
        "name"         : "utility_bot",
        "base_faction" : "bot",
        "friendly"     : ["military_zombie"],
        "neutral"      : ["cop_bot", "defense_bot", "small_animal"]
    }
]
