[
  {
    "type" : "MONSTER",
    "id" : "mon_zombie_soldier",
    "copy-from": "mon_zombie_soldier",
    "default_faction":"military_zombie"
  },{
    "type" : "MONSTER",
    "id" : "mon_zombie_grenadier",
    "copy-from": "mon_zombie_grenadier",
    "default_faction":"military_zombie"
  },{
    "type" : "MONSTER",
    "id" : "mon_zombie_grenadier_elite",
    "copy-from" : "mon_zombie_grenadier_elite",
    "default_faction":"military_zombie"
  },{
    "type" : "MONSTER",
    "id" : "mon_zombie_bio_op",
    "copy-from" : "mon_zombie_bio_op",
    "default_faction":"military_zombie"
  },{
    "type" : "MONSTER",
    "id" : "mon_zombie_armored",
    "copy-from" : "mon_zombie_armored",
    "default_faction":"military_zombie"
  },{
    "type" : "MONSTER",
    "id" : "mon_zombie_scientist",
    "copy-from" : "mon_zombie_scientist",
    "default_faction":"military_zombie"
  }
]
