[
   {   "type" : "AMMO",
        "id" : "zp_promethium",
        "category" : "ammo",
        "price" : 5000,
        "name" : "Promethium Gel",
        "symbol" : "=",
        "color" : "light_red",
        "description" : "Promethium is one of the most highly flammable liquids known to science. When under pressure, it has the potential for violent explosion.",
        "material" : "null",
        "volume" : 0,
        "weight" : 5,
        "phase" : "solid",
        "bashing" : 1,
        "cutting" : 0,
        "to_hit" : 0,
        "ammo_type" : "promethium",
        "casing" : "NULL",
        "damage" : 5,
        "pierce" : 5,
        "range" : 10,
        "dispersion" : 0,
        "recoil" : 0,
        "count" : 1,
        "effects" : ["FLAME", "INCENDIARY", "FLARE", "FRAG", "NAPALM_BIG", "STREAM", "NEVER_MISFIRES"]
    },{
        "type" : "AMMO",
        "id" : "shot_magnum",
        "price" : 90000,
        "name" : "shotgun magnum shell",
        "symbol" : "=",
        "color" : "red",
        "description" : "A heavy metal slug used with shotguns to punch through practically anything. Extremely damaging and fairly accurate. Time to put down some undead fools.",
        "material" : "plastic",
        "volume" : 1,
        "weight" : 51,
        "bashing" : 1,
        "cutting" : 0,
        "to_hit" : 0,
        "ammo_type" : "shot",
        "casing" : "shot_hull",
        "damage" : 60,
        "pierce" : 15,
        "range" : 12,
        "dispersion" : 2,
        "recoil" : 28,
        "count" : 25,
        "effects" : ["COOKOFF"]
    },{   
		"type" : "AMMO",
        "id" : "metal_sample",
        "category" : "ammo",
        "price" : 5000,
        "name" : "Mixed metal Sample",
        "symbol" : "=",
        "color" : "light_red",
        "description" : "A mixture of metal pieces.",
        "material" : "null",
        "volume" : 0,
        "weight" : 5,
        "phase" : "solid",
        "bashing" : 1,
        "cutting" : 0,
        "to_hit" : 0,
        "ammo_type" : "components",
        "casing" : "NULL",
        "damage" : 5,
        "pierce" : 5,
        "range" : 10,
        "dispersion" : 0,
        "recoil" : 0,
        "count" : 200,
        "effects" : "NEVER_MISFIRES"
    },{   
		"type" : "AMMO",
        "id" : "3d_resin",
        "category" : "ammo",
        "price" : 5000,
        "name" : "3D printer resin",
        "symbol" : "=",
        "color" : "light_blue",
        "description" : "A mixture of metal pieces.",
        "material" : "null",
        "volume" : 0,
        "weight" : 5,
        "phase" : "solid",
        "bashing" : 1,
        "cutting" : 0,
        "to_hit" : 0,
        "ammo_type" : "3d_resin",
        "casing" : "NULL",
        "damage" : 5,
        "pierce" : 5,
        "range" : 10,
        "dispersion" : 0,
        "recoil" : 0,
        "count" : 200,
        "effects" : "NEVER_MISFIRES"
    },{      
	    "type" : "AMMO",
        "id" : "9mm_hp",
        "price" : 30000,
        "name" : "9mmHP",
        "symbol" : "=",
        "color" : "yellow",
        "description" : "9 millimeter round with a rough X cut into the tip, causes grievous wounds, yet has next to no armour penetrating properties.",
        "material" : "steel",
        "volume" : 1,
        "weight" : 7,
        "bashing" : 1,
        "cutting" : 0,
        "to_hit" : 0,
        "ammo_type" : "9mm",
        "casing" : "9mm_casing",
        "damage" : 24,
        "pierce" : 1,
        "range" : 14,
        "dispersion" : 10,
        "recoil" : 13,
        "count" : 25,
        "effects" : ["COOKOFF"]
    } 
]
