[
   {
        "type" : "COMESTIBLE",
        "id" : "Chemical",
        "name" : "Chemical",
        "weight" : 1,
        "color" : "white",
        "addiction_type" : "none",
        "spoils_in" : 0,
        "use_action" : "WATER_PURIFIER",
        "stim" : 0,
        "container" : "null",
        "to_hit" : 0,
        "comestible_type" : "MED",
        "symbol" : "!",
        "quench" : -10,
        "healthy" : 0,
        "addiction_potential" : 0,
        "nutrition" : -10,
        "description" : "Various chemicals that can be used in various chemical reactions.",
        "price" : 1000,
        "material" : "null",
        "tool" : "null",
        "volume" : 0,
        "cutting" : 0,
        "phase" : "solid",
        "charges" : 5,
        "stack_size" : 100,
        "bashing" : 0,
        "fun" : 0
    },{
        "type" : "COMESTIBLE",
        "id" : "water_boiled",
        "name" : "boiled water",
        "weight" : 250,
        "color" : "light_cyan",
        "addiction_type" : "none",
        "spoils_in" : 0,
        "stim" : 0,
        "container" : "2lcanteen",
        "to_hit" : 0,
        "comestible_type" : "DRINK",
        "symbol" : "~",
        "quench" : 50,
        "healthy" : 0,
        "addiction_potential" : 0,
        "nutrition" : 0,
        "description" : "Fresh, clean water. Truly the best thing to quench your thirst. Tastes like kettle.",
        "price" : 5000,
        "material" : "null",
        "tool" : "null",
        "volume" : 2,
        "cutting" : 0,
        "phase" : "liquid",
        "charges" : 10,
        "bashing" : 0,
        "fun" : 0
    },{
        "type" : "COMESTIBLE",
        "id" : "water_packet",
        "name" : "plastic pack of boiled water",
        "weight" : 250,
        "color" : "light_cyan",
        "addiction_type" : "none",
        "spoils_in" : 0,
        "stim" : 0,
        "container" : "bag_plastic",
        "to_hit" : 0,
        "comestible_type" : "DRINK",
        "symbol" : "~",
        "quench" : 50,
        "healthy" : 0,
        "addiction_potential" : 0,
        "nutrition" : 0,
        "description" : "Fresh, clean water. Truly the best thing to quench your thirst. Tastes like plastic.",
        "price" : 5000,
        "material" : "null",
        "tool" : "null",
        "volume" : 1,
        "cutting" : 0,
        "phase" : "solid",
        "charges" : 1,
        "bashing" : 0,
        "fun" : 0
    },{
        "type" : "COMESTIBLE",
        "id" : "zp_bloodpack",
        "name" : "bloodpack",
        "weight" : 250,
        "color" : "white",
        "addiction_type" : "none",
        "spoils_in" : 0,
        "stim" : 0,
        "container" : "bag_plastic",
        "to_hit" : 0,
        "comestible_type" : "MED",
        "symbol" : "!",
        "quench" : -7,
        "healthy" : 15,
        "addiction_potential" : 0,
        "nutrition" : 5,
        "description" : "As the body slowly produces blood, wouldn't it make sense to store some outside of the body for when you're running low?",
        "price" : 6000,
        "material" : "cotton",
        "tool" : "null",
        "volume" : 1,
        "cutting" : 0,
        "phase" : "solid",
        "charges" : 1,
        "stack_size": 10,
        "bashing" : 0,
        "fun" : 0,
         "use_action" : {
            "type" : "heal",
            "limb_power" : 3,
            "head_power" : 1,
            "torso_power" : 4,
            "bleed" : 0.9,
            "move_cost" : 300
         }
    },{
        "type" : "COMESTIBLE",
        "id" : "zp_kindling",
        "name" : "kindling",
       "category" : "spare_parts",
        "weight" : 5,
        "color" : "white",
        "addiction_type" : "none",
        "spoils_in" : 0,
        "use_action" : "NONE",
        "stim" : 0,
        "container" : "null",
        "to_hit" : 0,
        "comestible_type" : "FOOD",
        "symbol" : "`",
        "quench" : 0,
        "healthy" : 0,
        "addiction_potential" : 0,
        "nutrition" : 1,
        "description" : "Scraps of wood, paper and other flammable materials used to start or fuel fires.",
        "price" : 250,
        "material" : "paper",
        "tool" : "null",
        "volume" : 0.5,
        "cutting" : 0,
        "phase" : "solid",
        "charges" : 60,
        "bashing" : 0,
        "fun" : -20
    },{
        "type" : "COMESTIBLE",
        "id" : "zp_blackpudding",
        "name" : "blackpudding",
        "weight" : 160,
        "color" : "red",
        "addiction_type" : "none",
        "spoils_in" : 0,
        "stim" : 0,
        "container" : "null",
        "to_hit" : 0,
        "comestible_type" : "FOOD",
        "symbol" : "%",
        "quench" : -5,
        "healthy" : 0,
        "addiction_potential" : 0,
        "nutrition" : 20,
        "description" : "A sausage made from dried blood and fat, so quite dry. Yum!!.",
        "price" : 16000,
        "material" : "flesh",
        "tool" : "null",
        "volume" : 1,
        "cutting" : 0,
        "phase" : "solid",
        "charges" : 1,
        "bashing" : 0,
        "flags" : ["EATEN_HOT"],
        "fun" : 10
    },{
        "type" : "COMESTIBLE",
        "id" : "zp_lifesaver",
        "name" : "Zero-Point Survivor Shot",
        "weight" : 1,
        "color" : "red",
        "addiction_type" : "cocaine",
        "spoils_in" : 0,
        "use_action": "JET_INJECTOR",
		"flags" : "PKILL_4",
        "stim" : 50,
        "container" : "null",
        "to_hit" : 0,
        "comestible_type" : "MED",
        "symbol" : "%",
        "quench" : 75,
        "healthy" : 15,
        "addiction_potential" : 60,
        "nutrition" : 75,
        "description" : "An EMERGENCY shot with a synthetic chemical that the body will unfortunately break down into cocaine. !!NOT DESIGNED FOR CONTINUAL USE, FOR EMERGENCY USE ONLY!!",
        "price" : 5000,
        "material" : "null",
        "tool" : "null",
        "volume" : 2,
        "cutting" : 0,
        "phase" : "solid",
        "charges" : 1,
        "bashing" : 0,
        "fun" : 50
    },{
        "type" : "COMESTIBLE",
        "id" : "zp_nutrient",
        "name" : "Zero-Point Nutrient Shot",
        "weight" : 1,
        "color" : "red",
        "addiction_type" : "none",
        "spoils_in" : 0,
		"flags" : "EATEN_HOT",
        "stim" : 0,
        "container" : "null",
        "to_hit" : 0,
        "comestible_type" : "MED",
        "symbol" : "%",
        "quench" : 2,
        "healthy" : -10,
        "addiction_potential" : 0,
        "nutrition" : 2,
        "description" : "A nutrient shot with a potent synthetic chemical. !!NOT DESIGNED FOR STAPLE USE, FOR EMERGENCY USE ONLY!!",
        "price" : 5000,
        "material" : "null",
        "tool" : "null",
        "volume" : 2,
        "cutting" : 0,
        "phase" : "solid",
        "charges" : 1,
		"stack_size" : 20,
        "bashing" : 0,
        "fun" : 50
    },{
        "type" : "COMESTIBLE",
        "id" : "cement_pow",
        "name" : "cement powder",
        "weight" : 1,
        "color" : "white",
        "addiction_type" : "none",
        "spoils_in" : 0,
        "use_action" : "NONE",
        "stim" : 0,
        "container" : "null",
        "to_hit" : 0,
        "comestible_type" : "MED",
        "symbol" : "!",
        "quench" : -20,
        "healthy" : 0,
        "addiction_potential" : 0,
        "nutrition" : -10,
        "description" : "Powder that once mixed with water will dry and harden into cement.",
        "price" : 1000,
        "material" : "null",
        "tool" : "null",
        "volume" : 0,
        "cutting" : 0,
        "phase" : "solid",
        "charges" : 200,
        "stack_size" : 200,
        "bashing" : 0,
        "fun" : -50
    },{
        "type" : "COMESTIBLE",
        "id" : "cement_mix",
        "name" : "cement (mixed)",
        "weight" : 1,
        "color" : "white",
        "addiction_type" : "none",
        "spoils_in" : 1,
        "use_action" : "NONE",
        "stim" : 0,
        "container" : "null",
        "to_hit" : 0,
        "comestible_type" : "MED",
        "symbol" : "!",
        "quench" : -20,
        "healthy" : 0,
        "addiction_potential" : 0,
        "nutrition" : 0,
        "description" : "Mixed with water and will soon dry and harden into cement, build it quick!",
        "price" : 1000,
        "material" : "null",
        "tool" : "null",
        "volume" : 0,
        "cutting" : 0,
        "phase" : "solid",
        "charges" : 20,
        "stack_size" : 20,
        "bashing" : 0,
        "fun" : -50
    }
]
