[
    {
        "type": "profession",
        "ident": "demigod",
        "name": "Demi-God *DD*",
        "description": "You're the ultimate experiment.",
        "points": 0,
        "CBMs":[
            "bio_power_storage_mkII",
			"bio_power_storage_mkII",
			"bio_power_storage_mkII",
			"bio_power_storage_mkII",
			"bio_power_storage_mkII",
			"bio_metabolics",
			"bio_solar",
			"bio_torsionratchet",
			"bio_furnace",
			"bio_ethanol",
			"bio_ears",
			"bio_eye_enhancer",
			"bio_watch",
			"bio_membrane",
			"bio_sunglasses",
			"bio_targeting",
			"bio_gills",
			"bio_purifier",
			"bio_climate",
			"bio_faraday",
			"bio_storage",
			"bio_recycler",
			"bio_digestion",
			"bio_tools",
			"bio_shock",
			"bio_heat_absorb",
			"bio_carbon",
			"bio_armor_head",
			"bio_armor_torso",
			"bio_armor_arms",
			"bio_armor_legs",
			"bio_armor_eyes",
			"bio_flashlight",
			"bio_night_vision",
			"bio_infrared",
			"bio_face_mask",
			"bio_ads",
			"bio_ods",
			"bio_leukocyte",
			"bio_scent_mask",
			"bio_scent_vision",
			"bio_cloak",
			"bio_painkiller",
			"bio_nanobots",
			"bio_heatsink",
			"bio_resonator",
			"bio_time_freeze",
			"bio_teleport",
			"bio_blood_anal",
			"bio_geiger",
			"bio_radscrubber",
			"bio_adrenaline",
			"bio_blood_filter",
			"bio_alarm",
			"bio_evap",
			"bio_lighter",
			"bio_claws",
			"bio_razors",
			"bio_blade",
			"bio_laser",
			"bio_emp",
			"bio_hydraulics",
			"bio_water_extractor",
			"bio_magnet",
			"bio_fingerhack",
			"bio_lockpick",
			"bio_ground_sonar",
			"bio_power_armor_interface_mkII",
			"bio_flashbang",
			"bio_railgun",
			"bio_probability_travel",
			"bio_shockwave",
			"bio_chain_lightning",
			"bio_night",
			"bio_uncanny_dodge"
        ],
        "items": {
            "both": [
                "jeans",
                "tshirt",
                "sneakers",
                "pockknife",
                "water_clean",
                "matches"
            ],
            "male": [
                "boxer_shorts"
            ],
            "female": [
                "bra",
                "panties"
            ]
        }
    },
	{
        "type": "profession",
        "ident": "future_human",
        "name": "Future Human *DD*",
        "description": "This is how we'll be one day.",
        "points": 0,
        "CBMs":[
            "bio_power_storage_mkII",
			"bio_power_storage_mkII",
			"bio_power_storage_mkII",
			"bio_power_storage_mkII",
			"bio_power_storage_mkII",
			"bio_metabolics",
			"bio_solar",
			"bio_torsionratchet",
			"bio_furnace",
			"bio_ethanol",
			"bio_watch",
			"bio_purifier",
			"bio_storage",
			"bio_recycler",
			"bio_digestion",
			"bio_tools",
			"bio_flashlight",
			"bio_painkiller",
			"bio_nanobots",
			"bio_blood_anal",
			"bio_blood_filter"
        ],
        "items": {
            "both": [
                "jeans",
                "tshirt",
                "sneakers",
                "pockknife",
                "water_clean",
                "matches"
            ],
            "male": [
                "boxer_shorts"
            ],
            "female": [
                "bra",
                "panties"
            ]
        }
    },
	{
        "type": "profession",
        "ident": "zp_agent",
        "name": "Zero-Point Agent *DD*",
        "description": "You travelled through time to stop the cataclysm, but you arrived too late...",
        "points": -1,
        "items": {
            "both" :
            [
                "zp_suit",
                "zp_oversuit",
                "zp_cryosuit",
                "zp_item",
				"zp_nutrient",
				"zp_nutrient",
				"zp_lifesaver",
				"Chemical",
				"Chemical",
				"Chemical",
				"Chemical",
				"Chemical",
				"zp_laserpistol",
				"multitool",
				"zp_lighter",
                "antibiotics"
            ]
        },
        "addictions": [
            {
                "intensity": 1,
                "type": "mutagen"
            }
        ]
    },{
        "type": "profession",
        "ident": "signaller",
        "name": "Lost logistics officer *DD*",
        "description": "with nothing but your trust few flares to flag down air drops, this could be difficult, or really easy, depending on how you use them.",
        "points": 0,
        "items": {
            "both": [
                "water_clean",
                "handflare",
				"handflare",
				"handflare"
            ],
            "male": [
                "boxer_shorts"
            ],
            "female": [
                "bra",
                "panties"
            ]
        }
    }
]
