[
{
  "type" : "recipe",
  "result": "rock",
  "id_suffix": "DD_mod",
  "category": "CC_OTHER",
  "subcategory": "CSC_OTHER_OTHER",
  "difficulty": 0,
  "time": 1000,
  "reversible": true,
  "autolearn": true,
  "components": [
    [
      [ "pebble", 2]
    ]
  ]
},{
  "type" : "recipe",
  "result": "duct_tape",
  "id_suffix": "my_mod_cheat",
  "category": "CC_OTHER",
  "subcategory": "CSC_OTHER_OTHER",
  "difficulty": 0,
  "time": 1000,
  "reversible": true,
  "autolearn": true,
  "components": [
    [
      [ "zp_token", 1]
    ]
  ]
},{
  "type" : "recipe",
  "result": "zp_chem_set",
  "id_suffix": "my_mod_cheat",
  "category": "CC_OTHER",
  "subcategory": "CSC_OTHER_OTHER",
  "difficulty": 0,
  "time": 1000,
  "reversible": true,
  "autolearn": true,
  "components": [
    [
      [ "zp_token", 1]
    ]
  ]
}
]
