[
{
  "type" : "recipe",
  "result": "zp_item",
  "id_suffix": "my_mod",
  "category": "CC_ARMOR",
  "subcategory": "CSC_ARMOR_STORAGE",
  "skill_used": "fabrication",
  "difficulty": 2,
  "time": 1000,
  "reversible": true,
  "autolearn": true,
  "components": [
    [
      [ "zp_token", 1]
    ]
  ]
},{
  "type" : "recipe",
  "result": "zp_oversuit",
  "id_suffix": "my_mod",
  "category": "CC_ARMOR",
  "subcategory": "CSC_ARMOR_OTHER",
  "skill_used": "fabrication",
  "difficulty": 2,
  "time": 1000,
  "reversible": true,
  "autolearn": true,
  "components": [
    [
      [ "zp_token", 1]
    ]
  ]
},{
  "type" : "recipe",
  "result": "zp_suit",
  "id_suffix": "my_mod",
  "category": "CC_ARMOR",
  "subcategory": "CSC_ARMOR_OTHER",
  "skill_used": "fabrication",
  "difficulty": 2,
  "time": 1000,
  "reversible": true,
  "autolearn": true,
  "components": [
    [
      [ "zp_token", 1]
    ]
  ]
},{
  "type" : "recipe",
  "result": "zp_cryosuit",
  "id_suffix": "my_mod",
  "category": "CC_ARMOR",
  "subcategory": "CSC_ARMOR_OTHER",
  "skill_used": "fabrication",
  "difficulty": 2,
  "time": 1000,
  "reversible": true,
  "autolearn": true,
  "components": [
    [
      [ "zp_token", 1]
    ]
  ]
},{
  "type" : "recipe",
  "result": "web_spinner",
  "id_suffix": "my_mod",
  "category": "CC_ARMOR",
  "subcategory": "CSC_ARMOR_OTHER",
  "skill_used": "fabrication",
  "difficulty": 2,
  "time": 1000,
  "reversible": true,
  "autolearn": true,
  "components": [
    [
      [ "zp_token", 1]
    ]
  ]
}
]
