[
{
  "type" : "recipe",
  "result": "cable",
  "id_suffix": "my_mod",
  "category": "CC_ELECTRONIC",
  "subcategory": "CSC_ELECTRONIC_COMPONENTS",
  "skill_used": "electronics",
  "difficulty": 1,
  "time": 1000,
  "reversible": true,
  "autolearn": true,
  "components": [
    [
      [ "scrap", 1 ]
    ]
  ]
},{
  "type" : "recipe",
  "result": "battery",
  "id_suffix": "my_mod",
  "category": "CC_ELECTRONIC",
  "subcategory": "CSC_ELECTRONIC_COMPONENTS",
  "skill_used": "electronics",
  "difficulty": 1,
  "time": 1000,
  "reversible": true,
  "autolearn": true,
  "tools": [
    [
      [ "chemistry_set", -1 ]
    ]
    ],
  "components": [
    [
      [ "Chemical", 100 ],
	  [ "plasma", 25 ]
    ],
	[
      [ "can_food", 1 ],
	  [ "scrap", 1 ]
    ]
  ]
},{
  "type" : "recipe",
  "result": "hose",
  "id_suffix": "my_mod",
  "category": "CC_ELECTRONIC",
  "subcategory": "CSC_ELECTRONIC_COMPONENTS",
  "skill_used": "electronics",
  "difficulty": 1,
  "time": 1000,
  "reversible": true,
  "autolearn": true,
  "tools": [
    [
      [ "hotplate", 2 ],
      [ "char_smoker", 1 ],
      [ "toolset", 1 ],
      [ "fire", -1 ]
    ]
    ],
  "components": [
    [
      [ "plastic_chunk", 1 ]
    ]
  ]
},{
  "type" : "recipe",
  "result": "e_scrap",
  "id_suffix": "my_mod",
  "category": "CC_ELECTRONIC",
  "subcategory": "CSC_ELECTRONIC_COMPONENTS",
  "skill_used": "electronics",
  "difficulty": 1,
  "time": 1000,
  "reversible": true,
  "autolearn": true,
  "components": [
    [
      [ "scrap", 1 ]
    ],
    [
      [ "cable", 1 ]
    ]
  ]
},{
  "type" : "recipe",
  "result": "circuit",
  "id_suffix": "my_mod",
  "category": "CC_ELECTRONIC",
  "subcategory": "CSC_ELECTRONIC_COMPONENTS",
  "skill_used": "electronics",
  "difficulty": 1,
  "time": 1000,
  "reversible": true,
  "autolearn": true,
  "components": [
    [
      [ "e_scrap", 1 ]
    ],
    [
      [ "plastic_chunk", 1 ]
    ]
  ]
},{
  "type" : "recipe",
  "result": "RAM",
  "id_suffix": "my_mod",
  "category": "CC_ELECTRONIC",
  "subcategory": "CSC_ELECTRONIC_COMPONENTS",
  "skill_used": "electronics",
  "difficulty": 1,
  "time": 1000,
  "reversible": true,
  "autolearn": true,
  "components": [
    [
      [ "e_scrap", 1 ]
    ],
    [
      [ "circuit", 1 ]
    ]
  ]
},{
  "type" : "recipe",
  "result": "element",
  "id_suffix": "my_mod",
  "category": "CC_ELECTRONIC",
  "subcategory": "CSC_ELECTRONIC_COMPONENTS",
  "skill_used": "electronics",
  "difficulty": 1,
  "time": 1000,
  "reversible": true,
  "autolearn": true,
  "components": [
    [
      [ "e_scrap", 1 ]
    ],
    [
      [ "cable", 1 ]
    ]
  ]
},{
  "type" : "recipe",
  "result": "processor",
  "id_suffix": "my_mod",
  "category": "CC_ELECTRONIC",
  "subcategory": "CSC_ELECTRONIC_COMPONENTS",
  "skill_used": "electronics",
  "difficulty": 1,
  "time": 1000,
  "reversible": true,
  "autolearn": true,
  "components": [
    [
      [ "e_scrap", 1 ]
    ],
    [
      [ "circuit", 1 ]
    ]
  ]
},{
  "type" : "recipe",
  "result": "small_lcd_screen",
  "id_suffix": "my_mod",
  "category": "CC_ELECTRONIC",
  "subcategory": "CSC_ELECTRONIC_COMPONENTS",
  "skill_used": "electronics",
  "difficulty": 1,
  "time": 1000,
  "reversible": true,
  "autolearn": true,
  "components": [
    [
      [ "RAM", 1 ]
    ],
    [
      [ "glass_shard", 1 ]
    ],
    [
      [ "cable", 1 ]
    ]
  ]
},{
  "type" : "recipe",
  "result": "power_supply",
  "id_suffix": "my_mod",
  "category": "CC_ELECTRONIC",
  "subcategory": "CSC_ELECTRONIC_COMPONENTS",
  "skill_used": "electronics",
  "difficulty": 1,
  "time": 1000,
  "reversible": true,
  "autolearn": true,
  "components": [
    [
      [ "e_scrap", 1 ]
    ],
    [
      [ "cable", 1 ]
    ]
  ]
},{
  "type" : "recipe",
  "result": "antenna",
  "id_suffix": "my_mod",
  "category": "CC_ELECTRONIC",
  "subcategory": "CSC_ELECTRONIC_COMPONENTS",
  "skill_used": "electronics",
  "difficulty": 1,
  "time": 3000,
  "reversible": true,
  "autolearn": false,
  "book_learn": [[ "radio_book", 1 ] , [ "textbook_anarch", 1 ]],
  "tools": [
    [
      [ "hacksaw", -1 ],
      [ "toolset", -1 ]
    ]
  ],
  "components": [
    [
      [ "scrap", 2 ]
    ]
  ]
},{
  "type" : "recipe",
  "result": "plastic_chunk",
  "id_suffix": "my_mod",
  "category": "CC_ELECTRONIC",
  "subcategory": "CSC_ELECTRONIC_OTHER",
  "skill_used": "electronics",
  "difficulty": 1,
  "time": 1000,
  "reversible": true,
  "autolearn": true,
  "components": [
    [
      [ "Chemical", 5]
    ]
  ]
},{
  "type" : "recipe",
  "result": "rag",
  "id_suffix": "my_mod",
  "category": "CC_OTHER",
  "subcategory": "CSC_OTHER_MATERIALS",
  "skill_used": "tailor",
  "difficulty": 1,
  "time": 1000,
  "reversible": true,
  "autolearn": true,
  "components": [
    [
      [ "thread", 100 ]
    ]
  ]
},{
  "type" : "recipe",
  "result": "duct_tape",
  "id_suffix": "my_mod",
  "category": "CC_OTHER",
  "subcategory": "CSC_OTHER_MATERIALS",
  "skill_used": "tailor",
  "difficulty": 1,
  "time": 1000,
  "reversible": true,
  "autolearn": true,
  "components": [
    [
      [ "plastic_chunk", 1 ]
    ],
    [
      [ "superglue", 1 ]
    ],
    [
      [ "plant_fibre", 50 ],
      [ "sinew", 50 ],
      [ "thread", 50 ],
	  [ "rag", 1 ]
    ]
  ]
},{
  "type" : "recipe",
  "result": "id_military",
  "id_suffix": "my_mod",
  "category": "CC_ELECTRONIC",
  "subcategory": "CSC_ELECTRONIC_OTHER",
  "skill_used": "electronics",
  "skills_required": [ "computer", 1 ],
  "difficulty": 4,
  "time": 35000,
  "reversible": true,
  "autolearn": true,
  "tools": [
    [
      [ "screwdriver", -1 ],
      [ "toolset", -1 ]
    ],
    [
      [ "soldering_iron", 10 ],
      [ "toolset", 1 ]
    ]
  ],
  "components": [
    [
      [ "processor", 1 ]
    ],
    [
      [ "RAM", 1 ]
    ],
    [
      [ "scrap", 4 ]
    ],
    [
      [ "cable", 10 ]
    ]
  ]
},{
  "type" : "recipe",
  "result": "id_science",
  "id_suffix": "my_mod",
  "category": "CC_ELECTRONIC",
  "subcategory": "CSC_ELECTRONIC_OTHER",
  "skill_used": "electronics",
  "skills_required": [ "computer", 1 ],
  "difficulty": 4,
  "time": 35000,
  "reversible": true,
  "autolearn": true,
  "tools": [
    [
      [ "screwdriver", -1 ],
      [ "toolset", -1 ]
    ],
    [
      [ "soldering_iron", 10 ],
      [ "toolset", 1 ]
    ]
  ],
  "components": [
    [
      [ "processor", 1 ]
    ],
    [
      [ "RAM", 1 ]
    ],
    [
      [ "scrap", 4 ]
    ],
    [
      [ "cable", 10 ]
    ]
  ]
}
]
