[
	{
        "type" : "vehicle_part",
        "id" : "zp_engine_water",
        "name" : "Zero-point plasma engine",
        "symbol" : "*",
        "color" : "light_blue",
        "broken_symbol" : "#",
        "broken_color" : "red",
        "damage_modifier" : 80,
        "durability" : 250,
        "power" : 400,
        "epower" : 2238,
        "fuel_type" : "water",
        "item" : "zp_vehicle_module",
        "difficulty" : 1,
        "location" : "engine_block",
        "flags" : ["ENGINE"],
        "breaks_into" : [
            {"item": "zp_vehicle_module", "min": 1, "max": 1}
        ]
    },{
        "type" : "vehicle_part",
        "id" : "zp_solar_panel",
        "name" : "zero-point solar panel",
        "symbol" : "#",
        "color" : "yellow",
        "broken_symbol" : "x",
        "broken_color" : "light_gray",
        "damage_modifier" : 10,
        "durability" : 200,
        "epower" : 1000,
        "item" : "zp_vehicle_module",
        "difficulty" : 1,
        "location" : "on_roof",
        "flags" : ["SOLAR_PANEL"],
        "breaks_into" : [
            {"item": "zp_vehicle_module", "min": 1, "max": 1}
        ]
    },{
        "type" : "vehicle_part",
        "id" : "zp_armour_plating",
        "name" : "Zero_point armour plating",
        "symbol" : ")",
        "color" : "green",
        "broken_symbol" : ")",
        "broken_color" : "green",
        "durability" : 5000,
        "item" : "zp_vehicle_module",
        "difficulty" : 1,
        "location" : "armor",
        "flags" : ["ARMOR"],
        "breaks_into" : [
            {"item": "zp_vehicle_module", "min": 1, "max": 1}
        ]
    },{
            "type" : "vehicle_part",
        "id" : "zp_utility_station",
        "name" : "Zero-point utility station",
        "symbol" : "#",
        "color" : "light_green",
        "broken_symbol" : "0",
        "broken_color" : "blue",
        "damage_modifier" : 10,
        "durability" : 200,
        "epower" : -1,
        "bonus" : 600,
        "item" : "zp_vehicle_module",
        "difficulty" : 1,
        "location" : "center",
        "flags" : ["RECHARGE", "FORGE", "CHEMLAB", "CRAFTRIG", "WELDRIG", "KITCHEN"],
        "breaks_into" : [
            {"item": "zp_vehicle_module", "min": 1, "max": 1}
        ]
    },{
        "type" : "vehicle_part",
        "id" : "zp_vehicle_water_tank",
        "name" : "Zero-point Hydro-tank",
        "symbol" : "O",
        "color" : "light_blue",
        "broken_symbol" : "#",
        "broken_color" : "red",
        "damage_modifier" : 80,
        "durability" : 150,
        "size" : 3000,
        "fuel_type" : "water",
        "item" : "zp_vehicle_module",
        "difficulty" : 1,
        "location" : "fuel_source",
        "flags" : ["FUEL_TANK"],
        "breaks_into" : [
            {"item": "zp_vehicle_module", "min": 1, "max": 1}
        ]
    }
]
