[
	{
        "type":"GENERIC",
        "id" : "zp_vehicle_module",
        "name" : "zero point vehicle module",
        "description" : "A curious perfect cube of metal that seems pliable, yet returns to its original shape when let go. Warm to the touch.",
        "weight" : 20,
        "to_hit" : -2,
        "color" : "light_cyan",
        "symbol" : ":",
        "material" : ["plastic", "null"],
        "volume" : 1,
        "bashing" : 5,
        "cutting" : 0,
        "category" : "veh_parts",
        "price" : 6000
    }
]
