[
    {
        "type": "mapgen",
        "om_terrain": [
            "s_baseballfield_b1"
        ],
            "method": "json",
            "weight": 500,
            "object": {
                "rows": [
                    "7................,......",
                    "7.................,.....",
                    "7..................,....",
                    "7...................,...",
                    "7....................,..",
                    "7.....................,.",
                    "7......................y",
                    "7.......................",
                    "7.......................",
                    "7.......................",
                    "7.......................",
                    "7.......................",
                    "7.......................",
                    "7.......................",
                    "7.......................",
                    "7.......................",
                    "7.......................",
                    "7.......................",
                    "7.......................",
                    "7.......................",
                    "7.......................",
                    "7.......................",
                    "7.......................",
                    "666666666666666666666666"
                ],
                "terrain": {
                    "r": "t_pavement",
                    "y": "t_pavement_y",
                    ".": "t_grass",
                    "-": "t_wall_h",
                    "1": "t_window",
                    "|": "t_wall_v",
                    "+": "t_door_c",
                    "2": "t_sidewalk",
                    "3": "t_tree_young",
                    "4": "t_chaingate_l",
                    "5": "t_wall_wood",
                    "6": "t_chainfence_h",
                    "7": "t_chainfence_v",
                    " ": "t_floor",
                    ",": "t_dirtfloor",
                    "A": "t_floor",
                    "B": "t_floor",
                    "C": "t_floor",
                    "D": "t_floor",
                    "E": "t_dirtfloor",
                    "F": "t_floor",
                    "G": "t_dirtfloor",
                    "H": "t_floor",
                    "I": "t_floor"
                },
                "furniture": {
                    "A": "f_rack",
                    "B": "f_toilet",
                    "C": "f_counter",
                    "D": "f_sink",
                    "E": "f_sink",
                    "F": "f_chair",
                    "G": "f_locker",
                    "H": "f_table",
                    "I": "f_sofa"
                }
        }
    }
]
