[
    {
        "type" : "overmap_terrain",
        "id" : "s_vfw",
        "name" : "vfw hall",
        "rotate" : true,
        "sym" : [94, 62, 118, 60],
        "color" : "i_green",
        "see_cost" : 5,
        "extras" : "build",
        "mondensity" : 2,
        "sidewalk" : true
    },{
        "type" : "overmap_terrain",
        "id" : "s_thrift",
        "name" : "thrift store",
        "rotate" : true,
        "sym" : [94, 62, 118, 60],
        "color" : "light_gray",
        "see_cost" : 5,
        "extras" : "build",
        "mondensity" : 2,
        "sidewalk" : true
    },{
        "type" : "overmap_terrain",
        "id" : "s_daycare",
        "name" : "daycare center",
        "rotate" : true,
        "sym" : [94, 62, 118, 60],
        "color" : "blue",
        "see_cost" : 5,
        "extras" : "build",
        "mondensity" : 2,
        "sidewalk" : true
    },{
        "type" : "overmap_terrain",
        "id" : "s_petstore",
        "name" : "pet supply store",
        "rotate" : true,
        "sym" : [94, 62, 118, 60],
        "color" : "yellow",
        "see_cost" : 5,
        "extras" : "build",
        "mondensity" : 2,
        "sidewalk" : true
    },{
        "type" : "overmap_terrain",
        "id" : "s_storageunits_3",
        "name" : "storage units",
        "rotate" : true,
        "sym" : 85,
        "color" : "yellow",
        "see_cost" : 5,
        "extras" : "build",
        "mondensity" : 2,
        "sidewalk" : true
    },{
        "type" : "overmap_terrain",
        "id" : "s_storageunits_2",
        "name" : "storage units",
        "rotate" : true,
        "sym" : 85,
        "color" : "yellow",
        "see_cost" : 5,
        "extras" : "build",
        "mondensity" : 2,
        "sidewalk" : true
    },{
        "type" : "overmap_terrain",
        "id" : "s_storageunits_1",
        "name" : "storage units",
        "rotate" : true,
        "sym" : 85,
        "color" : "yellow",
        "see_cost" : 5,
        "extras" : "build",
        "mondensity" : 2,
        "sidewalk" : true
    },{
        "type" : "overmap_terrain",
        "id" : "s_storageunits_small_2",
        "name" : "storage units",
        "rotate" : true,
        "sym" : 85,
        "color" : "yellow",
        "see_cost" : 5,
        "extras" : "build",
        "mondensity" : 2,
        "sidewalk" : true
    },{
        "type" : "overmap_terrain",
        "id" : "s_storageunits_small_1",
        "name" : "storage units",
        "rotate" : true,
        "sym" : 85,
        "color" : "yellow",
        "see_cost" : 5,
        "extras" : "build",
        "mondensity" : 2,
        "sidewalk" : true
    },{
        "type" : "overmap_terrain",
        "id" : "s_storageunits_tiny",
        "name" : "storage units",
        "rotate" : true,
        "sym" : 85,
        "color" : "yellow",
        "see_cost" : 5,
        "extras" : "build",
        "mondensity" : 2,
        "sidewalk" : true
    },{
        "type" : "overmap_terrain",
        "id" : "s_baseballfield_a1",
        "name" : "baseball field",
        "rotate" : true,
        "sym" : 35,
        "color" : "white",
        "see_cost" : 5,
        "extras" : "build",
        "mondensity" : 2,
        "sidewalk" : true
    },{
        "type" : "overmap_terrain",
        "id" : "s_baseballfield_a2",
        "name" : "baseball field",
        "rotate" : true,
        "sym" : 35,
        "color" : "white",
        "see_cost" : 5,
        "extras" : "build",
        "mondensity" : 2,
        "sidewalk" : true
    },{
        "type" : "overmap_terrain",
        "id" : "s_baseballfield_b1",
        "name" : "baseball field",
        "rotate" : true,
        "sym" : 35,
        "color" : "white",
        "see_cost" : 5,
        "extras" : "build",
        "mondensity" : 2,
        "sidewalk" : true
    },{
        "type" : "overmap_terrain",
        "id" : "s_baseballfield_b2",
        "name" : "baseball field",
        "rotate" : true,
        "sym" : 35,
        "color" : "white",
        "see_cost" : 5,
        "extras" : "build",
        "mondensity" : 2,
        "sidewalk" : true
    },{
        "type" : "overmap_terrain",
        "id" : "s_shoppingplaza_a1",
        "name" : "abandoned shopping plaza",
        "rotate" : true,
        "sym" : 43,
        "color" : "red",
        "see_cost" : 5,
        "extras" : "build",
        "mondensity" : 2,
        "sidewalk" : true
    },{
        "type" : "overmap_terrain",
        "id" : "s_shoppingplaza_a2",
        "name" : "abandoned shopping plaza",
        "rotate" : true,
        "sym" : 43,
        "color" : "red",
        "see_cost" : 5,
        "extras" : "build",
        "mondensity" : 2,
        "sidewalk" : true
    },{
        "type" : "overmap_terrain",
        "id" : "s_shoppingplaza_a3",
        "name" : "abandoned shopping plaza",
        "rotate" : true,
        "sym" : 43,
        "color" : "red",
        "see_cost" : 5,
        "extras" : "build",
        "mondensity" : 2,
        "sidewalk" : true
    },{
        "type" : "overmap_terrain",
        "id" : "s_shoppingplaza_a4",
        "name" : "abandoned shopping plaza",
        "rotate" : true,
        "sym" : 43,
        "color" : "red",
        "see_cost" : 5,
        "extras" : "build",
        "mondensity" : 2,
        "sidewalk" : true
    },{
        "type" : "overmap_terrain",
        "id" : "s_shoppingplaza_a5",
        "name" : "abandoned shopping plaza",
        "rotate" : true,
        "sym" : 43,
        "color" : "red",
        "see_cost" : 5,
        "extras" : "build",
        "mondensity" : 2,
        "sidewalk" : true
    },{
        "type" : "overmap_terrain",
        "id" : "s_shoppingplaza_a6",
        "name" : "abandoned shopping plaza",
        "rotate" : true,
        "sym" : 77,
        "color" : "red",
        "see_cost" : 5,
        "extras" : "build",
        "mondensity" : 2,
        "sidewalk" : true
    },{
        "type" : "overmap_terrain",
        "id" : "s_shoppingplaza_b1",
        "name" : "abandoned shopping plaza",
        "rotate" : true,
        "sym" : 77,
        "color" : "red",
        "see_cost" : 5,
        "extras" : "build",
        "mondensity" : 2,
        "sidewalk" : true
    },{
        "type" : "overmap_terrain",
        "id" : "s_shoppingplaza_b2",
        "name" : "abandoned shopping plaza",
        "rotate" : true,
        "sym" : 77,
        "color" : "red",
        "see_cost" : 5,
        "extras" : "build",
        "mondensity" : 2,
        "sidewalk" : true
    },{
        "type" : "overmap_terrain",
        "id" : "s_shoppingplaza_b3",
        "name" : "abandoned shopping plaza",
        "rotate" : true,
        "sym" : 77,
        "color" : "red",
        "see_cost" : 5,
        "extras" : "build",
        "mondensity" : 2,
        "sidewalk" : true
    },{
        "type" : "overmap_terrain",
        "id" : "s_shoppingplaza_b4",
        "name" : "abandoned shopping plaza",
        "rotate" : true,
        "sym" : 77,
        "color" : "red",
        "see_cost" : 5,
        "extras" : "build",
        "mondensity" : 2,
        "sidewalk" : true
    },{
        "type" : "overmap_terrain",
        "id" : "s_shoppingplaza_b5",
        "name" : "abandoned shopping plaza",
        "rotate" : true,
        "sym" : 77,
        "color" : "red",
        "see_cost" : 5,
        "extras" : "build",
        "mondensity" : 2,
        "sidewalk" : true
    },{
        "type" : "overmap_terrain",
        "id" : "s_shoppingplaza_b6",
        "name" : "abandoned shopping plaza",
        "rotate" : true,
        "sym" : 77,
        "color" : "red",
        "see_cost" : 5,
        "extras" : "build",
        "mondensity" : 2,
        "sidewalk" : true
    },{
        "type" : "overmap_terrain",
        "id" : "s_reststop_1",
        "name" : "rest area",
        "rotate" : true,
        "sym" : 35,
        "color" : "blue",
        "see_cost" : 5,
        "extras" : "build",
        "mondensity" : 2,
        "sidewalk" : true
    },{
        "type" : "overmap_terrain",
        "id" : "s_reststop_2",
        "name" : "rest area",
        "rotate" : true,
        "sym" : 35,
        "color" : "blue",
        "see_cost" : 5,
        "extras" : "build",
        "mondensity" : 2,
        "sidewalk" : true
    },{
        "type" : "overmap_terrain",
        "id" : "s_restparking_1",
        "name" : "rest area parking",
        "rotate" : true,
        "sym" : 43,
        "color" : "dark_gray",
        "see_cost" : 5,
        "extras" : "build",
        "mondensity" : 2,
        "sidewalk" : true
    },{
        "type" : "overmap_terrain",
        "id" : "s_restparking_2",
        "name" : "rest area parking",
        "rotate" : true,
        "sym" : 43,
        "color" : "dark_gray",
        "see_cost" : 5,
        "extras" : "build",
        "mondensity" : 2,
        "sidewalk" : true
    }
]