[
    {
        "type" : "overmap_special",
        "id" : "storage_units",
        "overmaps" :
        [
            { "point":[0,0,0], "overmap": "s_storageunits_3_north"},
            { "point":[1,0,0], "overmap": "s_storageunits_2_north"},
            { "point":[2,0,0], "overmap": "s_storageunits_1_north"}
        ],
        "connections" : [
            { "point" : [1,-1,0], "terrain" : "road", "existing" : true }
        ],
        "locations" : [ "land" ], "//":"what special locations does it spawn",
        "city_distance" : [5, 25], "//":"how far from a city it should be",
        "city_sizes" : [1, 20], "//":"what city sizes should it spawn in",
        "occurrences" : [0, 1], "//":"how many per overmap",
        "rotate" : true, "//":"allow rotation",
        "unique" : false, "//":"only allow one per city",
        "required" : false, "//":"is this special required for valid city sizes"
    },{
        "type" : "overmap_special",
        "id" : "small_storage_units",
        "overmaps" :
        [
            { "point":[0,0,0], "overmap": "s_storageunits_small_2_north"},
            { "point":[1,0,0], "overmap": "s_storageunits_small_1_north"}
        ],
        "connections" : [
            { "point" : [0,-1,0], "terrain" : "road", "existing" : true }
        ],
        "locations" : [ "land" ], "//":"what special locations does it spawn",
        "city_distance" : [-1, 20], "//":"how far from a city it should be",
        "city_sizes" : [1, 20], "//":"what city sizes should it spawn in",
        "occurrences" : [0, 1], "//":"how many per overmap",
        "rotate" : true, "//":"allow rotation",
        "unique" : false, "//":"only allow one per city",
        "required" : false, "//":"is this special required for valid city sizes"
    },{
        "type" : "overmap_special",
        "id" : "baseball_field",
        "overmaps" :
        [
            { "point":[0,0,0], "overmap": "s_baseballfield_a1_north"},
            { "point":[1,0,0], "overmap": "s_baseballfield_a2_north"},
            { "point":[0,1,0], "overmap": "s_baseballfield_b1_north"},
            { "point":[1,1,0], "overmap": "s_baseballfield_b2_north"}
        ],
        "connections" : [
            { "point" : [0,-1,0], "terrain" : "road", "existing" : true }
        ],
        "locations" : [ "land" ], "//":"what special locations does it spawn",
        "city_distance" : [1, 20], "//":"how far from a city it should be",
        "city_sizes" : [1, 20], "//":"what city sizes should it spawn in",
        "occurrences" : [0, 1], "//":"how many per overmap",
        "rotate" : true, "//":"allow rotation",
        "unique" : false, "//":"only allow one per city",
        "required" : false, "//":"is this special required for valid city sizes"
    },{
        "type" : "overmap_special",
        "id" : "shopping_plaza",
        "overmaps" :
        [
            { "point":[0,0,0], "overmap": "s_shoppingplaza_a1_north"},
            { "point":[1,0,0], "overmap": "s_shoppingplaza_a2_north"},
            { "point":[2,0,0], "overmap": "s_shoppingplaza_a3_north"},
            { "point":[3,0,0], "overmap": "s_shoppingplaza_a4_north"},
            { "point":[4,0,0], "overmap": "s_shoppingplaza_a5_north"},
            { "point":[5,0,0], "overmap": "s_shoppingplaza_a6_north"},
            { "point":[0,1,0], "overmap": "s_shoppingplaza_b1_north"},
            { "point":[1,1,0], "overmap": "s_shoppingplaza_b2_north"},
            { "point":[2,1,0], "overmap": "s_shoppingplaza_b3_north"},
            { "point":[3,1,0], "overmap": "s_shoppingplaza_b4_north"},
            { "point":[4,1,0], "overmap": "s_shoppingplaza_b5_north"},
            { "point":[5,1,0], "overmap": "s_shoppingplaza_b6_north"}
        ],
        "connections" : [
            { "point" : [1,-1,0], "terrain" : "road", "existing" : true }
        ],
        "locations" : [ "land" ], "//":"what special locations does it spawn",
        "city_distance" : [1, -1], "//":"how far from a city it should be",
        "city_sizes" : [1, 20], "//":"what city sizes should it spawn in",
        "occurrences" : [0, 1], "//":"how many per overmap",
        "rotate" : true, "//":"allow rotation",
        "unique" : false, "//":"only allow one per city",
        "required" : false, "//":"is this special required for valid city sizes"
    },{
        "type" : "overmap_special",
        "id" : "Rest_Area",
        "overmaps" :
        [
            { "point":[0,0,0], "overmap": "s_restparking_1_north"},
            { "point":[1,0,0], "overmap": "s_restparking_2_north"},
            { "point":[0,1,0], "overmap": "s_reststop_1_north"},
            { "point":[1,1,0], "overmap": "s_reststop_2_north"}
        ],
        "connections" : [
            { "point" : [0,-1,0], "terrain" : "road", "existing" : true }
        ],
        "locations" : [ "land" ], "//":"what special locations does it spawn",
        "city_distance" : [35, -1], "//":"how far from a city it should be",
        "city_sizes" : [1, 20], "//":"what city sizes should it spawn in",
        "occurrences" : [0, 1], "//":"how many per overmap",
        "rotate" : true, "//":"allow rotation",
        "unique" : false, "//":"only allow one per city",
        "required" : false, "//":"is this special required for valid city sizes"
    }
]