[
    {
        "type" : "item_group",
        "id" : "petstore_misc",
        "items":[
            ["dogfood", 35],
            ["catfood", 35],
            ["dog_whistle", 15],
            ["flashlight", 5]
        ]
    },
    {
        "type" : "item_group",
        "id" : "petstore_shelves",
        "items":[
            ["dogfood", 30],
            ["catfood", 30],
            ["can_tuna", 15],
            ["can_chicken", 15]
        ]
    },
    {
        "comment": "pet_store",
        "type": "mapgen",
        "om_terrain": [
            "s_petstore"
        ],
            "method": "json",
            "weight": 500,
            "object": {
                "rows": [
                    "...........2rrrrrrrrrrrr",
                    ".|--6666--|2yrrryrrryrrr",
                    ".| 8      |2yrrryrrryrrr",
                    ".|--  CC  72yrrryrrryrrr",
                    ".| 8  CC  72yrrryrrryrrr",
                    ".|--  CC  72yrrryrrryrrr",
                    ".| 8      |2yyyyyyyyyyyy",
                    ".|--    --|2222222222222",
                    ".|      8 |....322223...",
                    ".--+-11----------gg-|...",
                    ".|ooo       CCC7 oo |...",
                    ".|     A  A    7 oo |...",
                    ".|  A  A  A  A -6gg6|...",
                    ".1  A  A  A  A   oo |...",
                    ".|  A  A         oo 1...",
                    ".|        CCCC  CCCC1...",
                    ".1 K K L  C FC  CF C|...",
                    ".| K K L            ---.",
                    ".|          CC  CC  AA|.",
                    ".|+--+--              |.",
                    ".| B| A|  KAAAAAAAAAAA|.",
                    ".|------+-------------|.",
                    ".....rrrrrrrrrrrrrrr....",
                    ".....rrrrrrrrrrrrrrr...."
                ],
                "terrain": {
                    "r": "t_pavement",
                    "y": "t_pavement_y",
                    ".": "t_grass",
                    "-": "t_wall_h",
                    "1": "t_window",
                    "|": "t_wall_v",
                    "+": "t_door_c",
                    "g": "t_door_glass_c",
                    "2": "t_sidewalk",
                    "3": "t_tree_young",
                    "4": "t_chaingate_l",
                    "5": "t_wall_wood",
                    "6": "t_wall_glass_h",
                    "7": "t_wall_glass_v",
                    "8": "t_chainfence_v",
                    "9": "t_chainfence_h",
                    " ": "t_floor",
                    "o": "t_floor",
                    "A": "t_floor",
                    "B": "t_floor",
                    "C": "t_floor",
                    "D": "t_floor",
                    "E": "t_dirtfloor",
                    "F": "t_floor",
                    "G": "t_dirtfloor",
                    "H": "t_floor",
                    "I": "t_floor",
                    "J": "t_floor",
                    "K": "t_floor",
                    "L": "t_floor"
                },
                "furniture": {
                    "A": "f_rack",
                    "C": "f_counter",
                    "D": "f_sink",
                    "E": "f_sink",
                    "F": "f_chair",
                    "G": "f_locker",
                    "H": "f_table",
                    "I": "f_sofa",
                    "J": "f_oven",
                    "K": "f_counter",
                    "L": "f_counter"
                },
                "toilets" : {
                    "B" : { }
                },
                "place_items": [
                    { "item": "petstore_shelves", "chance": 20, "x": 6, "y": [ 3,5 ], "repeat": [1,4] },
                    { "item": "petstore_shelves", "chance": 20, "x": 7, "y": [ 3,5 ], "repeat": [1,4] },
                    { "item": "petstore_misc", "chance": 20, "x": [ 11,21 ], "y": 20, "repeat": [1,12] },
                    { "item": "petstore_misc", "chance": 20, "x": [ 12,13 ], "y": 19, "repeat": [1,3] },
                    { "item": "petstore_misc", "chance": 20, "x": [ 16,17 ], "y": 19, "repeat": [1,3] },
                    { "item": "petstore_misc", "chance": 20, "x": [ 20,21 ], "y": 19, "repeat": [1,3] },
                    { "item": "petstore_shelves", "chance": 20, "x": 4, "y": [ 14,16 ], "repeat": [1,4] },
                    { "item": "petstore_shelves", "chance": 20, "x": 7, "y": [ 13,16 ], "repeat": [1,5] },
                    { "item": "petstore_shelves", "chance": 20, "x": 10, "y": [ 13,15 ], "repeat": [1,5] },
                    { "item": "petstore_shelves", "chance": 20, "x": 13, "y": [ 14,15 ], "repeat": [1,3] },
                    { "item": "petstore_misc", "chance": 20, "x": [ 12,14 ], "y": 12, "repeat": [1,4] }
                ]
        }
    }
]
