[
    {
        "type": "mapgen",
        "om_terrain": [
            "s_reststop_1"
        ],
            "method": "json",
            "weight": 500,
            "object": {
                "rows": [
                    "rrrrrrrrrrrrrrrrrrrrrrrr",
                    "yrrryrrryrrryrrrrrrryrrr",
                    "yrrryrrryrrryrrrrrrryrrr",
                    "yrrryrrryrrryrr2222ryrrr",
                    "yrrryrrryrrryrr2222ryrrr",
                    "yrrryrrryrrryrr2222ryrrr",
                    "yyyyyyyyyyyyyyy2222yyyyy",
                    "222222222222222222222222",
                    "............2222222222..",
                    ".----666666----2222----6",
                    ".|A        C  722227A   ",
                    ".|A  AAA   CC 722227A   ",
                    ".|A           |2222|A   ",
                    ".|-666-gg-6666-6gg6---  ",
                    ".|K                     ",
                    ".|K        KKKK         ",
                    ".|---  ---------------  ",
                    ".|C |  |B|B|B|B|B|B|B|  ",
                    ".|D      |+|+|+|+|+|+|  ",
                    ".|D              |      ",
                    ".|D      |+|+|+|+|+|+|  ",
                    ".|C  HF  |B|B|B|B|B|B|BB",
                    ".|----------------------",
                    "........................"
                ],
                "terrain": {
                    "r": "t_pavement",
                    "y": "t_pavement_y",
                    ".": [ "t_grass", "t_grass", "t_grass", "t_dirt" ],
                    "-": "t_wall_h",
                    "1": "t_window",
                    "|": "t_wall_v",
                    "+": "t_door_c",
                    "g": "t_door_glass_c",
                    "2": "t_sidewalk",
                    "3": "t_tree_young",
                    "4": "t_chaingate_l",
                    "5": "t_wall_wood",
                    "6": "t_wall_glass_h",
                    "7": "t_wall_glass_v",
                    " ": "t_floor",
                    "A": "t_floor",
                    "B": "t_floor",
                    "C": "t_floor",
                    "D": "t_floor",
                    "E": "t_dirtfloor",
                    "F": "t_floor",
                    "G": "t_dirtfloor",
                    "H": "t_floor",
                    "I": "t_floor",
                    "K": "t_floor"
                },
                "furniture": {
                    "A": "f_rack",
                    "C": "f_counter",
                    "D": "f_sink",
                    "E": "f_sink",
                    "F": "f_chair",
                    "G": "f_locker",
                    "H": "f_table",
                    "I": "f_sofa",
                    "K": "f_bench"
                },
                "toilets" : {
                    "B" : { }
                }
        }
    }
]
