[
    {
        "type": "mapgen",
        "om_terrain": [
            "s_restparking_2"
        ],
            "method": "json",
            "weight": 500,
            "object": {
                "rows": [
                    ",,,,,,,,,,,2.........2,,",
                    ",,,,,,,,,,,2.........2,,",
                    ",,,,,,,,,,,2.........2,,",
                    ",,,,,,,KHK,2.........2,,",
                    "222222,KHK,2.........2,,",
                    ".....2,,,,,2.........2,,",
                    "yyyyy2,KHK,2.........2,,",
                    "y...y2,KHK,2.........2,,",
                    "y...y2,,,,,2.........2,,",
                    "y...y2222222.........2,,",
                    "y...y................2,,",
                    "y...y................2,,",
                    ".....................222",
                    "........................",
                    "........................",
                    "........................",
                    "........................",
                    "........................",
                    "........................",
                    "........................",
                    "........................",
                    "........................",
                    "........................",
                    "........................"
                ],
                "terrain": {
                    "r": "t_pavement",
                    "y": "t_pavement_y",
                    ".": "t_pavement",
                    ",": [ "t_grass", "t_grass", "t_grass", "t_dirt" ],
                    "-": "t_wall_h",
                    "1": "t_window",
                    "|": "t_wall_v",
                    "+": "t_door_c",
                    "g": "t_door_glass_c",
                    "2": "t_sidewalk",
                    "3": "t_tree_young",
                    "4": "t_chaingate_l",
                    "5": "t_wall_wood",
                    "6": "t_wall_glass_h",
                    "7": "t_wall_glass_v",
                    " ": "t_floor",
                    "A": "t_floor",
                    "B": "t_floor",
                    "C": "t_floor",
                    "D": "t_floor",
                    "E": "t_dirtfloor",
                    "F": "t_floor",
                    "G": "t_dirtfloor",
                    "H": "t_floor",
                    "I": "t_floor",
                    "K": "t_floor"
                },
                "furniture": {
                    "A": "f_rack",
                    "C": "f_counter",
                    "D": "f_sink",
                    "E": "f_sink",
                    "F": "f_chair",
                    "G": "f_locker",
                    "H": "f_table",
                    "I": "f_sofa",
                    "K": "f_bench"
                },
                "toilets" : {
                    "B" : { }
                }
        }
    }
]
