[
    {
        "type": "mapgen",
        "om_terrain": [
            "s_shoppingplaza_b6"
        ],
            "method": "json",
            "weight": 500,
            "object": {
                "rows": [
                    "22+...................A|",
                    "22+.......A..A..A..A..A|",
                    "--|.......A..A..A..A..A|",
                    "A.........A..A..A..A..A|",
                    "A....FHF..A..A..A..A..A|",
                    "A.....F...A..A..A..A..A|",
                    "A.....................A|",
                    "A.....................A|",
                    "A...A..A..A..A..A..A..A|",
                    "A...A..A..A..A..A..A..A|",
                    "A...A..A..A..A..A..A..A|",
                    "A...A..A..A..A..A..A..A|",
                    "A...A..A..A..A..A..A..A|",
                    "A.....................A|",
                    "A.....................A|",
                    "A...A..A..A..A..A..A..A|",
                    "|...A..A..A..A..A..A..A|",
                    "|...A..A..A..A..A..A..A|",
                    "+...A..A..A..A..A..A..A|",
                    "|...A..A..A..A..A..A..A|",
                    "A.....................A|",
                    "|-------------------+--|",
                    "rrrrrrrrrrrrrrrrrrrrrrr4",
                    "888888888888888888888888"
                ],
                "terrain": {
                    "r": "t_pavement",
                    "y": "t_pavement_y",
                    ".": "t_floor",
                    "-": "t_wall_h",
                    "1": "t_window_boarded",
                    "|": "t_wall_v",
                    "+": "t_door_locked",
                    "2": "t_sidewalk",
                    "3": "t_tree_young",
                    "4": "t_chaingate_l",
                    "5": "t_wall_wood",
                    "6": "t_window_boarded",
                    "7": "t_window_boarded",
                    "8": "t_chainfence_h",
                    " ": "t_floor",
                    ",": "t_dirtfloor",
                    "A": "t_floor",
                    "B": "t_floor",
                    "C": "t_floor",
                    "D": "t_floor",
                    "E": "t_dirtfloor",
                    "F": "t_floor",
                    "G": "t_dirtfloor",
                    "H": "t_floor",
                    "I": "t_floor"
                },
                "furniture": {
                    "A": "f_rack",
                    "B": "f_toilet",
                    "C": "f_counter",
                    "D": "f_sink",
                    "E": "f_sink",
                    "F": "f_chair",
                    "G": "f_locker",
                    "H": "f_table",
                    "I": "f_sofa"
                },
                "comment": "randomly picked from a group ---v",
                "place_groups": [
                    { "item": "vfw_tools", "chance": 80, "x": 6, "y": [ 11,12 ] },
                    { "item": "vfw_books", "chance": 80, "x": 2, "y": 13 },
                    { "item": "vfw_alcohol", "chance": 80, "x": 18, "y": [ 17,18 ] }
                ]
        }
    }
]
