[
    {
        "type": "mapgen",
        "om_terrain": [
            "s_shoppingplaza_b3"
        ],
            "method": "json",
            "weight": 500,
            "object": {
                "rows": [
                    "222222222222222222222222",
                    "222222222222222222222222",
                    "|-666666---++---666666-|",
                    "|........7....7........|",
                    "|........7....7........|",
                    "|........--++--........|",
                    "|......................|",
                    "|......................|",
                    "|......................|",
                    "|......................|",
                    "|......................|",
                    "|......................|",
                    "|......................|",
                    "|......................|",
                    "|......................|",
                    "|......................|",
                    "|..................|----",
                    "|..................+....",
                    "+..................|....",
                    "|..................|---|",
                    "|..................+...|",
                    "|-------------------+--|",
                    "rrrrrrrrrrrrrrrrrrrrrrrr",
                    "888888888888888888888888"
                ],
                "terrain": {
                    "r": "t_pavement",
                    "y": "t_pavement_y",
                    ".": "t_floor",
                    "-": "t_wall_h",
                    "1": "t_window_boarded",
                    "|": "t_wall_v",
                    "+": "t_door_locked",
                    "2": "t_sidewalk",
                    "3": "t_tree_young",
                    "4": "t_chaingate_l",
                    "5": "t_wall_wood",
                    "6": "t_window_boarded",
                    "7": "t_window_boarded",
                    "8": "t_chainfence_h",
                    " ": "t_floor",
                    ",": "t_dirtfloor",
                    "A": "t_floor",
                    "B": "t_floor",
                    "C": "t_floor",
                    "D": "t_floor",
                    "E": "t_dirtfloor",
                    "F": "t_floor",
                    "G": "t_dirtfloor",
                    "H": "t_floor",
                    "I": "t_floor"
                },
                "furniture": {
                    "A": "f_rack",
                    "B": "f_toilet",
                    "C": "f_counter",
                    "D": "f_sink",
                    "E": "f_sink",
                    "F": "f_chair",
                    "G": "f_locker",
                    "H": "f_table",
                    "I": "f_sofa"
                }
        }
    }
]
