[
    {
        "comment": "storage center",
        "type": "mapgen",
        "om_terrain": [
            "s_storageunits_2"
        ],
            "method": "json",
            "weight": 500,
            "object": {
                "rows": [
                    "6622rrrrrrrrrrrrrrrrr226",
                    "..22yrrryrrryrrryrrry22.",
                    "..22yrrryrrryrrryrrry22.",
                    "..22yrrryrrryrrryrrry22.",
                    "..22yrrryrrryrrryrrry22.",
                    "..22yrrryrrryrrryrrry22.",
                    "..22yyyyyyyyyyyyyyyyy22.",
                    "..222222222222222222222.",
                    "-------..........--1+-1-",
                    "C     7y.........1F    C",
                    "C     7y.........1F FHFC",
                    "------|..........|------",
                    "C     7y........y7     A",
                    "C     7y........y7     A",
                    "------|..........|------",
                    "      7y........y7     A",
                    "      7y........y7     A",
                    "      |..........|     A",
                    "------|..........|------",
                    "C     7y........y7     C",
                    "C     7y........y7     C",
                    "C     |..........|     C",
                    "C     |..........|     C",
                    "------------------------"
                ],
                "terrain": {
                    "r": "t_pavement",
                    "y": "t_pavement_y",
                    ".": "t_pavement",
                    "-": "t_wall_h",
                    "1": "t_window",
                    "|": "t_wall_v",
                    "+": "t_door_c",
                    "2": "t_sidewalk",
                    "3": "t_tree_young",
                    "4": "t_chaingate_l",
                    "5": "t_wall_wood",
                    "6": "t_chainfence_h",
                    "7": "t_door_metal_locked",
                    "8": "t_gates_mech_control",
                    " ": "t_floor",
                    "A": "t_floor",
                    "B": "t_floor",
                    "C": "t_floor",
                    "D": "t_floor",
                    "E": "t_dirtfloor",
                    "F": "t_floor",
                    "G": "t_dirtfloor",
                    "H": "t_floor",
                    "I": "t_floor"
                },
                "furniture": {
                    "A": "f_rack",
                    "B": "f_toilet",
                    "C": "f_counter",
                    "D": "f_sink",
                    "E": "f_sink",
                    "F": "f_chair",
                    "G": "f_locker",
                    "H": "f_table",
                    "I": "f_sofa"
                },

                "comment": "randomly picked from a group ---v",
                "place_items": [
                    { "item": "homebooks", "chance": 50, "x": [0,5], "y": [9,10], "repeat": [1,11] },
                    { "item": "livingroom", "chance": 50, "x": [0,5], "y": [9,10], "repeat": [1,11] },

                    { "item": "bedroom", "chance": 50, "x": [0,5], "y": [12,13], "repeat": [1,11] },
                    { "item": "dresser", "chance": 50, "x": [0,5], "y": [12,13], "repeat": [1,11] },

                    { "item": "kitchen", "chance": 50, "x": [0,5], "y": [15,17], "repeat": [1,11] },
                    { "item": "livingroom", "chance": 50, "x": [0,5], "y": [15,17], "repeat": [1,11] },

                    { "item": "bedroom", "chance": 50, "x": [0,5], "y": [19,22], "repeat": [1,11] },
                    { "item": "livingroom", "chance": 50, "x": [0,5], "y": [19,22], "repeat": [1,11] },

                    { "item": "homebooks", "chance": 50, "x": [18,23], "y": [12,13], "repeat": [1,11] },
                    { "item": "dresser", "chance": 50, "x": [18,23], "y": [12,13], "repeat": [1,11] },

                    { "item": "softdrugs", "chance": 50, "x": [18,23], "y": [15,17], "repeat": [1,11] },
                    { "item": "dining", "chance": 50, "x": [18,23], "y": [15,17], "repeat": [1,11] },

                    { "item": "camping", "chance": 50, "x": [18,23], "y": [19,22], "repeat": [1,11] },
                    { "item": "dining", "chance": 50, "x": [18,23], "y": [19,22], "repeat": [1,11] }
                ]
        }
    }
]
