[
    {
        "comment": "storage far right",
        "type": "mapgen",
        "om_terrain": [
            "s_storageunits_small_1"
        ],
            "method": "json",
            "weight": 500,
            "object": {
                "rows": [
                    "------------------------",
                    ".................| H  C|",
                    "................y7    C|",
                    "................y7    C|",
                    ".................|    C|",
                    "|-----|..........|-----|",
                    "|     7y........y7 III |",
                    "|C    7y........y7    F|",
                    "|CCCCC|..........|DD  H|",
                    "|-----|..........|-----|",
                    "|     7y........y7    C|",
                    "|HD   7y........y7    C|",
                    "|     |..........|    C|",
                    "|-----|..........|-----|",
                    "|F I  7y........y7    H|",
                    "|F    7y........y7 F  H|",
                    "|H  B |..........|FFF  |",
                    "|-----|..........|-----|",
                    "|AAAA 7y........y7    A|",
                    "|F    7y........y7    A|",
                    "|AAAA 7y........y7 BB A|",
                    "|     |..........|BB  A|",
                    "|AAAA |..........|BBB A|",
                    "------------------------"
                ],
                "terrain": {
                    "r": "t_pavement",
                    "y": "t_pavement_y",
                    ".": "t_pavement",
                    "-": "t_wall_h",
                    "1": "t_window",
                    "|": "t_wall_v",
                    "+": "t_door_c",
                    "2": "t_sidewalk",
                    "3": "t_tree_young",
                    "4": "t_chaingate_l",
                    "5": "t_wall_wood",
                    "6": "t_chainfence_h",
                    "7": "t_door_metal_locked",
                    "8": "t_gates_mech_control",
                    " ": "t_floor",
                    "A": "t_floor",
                    "B": "t_floor",
                    "C": "t_floor",
                    "D": "t_floor",
                    "E": "t_dirtfloor",
                    "F": "t_floor",
                    "G": "t_dirtfloor",
                    "H": "t_floor",
                    "I": "t_floor"
                },
                "furniture": {
                    "A": "f_rack",
                    "B": "f_toilet",
                    "C": "f_counter",
                    "D": "f_sink",
                    "E": "f_sink",
                    "F": "f_chair",
                    "G": "f_locker",
                    "H": "f_table",
                    "I": "f_sofa"
                },

                "comment": "randomly picked from a group ---v",
                "place_items": [
                    { "item": "livingroom", "chance": 5, "x": [18,22], "y": [2,4], "repeat": [1,3] },
                    { "item": "hardware_bulk", "chance": 5, "x": [18,22], "y": [2,4], "repeat": [1,3] },
                    { "item": "home_hw", "chance": 5, "x": [18,22], "y": [2,4], "repeat": [1,3] },
                    { "item": "tools_home", "chance": 5, "x": [18,22], "y": [2,4], "repeat": [1,3] },
                    { "item": "tools_construction", "chance": 5, "x": [18,22], "y": [2,4], "repeat": [1,3] },
                    { "item": "supplies_electronics", "chance": 5, "x": [18,22], "y": [2,4], "repeat": [1,3] },
                    { "item": "gear_survival", "chance": 5, "x": [18,22], "y": [2,4], "repeat": [1,3] },

                    { "item": "homebooks", "chance": 5, "x": [1,5], "y": [6,8], "repeat": [1,3] },
                    { "item": "supplies_fuel", "chance": 5, "x": [1,5], "y": [6,8], "repeat": [1,3] },

                    { "item": "bedroom", "chance": 5, "x": [1,5], "y": [10,12], "repeat": [1,3] },
                    { "item": "dresser", "chance": 5, "x": [1,5], "y": [10,12], "repeat": [1,3] },
                    { "item": "mil_surplus", "chance": 5, "x": [1,5], "y": [10,12], "repeat": [1,3] },
                    { "item": "mil_hw", "chance": 5, "x": [1,5], "y": [10,12], "repeat": [1,3] },
                    { "item": "mil_armor", "chance": 5, "x": [1,5], "y": [10,12], "repeat": [1,3] },
                    { "item": "mil_accessories", "chance": 5, "x": [1,5], "y": [10,12], "repeat": [1,3] },
                    { "item": "weapons", "chance": 5, "x": [1,5], "y": [10,12], "repeat": [1,3] },
                    { "item": "ammo_pistol_common", "chance": 5, "x": [1,5], "y": [10,12], "repeat": [1,3] },
                    { "item": "mags_common", "chance": 5, "x": [1,5], "y": [10,12], "repeat": [1,3] },
                    { "item": "mags_crime", "chance": 5, "x": [1,5], "y": [10,12], "repeat": [1,3] },
                    { "item": "homeguns", "chance": 5, "x": [1,5], "y": [10,12], "repeat": [1,3] },
                    { "item": "mansion_guns", "chance": 5, "x": [1,5], "y": [10,12], "repeat": [1,3] },
                    { "item": "gunmod_common", "chance": 5, "x": [1,5], "y": [10,12], "repeat": [1,3] },
                    { "item": "gear_soldier_sidearm", "chance": 5, "x": [1,5], "y": [10,12], "repeat": [1,3] },

                    { "item": "softdrugs", "chance": 5, "x": [1,5], "y": [14,16], "repeat": [1,3] },
                    { "item": "harddrugs", "chance": 5, "x": [1,5], "y": [14,16], "repeat": [1,3] },
                    { "item": "gear_medical", "chance": 5, "x": [1,5], "y": [14,16], "repeat": [1,3] },
                    { "item": "drugs_emergency", "chance": 5, "x": [1,5], "y": [14,16], "repeat": [1,3] },
                    { "item": "drugs_pharmacy", "chance": 5, "x": [1,5], "y": [14,16], "repeat": [1,3] },
                    { "item": "drugs_soldier", "chance": 5, "x": [1,5], "y": [14,16], "repeat": [1,3] },
                    { "item": "bionics_common", "chance": 5, "x": [1,5], "y": [14,16], "repeat": [1,3] },

                    { "item": "dining", "chance": 5, "x": [1,5], "y": [18,22], "repeat": [1,3] },
                    { "item": "kitchen", "chance": 5, "x": [1,5], "y": [18,22], "repeat": [1,3] },
                    { "item": "oven", "chance": 5, "x": [1,5], "y": [18,22], "repeat": [1,3] },
                    { "item": "camping", "chance": 5, "x": [1,5], "y": [18,22], "repeat": [1,3] },
                    { "item": "vending_food", "chance": 5, "x": [1,5], "y": [18,22], "repeat": [1,3] },
                    { "item": "vending_drink", "chance": 5, "x": [1,5], "y": [18,22], "repeat": [1,3] },
                    { "item": "cannedfood", "chance": 5, "x": [1,5], "y": [18,22], "repeat": [1,3] },
                    { "item": "snacks", "chance": 5, "x": [1,5], "y": [18,22], "repeat": [1,3] },
                    { "item": "pasta", "chance": 5, "x": [1,5], "y": [18,22], "repeat": [1,3] },
                    { "item": "snacks_fancy", "chance": 5, "x": [1,5], "y": [18,22], "repeat": [1,3] },
                    { "item": "coffee_shop", "chance": 5, "x": [1,5], "y": [18,22], "repeat": [1,3] },
                    { "item": "alcohol", "chance": 5, "x": [1,5], "y": [18,22], "repeat": [1,3] },
                    { "item": "mil_food", "chance": 5, "x": [1,5], "y": [18,22], "repeat": [1,3] },

                    { "item": "methlab", "chance": 5, "x": [18,22], "y": [10,12], "repeat": [1,3] },
                    { "item": "harddrugs", "chance": 5, "x": [18,22], "y": [10,12], "repeat": [1,3] },
                    { "item": "chem_home", "chance": 5, "x": [18,22], "y": [10,12], "repeat": [1,3] },
                    { "item": "chem_lab", "chance": 5, "x": [18,22], "y": [10,12], "repeat": [1,3] },

                    { "item": "arcade_prizes", "chance": 5, "x": [18,22], "y": [14,16], "repeat": [1,3] },
                    { "item": "antique", "chance": 5, "x": [18,22], "y": [14,16], "repeat": [1,3] },

                    { "item": "farming_tools", "chance": 5, "x": [18,22], "y": [18,22], "repeat": [1,3] },
                    { "item": "farming_seeds", "chance": 5, "x": [18,22], "y": [18,22], "repeat": [1,3] }
                ]
        }
    }
]
