[
    {
        "type" : "item_group",
        "id" : "thrift_misc",
        "items":[
            ["magnifying_glass", 5],
            ["sewing_kit", 15],
            ["scissors", 10],
            ["gasoline_lantern", 7],
            ["flashlight", 25],
            ["hotplate", 20],
            ["coffeemaker", 25],
            ["textbook_firstaid", 2],
            ["pocket_firearms", 1],
            ["mag_archery", 4]
        ]
    },
    {
        "type" : "item_group",
        "id" : "thrift_books",
        "items":[
            ["mag_traps", 20],
            ["manual_traps", 12],
            ["trappers_companion", 2],
            ["mag_guns", 15],
            ["mag_rifle", 15],
            ["mag_shotgun", 15],
            ["mag_survival", 40],
            ["manual_survival", 20],
            ["textbook_firstaid", 8],
            ["pocket_survival", 2],
            ["mag_archery", 15],
            ["manual_archery", 8],
            ["book_archery", 2],
            ["recipe_arrows", 4]
        ]
    },
    {
        "comment": "thrift_store",
        "type": "mapgen",
        "om_terrain": [
            "s_thrift"
        ],
            "method": "json",
            "weight": 500,
            "object": {
                "rows": [
                    "rrrrrrrrrrrrrrrrrrrrrrrr",
                    "yrrryrrryrrryrrryrrryrrr",
                    "yrrryrrryrrryrrryrrryrrr",
                    "yrrryrrryrrryrrryrrryrrr",
                    "yrrryrrryrrryrrryrrryrrr",
                    "yrrryrrryrrryrrryrrryrrr",
                    "yyyyyyyyyyyyyyyyyyyyyyyy",
                    "222222222222222222222222",
                    "................2222....",
                    ".----66666666----gg-|...",
                    ".|I            7 oo |...",
                    ".|H   A  A  A  7 oo |...",
                    ".|I   A  A  A  --gg-|...",
                    ".|H   A  A       oo |...",
                    ".|I   A  A       oo |...",
                    ".|         C    CCCC|...",
                    ".|F F H    C    C  F|...",
                    ".|F F H      oo     ---.",
                    ".|    H  AAAAooAAA   A|.",
                    ".|+--        oo      A|.",
                    ".| B|AAAAAAAAooAAA   A|.",
                    ".|-----------------+--|.",
                    "..................rrr...",
                    "........................"
                ],
                "terrain": {
                    "r": "t_pavement",
                    "y": "t_pavement_y",
                    ".": "t_grass",
                    "-": "t_wall_h",
                    "1": "t_window",
                    "|": "t_wall_v",
                    "+": "t_door_c",
                    "g": "t_door_glass_c",
                    "2": "t_sidewalk",
                    "3": "t_tree_young",
                    "4": "t_chaingate_l",
                    "5": "t_wall_wood",
                    "6": "t_wall_glass_h",
                    "7": "t_wall_glass_v",
                    " ": "t_floor",
                    "o": "t_floor",
                    "A": "t_floor",
                    "B": "t_floor",
                    "C": "t_floor",
                    "D": "t_floor",
                    "E": "t_dirtfloor",
                    "F": "t_floor",
                    "G": "t_dirtfloor",
                    "H": "t_floor",
                    "I": "t_floor"
                },
                "furniture": {
                    "A": "f_rack",
                    "C": "f_counter",
                    "D": "f_sink",
                    "E": "f_sink",
                    "F": "f_chair",
                    "G": "f_locker",
                    "H": "f_table",
                    "I": "f_sofa"
                },
                "toilets" : {
                    "B" : { }
                },
                "place_items": [
                    { "item": "thrift_misc", "chance": 35, "x": [ 9,12 ], "y": 18, "repeat": [1,4] },
                    { "item": "thrift_misc", "chance": 35, "x": [ 15,17 ], "y": 18, "repeat": [1,4] },
                    { "item": "thrift_misc", "chance": 35, "x": [ 5,12 ], "y": 20, "repeat": [1,9] },
                    { "item": "thrift_misc", "chance": 35, "x": [ 15,17 ], "y": 20, "repeat": [1,4] },
                    { "item": "thrift_misc", "chance": 35, "x": 6, "y": [ 11,14 ], "repeat": [1,4] },
                    { "item": "thrift_misc", "chance": 35, "x": 9, "y": [ 11,14 ], "repeat": [1,4] },
                    { "item": "thrift_misc", "chance": 35, "x": 12, "y": [ 11,12 ], "repeat": [1,4] },
                    { "item": "thrift_books", "chance": 35, "x": 21, "y": [ 18,20 ], "repeat": [1,3] }
                ]
        }
    }
]
