[
  {
    "type": "GUN",
    "name": "Auto-Pistol",
    "name_plural": "Auto-Pistols",
    "skill": "pistol",
    "ammo": "auto-pistol",
    "id": "pistol_auto",
    "description": "The Auto-Pistol or Automatic Pistol is a fairly standard sidearm for both military and civilian use. Ammunition is fed into the pistol automatically from a detachable magazine, allowing for greater capacity and reload time than a Revolver.",
    "weight": 500,
    "volume": 0.5,
    "price": 54500,
    "to_hit": 0,
    "bashing": 3,
    "material": [ "steel", "plastic" ],
    "ranged_damage": 51,
    "dispersion": 80,
    "durability": 9,
    "clip_size": 10,
    "symbol": "/",
    "burst": 5,
    "range": 29,
    "valid_mod_locations": [ [ "accessories", 1 ], [ "grip", 1 ], [ "muzzle", 1 ], [ "sights", 1 ], [ "stock", 1 ] ]
  }
]
