[
  {
    "type": "GUN",
    "name": "'Firedrake' Support Needler",
    "name_plural": "'Firedrake' Support Needlers",
    "skill": "shotgun",
    "ammo": "if_block",
    "id": "fd_needler",
    "description": "The 'Firedrake' Incendiary Support Needler is a support weapon produced by Mauser & Gray Firearms for the Lyran Alliance. First introduced in 3061, the 'Firedrake' continues in the spirit of previous weapons like the Shredder Heavy Needler on improving the range and power of traditional flechette-based weapons, this time by combining a high rate-of-fire and superior range with the incendiary properties of its special ammunition. A single ten-shot burst of these white-hot needles can cover a broad area, allowing the 'Firedrake' to saturate a full squad of enemy soldiers and ignite the surrounding terrain in a blaze in less than five seconds, though it has no effect on armored units such as combat vehicles or battle armor as the flechettes simply bounce off.",
    "weight": 25000,
    "volume": 7,
    "price": 545000,
    "to_hit": -1,
    "bashing": 12,
    "material": [ "steel", "plastic" ],
    "ranged_damage": 267,
    "dispersion": 245,
    "durability": 9,
    "clip_size": 30,
    "symbol": "=",
    "range": 35,
    "reload": 80,
    "burst": 10,
    "flags": [ "RELOAD_ONE" ],
    "valid_mod_locations": [
      [ "barrel", 1 ],
      [ "grip", 1 ],
      [ "mechanism", 4 ],
      [ "muzzle", 1 ],
      [ "rail", 1 ],
      [ "sights", 1 ],
      [ "stock", 1 ],
      [ "underbarrel", 1 ]
    ]
  },
  {
    "type": "GUN",
    "name": "'Shredder' Heavy Needler",
    "name_plural": "'Shredder' Heavy Needlers",
    "skill": "shotgun",
    "ammo": "hf_block",
    "id": "shred_needler",
    "description": "The 'Shredder' Heavy Needler is a Needler Rifle produced by Omnitech for the Lyran Alliance. Resembling a small, wide-barreled rifle, the Shredder is designed specifically to overcome the usual ineffectiveness of flechettes against armor. Its high-speed cutters launch heavy flechette rounds at much greater speeds than normal, allowing them to penetrate armored targets more effectively.",
    "weight": 1000,
    "volume": 8,
    "price": 163500,
    "to_hit": -1,
    "bashing": 7,
    "material": [ "steel", "plastic" ],
    "ranged_damage": 76,
    "dispersion": 245,
    "durability": 9,
    "clip_size": 10,
    "symbol": "=",
    "range": 10,
    "flags": [ "RELOAD_ONE" ],
    "valid_mod_locations": [
      [ "accessories", 4 ],
      [ "barrel", 1 ],
      [ "bore", 1 ],
      [ "grip", 1 ],
      [ "mechanism", 4 ],
      [ "muzzle", 1 ],
      [ "rail", 1 ],
      [ "sights", 1 ],
      [ "stock", 1 ],
      [ "underbarrel", 1 ]
    ]
  },
  {
    "type": "GUN",
    "name": "Needler Rifle",
    "name_plural": "Needler Rifles",
    "skill": "shotgun",
    "ammo": "fl_block",
    "id": "rifle_needler",
    "description": "The Needler Rifle is a vicious weapon that fires a spray of tiny fletchettes that can easily shred flesh. These fletchettes are created by shredding a polymer-composite block and fired by a burst of compressed gas, making the weapon noiseless with little to no recoil and the favorite choice of assassins. However, it is an incredibly short-ranged weapon with almost no armor penetration capabilities. This limits its use to self-defense and close-quarters combat, though it serves as an ideal weapon for boarding space-vessels.",
    "weight": 1000,
    "volume": 8,
    "price": 81750,
    "to_hit": -1,
    "bashing": 6,
    "material": [ "steel", "plastic" ],
    "ranged_damage": 51,
    "dispersion": 115,
    "durability": 9,
    "clip_size": 10,
    "symbol": "=",
    "range": 19,
    "valid_mod_locations": [
      [ "accessories", 4 ],
      [ "barrel", 1 ],
      [ "bore", 1 ],
      [ "grip", 1 ],
      [ "mechanism", 1 ],
      [ "muzzle", 1 ],
      [ "rail", 1 ],
      [ "sights", 1 ],
      [ "stock", 1 ],
      [ "underbarrel", 1 ]
    ]
  },
  {
    "type": "GUN",
    "name": "M&G Flechette Rifle",
    "name_plural": "M&G Flechette Rifles",
    "skill": "smg",
    "ammo": "fl_block",
    "id": "rifle_needler_smg",
    "description": "The M&G Flechette Rifle is a Needler Rifle produced by Mauser & Gray Firearms for the Lyran Alliance. The rifle uses a special firing mechanism as well as an exotic polymer-composite formula to fire flechettes at a rate of fire comparable to a submachine gun. For this reason it is restricted to military personnel only.",
    "weight": 1500,
    "volume": 8,
    "price": 218000,
    "to_hit": -1,
    "bashing": 6,
    "material": [ "steel", "plastic" ],
    "ranged_damage": 39,
    "dispersion": 115,
    "durability": 9,
    "clip_size": 30,
    "symbol": "=",
    "modes": [
      [ "DEFAULT", "SINGLE", 1 ],
      [ "DOUBLE", "DOUBLE", 3 ],
      [ "FINISHER", "FINISHER", 5 ],
      [ "ANNIHILATION", "ANNIHILATION", 15 ],
      [ "THERE IS ONLY 'OPEN FIRE AND RELOAD'", "THERE IS ONLY 'OPEN FIRE AND RELOAD'", 30 ]
    ],
    "range": 16,
    "valid_mod_locations": [
      [ "accessories", 4 ],
      [ "barrel", 1 ],
      [ "bore", 1 ],
      [ "grip", 1 ],
      [ "mechanism", 1 ],
      [ "muzzle", 1 ],
      [ "rail", 1 ],
      [ "sights", 1 ],
      [ "stock", 1 ],
      [ "underbarrel", 1 ]
    ]
  },
  {
    "type": "GUN",
    "name": "Needler Pistol",
    "name_plural": "Needler Pistols",
    "skill": "pistol",
    "ammo": "fl_block",
    "id": "pistol_needler",
    "description": "The Needler Pistol is a vicious weapon that fires a spray of tiny flechettes which easily shreds flesh.However, needlers are incredibly short-ranged weapons with almost no armor penetration capabilities. This limits their use to self-defense and close-quarters combat, as well as being ideal weapons for boarding space-vessels.This pistol is lighter and cheaper than the Needler Rifle and a favorite back-up weapon throughout the Inner Sphere and Periphery.",
    "weight": 300,
    "volume": 0.5,
    "price": 54500,
    "to_hit": 0,
    "bashing": 3,
    "material": [ "steel", "plastic" ],
    "ranged_damage": 51,
    "dispersion": 80,
    "durability": 9,
    "clip_size": 10,
    "symbol": "=",
    "burst": 5,
    "range": 8,
    "valid_mod_locations": [ [ "accessories", 1 ], [ "grip", 1 ], [ "muzzle", 1 ], [ "sights", 1 ], [ "stock", 1 ] ]
  },
  {
    "type": "GUN",
    "name": "Holdout Needler Pistol",
    "name_plural": "Holdout Needler Pistols",
    "skill": "pistol",
    "ammo": "fl_block",
    "id": "pistol_needler_holdout",
    "description": "The Hold-Out Needler Pistol is one of the smallest personal weapons on the market and, despite its incredibly short range, delivers as much damage as a full-sized Needler Pistol. For many MechWarriors, this disposable pocket pistol is their last line of defense in an emergency.",
    "weight": 50,
    "volume": 0.5,
    "price": 21800,
    "to_hit": -1,
    "bashing": 3,
    "material": [ "steel", "plastic" ],
    "ranged_damage": 24,
    "dispersion": 80,
    "durability": 9,
    "clip_size": 10,
    "symbol": "h",
    "range": 4,
    "valid_mod_locations": [ [ "accessories", 1 ], [ "grip", 1 ], [ "muzzle", 1 ], [ "sights", 1 ] ]
  },
  {
    "type": "GUN",
    "name": "M&G Flechette Pistol",
    "name_plural": "M&G Flechette Pistols",
    "skill": "smg",
    "ammo": "fl_block",
    "id": "pistol_needler_smg",
    "description": "The Needler Pistol is a vicious weapon that fires a spray of tiny flechettes which easily shreds flesh.However, needlers are incredibly short-ranged weapons with almost no armor penetration capabilities. This limits their use to self-defense and close-quarters combat, as well as being ideal weapons for boarding space-vessels.This pistol is lighter and cheaper than the Needler Rifle and a favorite back-up weapon throughout the Inner Sphere and Periphery.",
    "weight": 650,
    "volume": 0.5,
    "price": 109000,
    "to_hit": 0,
    "bashing": 3,
    "material": [ "steel", "plastic" ],
    "ranged_damage": 24,
    "dispersion": 80,
    "durability": 9,
    "clip_size": 15,
    "symbol": "=",
    "burst": 5,
    "range": 7,
    "valid_mod_locations": [ [ "accessories", 1 ], [ "grip", 1 ], [ "muzzle", 1 ], [ "sights", 1 ], [ "stock", 1 ] ]
  },
  {
    "type": "GUN",
    "name": "Sea Eagle Needler Pistol",
    "name_plural": "SE Needler Pistols",
    "skill": "smg",
    "ammo": "fl_block",
    "id": "pistol_needler_light",
    "description": "The Sea Eagle Needler Pistol is a Needler Pistol produced by Irian PersArms, a subsidiary of Irian Technologies founded in 3032. Their sole entry into the needler market, unlike other needler pistols Irian's lightweight design can be fired one-handed, though a secondary grip under the barrel facilitates two-handed firing. The Sea Eagle's speed of fire and excellent balance also means its apparent recoil is less than other needler pistols, however its size limits the number of shots available and at its maximum rate of fire the pistol will expend its ammunition in only two bursts.",
    "weight": 350,
    "volume": 0.5,
    "price": 119900,
    "to_hit": 0,
    "bashing": 3,
    "material": [ "steel", "plastic" ],
    "ranged_damage": 24,
    "dispersion": 80,
    "durability": 9,
    "clip_size": 10,
    "symbol": "=",
    "burst": 5,
    "range": 7,
    "valid_mod_locations": [ [ "accessories", 1 ], [ "grip", 1 ], [ "muzzle", 1 ], [ "sights", 1 ], [ "stock", 1 ] ]
  }
]
