{
    "method": "json",
    "object": {
        "furniture": {
            "#": "f_chair",
            "&": "f_toilet",
            "+": "f_null",
            "-": "f_null",
            ".": "f_null",
            "1": "f_null",
            "4": "f_null",
            "@": "f_mannequin",
            "D": "f_null",
            "H": "f_sofa",
            "P": "f_sign",
            "S": "f_statue",
            "T": "f_table",
            "U": "f_null",
            "W": "f_null",
            "^": "f_indoor_plant",
            "_": "f_null",
            "a": "f_ash",
            "b": "f_bathtub",
            "c": "f_null",
            "d": "f_desk",
            "g": "f_null",
            "i": "f_indoor_plant_y",
            "r": "f_rubble",
            "s": "f_straw_bed",
            "t": "f_trashcan",
            "u": "f_null",
            "w": "f_wreckage",
            "|": "f_null"
        },
        "place_monsters": [
            {
                "chance": 2,
                "density": 1,
                "monster": "GROUP_ZOMBIE",
                "x": 4,
                "y": 16
            },
            {
                "chance": 2,
                "density": 1,
                "monster": "GROUP_ZOMBIE",
                "x": 19,
                "y": 14
            }
        ],
        "place_toilets": [
            {
                "x": 10,
                "y": 22
            },
            {
                "x": 14,
                "y": 22
            }
        ],
        "rows": [
            "________________________",
            "________________________",
            "|--------|____|--------|",
            "|^......^-____-^..w&w.^|",
            "|....P...-____-........|",
            "|&.......-____-....P...|",
            "|S.P.....-____-........|",
            "|&......^|W++W|^.......|",
            "|..........cc..........|",
            "|..........cc........r.|",
            "|.......#d.cc......Prrr|",
            "|........d...........r.|",
            "|sa....................|",
            "|#P......|----|........|",
            "|ba.....T-u4Uu-T.....Pt|",
            "|.......H-1UgU-H.......|",
            "|.......H-ug4g-H......S|",
            "|.......H-g1Uu-H....PSS|",
            "|i.......|----|.......S|",
            "|S.P...................|",
            "|@.....................|",
            "|........||D|D||.......|",
            "|^....##t|&.|.&|t##...^|",
            "||||||||||||||||||||||||"
        ],
        "terrain": {
            "#": "t_floor",
            "&": "t_floor",
            "+": "t_door_glass_c",
            "-": "t_wall_glass_alarm",
            ".": "t_floor",
            "1": "t_tree_young",
            "4": "t_tree_pine",
            "@": "t_floor",
            "D": "t_door_c",
            "H": "t_floor",
            "P": "t_floor",
            "S": "t_floor",
            "T": "t_floor",
            "U": "t_underbrush",
            "W": "t_wall_glass",
            "^": "t_floor",
            "_": "t_sidewalk",
            "a": "t_floor",
            "b": "t_floor",
            "c": "t_carpet_red",
            "d": "t_floor",
            "g": "t_grass",
            "i": "t_floor",
            "r": "t_floor",
            "s": "t_floor",
            "t": "t_floor",
            "u": "t_underbrush_harvested_spring",
            "w": "t_floor",
            "|": "t_wall"
        }
    },
    "om_terrain": "artgallery",
    "type": "mapgen",
    "weight": 500
}
