{
    "method": "json",
    "object": {
        "furniture": {
            "R": "f_headstone",
            "&": "f_trashcan",
            ".": "f_null",
            "1": "f_null",
            "4": "f_null",
            "7": "f_null",
            "B": "f_bench",
            "S": "f_null",
            "U": "f_null",
            "_": "f_null",
            "a": "f_null",
            "b": "f_headstone",
            "c": "f_statue",
            "d": "f_null",
            "e": "f_statue",
            "f": "f_null",
            "p": "f_null",
            "s": "f_null",
            "u": "f_null"
        },
        "place_items": [
            {
                "chance": 60,
                "item": "trash",
                "x": [
                    14,
                    15
                ],
                "y": 17
            },
            {
                "chance": 60,
                "item": "trash",
                "x": 9,
                "y": 6
            },
            {
                "chance": 15,
                "item": "alcohol",
                "x": 9,
                "y": 7
            }
        ],
        "place_monster": [
            {
                "monster": "mon_rabbit",
                "x": 4,
                "y": 13
            },
            {
                "monster": "mon_cat",
                "x": 19,
                "y": 16
            },
            {
                "monster": "mon_rabbit",
                "x": 4,
                "y": 18
            }
        ],
        "place_monsters": [
            {
                "chance": 3,
                "density": 1,
                "monster": "GROUP_ZOMBIE",
                "x": 11,
                "y": 16
            }
        ],
        "rows": [
            "ssssssssssssssssssssssss",
            "ssssssssssssssssssssssss",
            "..........p_p_p.........",
            "dS.1......_____d...4d.S.",
            "...dSd4..._____..S...7.d",
            "..dddd...._____..d......",
            ".........&_____....ddd..",
            "...U...d.B_____..UdddU.u",
            ".b.R.R.R.B_____..Rdbdb.R",
            ".........._____d........",
            ".u.u.U...._____....udu..",
            ".RucuR.R.._____..R.b.R.R",
            "...u...d.._____.........",
            ".U........_____....U....",
            ".Rdb.R.R.._____..R.edb.R",
            "..dd......_____.....dd..",
            "...U...u.._____1.....U..",
            ".R.R.R.b.._____&.b.R.R.R",
            ".........._____B........",
            "d..u.u.U.._____B...Udddu",
            ".R.bdR.R.._____..R.RaR.R",
            "...ddd....f___f.a.......",
            "...d........f........d..",
            ".........d.............."
        ],
        "terrain": {
            "R": "t_grass",
            "&": "t_grass",
            ".": "t_grass",
            "1": "t_tree_young",
            "4": "t_tree_pine",
            "7": "t_tree_hickory",
            "B": "t_grass",
            "S": "t_shrub",
            "U": "t_underbrush_harvested_autumn",
            "_": "t_pavement",
            "a": "t_shrub_blueberry_harvested",
            "b": "t_dirt",
            "c": "t_dirt",
            "d": "t_dirt",
            "e": "t_grass",
            "f": "t_fence_post",
            "p": "t_pavement_y",
            "s": "t_sidewalk",
            "u": "t_underbrush_harvested_winter"
        }
    },
    "om_terrain": "cemetary",
    "type": "mapgen",
    "weight": 500
}
