{
    "method": "json",
    "object": {
        "furniture": {
            "#": "f_null",
            "+": "f_null",
            ".": "f_null",
            "1": "f_null",
            "4": "f_null",
            "7": "f_null",
            "H": "f_armchair",
            "S": "f_null",
            "U": "f_null",
            "^": "f_rubble",
            "_": "f_null",
            "a": "f_null",
            "c": "f_chair",
            "d": "f_desk",
            "m": "f_makeshift_bed",
            "r": "f_rubble",
            "s": "f_null",
            "u": "f_null",
            "w": "f_null",
            "|": "f_null"
        },
        "place_items": [
            {
                "chance": 30,
                "item": "bar_trash",
                "x": 8,
                "y": 10
            },
            {
                "chance": 30,
                "item": "bar_trash",
                "x": 9,
                "y": 7
            },
            {
                "chance": 30,
                "item": "bar_trash",
                "x": 15,
                "y": 5
            }
        ],
        "rows": [
            "........................",
            "...........u.....#......",
            ".u1.s...#...............",
            "..u....||.|.|||..|||....",
            ".......|_____H_____|.1..",
            ".......|__________c|..#.",
            ".#......___________|....",
            "..#.4...__m__._rr_#.....",
            ".......|+|||ww.^^^^|.u..",
            "......S|__.._^r^r^^wa...",
            ".1.....|__#..r^r^^......",
            "...#....__1#..^^.#......",
            "........__..d_^.........",
            "..4....|_#....^.^..#....",
            "....1.u|||..^^..........",
            "................#.......",
            ".......u...u.........u..",
            "..#.....#.....u.........",
            "..............#...#u.u..",
            "#...#....u#.....7.u.....",
            "........s............s..",
            ".............#....U.....",
            "...#...1........#.......",
            ".....#..............#..."
        ],
        "terrain": {
            "#": "t_underbrush_harvested_winter",
            "+": "t_door_c",
            ".": "t_grass",
            "1": "t_tree_young",
            "4": "t_tree_pine",
            "7": "t_tree_birch_harvested",
            "H": "t_floor",
            "S": "t_shrub_blueberry_harvested",
            "U": "t_underbrush_harvested_summer",
            "^": "t_grass",
            "_": "t_floor",
            "a": "t_shrub_strawberry_harvested",
            "c": "t_floor",
            "d": "t_grass",
            "m": "t_floor",
            "r": "t_floor",
            "s": "t_shrub",
            "u": "t_underbrush",
            "w": "t_wall_half",
            "|": "t_wall"
        }
    },
    "om_terrain": "derelict_property",
    "type": "mapgen",
    "weight": 500
}
