{
    "method": "json",
    "object": {
        "furniture": {
            "#": "f_null",
            "-": "f_null",
            ".": "f_null",
            "4": "f_null",
            "7": "f_null",
            "C": "f_cattails",
            "R": "f_rubble",
            "S": "f_null",
            "W": "f_null",
            "^": "f_rubble",
            "_": "f_null",
            "c": "f_chair",
            "d": "f_dandelion",
            "f": "f_null",
            "i": "f_cattails",
            "r": "f_rubble",
            "s": "f_null",
            "u": "f_null",
            "w": "f_null",
            "|": "f_null"
        },
        "rows": [
            "........................",
            ".........._...._....._..",
            ".._......___............",
            "...._...___...#.._._....",
            "...d...._....|||-|W|....",
            "......_.....#|fffff|._..",
            "._._........#^ffffc|_...",
            "..._u..._.7..^rrffr|#.._",
            ".........._.^^^.^R^^..._",
            ".............^...^.s....",
            ".......S..........._....",
            "....._............www...",
            "......._._..u.._.wwwww..",
            "..................wwwww.",
            "._.._...._.._....._iww..",
            ".....#_......_.......C..",
            "....._........._^#......",
            ".._.#.........#|^^R.....",
            "...#4s.##.__..^^|^|__...",
            "....u#........^^|^^____.",
            "..._.........._us#____..",
            "......__.._........._...",
            ".............__.........",
            "._..........._.........."
        ],
        "terrain": {
            "#": "t_underbrush_harvested_summer",
            "-": "t_door_boarded",
            ".": "t_grass",
            "4": "t_tree_pine",
            "7": "t_tree_dead",
            "C": "t_dirt",
            "R": "t_dirt",
            "S": "t_shrub",
            "W": "t_window_boarded_noglass",
            "^": "t_grass",
            "_": "t_dirt",
            "c": "t_floor",
            "d": "t_grass",
            "f": "t_floor",
            "i": "t_grass",
            "r": "t_floor",
            "s": "t_shrub_blueberry",
            "u": "t_underbrush",
            "w": "t_water_sh",
            "|": "t_wall"
        }
    },
    "om_terrain": "derelict_property",
    "type": "mapgen",
    "weight": 500
}
