{
    "method": "json",
    "object": {
        "add": [
            {
                "item": "holybook_bible3",
                "repeat": 1,
                "x": 17,
                "y": 6
            }
        ],
        "furniture": {
            "#": "f_null",
            "&": "f_trashcan",
            ".": "f_null",
            "0": "f_null",
            "1": "f_null",
            "4": "f_null",
            "7": "f_null",
            "B": "f_bigmirror_b",
            "C": "f_chair",
            "D": "f_null",
            "H": "f_armchair",
            "T": "f_trashcan",
            "^": "f_rubble",
            "_": "f_null",
            "a": "f_toilet",
            "b": "f_bathtub",
            "c": "f_cupboard",
            "d": "f_dandelion",
            "e": "f_null",
            "f": "f_null",
            "g": "f_null",
            "m": "f_makeshift_bed",
            "p": "f_null",
            "r": "f_rubble",
            "s": "f_null",
            "t": "f_null",
            "u": "f_null",
            "w": "f_null",
            "{": "f_bookcase",
            "|": "f_null"
        },
        "place_items": [
            {
                "chance": 30,
                "item": "bar_trash",
                "x": 7,
                "y": 9
            },
            {
                "chance": 30,
                "item": "bar_trash",
                "x": 14,
                "y": 8
            }
        ],
        "rows": [
            "........................",
            "...g....................",
            "....4...___.4.7.g..4....",
            "......__sss_............",
            "..d..___sss_...#.u.#....",
            "..#.._|||D|||0|||||||1..",
            ".#t#__|fffffmffffccT|...",
            "..##__|fffffffffffff0...",
            ".u..__|^ff^ffffff||||#7.",
            "...._&|ff^^^f.f.f|fb|...",
            "1...__|{Bff^^^.^^Dfa|.u.",
            "....._||||0|wrrw|0|||...",
            ".#4.#____u......#.uu#.4.",
            "..#..________...........",
            "......________.7.....t..",
            ".......__&____....d.....",
            "..4....__H_p_C_.......#.",
            "....g..._______....u4...",
            ".g..#...___C__...e..u...",
            ".u7......___........g...",
            "....u1#..........#..1...",
            "..d..u.g......4.#1#...4.",
            "........4.....u.1##.7...",
            "........................"
        ],
        "terrain": {
            "#": "t_underbrush_harvested_summer",
            "&": "t_dirt",
            ".": "t_grass",
            "0": "t_window_empty",
            "1": "t_tree_young",
            "4": "t_tree_pine",
            "7": "t_tree_birch",
            "B": "t_floor",
            "C": "t_dirt",
            "D": "t_door_o",
            "H": "t_dirt",
            "T": "t_floor",
            "^": "t_floor",
            "_": "t_dirt",
            "a": "t_floor",
            "b": "t_floor",
            "c": "t_floor",
            "d": "t_grass",
            "e": "t_tree_apple_harvested",
            "f": "t_floor",
            "g": "t_grass_white",
            "m": "t_floor",
            "p": "t_pit_shallow",
            "r": "t_grass",
            "s": "t_sidewalk",
            "t": "t_tree_dead",
            "u": "t_underbrush",
            "w": "t_wall_log_half",
            "{": "t_floor",
            "|": "t_wall"
        }
    },
    "om_terrain": "derelict_property",
    "type": "mapgen",
    "weight": 500
}
