{
    "method": "json",
    "object": {
        "furniture": {
            "#": "f_null",
            "+": "f_null",
            ".": "f_null",
            "0": "f_null",
            "1": "f_null",
            "4": "f_null",
            "7": "f_null",
            "C": "f_cupboard",
            "D": "f_desk",
            "U": "f_null",
            "W": "f_null",
            "^": "f_rubble",
            "_": "f_null",
            "a": "f_null",
            "c": "f_chair",
            "d": "f_null",
            "f": "f_dandelion",
            "g": "f_null",
            "r": "f_rubble",
            "u": "f_null",
            "w": "f_null",
            "|": "f_null"
        },
        "place_items": [
            {
                "chance": 10,
                "item": "tools_earthworking",
                "x": 17,
                "y": 19
            },
            {
                "chance": 30,
                "item": "bar_trash",
                "x": 3,
                "y": 10
            },
            {
                "chance": 30,
                "item": "bar_trash",
                "x": 6,
                "y": 5
            }
        ],
        "place_vehicles": [
            {
                "chance": 6,
                "fuel": 0,
                "rotation": 180,
                "status": 1,
                "vehicle": "pickup",
                "x": 8,
                "y": 19
            }
        ],
        "rows": [
            "........................",
            "..g....g.4......7.......",
            "..u.....................",
            ".u|0|+|wd.|.||..u....1..",
            ".u|_____^^#__|...#.f....",
            "..0_____^^^__w..........",
            "..|____r_^^_rddwd.......",
            "..|||+||w^^^_|dd|.1..7..",
            ".1|_______^___d^Wd....g.",
            "..|c______^^_^ddddd.#...",
            "..0D____r_^^_^#dWd.d....",
            "..|____C_#^^_wdd|.g.d1..",
            "..||||0||wdd||wd|...dd..",
            "...UuU.....d.....d..dd..",
            "..........4.ddd.u.dd.du.",
            ".g..1.........d.dd...d..",
            "..4.....g...f.d.|0|a|d4.",
            "..............dd|___|d..",
            ".......g..#....d|___|d..",
            "..#.............|___0...",
            ".#...g..........|||||...",
            ".##...............1.....",
            "...1..f......g4.......7.",
            "...........#............"
        ],
        "terrain": {
            "#": "t_underbrush_harvested_summer",
            "+": "t_door_locked_interior",
            ".": "t_grass",
            "0": "t_window_empty",
            "1": "t_tree_young",
            "4": "t_tree_pine",
            "7": "t_tree_dead",
            "C": "t_floor",
            "D": "t_floor",
            "U": "t_underbrush_harvested_spring",
            "W": "t_wall_half",
            "^": "t_dirt",
            "_": "t_floor",
            "a": "t_door_o",
            "c": "t_floor",
            "d": "t_dirt",
            "f": "t_grass",
            "g": "t_grass_white",
            "r": "t_floor",
            "u": "t_underbrush",
            "w": "t_wall_log_half",
            "|": "t_wall"
        }
    },
    "om_terrain": "derelict_property",
    "type": "mapgen",
    "weight": 500
}
