{
    "method": "json",
    "object": {
        "furniture": {
            "#": "f_null",
            "&": "f_trashcan",
            ".": "f_null",
            "4": "f_null",
            "S": "f_null",
            "T": "f_table",
            "W": "f_null",
            "_": "f_null",
            "b": "f_bench",
            "f": "f_dandelion",
            "i": "f_cattails",
            "s": "f_null",
            "t": "f_null",
            "u": "f_null",
            "w": "f_null",
            "|": "f_null"
        },
        "place_monster": [
            {
                "monster": "mon_duck",
                "x": 14,
                "y": 14
            }
        ],
        "rows": [
            "|...__.WWwwwwwwwwwwwwwww",
            "|4..__WWWwwwwwwwwwwwwwww",
            "|...__.WWwwwwwwwwwwwwwww",
            "|.#__..WWwwwwwwwwwwwwwww",
            "|..__..WWWwwwwwwwwwwwwww",
            "|.___4..WWwwwwwsssswwwww",
            "|.__..f.WWWwwwss..sswwww",
            "|.__#....WWwwwssS..swwww",
            "|.___....WWWwwws...sswww",
            "|..__.....iWwwwssssswwww",
            "|..___u...Wiswwwwsswwwww",
            "|#..__...#.WWWWwwwwwwwww",
            "|..___#.....iWWiwwwwwwww",
            "|..____t.....WWWWWWwwwww",
            "|..&____..4.....WiWWWWWW",
            "|._______...#......WiWWW",
            "|._________.....4......W",
            "|.._bTb_________........",
            "|.._bTb____..4.____4.#t#",
            "|.._bTb___#......._____t",
            "|..._____#........t..4._",
            "|..........u..#........#",
            "|.4.............4....t..",
            "||||||||||||||||||||||||"
        ],
        "terrain": {
            "#": "t_underbrush_harvested_summer",
            "&": "t_dirt",
            ".": "t_grass",
            "4": "t_tree_pine",
            "S": "t_shrub_blueberry",
            "T": "t_dirt",
            "W": "t_water_sh",
            "_": "t_dirt",
            "b": "t_dirt",
            "f": "t_grass",
            "i": "t_water_sh",
            "s": "t_swater_sh",
            "t": "t_tree_deadpine",
            "u": "t_underbrush",
            "w": "t_water_dp",
            "|": "t_chainfence_h"
        }
    },
    "om_terrain": ["fishingpond_0_1"],
    "type": "mapgen",
    "weight": 500
}
