{
    "method": "json",
    "object": {
        "furniture": {
            "#": "f_null",
            ".": "f_null",
            "0": "f_null",
            "1": "f_null",
            "4": "f_null",
            "7": "f_null",
            "U": "f_null",
            "_": "f_null",
            "c": "f_chair",
            "d": "f_dandelion",
            "f": "f_null",
            "s": "f_null",
            "t": "f_null",
            "u": "f_null",
            "|": "f_null"
        },
        "place_items": [
            {
                "chance": 10,
                "item": "ammo_rifle_common",
                "x": 12,
                "y": 9
            },
            {
                "chance": 25,
                "item": "ammo_shotgun_common",
                "x": 13,
                "y": 10
            }
        ],
        "rows": [
            "........................",
            ".........#.4...._.......",
            "._..s......#.._.........",
            ".___......#.......4.....",
            "..___...1...77u......_..",
            "...._......##__.....___.",
            "..U.........4__......_..",
            "..4......__.#...........",
            "....._...._.||||..._....",
            ".....__.....fcf0........",
            "...._....._.fff0........",
            "..._........||||....._..",
            "...._..._...##....._....",
            "...........##....._._...",
            "...........##4._........",
            "._...dU........_........",
            "._.........#........._..",
            ".............4....1#....",
            "....._.....#............",
            "...t...._.#7....u.......",
            "..u.......#.........d...",
            ".........4...__.........",
            "..._...1.#..._..._......",
            "..___........._..__....."
        ],
        "terrain": {
            "#": "t_underbrush_harvested_winter",
            ".": "t_grass",
            "0": "t_window_empty",
            "1": "t_tree_young",
            "4": "t_tree_pine",
            "7": "t_tree_birch_harvested",
            "U": "t_underbrush",
            "_": "t_dirt",
            "c": "t_floor",
            "d": "t_grass",
            "f": "t_floor",
            "s": "t_shrub_blueberry_harvested",
            "t": "t_tree_deadpine",
            "u": "t_underbrush_harvested_spring",
            "|": "t_wall_wood"
        }
    },
    "om_terrain": "huntingblind",
    "type": "mapgen",
    "weight": 500
}
