{
    "method": "json",
    "object": {
        "furniture": {
            "#": "f_null",
            ".": "f_null",
            "0": "f_null",
            "1": "f_null",
            "4": "f_null",
            "7": "f_null",
            "S": "f_null",
            "_": "f_null",
            "c": "f_chair",
            "d": "f_dandelion",
            "f": "f_null",
            "s": "f_null",
            "u": "f_null",
            "|": "f_null"
        },
        "place_items": [
            {
                "chance": 10,
                "item": "ammo_rifle_common",
                "x": 16,
                "y": 14
            },
            {
                "chance": 25,
                "item": "ammo_shotgun_common",
                "x": 15,
                "y": 14
            }
        ],
        "rows": [
            "........................",
            "......._..._............",
            "..._.....4..._....._....",
            "..#....._.._...1.....#..",
            ".._..........._......__.",
            ".._._...u._..#...._.___.",
            "......_.........S...__..",
            "..1.__..7....._...._....",
            "...___..................",
            "....__......._...1.._.u.",
            ".._.................__..",
            ".........__........._...",
            "._...._.4#....._........",
            "...d....u.....|fff|.....",
            "4........_....|ffc|..__.",
            "............._|00||..._.",
            "..._.........____.......",
            ".......1..._._..........",
            "..................._..s.",
            "..._...._...............",
            "..._...__......#........",
            "..._.#.._......_..._....",
            "..._......._.....s..#...",
            "........................"
        ],
        "terrain": {
            "#": "t_underbrush_harvested_summer",
            ".": "t_grass",
            "0": "t_window_empty",
            "1": "t_tree_young",
            "4": "t_tree_pine",
            "7": "t_tree_dead",
            "S": "t_shrub_blueberry_harvested",
            "_": "t_dirt",
            "c": "t_floor",
            "d": "t_grass",
            "f": "t_floor",
            "s": "t_shrub",
            "u": "t_underbrush",
            "|": "t_wall_wood"
        }
    },
    "om_terrain": "huntingblind",
    "type": "mapgen",
    "weight": 500
}
