{
    "method": "json",
    "object": {
        "furniture": {
            "#": "f_null",
            "+": "f_null",
            "-": "f_null",
            ".": "f_null",
            "4": "f_null",
            "7": "f_null",
            "C": "f_chair",
            "D": "f_desk",
            "H": "f_sofa",
            "T": "f_null",
            "W": "f_null",
            "_": "f_null",
            "a": "f_null",
            "b": "f_bench",
            "c": "f_null",
            "d": "f_null",
            "p": "f_plant_harvest",
            "t": "f_null",
            "u": "f_null",
            "w": "f_null",
            "|": "f_null"
        },
        "place_items": [
            {
                "chance": 50,
                "item": "supplies_farming",
                "x": 6,
                "y": 13
            },
            {
                "chance": 15,
                "item": "supplies_farming",
                "x": 4,
                "y": 11
            },
            {
                "chance": 15,
                "item": "supplies_farming",
                "x": 6,
                "y": 7
            },
            {
                "chance": 99,
                "item": "supplies_farming",
                "x": 3,
                "y": 9
            }
        ],
        "place_monster": [
            {
                "monster": "mon_fox_red",
                "x": 3,
                "y": 16
            },
            {
                "monster": "mon_chipmunk",
                "x": 20,
                "y": 20
            }
        ],
        "place_monsters": [
            {
                "chance": 2,
                "density": 1,
                "monster": "GROUP_PARK_SCENIC",
                "x": 12,
                "y": 14
            }
        ],
        "rows": [
            "________________________",
            "________________________",
            "----__------------------",
            "|...__................u-",
            "|...__.................-",
            "|...__ddd....t.T.7d7...|",
            "|.www+wwdd.............|",
            "|pwCcccwudd...d........|",
            "|.wCcccWdbd..t.T.7.7...|",
            "|.WcccHwdbdd...........|",
            "|.wCccHW.dd.....d......|",
            "|pwDccHwu#...t.T.7.7...|",
            "|.wwwWww...............|",
            "|..##..p..u............|",
            "|.......a....t.Td7.7...|",
            "|..#.d.....#.....d.....|",
            "|.a..u4d.d.............|",
            "|ud...d......t.T.7.7...|",
            "|..#4.au4.#...dd.......|",
            "|.4..dd.p.d............|",
            "|....#4.d....7.7.7.7...|",
            "|.4u.u.d4d..#...d......|",
            "|#..4...d..............|",
            "||||||||||||||||||||||||"
        ],
        "terrain": {
            "#": "t_underbrush_harvested_spring",
            "+": "t_door_c",
            "-": "t_fence_h",
            ".": "t_grass",
            "4": "t_tree_pine",
            "7": "t_tree_apple",
            "C": "t_concrete",
            "D": "t_concrete",
            "H": "t_concrete",
            "T": "t_tree_cherry",
            "W": "t_window_domestic",
            "_": "t_sidewalk",
            "a": "t_tree_birch",
            "b": "t_grass",
            "c": "t_concrete",
            "d": "t_dirt",
            "p": "t_grass",
            "t": "t_tree_plum",
            "u": "t_underbrush",
            "w": "t_wall_log",
            "|": "t_fence_v"
        }
    },
    "om_terrain": "orchard",
    "type": "mapgen",
    "weight": 500
}
