{
    "method": "json",
    "object": {
        "furniture": {
            "#": "f_null",
            "&": "f_trashcan",
            "+": "f_null",
            "-": "f_null",
            ".": "f_null",
            "4": "f_null",
            "7": "f_null",
            "C": "f_chair",
            "D": "f_desk",
            "H": "f_sofa",
            "T": "f_null",
            "U": "f_null",
            "W": "f_null",
            "_": "f_null",
            "a": "f_trashcan",
            "b": "f_bench",
            "c": "f_null",
            "d": "f_null",
            "p": "f_plant_harvest",
            "s": "f_null",
            "t": "f_null",
            "u": "f_null",
            "w": "f_null",
            "|": "f_null"
        },
        "place_items": [
            {
                "chance": 50,
                "item": "supplies_farming",
                "x": 6,
                "y": 13
            },
            {
                "chance": 15,
                "item": "supplies_farming",
                "x": 4,
                "y": 11
            },
            {
                "chance": 15,
                "item": "supplies_farming",
                "x": 6,
                "y": 7
            }
        ],
        "place_monster": [
            {
                "monster": "mon_fox_red",
                "x": 3,
                "y": 16
            },
            {
                "monster": "mon_chipmunk",
                "x": 20,
                "y": 20
            }
        ],
        "place_monsters": [
            {
                "chance": 2,
                "density": 1,
                "monster": "GROUP_PARK_SCENIC",
                "x": 12,
                "y": 14
            }
        ],
        "rows": [
            "________________________",
            "________________________",
            "----__------------------",
            "|..&__................U-",
            "|...__.................-",
            "|...__ddd........7dt...|",
            "|.www+wwdd.............|",
            "|pwCcccwUdd..#.s.......|",
            "|.wCcccWdbd..#.s.7.t...|",
            "|.WcccHwdbdd...........|",
            "|.wCccHW.ad............|",
            "|pwDccHwUu...#.s.7.t...|",
            "|.wwwWww#....#.s.......|",
            "|..uu..p..U..#.s.......|",
            "|.......T....#.s.7.t...|",
            "|..u.d.....u...........|",
            "|.T..U4d.d.............|",
            "|Ud...d......#.s.7.t...|",
            "|..u4.TU4.u..#.s.......|",
            "|.4..dd.p.d..#.s.......|",
            "|....u4.d....#.s.7.t...|",
            "|.4U.U.d4d..u...d......|",
            "|u..4...d..............|",
            "||||||||||||||||||||||||"
        ],
        "terrain": {
            "#": "t_shrub_strawberry",
            "&": "t_grass",
            "+": "t_door_c",
            "-": "t_fence_h",
            ".": "t_grass",
            "4": "t_tree_pine",
            "7": "t_tree_cherry",
            "C": "t_concrete",
            "D": "t_concrete",
            "H": "t_concrete",
            "T": "t_tree_birch",
            "U": "t_underbrush",
            "W": "t_window_domestic",
            "_": "t_sidewalk",
            "a": "t_dirt",
            "b": "t_grass",
            "c": "t_concrete",
            "d": "t_dirt",
            "p": "t_grass",
            "s": "t_shrub_blueberry",
            "t": "t_tree_apricot",
            "u": "t_underbrush_harvested_spring",
            "w": "t_wall_log",
            "|": "t_fence_v"
        }
    },
    "om_terrain": "orchard",
    "type": "mapgen",
    "weight": 500
}
