{
    "method": "json",
    "object": {
        "furniture": {
            "#": "f_bench",
            "$": "f_null",
            "&": "f_trashcan",
            "-": "f_null",
            ".": "f_null",
            "1": "f_null",
            "7": "f_null",
            "C": "f_null",
            "S": "f_null",
            "T": "f_table",
            "_": "f_null",
            "a": "f_null",
            "b": "f_bench",
            "c": "f_trashcan",
            "d": "f_null",
            "e": "f_null",
            "f": "f_dandelion",
            "m": "f_null",
            "s": "f_null",
            "t": "f_table",
            "u": "f_null",
            "|": "f_null"
        },
        "place_items": [
            {
                "chance": 15,
                "item": "snacks",
                "x": 18,
                "y": 11
            },
            {
                "chance": 15,
                "item": "snacks",
                "x": 5,
                "y": 7
            },
            {
                "chance": 5,
                "item": "smoke_shop",
                "x": 18,
                "y": 14
            },
            {
                "chance": 30,
                "item": "bar_trash",
                "x": 11,
                "y": [
                    14,
                    15
                ]
            },
            {
                "chance": 10,
                "item": "alcohol",
                "x": 14,
                "y": 14
            }
        ],
        "rows": [
            "........................",
            ".a......................",
            "........f...............",
            ".1..........|_______|...",
            "....u......._________...",
            "............_#t#_____...",
            "....bTTb...._#t#__&__.u.",
            "....bTTb...._________...",
            "....bTTb...._________...",
            "............-_______|...",
            "............-#t#_#t#|...",
            "..a........u-#t#_#t#|...",
            ".......u....-#t#_#t#|...",
            "....f.......|#t#_#t#|...",
            "...........c|#t#_#t#|...",
            "...s.u..m...|_______|...",
            "..sss...m...|||||||||...",
            "..sCs...m......u.u......",
            "..sss...................",
            "..$$$..u..SS..d.........",
            "......u7u.SS.......a....",
            ".....e.uu........f......",
            "........................",
            "........................"
        ],
        "terrain": {
            "#": "t_thconc_floor",
            "$": "t_fence_rope",
            "&": "t_thconc_floor",
            "-": "t_railing_v",
            ".": "t_grass",
            "1": "t_tree_young",
            "7": "t_tree_maple",
            "C": "t_chainfence_posts",
            "S": "t_sandbox",
            "T": "t_grass",
            "_": "t_thconc_floor",
            "a": "t_shrub",
            "b": "t_grass",
            "c": "t_grass",
            "d": "t_shrub_strawberry",
            "e": "t_shrub_blueberry_harvested",
            "f": "t_grass",
            "m": "t_monkey_bars",
            "s": "t_sand",
            "t": "t_thconc_floor",
            "u": "t_underbrush_harvested_autumn",
            "|": "t_wall_log"
        }
    },
    "om_terrain": "pavilion",
    "type": "mapgen",
    "weight": 500
}
