{
    "method": "json",
    "object": {
        "add": [
            {
                "item": "rock",
                "repeat": 1,
                "x": 13,
                "y": 9
            },
            {
                "item": "rock",
                "repeat": 1,
                "x": 2,
                "y": 13
            },
            {
                "item": "rock",
                "repeat": 1,
                "x": 22,
                "y": 19
            }
        ],
        "furniture": {
            "#": "f_null",
            "&": "f_trashcan",
            ".": "f_null",
            "1": "f_null",
            "4": "f_null",
            "7": "f_null",
            "S": "f_null",
            "T": "f_null",
            "U": "f_null",
            "_": "f_null",
            "a": "f_null",
            "b": "f_bench",
            "c": "f_null",
            "d": "f_null",
            "e": "f_null",
            "s": "f_null",
            "t": "f_null",
            "u": "f_null",
            "|": "f_null"
        },
        "place_monster": [
            {
                "monster": "mon_chipmunk",
                "x": 2,
                "y": 5
            },
            {
                "monster": "mon_cat",
                "x": 15,
                "y": 13
            }
        ],
        "rows": [
            "ssssssssssssssssssssssss",
            "||||||||||||||_c_|||||||",
            "|4#..4u.......___..1...|",
            "|.4.....7.4#.____.7.#.1|",
            "|7.u4..1.#_______....S.|",
            "|1..7u...___#.4___#.T.4|",
            "|u.....t___.....___....|",
            "|S.T.4#___1.#.S.#___4.4|",
            "|7..1.__.....a....__#..|",
            "|.4..#_.4#.4....4..__..|",
            "|...__.#....#.U.#.4__#7|",
            "|#..___..4.....#7#..__.|",
            "|7.t___4#..7.41...4.__.|",
            "|...___.#.u.....U...#_#|",
            "|.#..__7.a..#.#....4#__|",
            "|u7#____..u.4..S4.1.U__|",
            "|1.______t..4.......__#|",
            "|.7__1_____1.#.d.#.t__.|",
            "|4___7._______________7|",
            "|__#....7.__________...|",
            "___17.7....&bb.tT...4S.|",
            "|u..4...#.S.....#.#....|",
            "|.7.#..#e#.4.#..U.4.#.4|",
            "||||||||||||||||||||||||"
        ],
        "terrain": {
            "#": "t_underbrush_harvested_spring",
            "&": "t_grass",
            ".": "t_grass",
            "1": "t_tree_young",
            "4": "t_tree_pine",
            "7": "t_tree",
            "S": "t_shrub_blueberry",
            "T": "t_tree_hickory",
            "U": "t_underbrush",
            "_": "t_dirt",
            "a": "t_tree_apple",
            "b": "t_dirt",
            "c": "t_chainfence_posts",
            "d": "t_tree_hickory_dead",
            "e": "t_tree_cherry_harvested",
            "s": "t_sidewalk",
            "t": "t_tree_maple",
            "u": "t_underbrush_harvested_autumn",
            "|": "t_chainfence_v"
        }
    },
    "om_terrain": "smallwoodedtrail",
    "type": "mapgen",
    "weight": 500
}
