{
    "method": "json",
    "object": {
        "add": [
            {
                "item": "rock",
                "repeat": 1,
                "x": 2,
                "y": 13
            },
            {
                "item": "rock",
                "repeat": 1,
                "x": 22,
                "y": 19
            }
        ],
        "furniture": {
            "#": "f_null",
            "&": "f_trashcan",
            "-": "f_null",
            ".": "f_null",
            "1": "f_null",
            "4": "f_null",
            "7": "f_null",
            "B": "f_bench",
            "S": "f_null",
            "T": "f_null",
            "U": "f_null",
            "W": "f_null",
            "_": "f_null",
            "a": "f_null",
            "b": "f_bench",
            "c": "f_null",
            "d": "f_null",
            "e": "f_null",
            "f": "f_null",
            "g": "f_null",
            "s": "f_null",
            "t": "f_null",
            "u": "f_null",
            "w": "f_null",
            "|": "f_null"
        },
        "place_monster": [
            {
                "monster": "mon_chipmunk",
                "x": 2,
                "y": 5
            }
        ],
        "rows": [
            "ssssssssssssssssssssssss",
            "||||||||||||||_c_|||||||",
            "|4#..4u.......___..1...|",
            "|.4.....7.4#.____.7.#.1|",
            "|7.u4..1.#_______....S.|",
            "|1..7u...___#.4___#.a.4|",
            "|u.....T___.....___....|",
            "|S.a.4#___1.#.S.#___4.4|",
            "|7..1.__...wwww...__#..|",
            "|.4..#_.4#wwWWWww..__..|",
            "|...__.#d#wWWWWWww4__#7|",
            "|#..___bb&---WWWWw..__.|",
            "|7.T___ttttt-WWWWw4.__.|",
            "|...___ttt---WWWww..#_#|",
            "|.#..__7#ewWWWWWww.4#__|",
            "|u7#____..wwwWWww.1.U__|",
            "|1.______T..wwww....__#|",
            "|.7__1_____1.#.f.#.T__.|",
            "|4___7._______________7|",
            "|__#....7.__________...|",
            "___17.7.....BB.Ta...4S.|",
            "|u..4...#.S.....#.#....|",
            "|.7.#..#g#.4.#..U.4.#.4|",
            "||||||||||||||||||||||||"
        ],
        "terrain": {
            "#": "t_underbrush_harvested_spring",
            "&": "t_thconc_floor",
            "-": "t_railing_v",
            ".": "t_grass",
            "1": "t_tree_young",
            "4": "t_tree_pine",
            "7": "t_tree",
            "B": "t_dirt",
            "S": "t_shrub_blueberry",
            "T": "t_tree_maple",
            "U": "t_underbrush",
            "W": "t_water_dp",
            "_": "t_dirt",
            "a": "t_tree_hickory",
            "b": "t_thconc_floor",
            "c": "t_chainfence_posts",
            "d": "t_shrub_strawberry_harvested",
            "e": "t_tree_apple",
            "f": "t_tree_hickory_dead",
            "g": "t_tree_cherry_harvested",
            "s": "t_sidewalk",
            "t": "t_thconc_floor",
            "u": "t_underbrush_harvested_autumn",
            "w": "t_water_sh",
            "|": "t_chainfence_v"
        }
    },
    "om_terrain": "smallwoodedtrail",
    "type": "mapgen",
    "weight": 500
}
