{
    "method": "json",
    "object": {
        "add": [
            {
                "item": "rock",
                "repeat": 1,
                "x": 2,
                "y": 6
            },
            {
                "item": "rock",
                "repeat": 1,
                "x": 18,
                "y": 21
            }
        ],
        "furniture": {
            "#": "f_null",
            "&": "f_trashcan",
            "*": "f_datura",
            "-": "f_null",
            ".": "f_null",
            "1": "f_null",
            "4": "f_null",
            "7": "f_null",
            "S": "f_null",
            "T": "f_null",
            "U": "f_null",
            "W": "f_null",
            "_": "f_null",
            "a": "f_null",
            "b": "f_bluebell",
            "c": "f_cattails",
            "d": "f_null",
            "e": "f_null",
            "f": "f_dandelion",
            "i": "f_cattails",
            "s": "f_null",
            "t": "f_null",
            "u": "f_null",
            "w": "f_null",
            "|": "f_null"
        },
        "place_monster": [
            {
                "monster": "mon_squirrel_red",
                "x": 19,
                "y": 6
            },
            {
                "monster": "mon_squirrel",
                "x": 7,
                "y": 21
            }
        ],
        "rows": [
            "...........___.........|",
            "...4...7...___..#......|",
            "....#......___..4...#..|",
            ".#.7..4.#..____...1#4#.|",
            "..*.......___s__.#.u#..|",
            "..u#....4___...___#.#7.|",
            "....1.f.____.U..___.f#.|",
            ".4.....____4S..t____...|",
            "..#7#..___U..ww..___4.1|",
            "....#4___..Uwwww..___..|",
            ".#f#____4.twwWWwwt.__..|",
            "..#.___...wwWWWWww.__#b|",
            "_______U.wwWWWWWww.&__T|",
            "_____...wwWWWWWWWww-__.|",
            "____4.bwwWWWWWWWWWw-__#|",
            "..___..wwwWWWWWWWWw-__.|",
            "...___..iwwWWWWWWww-__T|",
            ".1.4____.cwwwwwwww.-__.|",
            "...#.____..iwcwwi.___.#|",
            "..e...4____.i..i.___.#.|",
            ".#.f7...__________.#4u.|",
            ".....#...._______...#7.|",
            ".4..u..1.a.d.ada.4....#|",
            "||||||||||||||||||||||||"
        ],
        "terrain": {
            "#": "t_underbrush_harvested_summer",
            "&": "t_grass",
            "*": "t_underbrush_harvested_summer",
            "-": "t_railing_h",
            ".": "t_grass",
            "1": "t_tree_young",
            "4": "t_tree_pine",
            "7": "t_tree_maple",
            "S": "t_shrub_blueberry_harvested",
            "T": "t_tree_hickory_harvested",
            "U": "t_underbrush_harvested_spring",
            "W": "t_water_dp",
            "_": "t_dirt",
            "a": "t_underbrush_harvested_autumn",
            "b": "t_grass",
            "c": "t_water_sh",
            "d": "t_tree_birch",
            "e": "t_shrub_strawberry_harvested",
            "f": "t_grass",
            "i": "t_grass",
            "s": "t_shrub",
            "t": "t_tree_willow",
            "u": "t_underbrush",
            "w": "t_water_sh",
            "|": "t_chainfence_h"
        }
    },
    "om_terrain": ["statepark_1_1"],
    "type": "mapgen",
    "weight": 500
}
