{
    "method": "json",
    "object": {
        "add": [
            {
                "item": "log",
                "repeat": 1,
                "x": 16,
                "y": 4
            },
            {
                "item": "rock",
                "repeat": 1,
                "x": 1,
                "y": 7
            },
            {
                "item": "log",
                "repeat": 1,
                "x": 2,
                "y": 12
            },
            {
                "item": "log",
                "repeat": 1,
                "x": 17,
                "y": 19
            },
            {
                "item": "rock",
                "repeat": 1,
                "x": 13,
                "y": 21
            }
        ],
        "furniture": {
            "#": "f_null",
            "&": "f_trashcan",
            ".": "f_null",
            "1": "f_null",
            "4": "f_null",
            "7": "f_null",
            "B": "f_bluebell",
            "S": "f_null",
            "T": "f_null",
            "_": "f_null",
            "a": "f_table",
            "b": "f_bench",
            "c": "f_null",
            "d": "f_bench",
            "e": "f_null",
            "f": "f_dandelion",
            "g": "f_null",
            "s": "f_null",
            "t": "f_null",
            "u": "f_null",
            "|": "f_null"
        },
        "rows": [
            "|...#..___.....##.......",
            "|..#.#.___#...7...4..#..",
            "|##7#..___..#...1....T..",
            "|..#..4___..1..#.#.t.S..",
            "|.B...#___#....7....#..#",
            "|..#...___...#...4#...4.",
            "|.t..7____.7...f.#..1...",
            "|.....____#.t...###.....",
            "|#..#.____7......#.#..7.",
            "|#...4______##..t..B.u..",
            "|.f.#_____cbbc..s......#",
            "|.u.._____caac_..###.4..",
            "|....___4.caac__#4______",
            "|.#14___..cbbc__________",
            "|....___T.cccc__________",
            "|7.#.___.B...4____.&dd_.",
            "|...T____.4..____.....4.",
            "|.t...__________....e...",
            "|.#s.4________4..#.1.#..",
            "|.##...______.......#...",
            "|..1..g..___T.#.7..f..1.",
            "|........44....s.....#..",
            "|.#.f.#...#.#.t..4.##...",
            "||||||||||||||||||||||||"
        ],
        "terrain": {
            "#": "t_underbrush_harvested_autumn",
            "&": "t_dirt",
            ".": "t_grass",
            "1": "t_tree_young",
            "4": "t_tree_pine",
            "7": "t_tree",
            "B": "t_grass",
            "S": "t_shrub_strawberry_harvested",
            "T": "t_tree_hickory",
            "_": "t_dirt",
            "a": "t_concrete",
            "b": "t_concrete",
            "c": "t_concrete",
            "d": "t_dirt",
            "e": "t_shrub",
            "f": "t_grass",
            "g": "t_tree_apple_harvested",
            "s": "t_shrub_blueberry",
            "t": "t_tree_deadpine",
            "u": "t_underbrush",
            "|": "t_chainfence_h"
        }
    },
    "om_terrain": ["statepark_0_1"],
    "type": "mapgen",
    "weight": 500
}
