{
    "method": "json",
    "object": {
        "furniture": {
            "#": "f_null",
            "-": "f_null",
            ".": "f_null",
            "0": "f_null",
            "1": "f_null",
            "4": "f_null",
            "7": "f_null",
            "D": "f_null",
            "S": "f_null",
            "_": "f_null",
            "a": "f_desk",
            "c": "f_chair",
            "d": "f_null",
            "f": "f_null",
            "p": "f_null",
            "s": "f_null",
            "|": "f_null"
        },
        "place_items": [
            {
                "chance": 30,
                "item": "magazines",
                "x": 11,
                "y": 3
            },
            {
                "chance": 30,
                "item": "pizza_trash",
                "x": 8,
                "y": 20
            },
            {
                "chance": 30,
                "item": "pizza_trash",
                "x": 14,
                "y": 13
            },
            {
                "chance": 30,
                "item": "pizza_trash",
                "x": 3,
                "y": 6
            },
            {
                "chance": 30,
                "item": "pizza_trash",
                "x": 16,
                "y": 2
            }
        ],
        "place_vehicles": [
            {
                "chance": 4,
                "fuel": 0,
                "rotation": 0,
                "status": -1,
                "vehicle": "car",
                "x": 18,
                "y": 12
            }
        ],
        "rows": [
            "|||.......---.......||||",
            "___.......-c-.......___|",
            "_4_.......Df0.......___|",
            "___.......-a-........._|",
            "_7_.......---........._|",
            "#__..................._|",
            "_1_...................s|",
            "__d...................s|",
            "4_d...................s|",
            "ddd...............pppps|",
            "dddd..................s|",
            "dddd..................s|",
            "__dd..................s|",
            "_4_d..................s|",
            "____.............ppppps|",
            "_#__..................s|",
            "__#_..................s|",
            "_7__ppppp.............s|",
            "___#..................s|",
            "4___.............ppppps|",
            "__7_..................s|",
            "____........dd........s|",
            "__#_#_____ddddd_1_#_7__|",
            "_1___#_7___dddS___4__#_|"
        ],
        "terrain": {
            "#": "t_underbrush_harvested_winter",
            "-": "t_wall",
            ".": "t_pavement",
            "0": "t_window_empty",
            "1": "t_tree_young",
            "4": "t_tree_pine",
            "7": "t_tree_dead",
            "D": "t_door_o",
            "S": "t_shrub_strawberry",
            "_": "t_grass",
            "a": "t_floor",
            "c": "t_floor",
            "d": "t_dirt",
            "f": "t_floor",
            "p": "t_pavement_y",
            "s": "t_sidewalk",
            "|": "t_chainfence_v"
        }
    },
    "om_terrain": ["statepark_1_0"],
    "type": "mapgen",
    "weight": 500
}
