[
    {
    "type":"monstergroup",
    "name": "GROUP_CAVE",
    "default": "mon_null",
    "monsters": [
      { "monster": "mon_furvivor", "freq": 1, "cost_multiplier": 5, "conditions": ["DUSK", "SPRING"], "pack_size": [3,5] },
      { "monster": "mon_furvivor_glock", "freq": 10, "cost_multiplier": 10, "pack_size": [1,2], "conditions": ["SPRING", "SUMMER", "AUTUMN"] },
      { "monster": "mon_furvivor_glock", "freq": 10, "cost_multiplier": 15, "pack_size": [1,3], "conditions": ["SPRING"], "starts":   72 },
      { "monster": "mon_furvivor_shotgun", "freq": 10, "cost_multiplier": 15, "pack_size": [1,2], "conditions": ["SUMMER", "AUTUMN"], "starts":   75 },
      { "monster": "mon_furvivor_deagle", "freq": 10, "cost_multiplier": 10, "starts":   25 },
      { "monster": "mon_furvivor_deagle", "freq": 10, "cost_multiplier": 15, "pack_size": [1,4], "conditions": ["SUMMER"], "starts":   75 },
      { "monster": "mon_furvivor_smg", "freq": 10, "cost_multiplier": 20, "starts":   50 },
      { "monster": "mon_furvivor_pk", "freq": 10, "cost_multiplier": 10, "pack_size": [1,2], "conditions": ["SUMMER", "AUTUMN"], "starts":   100 },
      { "monster": "mon_furvivor_pk", "freq": 10, "cost_multiplier": 25, "pack_size": [2,3], "conditions": ["SPRING", "SUMMER", "AUTUMN"], "starts":   100 },
      { "monster": "mon_furvivor_pk", "freq": 10, "cost_multiplier": 10, "pack_size": [1,3], "starts":   100 },
      { "monster": "mon_fougar", "freq": 20, "cost_multiplier": 8, "conditions": ["SPRING", "SUMMER", "AUTUMN"] },

      { "monster": "mon_twisted_body", "freq": 20, "cost_multiplier": 20, "pack_size": [ 1 , 6 ], "starts": 25 },
      { "monster": "mon_human_snail", "freq": 20, "cost_multiplier": 15, "pack_size": [ 3 , 8 ], "starts": 25 },

      { "monster": "mon_jabberwock", "freq":  5, "cost_multiplier": 50 },
      { "monster": "mon_ant_queen_young", "freq": 20, "cost_multiplier": 2, "conditions": ["SPRING"], "starts":   75 },

      { "monster": "mon_bat", "freq": 600, "cost_multiplier": 5, "pack_size": [6,32] },
      { "monster": "mon_bat_vampire", "freq": 50, "cost_multiplier": 10, "pack_size": [12,32], "starts": 600 },
      { "monster": "mon_bear", "freq": 50, "cost_multiplier": 10, "pack_size": [1,3], "ends": 600 },
      { "monster": "mon_bear", "freq": 10, "cost_multiplier": 10, "pack_size": [1,3], "starts": 600 },
      { "monster": "mon_bear_pk", "freq": 35, "cost_multiplier": 10, "pack_size": [1,3], "ends": 600 },
      { "monster": "mon_bear_pk", "freq": 10, "cost_multiplier": 10, "pack_size": [1,3], "starts": 600 },
      { "monster": "mon_bear_weak", "freq": 15, "cost_multiplier": 10, "pack_size": [1,3], "ends": 600 },
      { "monster": "mon_bear_weak", "freq": 5, "cost_multiplier": 10, "pack_size": [1,3], "starts": 600 },
      { "monster": "mon_bear_mega", "freq": 100, "cost_multiplier": 15, "pack_size": [1,2], "starts": 800 },
      { "monster": "mon_bear_mega_baby", "freq": 50, "cost_multiplier": 25, "pack_size": [1,4], "starts": 850, "conditions": ["SPRING", "SUMMER"] },
      { "monster": "mon_cougar", "freq": 50, "cost_multiplier": 20, "pack_size": [1,2] },
      { "monster": "mon_cougar_pk", "freq": 35, "cost_multiplier": 20, "pack_size": [1,2] },
      { "monster": "mon_cougar_weak", "freq": 15, "cost_multiplier": 20, "pack_size": [1,2] },
      { "monster": "mon_bear_smoky", "freq":  100, "cost_multiplier": 0, "starts": 250 },

      { "monster" : "mon_compsognathus", "freq" : 600, "cost_multiplier" : 0, "pack_size" : [4,12] },
      { "monster" : "mon_gallimimus", "freq" : 200, "cost_multiplier" : 0, "pack_size" : [4,8] },
      { "monster" : "mon_titanis", "freq" : 150, "cost_multiplier" : 10 },
      { "monster" : "mon_spinosaurus", "freq" : 50, "cost_multiplier" : 50 },
      { "monster" : "mon_tyrannosaurus", "freq" : 50, "cost_multiplier" : 40 },
      { "monster" : "mon_triceratops", "freq" : 80, "cost_multiplier" : 30, "pack_size" : [1,2] },
      { "monster" : "mon_stegosaurus", "freq" : 80, "cost_multiplier" : 20, "pack_size" : [2,4] },
      { "monster" : "mon_ankylosaurus", "freq" : 80, "cost_multiplier" : 20 },
      { "monster" : "mon_allosaurus", "freq" : 100, "cost_multiplier" : 30 },
      { "monster" : "mon_eoraptor", "freq" : 200, "cost_multiplier" : 0, "pack_size" : [4,12]  },
      { "monster" : "mon_velociraptor", "freq" : 150, "cost_multiplier" : 10, "pack_size" : [2,4]  },
      { "monster" : "mon_deinonychus", "freq" : 100, "cost_multiplier" : 15, "pack_size" : [1,2]  },
      { "monster" : "mon_utahraptor", "freq" : 100, "cost_multiplier" : 30 },
      { "monster" : "mon_parasaurolophus", "freq" : 80, "cost_multiplier" : 10, "pack_size" : [2,4] },
      { "monster" : "mon_dimorphodon", "freq" : 500, "cost_multiplier" : 0, "pack_size" : [2,4] },
      { "monster" : "mon_dilophosaurus", "freq" : 150, "cost_multiplier" : 10, "pack_size" : [1,2] }
    ]
    },{
    "type":"monstergroup",
    "name": "GROUP_SWAMP",
    "default": "mon_null",
    "monsters": [
      { "monster": "mon_fougar", "freq": 1, "cost_multiplier": 8, "conditions": ["DUSK", "SUMMER"] },
      { "monster": "mon_foose", "freq": 1, "cost_multiplier": 10, "conditions": ["DAWN", "WINTER"] },
      { "monster": "mon_fardigrade", "freq": 3, "cost_multiplier": 25, "conditions": ["DAWN", "SPRING", "SUMMER", "AUTUMN"], "starts":   150 },
      { "monster": "mon_furvivor", "freq": 3, "cost_multiplier": 5, "conditions": ["DUSK"] },
      { "monster": "mon_furvivor_glock", "freq": 2, "cost_multiplier": 10, "pack_size": [1,2], "conditions": ["DUSK", "SPRING", "SUMMER", "AUTUMN"] },
      { "monster": "mon_furvivor_shotgun", "freq": 2, "cost_multiplier": 15, "pack_size": [1,2], "conditions": ["DAWN", "DUSK", "SUMMER", "AUTUMN"], "starts":   75 },
      { "monster": "mon_furvivor_deagle", "freq": 1, "cost_multiplier": 10, "starts":   25 },
      { "monster": "mon_furvivor_smg", "freq": 1, "cost_multiplier": 20, "conditions": ["DUSK"], "starts":   150 },
      { "monster": "mon_furvivor_pk", "freq": 2, "cost_multiplier": 10, "pack_size": [1,2], "conditions": ["DUSK", "SUMMER", "AUTUMN"], "starts":   100 },
      { "monster": "mon_furvivor_pk", "freq": 2, "cost_multiplier": 10, "pack_size": [1,3], "starts":   100 },
      { "monster": "mon_finebeast", "freq": 2, "cost_multiplier": 5, "conditions": ["DUSK", "SUMMER"], "starts":   75 },
      { "monster": "mon_finecraft", "freq": 2, "cost_multiplier": 10, "pack_size": [1,2], "conditions": ["DAWN", "SPRING", "SUMMER"], "starts":   150 },
      { "monster": "mon_finecraft", "freq": 2, "cost_multiplier": 10, "pack_size": [1,4], "conditions": ["DUSK", "SUMMER", "AUTUMN"], "starts":   150 },
      { "monster": "mon_fionaea", "freq": 1, "cost_multiplier": 25, "conditions": ["DUSK", "DAWN", "SUMMER"], "starts":   200 },
      { "monster": "mon_fungus_pig", "freq": 5, "cost_multiplier": 15, "pack_size": [1,5], "starts":  75 },

      { "monster": "mon_tardigrade", "freq": 3, "cost_multiplier": 15, "conditions": ["DAY", "SPRING", "SUMMER", "AUTUMN"], "starts":   150 },
      { "monster": "mon_ant_queen_young", "freq": 4, "cost_multiplier": 5, "conditions": ["SPRING"], "starts":   75 },
      { "monster": "mon_twisted_body", "freq": 1, "cost_multiplier": 15, "pack_size": [ 1 , 6 ], "starts": 50, "conditions": ["DUSK", "NIGHT", "SPRING", "SUMMER", "AUTUMN"] },
      { "monster": "mon_human_snail", "freq": 5, "cost_multiplier": 10, "pack_size": [ 1 , 4 ], "starts": 50, "conditions": ["DUSK", "NIGHT", "DAWN", "SPRING", "SUMMER", "AUTUMN"] },
      { "monster": "mon_black_rat", "freq": 3, "cost_multiplier": 2, "pack_size": [1,3], "conditions": ["SPRING", "SUMMER", "AUTUMN"] },
      { "monster": "mon_black_rat", "freq": 2, "cost_multiplier": 10, "pack_size": [6,12], "conditions": ["DUSK", "NIGHT", "SPRING", "SUMMER", "AUTUMN"] },

      { "monster": "mon_horse_zombie", "freq": 1, "cost_multiplier": 15, "starts": 150 },
      { "monster": "mon_horse_zombie", "freq": 1, "cost_multiplier": 15, "starts": 1350, "conditions": ["SPRING", "SUMMER", "AUTUMN"] },

      { "monster": "mon_lemming", "freq": 50, "cost_multiplier": 0, "pack_size": [2,7], "conditions": ["DAY", "SPRING", "SUMMER", "AUTUMN"] },

      { "monster": "mon_mosquito", "freq": 50, "cost_multiplier": 0, "pack_size": [1,7], "conditions": ["DAWN", "DUSK", "SPRING", "SUMMER", "AUTUMN"] },

      { "monster": "mon_mosquito_giant", "freq":  5, "cost_multiplier": 0, "pack_size": [1,3],                 "conditions": ["SPRING", "SUMMER", "AUTUMN"] },
      { "monster": "mon_mosquito_giant", "freq": 10, "cost_multiplier": 0, "pack_size": [1,3],                 "conditions": ["DAWN", "DUSK", "SPRING", "SUMMER", "AUTUMN"] },
      { "monster": "mon_mosquito_giant", "freq":  5, "cost_multiplier": 0, "pack_size": [1,3], "starts":  72, "conditions": ["SPRING", "SUMMER", "AUTUMN"] },
      { "monster": "mon_mosquito_giant", "freq": 10, "cost_multiplier": 0, "pack_size": [1,3], "starts":  72, "conditions": ["DAWN", "DUSK", "SPRING", "SUMMER", "AUTUMN"] },
      { "monster": "mon_mosquito_giant", "freq":  5, "cost_multiplier": 0, "pack_size": [1,3], "starts": 672, "conditions": ["SPRING", "SUMMER", "AUTUMN"] },
      { "monster": "mon_mosquito_giant", "freq": 10, "cost_multiplier": 0, "pack_size": [1,3], "starts": 672, "conditions": ["DAWN", "DUSK", "SPRING", "SUMMER", "AUTUMN"] },

      { "monster": "mon_dragonfly", "freq": 30, "cost_multiplier": 0, "pack_size": [1,3] },

      { "monster": "mon_dragonfly_giant", "freq":  5, "cost_multiplier": 0,                 "conditions": ["DAY", "SPRING", "SUMMER", "AUTUMN"] },
      { "monster": "mon_dragonfly_giant", "freq":  5, "cost_multiplier": 0, "starts": 216, "conditions": ["DAY", "SPRING", "SUMMER", "AUTUMN"] },
      { "monster": "mon_dragonfly_giant", "freq":  5, "cost_multiplier": 0, "starts": 792, "conditions": ["DAY", "SPRING", "SUMMER", "AUTUMN"] },

      { "monster": "mon_fly", "freq":  2, "cost_multiplier": 0,                 "conditions": ["SPRING", "SUMMER", "AUTUMN"]        },
      { "monster": "mon_fly", "freq":  3, "cost_multiplier": 0,                 "conditions": ["DAY", "SPRING", "SUMMER", "AUTUMN"] },
      { "monster": "mon_fly", "freq":  2, "cost_multiplier": 0, "starts": 168, "conditions": ["SPRING", "SUMMER", "AUTUMN"]        },
      { "monster": "mon_fly", "freq":  3, "cost_multiplier": 0, "starts": 168, "conditions": ["DAY", "SPRING", "SUMMER", "AUTUMN"] },
      { "monster": "mon_fly", "freq":  2, "cost_multiplier": 0, "starts": 384, "conditions": ["SPRING", "SUMMER", "AUTUMN"]        },
      { "monster": "mon_fly", "freq":  3, "cost_multiplier": 0, "starts": 384, "conditions": ["DAY", "SPRING", "SUMMER", "AUTUMN"] },
      { "monster": "mon_fly", "freq":  2, "cost_multiplier": 0, "starts": 793, "conditions": ["SPRING", "SUMMER", "AUTUMN"]        },
      { "monster": "mon_fly", "freq":  3, "cost_multiplier": 0, "starts": 793, "conditions": ["DAY", "SPRING", "SUMMER", "AUTUMN"] },

      { "monster": "mon_centipede", "freq": 30, "cost_multiplier": 0, "conditions": ["NIGHT", "SPRING", "SUMMER", "AUTUMN"] },

      { "monster": "mon_centipede_giant", "freq":  2, "cost_multiplier": 0,                 "conditions": ["SPRING", "SUMMER", "AUTUMN"] },
      { "monster": "mon_centipede_giant", "freq":  6, "cost_multiplier": 0,                 "conditions": ["NIGHT", "SPRING", "SUMMER", "AUTUMN"] },
      { "monster": "mon_centipede_giant", "freq":  2, "cost_multiplier": 0, "starts": 672, "conditions": ["SPRING", "SUMMER", "AUTUMN"] },
      { "monster": "mon_centipede_giant", "freq":  6, "cost_multiplier": 0, "starts": 672, "conditions": ["NIGHT", "SPRING", "SUMMER", "AUTUMN"] },

      { "monster": "mon_spider_jumping", "freq":  6, "cost_multiplier": 2, "conditions": ["SPRING", "SUMMER", "AUTUMN"] },
      { "monster": "mon_spider_jumping", "freq": 24, "cost_multiplier": 2, "conditions": ["DAWN", "DAY", "DUSK","SPRING", "SUMMER", "AUTUMN"] },

      { "monster": "mon_spider_jumping_giant", "freq":  1, "cost_multiplier": 0,                 "conditions": ["SPRING", "SUMMER", "AUTUMN"] },
      { "monster": "mon_spider_jumping_giant", "freq":  3, "cost_multiplier": 0,                 "conditions": ["DAWN", "DAY", "DUSK", "SPRING", "SUMMER", "AUTUMN"] },
      { "monster": "mon_spider_jumping_giant", "freq":  1, "cost_multiplier": 0, "starts": 168, "conditions": ["SPRING", "SUMMER", "AUTUMN"] },
      { "monster": "mon_spider_jumping_giant", "freq":  3, "cost_multiplier": 0, "starts": 168, "conditions": ["DAWN", "DAY", "DUSK", "SPRING", "SUMMER", "AUTUMN"] },
      { "monster": "mon_spider_jumping_giant", "freq":  1, "cost_multiplier": 0, "starts": 384, "conditions": ["SPRING", "SUMMER", "AUTUMN"] },
      { "monster": "mon_spider_jumping_giant", "freq":  3, "cost_multiplier": 0, "starts": 384, "conditions": ["DAWN", "DAY", "DUSK", "SPRING", "SUMMER", "AUTUMN"] },
      { "monster": "mon_spider_jumping_giant", "freq":  1, "cost_multiplier": 0, "starts": 792, "conditions": ["SPRING", "SUMMER", "AUTUMN"] },
      { "monster": "mon_spider_jumping_giant", "freq":  3, "cost_multiplier": 0, "starts": 792, "conditions": ["DAWN", "DAY", "DUSK", "SPRING", "SUMMER", "AUTUMN"] },
      { "monster": "mon_spider_jumping_giant_acid", "freq":  1, "cost_multiplier": 15, "starts": 250, "conditions": ["SPRING", "SUMMER", "AUTUMN"] },

      { "monster": "mon_spider_wolf", "freq":  6, "cost_multiplier": 2, "conditions": ["SPRING", "SUMMER", "AUTUMN"] },
      { "monster": "mon_spider_wolf", "freq": 24, "cost_multiplier": 2, "conditions": ["DUSK", "NIGHT", "DAWN", "SPRING", "SUMMER", "AUTUMN"] },

      { "monster": "mon_spider_wolf_giant", "freq":  1, "cost_multiplier": 5, "conditions": ["SUMMER"] },
      { "monster": "mon_spider_wolf_giant", "freq":  3, "cost_multiplier": 5, "conditions": ["DUSK", "NIGHT", "DAWN", "SPRING", "SUMMER", "AUTUMN"] },
      { "monster": "mon_spider_wolf_giant", "freq":  1, "cost_multiplier": 5, "starts": 50, "conditions": ["SUMMER"] },
      { "monster": "mon_spider_wolf_giant", "freq":  3, "cost_multiplier": 5, "starts": 50, "conditions": ["DUSK", "NIGHT", "DAWN", "SPRING", "SUMMER", "AUTUMN"] },
      { "monster": "mon_spider_wolf_giant", "freq":  1, "cost_multiplier": 5, "starts": 100, "conditions": ["SUMMER"] },
      { "monster": "mon_spider_wolf_giant", "freq":  3, "cost_multiplier": 5, "starts": 100, "conditions": ["DUSK", "NIGHT", "DAWN", "SPRING", "SUMMER", "AUTUMN"] },
      { "monster": "mon_spider_wolf_giant", "freq":  1, "cost_multiplier": 5, "starts": 250, "conditions": ["SUMMER"] },
      { "monster": "mon_spider_wolf_giant", "freq":  3, "cost_multiplier": 5, "starts": 250, "conditions": ["DUSK", "NIGHT", "DAWN", "SPRING", "SUMMER", "AUTUMN"] },
      { "monster": "mon_spider_wolf_giant", "freq":  1, "cost_multiplier": 5, "starts": 350, "conditions": ["SUMMER"] },
      { "monster": "mon_spider_wolf_giant", "freq":  3, "cost_multiplier": 5, "starts": 350, "conditions": ["DUSK", "NIGHT", "DAWN", "SPRING", "SUMMER", "AUTUMN"] },

      { "monster": "mon_wasp_small", "freq":  3, "cost_multiplier": 2, "conditions": ["SPRING", "SUMMER", "AUTUMN"] },
      { "monster": "mon_wasp_small", "freq": 12, "cost_multiplier": 2, "conditions": ["DAWN", "DAY", "SPRING", "SUMMER", "AUTUMN"] },

      { "monster": "mon_wasp", "freq":  1, "cost_multiplier": 0,                 "conditions": ["SPRING", "SUMMER", "AUTUMN"]        },
      { "monster": "mon_wasp", "freq":  4, "cost_multiplier": 0,                 "conditions": ["DAY", "SPRING", "SUMMER", "AUTUMN"] },
      { "monster": "mon_wasp", "freq":  1, "cost_multiplier": 0, "starts": 288, "conditions": ["SPRING", "SUMMER", "AUTUMN"]        },
      { "monster": "mon_wasp", "freq":  4, "cost_multiplier": 0, "starts": 288, "conditions": ["DAY", "SPRING", "SUMMER", "AUTUMN"] },
      { "monster": "mon_wasp", "freq":  1, "cost_multiplier": 0, "starts": 792, "conditions": ["SPRING", "SUMMER", "AUTUMN"]        },
      { "monster": "mon_wasp", "freq":  4, "cost_multiplier": 0, "starts": 792, "conditions": ["DAY", "SPRING", "SUMMER", "AUTUMN"] },

      { "monster": "mon_dermatik"      , "freq":  3, "cost_multiplier": 2, "starts":  50, "conditions": ["SPRING", "SUMMER", "AUTUMN"]                          },
      { "monster": "mon_dermatik"      , "freq":  8, "cost_multiplier": 2, "starts":  50, "conditions": ["DUSK", "NIGHT", "DAWN", "SPRING", "SUMMER", "AUTUMN"] },
      { "monster": "mon_dermatik_larva", "freq":  4, "cost_multiplier": 2, "starts":  50, "conditions": ["SPRING", "SUMMER", "AUTUMN"]                          },
      { "monster": "mon_dermatik"      , "freq":  3, "cost_multiplier": 2, "starts": 168, "conditions": ["SPRING", "SUMMER", "AUTUMN"]                          },
      { "monster": "mon_dermatik"      , "freq":  8, "cost_multiplier": 2, "starts": 168, "conditions": ["DUSK", "NIGHT", "DAWN", "SPRING", "SUMMER", "AUTUMN"] },
      { "monster": "mon_dermatik_larva", "freq":  4, "cost_multiplier": 2, "starts": 168, "conditions": ["SPRING", "SUMMER", "AUTUMN"]                          },
      { "monster": "mon_dermatik"      , "freq":  3, "cost_multiplier": 2, "starts": 792, "conditions": ["SPRING", "SUMMER", "AUTUMN"]                          },
      { "monster": "mon_dermatik"      , "freq":  8, "cost_multiplier": 2, "starts": 792, "conditions": ["DUSK", "NIGHT", "DAWN", "SPRING", "SUMMER", "AUTUMN"] },
      { "monster": "mon_dermatik_larva", "freq":  4, "cost_multiplier": 2, "starts": 792, "conditions": ["SPRING", "SUMMER", "AUTUMN"]                          },

      { "monster": "mon_slug", "freq": 30, "cost_multiplier": 0, "conditions": ["DUSK", "NIGHT", "DAWN", "SPRING", "SUMMER", "AUTUMN"] },

      { "monster": "mon_slug_giant", "freq":  5, "cost_multiplier": 0,                 "conditions": ["DUSK", "NIGHT", "DAWN", "SPRING", "SUMMER", "AUTUMN"] },
      { "monster": "mon_slug_giant", "freq":  5, "cost_multiplier": 0, "starts": 144, "conditions": ["DUSK", "NIGHT", "DAWN", "SPRING", "SUMMER", "AUTUMN"] },
      { "monster": "mon_slug_giant", "freq":  5, "cost_multiplier": 0, "starts": 432, "conditions": ["DUSK", "NIGHT", "DAWN", "SPRING", "SUMMER", "AUTUMN"] },
      { "monster": "mon_slug_giant", "freq":  5, "cost_multiplier": 0, "starts": 792, "conditions": ["DUSK", "NIGHT", "DAWN", "SPRING", "SUMMER", "AUTUMN"] },

      { "monster": "mon_sludge_crawler", "freq": 5, "cost_multiplier": 2, "starts":  100, "conditions": ["DUSK", "NIGHT", "DAWN", "SPRING", "SUMMER", "AUTUMN"] },
      { "monster": "mon_sludge_crawler", "freq": 5, "cost_multiplier": 2, "starts":  288, "conditions": ["DUSK", "NIGHT", "DAWN", "SPRING", "SUMMER", "AUTUMN"] },
      { "monster": "mon_sludge_crawler", "freq": 5, "cost_multiplier": 2, "starts": 792, "conditions": ["DUSK", "NIGHT", "DAWN", "SPRING", "SUMMER", "AUTUMN"] },

      { "monster": "mon_frog", "freq": 50, "cost_multiplier": 0 },

      { "monster": "mon_frog_giant", "freq":  2, "cost_multiplier": 0,                 "conditions": ["SPRING", "SUMMER", "AUTUMN"] },
      { "monster": "mon_frog_giant", "freq":  3, "cost_multiplier": 0,                 "conditions": ["DUSK", "NIGHT", "DAWN", "SPRING", "SUMMER", "AUTUMN"] },
      { "monster": "mon_frog_giant", "freq":  2, "cost_multiplier": 0, "starts": 168, "conditions": ["SPRING", "SUMMER", "AUTUMN"] },
      { "monster": "mon_frog_giant", "freq":  3, "cost_multiplier": 0, "starts": 168, "conditions": ["DUSK", "NIGHT", "DAWN", "SPRING", "SUMMER", "AUTUMN"] },
      { "monster": "mon_frog_giant", "freq":  2, "cost_multiplier": 0, "starts": 456, "conditions": ["SPRING", "SUMMER", "AUTUMN"] },
      { "monster": "mon_frog_giant", "freq":  3, "cost_multiplier": 0, "starts": 456, "conditions": ["DUSK", "NIGHT", "DAWN", "SPRING", "SUMMER", "AUTUMN"] },
      { "monster": "mon_frog_giant", "freq":  2, "cost_multiplier": 0, "starts": 792, "conditions": ["SPRING", "SUMMER", "AUTUMN"] },
      { "monster": "mon_frog_giant", "freq":  3, "cost_multiplier": 0, "starts": 792, "conditions": ["DUSK", "NIGHT", "DAWN", "SPRING", "SUMMER", "AUTUMN"] },

      { "monster": "mon_giant_crayfish", "freq":  1, "cost_multiplier": 0,                 "conditions": ["SPRING", "SUMMER", "AUTUMN"] },
      { "monster": "mon_giant_crayfish", "freq":  4, "cost_multiplier": 0,                 "conditions": ["DUSK", "NIGHT", "DAWN", "SPRING", "SUMMER", "AUTUMN"] },
      { "monster": "mon_giant_crayfish", "freq":  1, "cost_multiplier": 0, "starts": 120, "conditions": ["SPRING", "SUMMER", "AUTUMN"] },
      { "monster": "mon_giant_crayfish", "freq":  4, "cost_multiplier": 0, "starts": 120, "conditions": ["DUSK", "NIGHT", "DAWN", "SPRING", "SUMMER", "AUTUMN"] },
      { "monster": "mon_giant_crayfish", "freq":  1, "cost_multiplier": 0, "starts": 336, "conditions": ["SPRING", "SUMMER", "AUTUMN"] },
      { "monster": "mon_giant_crayfish", "freq":  4, "cost_multiplier": 0, "starts": 336, "conditions": ["DUSK", "NIGHT", "DAWN", "SPRING", "SUMMER", "AUTUMN"] },
      { "monster": "mon_giant_crayfish", "freq":  1, "cost_multiplier": 0, "starts": 624, "conditions": ["SPRING", "SUMMER", "AUTUMN"] },
      { "monster": "mon_giant_crayfish", "freq":  4, "cost_multiplier": 0, "starts": 624, "conditions": ["DUSK", "NIGHT", "DAWN", "SPRING", "SUMMER", "AUTUMN"] },
      { "monster": "mon_bear_smoky", "freq":  1, "cost_multiplier": 0, "starts": 672, "conditions": ["SPRING", "SUMMER", "AUTUMN"] },

      { "monster" : "mon_compsognathus", "freq" : 1, "cost_multiplier" : 5, "pack_size" : [4,12] },
      { "monster" : "mon_gallimimus", "freq" : 1, "cost_multiplier" : 5, "pack_size" : [4,8] },
      { "monster" : "mon_titanis", "freq" : 1, "cost_multiplier" : 10 },
      { "monster" : "mon_spinosaurus", "freq" : 1, "cost_multiplier" : 50 },
      { "monster" : "mon_tyrannosaurus", "freq" : 1, "cost_multiplier" : 40 },
      { "monster" : "mon_triceratops", "freq" : 1, "cost_multiplier" : 30, "pack_size" : [1,2] },
      { "monster" : "mon_stegosaurus", "freq" : 1, "cost_multiplier" : 20, "pack_size" : [2,4] },
      { "monster" : "mon_ankylosaurus", "freq" : 1, "cost_multiplier" : 20 },
      { "monster" : "mon_allosaurus", "freq" : 1, "cost_multiplier" : 30 },
      { "monster" : "mon_eoraptor", "freq" : 1, "cost_multiplier" : 5, "pack_size" : [4,12]  },
      { "monster" : "mon_velociraptor", "freq" : 1, "cost_multiplier" : 10, "pack_size" : [2,4]  },
      { "monster" : "mon_deinonychus", "freq" : 1, "cost_multiplier" : 15, "pack_size" : [1,2]  },
      { "monster" : "mon_utahraptor", "freq" : 1, "cost_multiplier" : 30 },
      { "monster" : "mon_parasaurolophus", "freq" : 1, "cost_multiplier" : 10, "pack_size" : [2,4] },
      { "monster" : "mon_dimorphodon", "freq" : 1, "cost_multiplier" : 5, "pack_size" : [2,4] },
      { "monster" : "mon_dilophosaurus", "freq" : 1, "cost_multiplier" : 10, "pack_size" : [1,2] }
  ]
    },{
    "type":"monstergroup",
    "name": "GROUP_SAFE",
    "is_safe": true,
    "default": "mon_null",
    "monsters": [
      { "monster": "mon_bat", "freq": 2, "cost_multiplier": 1 },
      { "monster": "mon_bobcat", "freq": 2, "cost_multiplier": 1 },
      { "monster": "mon_cat", "freq": 4, "cost_multiplier": 1 },
      { "monster": "mon_chicken", "freq": 3, "cost_multiplier": 1 },
      { "monster": "mon_chipmunk", "freq": 5, "cost_multiplier": 1 },
      { "monster": "mon_crow", "freq": 5, "cost_multiplier": 1 },
      { "monster": "mon_deer", "freq": 3, "cost_multiplier": 1 },
      { "monster": "mon_dog", "freq": 3, "cost_multiplier": 1 },
      { "monster": "mon_fox_gray", "freq": 3, "cost_multiplier": 1 },
      { "monster": "mon_fox_red", "freq": 3, "cost_multiplier": 1 },
      { "monster": "mon_groundhog", "freq": 3, "cost_multiplier": 1 },
      { "monster": "mon_hare", "freq": 4, "cost_multiplier": 1 },
      { "monster": "mon_mosquito", "freq": 3, "cost_multiplier": 1 },
      { "monster": "mon_rabbit", "freq": 4, "cost_multiplier": 1 },
      { "monster": "mon_shrew", "freq": 3, "cost_multiplier": 1 },
      { "monster": "mon_squirrel_red", "freq": 5, "cost_multiplier": 1 },
      { "monster": "mon_weasel", "freq": 3, "cost_multiplier": 1 },
      { "monster": "mon_turkey", "freq": 5, "cost_multiplier": 1 },
      { "monster": "mon_raccoon", "freq": 5, "cost_multiplier": 1 },
      { "monster": "mon_opossum", "freq": 4, "cost_multiplier": 1 },
      { "monster": "mon_deer_mouse", "freq": 5, "cost_multiplier": 1 },
      { "monster": "mon_sewer_rat", "freq": 3, "cost_multiplier": 1 },
      { "monster": "mon_black_rat", "freq": 3, "cost_multiplier": 1 },
      { "monster": "mon_rattlesnake", "freq": 3, "cost_multiplier": 1 },
      { "monster": "mon_spider_wolf", "freq": 4, "cost_multiplier": 1 },
      { "monster": "mon_spider_jumping", "freq": 4, "cost_multiplier": 1 },
      { "monster": "mon_cow", "freq": 2, "cost_multiplier": 1 },
      { "monster": "mon_horse", "freq": 2, "cost_multiplier": 1, "pack_size": [ 1 , 3 ] },
      { "monster": "mon_pig", "freq": 2, "cost_multiplier": 1 },
      { "monster": "mon_sheep", "freq": 2, "cost_multiplier": 1 },
      { "monster": "mon_mosquito", "freq": 3, "cost_multiplier": 1 },
      { "monster": "mon_dragonfly", "freq": 3, "cost_multiplier": 1 },
      { "monster": "mon_centipede", "freq": 3, "cost_multiplier": 1 },
      { "monster": "mon_lemming", "freq": 5, "cost_multiplier": 1 },
      { "monster": "mon_slug", "freq": 3, "cost_multiplier": 1 }
    ]
    }
]
