[
  { "id": "placeholder", "type": "item_group", "items": [] },
  { "id": "placeholder_2", "type": "item_group", "items": [] },
  { "id": "placeholer_extreme", "type": "item_group", "items": [] },
  {
    "type": "mapgen",
    "method": "json",
    "om_terrain": "Wrecked_Battle_Vehicle_Storage",
    "weight": 75,
    "object": {
      "fill_ter": "t_rock",
      "rotation": [ 0, 0 ],
      "rows": [
        "...UUUUUUUUUUUUUUUUUUUUUUUUUUUUUUUUUUUUUUUUUUUUU",
        "...||||||||||||||||||||||||||||||||||||||||||||U",
        "...||..............h..........||||..........|||U",
        "...||..............h..........||||..........|||U",
        "...||..............h..........||||..........|||U",
        "...||..............h..........||||..........|||U",
        "...||..............h..........||||..........|||U",
        "...||..............h..........||||..........|||U",
        "...||||||||||||*|*|h|.........|||||||||||||||||U",
        "...||||||||||||.|.|h|.........|||||||||||||||||U",
        "...||||||||||||....h|.........|||||||||||||||||U",
        "...||||||||||||||||h|.........|||||||||||||||||U",
        "...||..............h..........||||..........|||U",
        "...||..............h..........||||..........|||U",
        "...||..............h..........||||..........|||U",
        "...||..............h..........||||..........|||U",
        "...||..............h..........||||..........|||U",
        "...||..............h..........||||..........|||U",
        "...||||||||||||*|*|h|.........|||||||||||||||||U",
        "...||||||||||||.|.|h|.........|||||||||||||||||U",
        "...||||||||||||....h|.........|||||||||||||||||U",
        "...||||||||||||||||h|.........|||||||||||||||||U",
        "...||..........h.h.h..........||||..........|||U",
        "...||..........h.h.h..........||||..........|||U",
        "...||..........h.h.h..........||||..........|||U",
        "...||..........h.h.h..........||||..........|||U",
        "...||..........h.h.h..........||||..........|||U",
        "...||..........h.h.h..........||||..........|||U",
        "...||||||||||||*|*|h|.........|||||||||||||||||U",
        "...||||||||||||.|.|*|........||||||||||||||||||U",
        "..................(+|.......|+|||||||||||||||||U",
        "............................|+||||..........|||U",
        "............................|+||||..........|||U",
        "............................|+||||..........|||U",
        "............................|+||||..........|||U",
        "............................|+||||..........|||U",
        "............................|+||||..........|||U",
        "............................|+|||||||||||||||||U",
        "............................|+|||||||||||||||||U",
        "............................|<|||||||||||||||||U",
        "UUUUUUUUUUUUUUUUUUUUUUUUUUUUUUUUUUUUUUUUUUUUUUUU"
      ],
      "terrain": {
        "#": "t_rock_floor",
        "+": "t_door_metal_pickable",
        "-": "t_wall",
        ".": "t_rock_floor",
        "<": "t_stairs_up",
        "]": "t_rock_floor",
        "b": "t_rock_floor",
        "%": "t_chaingate_l",
        "h": "t_door_metal_locked",
        "=": "t_concrete_wall",
        "*": "t_gates_mech_control",
        "{": "t_rock_floor",
        "[": "t_console",
        "|": "t_concrete_wall",
        "U": "t_wall_metal",
        "(": "t_gates_control_metal"
      },
      "furniture": { "#": "f_counter", "]": "f_bookcase", "z": "f_chair", "}": "f_rack", "b": "f_brazier" }
    }
  },
  {
    "type": "mapgen",
    "method": "json",
    "om_terrain": "Upper_Sanctum",
    "weight": 75,
    "object": {
      "fill_ter": "t_rock",
      "rotation": [ 0, 0 ],
      "rows": [
        "UUUUUUUUUUUUUUUUUUUUUUUUUUUUUUUUUUUUUUUUUUUUUUUU",
        "UUUUUUUUUUUUUUUUUUUUUUUUUUUUUUUUUUUUUUUUUUUUUUUU",
        "UUUUUUUUUUUUUUUUUUUUUUUUUUUUUUUUUUUUUUUUUUUUUUUU",
        "UUUUUUUUUUUUUUUUUUUUUUUUUUUUUUUUUUUUUUUUUUUUUUUU",
        "UUUUUUUUUUUUUUUUUUUUUUUUUUUUUUUUUUUUUUUUUUUUUUUU",
        "UUUUUUUUUUUUUUUUUUUUUUUUUUUUUUUUUUUUUUUUUUUUUUUU",
        "UUUUUUUUUUUUUUUUUUUUUUUUUUUUUUUUUUUUUUUUUUUUUUUU",
        "UUUUUUUUUUUUUUUUUUUUUUUUUUUUUUUUUUUUUUUUUUUUUUUU",
        "UUUUUUUUUUUUUUUUUUUUUUUUUUUUUUUUUUUUUUUUUUUUUUUU",
        "UUUUUUUUUUUUUUUUUUUUUUUUUUUUUUUUUUUUUUUUUUUUUUUU",
        "UUUUUUUUUUUUUUUUUUUUUUUUUUUUUUUUUUUUUUUUUUUUUUUU",
        "UUUUUUUUUUUUUUUUUUUUUUUUUUUUUUUUUUUUUUUUUUUUUUUU",
        "UUUUUUUUUUUUUUUUUUUUUUUUUUUUUUUUUUUUUUUUUUUUUUUU",
        "UUUUUUUUUUUUUUUUUUUUUUUUUUUUUUUUUUUUUUUUUUUUUUUU",
        "UUUUUUUUUUUUUUUUUUUUUUUUUUUUUUUUUUUUUUUUUUUUUUUU",
        "UUUUUUUUUUUUUUUUUUUUUUUUUUUUUUUUUUUUUUUUUUUUUUUU",
        "UUUUUUUUUUUUUUUUUUUUUUUUUUUUUUUUUUUUUUUUUUUUUUUU",
        "UUUUUUUUUUUUUUUUUUUUUUUUUUUUUUUUUUUUUUUUUUUUUUUU",
        "UUUUUUUUUUUUUUUUUUUUUUUUUUUUUUUUUUUUUUUUUUUUUUUU",
        "UUUUUUUUUUUUUUUUUUUUUUUUUUUUUUUUUUUUUUUUUUUUUUUU",
        "UUUUUUUUUUUUUUUUUUUUUUUUUUUUUUUUUUUUUUUUUUUUUUUU",
        "UUUUUUUUUUUUUUUUUUUUUUUUUUUUUUUUUUUUUUUUUUUUUUUU",
        "UUUUUUUUUUUUUUUUUUUUUUUUUUUUUUUUUUUUUUUUUUUUUUUU",
        "UUUUUUUUUUUUUUUUUUUUUUUUUUUUUUUUUUUUUUUUUUUUUUUU",
        "UUUUUUUUUUUUUUUUUUUUUUUUUUUUUUUUUUUUUUUUUUUUUUUU",
        "U.............................................>U",
        "UUUUUUUUUUUUUUUUUUUUUUUUUUUUUUUUUUUUUUUUUUUUUUUU"
      ],
      "terrain": {
        "#": "t_rock_floor",
        "+": "t_door_metal_pickable",
        "-": "t_wall",
        ".": "t_rock_floor",
        "<": "t_stairs_up",
        "]": "t_rock_floor",
        "b": "t_rock_floor",
        "h": "t_rock_floor",
        "{": "t_rock_floor",
        "|": "t_concrete_wall",
        "U": "t_wall_metal"
      },
      "furniture": { "#": "f_counter", "]": "f_bookcase", "h": "f_chair", "{": "f_rack", "b": "f_brazier" }
    }
  }
]