{
    "note": "Remove the gorepit's ability to terraform tiles. There's no need for it to destroy adjacent tiles.",
    "type": "SPELL",
    "id": "mon_zombie_gorepit_spawn_target",
    "name": "a spell",
    "description": "Target spell casted by a monster. If you're seeing this, then read this one instead:\n'Caster locks its line of sight onto the target, then casts the Spell(s).'",
    "extra_effects": [
      { "id": "mon_zombie_gorepit_spawn", "hit_self": true },
      { "id": "mon_zombie_gorepit_tdisturb" }
    ],
    "flags": [ "SILENT" ],
    "valid_targets": [ "hostile" ],
    "effect": "target_attack",
    "effect_str": "secro_magic_target",
    "min_range": 40,
    "max_range": 40,
    "min_duration": 1,
    "max_duration": 1
  }