[
	{
        "type" : "ARMOR",
        "id" : "zp_item",
        "name" : "Zero-point Item Storage",
        "weight" : 0,
        "color" : "green",
        "covers" : ["TORSO"],
        "to_hit" : 0,
		"storage" : 1000,
        "symbol" : "[",
        "description" : "A multidimensional item storage device.",
        "price" : 0,
        "material": "zp_matter",
        "volume" : 1000,
        "cutting" : 0,
        "warmth" : 0,
        "phase" : "solid",
        "environmental_protection" : 0,
        "encumbrance" : 0,
        "bashing" : 0,
        "coverage" : 0,
        "material_thickness" : 0
    },{
        "type" : "ARMOR",
        "id" : "zp_oversuit",
        "name" : "Zero-point Over-Suit",
        "weight" : 0,
        "color" : "green",
        "covers" : ["HEAD", "MOUTH", "EYES", "TORSO", "ARMS", "HANDS", "LEGS", "FEET"],
        "to_hit" : 0,
		"storage" : 1000,
        "symbol" : "[",
        "description" : "A full body suit designed to protect Travellers from any danger. Totally overpowered. This is a second layer in case if you need to walk on the sun.",
        "price" : 0,
        "material": "zp_matter",
        "volume" : 1,
        "cutting" : 0,
        "warmth" : 100,
        "phase" : "solid",
        "environmental_protection" : 100,
        "encumbrance" : 0,
        "bashing" : 0,
		"flags" : ["WATERPROOF", "LIQUID", "RAINPROOF", "WATER_FRIENDLY", "OVERSIZE", "HOOD", "WATCH", "ALARMCLOCK", "RAINPROOF", "REBREATHER", "POCKETS", "SWIM_GOGGLES", "STURDY"],
        "coverage" : 100,
        "material_thickness" : 1
    },{
        "type" : "ARMOR",
        "id" : "zp_suit",
        "name" : "Zero-point Safety Suit",
        "weight" : 0,
        "color" : "green",
        "covers" : ["HEAD", "MOUTH", "EYES", "TORSO", "ARMS", "HANDS", "LEGS", "FEET"],
        "to_hit" : 0,
		"storage" : 1000,
        "symbol" : "[",
        "description" : "A full body suit designed to protect Travellers from any danger. Totally overpowered.",
        "price" : 0,
        "material": "zp_matter",
        "volume" : 1,
        "cutting" : 0,
        "warmth" : 30,
        "phase" : "solid",
        "environmental_protection" : 1000,
        "encumbrance" : 0,
        "bashing" : 0,
		"flags" : ["WATERPROOF", "RAINPROOF", "WATER_FRIENDLY", "SKINTIGHT", "HOOD", "WATCH", "ALARMCLOCK", "RAINPROOF", "REBREATHER", "POCKETS", "SWIM_GOGGLES", "STURDY"],
        "coverage" : 100,
        "material_thickness" : 1
    },{
        "type" : "ARMOR",
        "id" : "zp_cryosuit",
        "name" : "Zero-point Heat-Suit",
        "weight" : 0,
        "color" : "green",
        "covers" : ["HEAD", "MOUTH", "EYES", "TORSO", "ARMS", "HANDS", "LEGS", "FEET"],
        "to_hit" : 0,
		"storage" : 1000,
        "symbol" : "[",
        "description" : "A full body suit designed to protect Travellers from the cold. Use with caution.",
        "price" : 0,
        "material": "zp_matter",
        "volume" : 1,
        "cutting" : 0,
        "warmth" : 100,
        "phase" : "solid",
        "environmental_protection" : 100,
        "encumbrance" : 0,
        "bashing" : 0,
		"flags" : ["WATERPROOF", "RAINPROOF", "WATER_FRIENDLY", "OVERSIZE", "HOOD", "WATCH", "ALARMCLOCK", "RAINPROOF", "REBREATHER", "POCKETS", "SWIM_GOGGLES", "STURDY"],
        "coverage" : 100,
        "material_thickness" : 1
    },{
        "type" : "ARMOR",
        "id" : "web_spinner",
        "name" : "web spinner",
        "volume" : 1,
        "material_thickness" : 0,
        "storage" : 0,
        "description" : "A device worn on the wrist that can create fabrics on demand.",
        "weight" : 50,
        "to_hit" : -1,
        "color" : "dark_gray",
        "encumbrance" : 0,
        "price" : 5000,
        "material" : ["plastic", "steel"],
        "coverage" : 1,
        "symbol" : "[",
        "bashing" : 0,
        "cutting" : 0,
        "warmth" : 0,
        "environmental_protection" : 0,
        "phase" : "solid"
    }
]
