[
{
    "type":"GENERIC",
    "id": "crate",
    "symbol": ";",
    "color": "dark_gray",
    "name": "air drop crate",
    "description": "A heavy wooden crate with a torn parachute attached. This crate seems to contain...hmm, nothing.",
    "price": 16000,
    "material": "wood",
    "weight": 6400,
    "volume": 30,
    "bashing": 10,
    "cutting": 0,
    "to_hit": -2
  },{
    "type":"GENERIC",
    "id": "crate_firstaid",
    "symbol": ";",
    "color": "dark_gray",
    "name": "air drop first aid crate",
    "description": "A heavy wooden crate with a torn parachute attached. This crate seems to contain a selection of first aid equipment and basic medication.",
    "price": 16000,
    "material": "wood",
    "weight": 6400,
    "volume": 30,
    "bashing": 10,
    "cutting": 0,
    "to_hit": -2
  },{
    "type":"GENERIC",
    "id": "crate_food_mre",
    "symbol": ";",
    "color": "dark_gray",
    "name": "air drop mre crate",
    "description": "A heavy wooden crate with a torn parachute attached. This crate seems to contain a selection of MRE boxes. Roughly enough food for about a week.",
    "price": 16000,
    "material": "wood",
    "weight": 6400,
    "volume": 30,
    "bashing": 10,
    "cutting": 0,
    "to_hit": -2
  },{
    "type":"GENERIC",
    "id": "crate_comforts",
    "symbol": ";",
    "color": "dark_gray",
    "name": "air drop comforts crate",
    "description": "A heavy wooden crate with a torn parachute attached. This crate seems to contain a selection of creature comforts.",
    "price": 16000,
    "material": "wood",
    "weight": 6400,
    "volume": 30,
    "bashing": 10,
    "cutting": 0,
    "to_hit": -2
  },{
    "type":"GENERIC",
    "id": "crate_ammo",
    "symbol": ";",
    "color": "dark_gray",
    "name": "air drop ammo crate",
    "description": "A heavy wooden crate with a torn parachute attached. This crate seems to contain a selection of ammunition.",
    "price": 16000,
    "material": "wood",
    "weight": 6400,
    "volume": 30,
    "bashing": 10,
    "cutting": 0,
    "to_hit": -2
},{
    "type":"GENERIC",
    "id": "crate_sundries",
    "symbol": ";",
    "color": "dark_gray",
    "name": "air drop sundries crate",
    "description": "A heavy wooden crate with a torn parachute attached. This crate seems to contain a selection of sundries, from batteries to duct tape.",
    "price": 16000,
    "material": "wood",
    "weight": 6400,
    "volume": 30,
    "bashing": 10,
    "cutting": 0,
    "to_hit": -2
},{
    "type":"GENERIC",
    "id": "crate_chemical_drop",
    "symbol": ";",
    "color": "dark_gray",
    "name": "air drop chemical crate",
    "description": "A heavy wooden crate with a torn parachute attached. This crate seems to contain a selection of chemicals, along with the required PPE to handle them safely.",
    "price": 16000,
    "material": "wood",
    "weight": 6400,
    "volume": 30,
    "bashing": 10,
    "cutting": 0,
    "to_hit": -2
},{
    "type":"GENERIC",
    "id": "crate_materials_drop",
    "symbol": ";",
    "color": "dark_gray",
    "name": "air drop materials crate",
    "description": "A heavy wooden crate with a torn parachute attached. This crate seems to contain a selection of materials, such as scrap metal, steel and plastic.",
    "price": 16000,
    "material": "wood",
    "weight": 6400,
    "volume": 30,
    "bashing": 10,
    "cutting": 0,
    "to_hit": -2
},{
    "type":"GENERIC",
    "id": "crate_preserves_drop",
    "symbol": ";",
    "color": "dark_gray",
    "name": "air drop preserves crate",
    "description": "A heavy wooden crate with a torn parachute attached. This crate seems to contain a selection of dehydrated food.",
    "price": 16000,
    "material": "wood",
    "weight": 6400,
    "volume": 30,
    "bashing": 10,
    "cutting": 0,
    "to_hit": -2
},{
    "type":"GENERIC",
    "id": "crate_lifetime_drop",
    "symbol": ";",
    "color": "dark_gray",
    "name": "air drop cheat crate",
    "description": "A heavy wooden crate with a torn parachute attached. This crate seems to contain a selection of items that you'd find once in a lifetime.",
    "price": 16000,
    "material": "wood",
    "weight": 6400,
    "volume": 30,
    "bashing": 10,
    "cutting": 0,
    "to_hit": -2
},{
    "type":"GENERIC",
    "id": "crate_spec_ops_drop",
    "symbol": ";",
    "color": "dark_gray",
    "name": "air drop spec-ops crate",
    "description": "A heavy wooden crate with a torn parachute attached. This crate seems to contain a selection of items useful to a member of an advanced spec-ops team.",
    "price": 16000,
    "material": "wood",
    "weight": 6400,
    "volume": 30,
    "bashing": 10,
    "cutting": 0,
    "to_hit": -2
},{
    "type":"GENERIC",
    "id": "crate_blacksmith_drop",
    "symbol": ";",
    "color": "dark_gray",
    "name": "air drop blacksmith crate",
    "description": "A heavy wooden crate with a torn parachute attached. This crate seems to contain a selection of items useful to someone taking up blacksmithing.",
    "price": 16000,
    "material": "wood",
    "weight": 6400,
    "volume": 30,
    "bashing": 10,
    "cutting": 0,
    "to_hit": -2
},{
    "type":"GENERIC",
    "id": "crate_bionic_basic_drop",
    "symbol": ";",
    "color": "dark_gray",
    "name": "air drop basic bionics crate",
    "description": "A heavy wooden crate with a torn parachute attached. This crate seems to contain a selection of basic bionics.",
    "price": 16000,
    "material": "wood",
    "weight": 6400,
    "volume": 30,
    "bashing": 10,
    "cutting": 0,
    "to_hit": -2
},{
    "type":"GENERIC",
    "id": "crate_camping_drop",
    "symbol": ";",
    "color": "dark_gray",
    "name": "air drop camping crate",
    "description": "A heavy wooden crate with a torn parachute attached. This crate seems to contain a selection of equipment useful when camping.",
    "price": 16000,
    "material": "wood",
    "weight": 6400,
    "volume": 30,
    "bashing": 10,
    "cutting": 0,
    "to_hit": -2
},{
    "type":"GENERIC",
    "id": "tank_gasoline_drop",
    "symbol": ";",
    "color": "dark_gray",
    "name": "air drop gasoline crate",
    "description": "A heavy wooden crate with a torn parachute attached. This crate seems to contain a few heavy containers of gasoline.",
    "price": 16000,
    "material": "wood",
    "weight": 6400,
    "volume": 30,
    "bashing": 10,
    "cutting": 0,
    "to_hit": -2
},{
    "type":"GENERIC",
    "id": "crate_flares_drop",
    "symbol": ";",
    "color": "dark_gray",
    "name": "air drop flare crate",
    "description": "A heavy wooden crate with a torn parachute attached. This crate seems to contain a bundle of flares.",
    "price": 16000,
    "material": "wood",
    "weight": 6400,
    "volume": 30,
    "bashing": 10,
    "cutting": 0,
    "to_hit": -2
},{
    "type":"GENERIC",
    "id": "crate_gi_drop",
    "symbol": ";",
    "color": "dark_gray",
    "name": "air drop GI crate",
    "description": "A heavy wooden crate with a torn parachute attached. This crate seems to contain a selection of weapons and equipment used by US GI's.",
    "price": 16000,
    "material": "wood",
    "weight": 6400,
    "volume": 30,
    "bashing": 10,
    "cutting": 0,
    "to_hit": -2
},{
    "type":"GENERIC",
    "id": "crate_water_drop",
    "symbol": ";",
    "color": "dark_gray",
    "name": "air drop water crate",
    "description": "A heavy wooden crate with a torn parachute attached. This crate seems to contain a few plastic packs of boiled water.",
    "price": 16000,
    "material": "wood",
    "weight": 6400,
    "volume": 30,
    "bashing": 10,
    "cutting": 0,
    "to_hit": -2
},{
    "type":"GENERIC",
    "id": "crate_cloth_repair_drop",
    "symbol": ";",
    "color": "dark_gray",
    "name": "air drop fabric-repair crate",
    "description": "A heavy wooden crate with a torn parachute attached. This crate seems to contain a collection of threads, patches and a sewing kit.",
    "price": 16000,
    "material": "wood",
    "weight": 6400,
    "volume": 30,
    "bashing": 10,
    "cutting": 0,
    "to_hit": -2
},{
    "type":"GENERIC",
    "id": "crate_motorcycle_drop",
    "symbol": ";",
    "color": "dark_gray",
    "name": "air drop motorcycle construction crate",
    "description": "A heavy wooden crate with a torn parachute attached. This crate seems to contain a collection of parts needed to build a basic motorcycle.",
    "price": 16000,
    "material": "wood",
    "weight": 6400,
    "volume": 30,
    "bashing": 10,
    "cutting": 0,
    "to_hit": -2
},{
    "type":"GENERIC",
    "id": "crate_tools_drop",
    "symbol": ";",
    "color": "dark_gray",
    "name": "air drop tools crate",
    "description": "A heavy wooden crate with a torn parachute attached. This crate seems to contain a collection of tools.",
    "price": 16000,
    "material": "wood",
    "weight": 6400,
    "volume": 30,
    "bashing": 10,
    "cutting": 0,
    "to_hit": -2
}
]
