[
    {
        "id": "zp_liquid",
        "type": "CONTAINER",
        "symbol": ")",
        "color": "green",
        "name": "Zp-container",
        "category": "other",
        "description": "A multidimensional storage device, can contain 200L of a single liquid.",
        "price": 0,
        "weight": 0,
        "volume": 1,
        "bashing": 0,
        "cutting": 0,
        "to_hit": 0,
        "material": "zp_matter",
        "contains": 1000,
        "flags": ["RIGID", "SEALS", "WATERTIGHT"]
    },
    {
        "id": "meas_cup_1",
        "type": "CONTAINER",
        "symbol": ")",
        "color": "green",
        "name": "measuring cup 200ml",
        "category": "other",
        "description": "A measuring vessel, this one is set for 200ml.",
        "price": 0,
        "weight": 1,
        "volume": 1,
        "bashing": 0,
        "cutting": 0,
        "to_hit": 0,
        "material": "steel",
        "contains": 1,
        "flags": ["RIGID", "SEALS", "WATERTIGHT"]
    },
    {
        "id": "meas_cup_5",
        "type": "CONTAINER",
        "symbol": ")",
        "color": "green",
        "name": "measuring cup 1L",
        "category": "other",
        "description": "A measuring vessel, this one is set for 1L.",
        "price": 0,
        "weight": 1,
        "volume": 1,
        "bashing": 0,
        "cutting": 0,
        "to_hit": 0,
        "material": "steel",
        "contains": 5,
        "flags": ["RIGID", "SEALS", "WATERTIGHT"]
    },
	{
        "id": "meas_cup_10",
        "type": "CONTAINER",
        "symbol": ")",
        "color": "green",
        "name": "measuring cup 2L",
        "category": "other",
        "description": "A measuring vessel, this one is set for 2L.",
        "price": 0,
        "weight": 1,
        "volume": 1,
        "bashing": 0,
        "cutting": 0,
        "to_hit": 0,
        "material": "steel",
        "contains": 10,
        "flags": ["RIGID", "SEALS", "WATERTIGHT"]
    }
]
