[
{
  "type" : "recipe",
  "result": "zp_nutrient",
  "id_suffix": "my_mod",
  "category": "CC_FOOD",
  "subcategory": "CSC_FOOD_OTHER",
  "skill_used": "cooking",
  "difficulty": 2,
  "time": 1000,
  "reversible": false,
  "autolearn": true,
  "qualities":[
    {"id":"ZP_CHEMISTRY","level":1,"amount":1}
  ],
  "components": [
    [
      [ "Chemical", 10]
    ]
  ]
},{
  "type" : "recipe",
  "result": "protein_powder",
  "id_suffix": "my_mod",
  "category": "CC_FOOD",
  "subcategory": "CSC_FOOD_OTHER",
  "skill_used": "cooking",
  "difficulty": 1,
  "time": 8000,
  "reversible": false,
  "autolearn": true,
  "tools": [
    [
      [ "dehydrator", 20 ]
    ]
  ],
  "components": [
    [
      [ "meat", 1 ]
    ]
  ]
},{
  "type" : "recipe",
  "result": "blood",
  "id_suffix": "my_mod",
  "category": "CC_FOOD",
  "subcategory": "CSC_FOOD_OTHER",
  "skill_used": "firstaid",
  "difficulty": 0,
  "time": 1000,
  "reversible": false,
  "autolearn": true,
  "tools": [
    [
      [ "syringe", -1 ]
    ]
  ]
},{
        "type" : "recipe",
  "result": "water_boiled",
  "category": "CC_FOOD",
  "subcategory": "CSC_FOOD_DRINKS",
  "skill_used": "cooking",
  "difficulty": 0,
  "time": 1000,
  "reversible": false,
  "autolearn": true,
  "tools": [
    [
      [ "hotplate", 2 ],
      [ "char_smoker", 1 ],
      [ "toolset", 1 ],
      [ "coffeemaker", 3],
      [ "fire", -1 ]
    ],
    [
      [ "pan", -1 ],
      [ "pot", -1 ],
      [ "coffeemaker", -1],
      [ "rock_pot", -1 ],
      [ "teapot", -1 ]
    ]
  ],
  "components": [
    [
      [ "water", 10 ]
    ]
  ]
},{
  "type" : "recipe",
  "result": "can_spam",
  "id_suffix": "my_mod",
  "category": "CC_FOOD",
  "subcategory": "CSC_FOOD_MEAT",
  "skill_used": "cooking",
  "difficulty": 1,
  "time": 1000,
  "reversible": false,
  "autolearn": true,
  "tools": [
    [
      [ "vac_sealer", 10 ]
    ]
  ],
  "components": [
    [
      [ "meat", 1 ],
	  [ "meat_cooked", 1 ],
	  [ "meat_smoked", 1 ],
	  [ "human_flesh", 1 ],
	  [ "human_cooked", 1 ],
	  [ "human_smoked", 1 ],
	  [ "meat_tainted", 1 ]
    ],
	[
      [ "can_food", 1 ]
    ]
  ]
},{
  "type" : "recipe",
  "result": "veggy_wild",
  "id_suffix": "my_mod",
  "category": "CC_FOOD",
  "subcategory": "CSC_FOOD_VEGGI",
  "skill_used": "survival",
  "difficulty": 1,
  "time": 60000,
  "reversible": false,
  "autolearn": true,
  "tools": [
    [
	  [ "flashlight", 15 ]
    ]
  ]
},{
  "type" : "recipe",
  "result": "veggy_wild",
  "id_suffix": "my_mod_tool-less",
  "category": "CC_FOOD",
  "subcategory": "CSC_FOOD_VEGGI",
  "skill_used": "survival",
  "difficulty": 2,
  "time": 120000,
  "reversible": false,
  "autolearn": true
},{
  "type" : "recipe",
  "result": "zp_blackpudding",
  "id_suffix": "my_mod",
  "category": "CC_FOOD",
  "subcategory": "CSC_FOOD_OTHER",
  "skill_used": "cooking",
  "difficulty": 0,
  "time": 1000,
  "reversible": false,
  "autolearn": true,
  "tools": [
    [
      [ "hotplate", 2 ],
      [ "char_smoker", 1 ],
      [ "toolset", 1 ],
      [ "fire", -1 ]
    ],
    [
      [ "pan", -1 ],
      [ "pot", -1 ],
      [ "rock_pot", -1 ],
      [ "teapot", -1 ]
    ]
  ],
  "components": [
    [
      [ "blood", 10]
    ],
	[
      [ "fat", 2],
	  [ "tallow", 2]
    ]
  ]
},{
  "type" : "recipe",
  "result": "salt_water",
  "id_suffix": "my_mod",
  "category": "CC_FOOD",
  "subcategory": "CSC_FOOD_DRINKS",
  "skill_used": "cooking",
  "difficulty": 0,
  "time": 1000,
  "reversible": true,
  "autolearn": true,
  "components": [
    [
      [ "saline", 1]
    ]
  ]
},{
  "type" : "recipe",
  "result": "water_clean",
  "id_suffix": "my_mod",
  "category": "CC_FOOD",
  "subcategory": "CSC_FOOD_DRINKS",
  "skill_used": "cooking",
  "difficulty": 0,
  "time": 1000,
  "reversible": false,
  "autolearn": true,
  "tools": [
    [
      [ "hotplate", 2 ],
      [ "char_smoker", 1 ],
	  [ "coffeemaker", 2],
      [ "toolset", 1 ],
      [ "fire", -1 ]
    ],
    [
      [ "pan", -1 ],
      [ "pot", -1 ],
	  [ "coffeemaker", 1],
      [ "rock_pot", -1 ],
      [ "teapot", -1 ]
    ]
  ],
  "components": [
    [
      [ "salt_water", 1]
    ]
  ]
},{
  "type" : "recipe",
  "result": "salt",
  "id_suffix": "my_mod",
  "category": "CC_FOOD",
  "subcategory": "CSC_FOOD_OTHER",
  "skill_used": "cooking",
  "difficulty": 0,
  "time": 1000,
  "reversible": false,
  "autolearn": true,
  "tools": [
    [
      [ "hotplate", 2 ],
      [ "char_smoker", 1 ],
	  [ "coffeemaker", 2],
      [ "toolset", 1 ],
      [ "fire", -1 ]
    ],
    [
      [ "pan", -1 ],
      [ "pot", -1 ],
      [ "rock_pot", -1 ],
      [ "teapot", -1 ]
    ]
  ],
  "components": [
    [
      [ "salt_water", 8]
    ]
  ]
},{
  "type" : "recipe",
  "result": "whiskey",
  "id_suffix": "my_mod",
  "category": "CC_FOOD",
  "subcategory": "CSC_FOOD_DRINKS",
  "skill_used": "cooking",
  "difficulty": 2,
  "time": 1000,
  "reversible": false,
  "autolearn": true,
  "qualities":[
    {"id":"ZP_CHEMISTRY","level":1,"amount":1}
  ],
  "components": [
    [
      [ "Chemical", 35]
    ]
  ]
},{
  "type" : "recipe",
  "result": "vodka",
  "id_suffix": "my_mod",
  "category": "CC_FOOD",
  "subcategory": "CSC_FOOD_DRINKS",
  "skill_used": "cooking",
  "difficulty": 2,
  "time": 1000,
  "reversible": false,
  "autolearn": true,
  "qualities":[
    {"id":"ZP_CHEMISTRY","level":1,"amount":1}
  ],
  "components": [
    [
      [ "Chemical", 35]
    ]
  ]
},{
  "type" : "recipe",
  "result": "gin",
  "id_suffix": "my_mod",
  "category": "CC_FOOD",
  "subcategory": "CSC_FOOD_DRINKS",
  "skill_used": "cooking",
  "difficulty": 2,
  "time": 1000,
  "reversible": false,
  "autolearn": true,
  "qualities":[
    {"id":"ZP_CHEMISTRY","level":1,"amount":1}
  ],
  "components": [
    [
      [ "Chemical", 35]
    ]
  ]
},{
  "type" : "recipe",
  "result": "rum",
  "id_suffix": "my_mod",
  "category": "CC_FOOD",
  "subcategory": "CSC_FOOD_DRINKS",
  "skill_used": "cooking",
  "difficulty": 2,
  "time": 1000,
  "reversible": false,
  "autolearn": true,
  "qualities":[
    {"id":"ZP_CHEMISTRY","level":1,"amount":1}
  ],
  "components": [
    [
      [ "Chemical", 35]
    ]
  ]
},{
  "type" : "recipe",
  "result": "tequila",
  "id_suffix": "my_mod",
  "category": "CC_FOOD",
  "subcategory": "CSC_FOOD_DRINKS",
  "skill_used": "cooking",
  "difficulty": 2,
  "time": 1000,
  "reversible": false,
  "autolearn": true,
  "qualities":[
    {"id":"ZP_CHEMISTRY","level":1,"amount":1}
  ],
  "components": [
    [
      [ "Chemical", 35]
    ]
  ]
},{
  "type" : "recipe",
  "result": "triple_sec",
  "id_suffix": "my_mod",
  "category": "CC_FOOD",
  "subcategory": "CSC_FOOD_DRINKS",
  "skill_used": "cooking",
  "difficulty": 2,
  "time": 1000,
  "reversible": false,
  "autolearn": true,
  "qualities":[
    {"id":"ZP_CHEMISTRY","level":1,"amount":1}
  ],
  "components": [
    [
      [ "Chemical", 35]
    ]
  ]
},{
  "type" : "recipe",
  "result": "bum_wine",
  "id_suffix": "my_mod",
  "category": "CC_FOOD",
  "subcategory": "CSC_FOOD_DRINKS",
  "skill_used": "cooking",
  "difficulty": 2,
  "time": 1000,
  "reversible": false,
  "autolearn": true,
  "qualities":[
    {"id":"ZP_CHEMISTRY","level":1,"amount":1}
  ],
  "components": [
    [
      [ "Chemical", 35]
    ]
  ]
},{
  "type" : "recipe",
  "result": "coffee_syrup",
  "id_suffix": "my_mod",
  "category": "CC_FOOD",
  "subcategory": "CSC_FOOD_OTHER",
  "skill_used": "cooking",
  "difficulty": 2,
  "time": 1000,
  "reversible": false,
  "autolearn": true,
  "qualities":[
    {"id":"ZP_CHEMISTRY","level":1,"amount":1}
  ],
  "components": [
    [
      [ "Chemical", 15]
    ]
  ]
},{
  "type" : "recipe",
  "result": "coffee_raw",
  "id_suffix": "my_mod",
  "category": "CC_FOOD",
  "subcategory": "CSC_FOOD_OTHER",
  "skill_used": "cooking",
  "difficulty": 2,
  "time": 1000,
  "reversible": false,
  "autolearn": true,
  "qualities":[
    {"id":"ZP_CHEMISTRY","level":1,"amount":1}
  ],
  "components": [
    [
      [ "Chemical", 15]
    ]
  ]
},{
  "type" : "recipe",
  "result": "tea_raw",
  "id_suffix": "my_mod",
  "category": "CC_FOOD",
  "subcategory": "CSC_FOOD_OTHER",
  "skill_used": "cooking",
  "difficulty": 2,
  "time": 1000,
  "reversible": false,
  "autolearn": true,
  "qualities":[
    {"id":"ZP_CHEMISTRY","level":1,"amount":1}
  ],
  "components": [
    [
      [ "Chemical", 15]
    ]
  ]
},{
  "type" : "recipe",
  "result": "meat_cooked",
  "id_suffix": "my_mod",
  "category": "CC_FOOD",
  "subcategory": "CSC_FOOD_MEAT",
  "skill_used": "cooking",
  "difficulty": 0,
  "time": 5000,
  "reversible": false,
  "autolearn": true,
  "tools": [
    [
      [ "hotplate", 5 ],
      [ "char_smoker", 1 ],
      [ "toolset", 1 ],
      [ "fire", -1 ]
    ],
    [
      [ "pan", -1 ],
      [ "pot", -1 ],
      [ "rock_pot", -1 ],
      [ "spear_wood", -1 ],
      [ "spear_steel", -1 ],
      [ "pointy_stick", -1 ],
      [ "javelin", -1 ],
      [ "javelin_iron", -1 ],
      [ "spear_knife", -1 ],
      [ "tongs", -1 ]
    ]
  ],
  "components": [
    [
      [ "meat", 1],
	  [ "meat_tainted", 1],
	  [ "human_flesh", 1]
    ]
  ]
}
]
