[
{
  "type" : "recipe",
  "result": "zp_laserpistol",
  "id_suffix": "my_mod",
  "category": "CC_WEAPON",
  "subcategory": "CSC_WEAPON_RANGED",
  "skill_used": "fabrication",
  "difficulty": 2,
  "time": 1000,
  "reversible": true,
  "autolearn": true,
  "components": [
    [
      [ "zp_token", 1]
    ]
  ]
},{
  "type" : "recipe",
  "result": "zp_bolt_pistol",
  "id_suffix": "my_mod",
  "category": "CC_WEAPON",
  "subcategory": "CSC_WEAPON_RANGED",
  "skill_used": "fabrication",
  "difficulty": 2,
  "time": 1000,
  "reversible": true,
  "autolearn": true,
  "components": [
    [
      [ "zp_token", 1]
    ]
  ]
},{
  "type" : "recipe",
  "result": "zp_lasercannon",
  "id_suffix": "my_mod",
  "category": "CC_WEAPON",
  "subcategory": "CSC_WEAPON_RANGED",
  "skill_used": "fabrication",
  "difficulty": 2,
  "time": 1000,
  "reversible": true,
  "autolearn": true,
  "components": [
    [
      [ "zp_token", 1]
    ]
  ]
},{
  "type" : "recipe",
  "result": "LAW",
  "id_suffix": "my_mod",
  "category": "CC_WEAPON",
  "subcategory": "CSC_WEAPON_OTHER",
  "skill_used": "launcher",
  "difficulty": 1,
  "time": 1000,
  "reversible": true,
  "autolearn": true,
  "components": [
    [
      [ "gunpowder", 50]
    ],
	[
      [ "pipe", 2]
    ],
	[
      [ "scrap", 1]
    ],
	[
      [ "rag", 2]
    ]
  ]
},{
  "type" : "recipe",
  "result": "dynamite",
  "id_suffix": "my_mod",
  "category": "CC_WEAPON",
  "subcategory": "CSC_WEAPON_OTHER",
  "skill_used": "fabrication",
  "difficulty": 2,
  "time": 1000,
  "reversible": true,
  "autolearn": true,
  "components": [
    [
      [ "paper", 1 ]
    ],
    [
      [ "thread", 20 ]
    ],
    [
      [ "gunpowder", 25 ]
    ]
  ]
}
]
