[
{
  "type" : "recipe",
  "result": "crate",
  "category": "CC_OTHER",
  "subcategory": "CSC_OTHER_OTHER",
  "skill_used": "survival",
  "difficulty": 0,
  "time": 10000,
  "reversible": true,
  "autolearn": false,
  "components": [
    [
      [ "2x4", 2 ]
    ],
	[
      [ "paper", 5 ]
    ],
	[
      [ "nail", 12 ]
    ],
	[
      [ "rag", 5 ]
    ]
  ]
},{
  "type" : "recipe",
  "result": "crate_firstaid",
  "category": "CC_OTHER",
  "subcategory": "CSC_OTHER_OTHER",
  "skill_used": "survival",
  "difficulty": 0,
  "time": 10000,
  "reversible": true,
  "autolearn": false,
  "components": [
    [
      [ "2x4", 2 ]
    ],
	[
      [ "paper", 5 ]
    ],
	[
      [ "nail", 12 ]
    ],
	[
      [ "rag", 5 ]
    ],
	[
      [ "1st_aid", 1 ]
    ],
	[
      [ "bandages", 18 ]
    ],
	[
      [ "iodine", 10 ]
    ]
  ]
},{
  "type" : "recipe",
  "result": "crate_food_mre",
  "category": "CC_OTHER",
  "subcategory": "CSC_OTHER_OTHER",
  "skill_used": "survival",
  "difficulty": 0,
  "time": 10000,
  "reversible": true,
  "autolearn": false,
  "components": [
    [
      [ "2x4", 2 ]
    ],
	[
      [ "paper", 5 ]
    ],
	[
      [ "nail", 12 ]
    ],
	[
      [ "rag", 5 ]
    ],
	[
      [ "water_packet", 15 ]
    ],
	[
      [ "mre_beef_box", 3 ]
    ],
	[
      [ "mre_veggy_box", 3 ]
    ],
	[
      [ "mre_chicken_box", 3 ]
    ],
	[
      [ "mre_hotdog_box", 3 ]
    ],
	[
      [ "mre_ravioli_box", 3 ]
    ]
  ]
},{
  "type" : "recipe",
  "result": "crate_comforts",
  "category": "CC_OTHER",
  "subcategory": "CSC_OTHER_OTHER",
  "skill_used": "survival",
  "difficulty": 0,
  "time": 10000,
  "reversible": true,
  "autolearn": false,
  "components": [
    [
      [ "2x4", 2 ]
    ],
	[
      [ "paper", 5 ]
    ],
	[
      [ "nail", 12 ]
    ],
	[
      [ "rag", 5 ]
    ],
	[
      [ "mag_porn", 1 ]
    ],
	[
      [ "mag_news", 1 ]
    ],
	[
      [ "story_book", 1 ]
    ],
	[
      [ "cig", 40 ]
    ],
	[
      [ "cigar", 1 ]
    ],
	[
      [ "lighter", 1 ]
    ]
  ]
},{
  "type" : "recipe",
  "result": "crate_ammo",
  "category": "CC_OTHER",
  "subcategory": "CSC_OTHER_OTHER",
  "skill_used": "survival",
  "difficulty": 0,
  "time": 10000,
  "reversible": true,
  "autolearn": false,
  "components": [
    [
      [ "2x4", 2 ]
    ],
	[
      [ "paper", 5 ]
    ],
	[
      [ "nail", 12 ]
    ],
	[
      [ "rag", 5 ]
    ],
	[
      [ "shot_slug", 25 ]
    ],
	[
      [ "9mm", 25 ]
    ],
	[
      [ "762_51", 150 ]
    ],
	[
      [ "40mm_frag", 5 ]
    ]
  ]
},{
  "type" : "recipe",
  "result": "crate_sundries",
  "category": "CC_OTHER",
  "subcategory": "CSC_OTHER_OTHER",
  "skill_used": "survival",
  "difficulty": 0,
  "time": 10000,
  "reversible": true,
  "autolearn": false,
  "components": [
    [
      [ "2x4", 2 ]
    ],
	[
      [ "paper", 15 ]
    ],
	[
      [ "nail", 50 ]
    ],
	[
      [ "sheet", 3 ]
    ],
	[
      [ "battery", 400 ]
    ],
	[
      [ "duct_tape", 10 ]
    ],
	[
      [ "hose", 2 ]
    ],
	[
      [ "lighter", 2 ]
    ]
  ]
},{
  "type" : "recipe",
  "result": "crate_chemical_drop",
  "category": "CC_OTHER",
  "subcategory": "CSC_OTHER_OTHER",
  "skill_used": "survival",
  "difficulty": 0,
  "time": 10000,
  "reversible": true,
  "autolearn": false,
  "components": [
    [
      [ "2x4", 2 ]
    ],
	[
      [ "paper", 5 ]
    ],
	[
      [ "nail", 12 ]
    ],
	[
      [ "rag", 5 ]
    ],
	[
      [ "Chemical", 500 ]
    ],
	[
      [ "hazmat_suit", 1 ]
    ]
  ]
},{
  "type" : "recipe",
  "result": "crate_materials_drop",
  "category": "CC_OTHER",
  "subcategory": "CSC_OTHER_OTHER",
  "skill_used": "survival",
  "difficulty": 0,
  "time": 10000,
  "reversible": true,
  "autolearn": false,
  "components": [
    [
      [ "2x4", 2 ]
    ],
	[
      [ "paper", 5 ]
    ],
	[
      [ "nail", 12 ]
    ],
	[
      [ "rag", 5 ]
    ],
	[
      [ "steel_chunk", 10 ]
    ],
	[
      [ "plastic_chunk", 10 ]
    ],
	[
      [ "steel_lump", 5 ]
    ],
	[
      [ "scrap", 10 ]
    ],
	[
      [ "glass_shard", 20 ]
    ],
	[
      [ "leather", 5 ]
    ],
	[
      [ "rope_30", 2 ]
    ]
  ]
},{
  "type" : "recipe",
  "result": "crate_preserves_drop",
  "category": "CC_OTHER",
  "subcategory": "CSC_OTHER_OTHER",
  "skill_used": "survival",
  "difficulty": 0,
  "time": 10000,
  "reversible": true,
  "autolearn": false,
  "components": [
    [
      [ "2x4", 2 ]
    ],
	[
      [ "paper", 5 ]
    ],
	[
      [ "nail", 12 ]
    ],
	[
      [ "rag", 5 ]
    ],
	[
      [ "dry_meat", 2 ]
    ],
	[
      [ "dry_fish", 2 ]
    ],
	[
      [ "dry_veggy", 2 ]
    ],
	[
      [ "dry_fruit", 2 ]
    ],
	[
      [ "oatmeal", 5 ]
    ],
	[
      [ "powder_eggs", 2 ]
    ],
	[
      [ "cornbread", 2 ]
    ]
  ]
},{
  "type" : "recipe",
  "result": "crate_lifetime_drop",
  "category": "CC_OTHER",
  "subcategory": "CSC_OTHER_OTHER",
  "skill_used": "survival",
  "difficulty": 0,
  "time": 10000,
  "reversible": true,
  "autolearn": false,
  "components": [
    [
      [ "2x4", 2 ]
    ],
	[
      [ "paper", 5 ]
    ],
	[
      [ "nail", 12 ]
    ],
	[
      [ "rag", 5 ]
    ],
	[
      [ "chainsaw_off", 1 ]
    ],
	[
      [ "mininuke", 1 ]
    ],
	[
      [ "UPS_off", 1 ]
    ],
	[
      [ "multitool", 1 ]
    ],
	[
      [ "zp_lighter", 1 ]
    ],
	[
      [ "zp_suit", 1 ]
    ],
	[
      [ "zp_liquid", 2 ]
    ],
	[
      [ "zp_laserpistol", 1 ]
    ],
	[
      [ "battery", 1000 ]
    ],
	[
      [ "folding_bicycle", 1 ]
    ]
  ]
},{
  "type" : "recipe",
  "result": "crate_spec_ops_drop",
  "category": "CC_OTHER",
  "subcategory": "CSC_OTHER_OTHER",
  "skill_used": "survival",
  "difficulty": 0,
  "time": 10000,
  "reversible": true,
  "autolearn": false,
  "components": [
    [
      [ "2x4", 2 ]
    ],
	[
      [ "paper", 5 ]
    ],
	[
      [ "nail", 12 ]
    ],
	[
      [ "rag", 5 ]
    ],
	[
      [ "c4", 5 ]
    ],
	[
      [ "goggles_nv", 1 ]
    ],
	[
      [ "UPS_off", 1 ]
    ],
	[
      [ "balclava", 1 ]
    ]
  ]
},{
  "type" : "recipe",
  "result": "crate_blacksmith_drop",
  "category": "CC_OTHER",
  "subcategory": "CSC_OTHER_OTHER",
  "skill_used": "survival",
  "difficulty": 0,
  "time": 10000,
  "reversible": true,
  "autolearn": false,
  "components": [
    [
      [ "2x4", 2 ]
    ],
	[
      [ "paper", 5 ]
    ],
	[
      [ "nail", 12 ]
    ],
	[
      [ "rag", 5 ]
    ],
	[
      [ "char_forge", 1 ]
    ],
	[
      [ "crucible", 1 ]
    ],
	[
      [ "anvil", 1 ]
    ],
	[
      [ "tongs", 1 ]
    ],
	[
      [ "chisel", 1 ]
    ],
	[
      [ "swage", 1 ]
    ],
	[
      [ "charcoal", 200 ]
    ],
	[
      [ "steel_lump", 20 ]
    ],
	[
      [ "leather", 20 ]
    ],
	[
      [ "scrap", 20 ]
    ]
  ]
},{
  "type" : "recipe",
  "result": "crate_bionic_basic_drop",
  "category": "CC_OTHER",
  "subcategory": "CSC_OTHER_OTHER",
  "skill_used": "survival",
  "difficulty": 0,
  "time": 10000,
  "reversible": true,
  "autolearn": false,
  "components": [
    [
      [ "2x4", 2 ]
    ],
	[
      [ "paper", 5 ]
    ],
	[
      [ "nail", 12 ]
    ],
	[
      [ "rag", 5 ]
    ],
	[
      [ "bio_tools", 1 ]
    ],
	[
      [ "bio_power_storage_mkII", 3 ]
    ],
	[
      [ "bio_torsionratchet", 2 ]
    ]
]
},{
  "type" : "recipe",
  "result": "crate_camping_drop",
  "category": "CC_OTHER",
  "subcategory": "CSC_OTHER_OTHER",
  "skill_used": "survival",
  "difficulty": 0,
  "time": 10000,
  "reversible": true,
  "autolearn": false,
  "components": [
    [
      [ "2x4", 2 ]
    ],
	[
      [ "paper", 5 ]
    ],
	[
      [ "nail", 12 ]
    ],
	[
      [ "rag", 5 ]
    ],
	[
      [ "sleeping_bag", 1 ]
    ],
	[
      [ "tent_kit", 1 ]
    ],
	[
      [ "hotplate", 1 ]
    ],
	[
      [ "pur_tablets", 10 ]
    ]
]
},{
  "type" : "recipe",
  "result": "tank_gasoline_drop",
  "category": "CC_OTHER",
  "subcategory": "CSC_OTHER_OTHER",
  "skill_used": "survival",
  "difficulty": 0,
  "time": 10000,
  "reversible": true,
  "autolearn": false,
  "components": [
    [
      [ "2x4", 2 ]
    ],
	[
      [ "paper", 5 ]
    ],
	[
      [ "nail", 12 ]
    ],
	[
      [ "rag", 5 ]
    ],
	[
      [ "airdrop_tank_gasoline", 4 ]
    ]
]
},{
  "type" : "recipe",
  "result": "crate_flares_drop",
  "category": "CC_OTHER",
  "subcategory": "CSC_OTHER_OTHER",
  "skill_used": "survival",
  "difficulty": 0,
  "time": 10000,
  "reversible": true,
  "autolearn": false,
  "components": [
    [
      [ "2x4", 2 ]
    ],
	[
      [ "paper", 5 ]
    ],
	[
      [ "nail", 12 ]
    ],
	[
      [ "rag", 5 ]
    ],
	[
      [ "handflare", 10 ]
    ]
]
},{
  "type" : "recipe",
  "result": "crate_gi_drop",
  "category": "CC_OTHER",
  "subcategory": "CSC_OTHER_OTHER",
  "skill_used": "survival",
  "difficulty": 0,
  "time": 10000,
  "reversible": true,
  "autolearn": false,
  "components": [
    [
      [ "2x4", 2 ]
    ],
	[
      [ "paper", 5 ]
    ],
	[
      [ "nail", 12 ]
    ],
	[
      [ "rag", 5 ]
    ],
	[
      [ "m4a1", 1 ]
    ],
	[
      [ "223", 150 ]
    ],
	[
      [ "usp_9mm", 1 ]
    ],
	[
      [ "9mm", 75 ]
    ],
    [
      [ "chestrig", 1 ]
    ]
]
},{
  "type" : "recipe",
  "result": "crate_water_drop",
  "category": "CC_OTHER",
  "subcategory": "CSC_OTHER_OTHER",
  "skill_used": "survival",
  "difficulty": 0,
  "time": 10000,
  "reversible": true,
  "autolearn": false,
  "components": [
    [
      [ "2x4", 2 ]
    ],
	[
      [ "paper", 5 ]
    ],
	[
      [ "nail", 12 ]
    ],
	[
      [ "rag", 5 ]
    ],
	[
      [ "water_packet", 10 ]
    ]
]
},{
  "type" : "recipe",
  "result": "crate_cloth_repair_drop",
  "category": "CC_OTHER",
  "subcategory": "CSC_OTHER_OTHER",
  "skill_used": "survival",
  "difficulty": 0,
  "time": 10000,
  "reversible": true,
  "autolearn": false,
  "components": [
    [
      [ "2x4", 2 ]
    ],
	[
      [ "paper", 5 ]
    ],
	[
      [ "nail", 12 ]
    ],
	[
      [ "rag", 10 ]
    ],
	[
      [ "sewing_kit", 1 ]
    ],
	[
      [ "thread", 200 ]
    ],
	[
      [ "leather", 15 ]
    ],
	[
      [ "kevlar_plate", 5 ]
    ]
]
},{
  "type" : "recipe",
  "result": "crate_motorcycle_drop",
  "category": "CC_OTHER",
  "subcategory": "CSC_OTHER_OTHER",
  "skill_used": "survival",
  "difficulty": 0,
  "time": 10000,
  "reversible": true,
  "autolearn": false,
  "components": [
    [
      [ "2x4", 2 ]
    ],
	[
      [ "paper", 5 ]
    ],
	[
      [ "nail", 12 ]
    ],
	[
      [ "rag", 5 ]
    ],
	[
      [ "wheel_motorbike", 2 ]
    ],
	[
      [ "1cyl_combustion", 1 ]
    ],
	[
      [ "xlframe", 3 ]
    ],
	[
      [ "saddle", 1 ]
    ],
	[
      [ "vehicle_controls", 1 ]
    ],
	[
      [ "battery_motorbike", 1 ]
    ],
	[
      [ "alternator_motorbike", 1 ]
    ],
	[
      [ "recharge_station", 1 ]
    ],
	[
      [ "manual_mechanics", 1 ]
    ]
]
},{
  "type" : "recipe",
  "result": "crate_tools_drop",
  "category": "CC_OTHER",
  "subcategory": "CSC_OTHER_OTHER",
  "skill_used": "survival",
  "difficulty": 0,
  "time": 10000,
  "reversible": true,
  "autolearn": false,
  "components": [
    [
      [ "2x4", 2 ]
    ],
	[
      [ "paper", 5 ]
    ],
	[
      [ "nail", 12 ]
    ],
	[
      [ "rag", 5 ]
    ],
	[
      [ "hammer", 1 ]
    ],
	[
      [ "hotplate", 1 ]
    ],
	[
      [ "soldering_iron", 1 ]
    ],
	[
      [ "solder_wire", 200 ]
    ],
	[
      [ "screwdriver", 1 ]
    ],
	[
      [ "wrench", 1 ]
    ],
	[
      [ "welder", 1 ]
    ],
	[
      [ "chemistry_set", 1 ]
    ],
	[
      [ "goggles_welding", 1 ]
    ],
	[
      [ "hacksaw", 1 ]
    ],
	[
      [ "battery", 500 ]
    ]
  ]
}
]