[
{
  "type" : "recipe",
  "result": "gunpowder",
  "id_suffix": "my_mod",
  "category": "CC_CHEM",
  "subcategory": "CSC_CHEM_OTHER",
  "skill_used": "cooking",
  "difficulty": 3,
  "time": 1000,
  "reversible": false,
  "autolearn": true,
  "qualities":[
    {"id":"CHEM","level":1,"amount":1}
  ],
  "components": [
    [
      [ "Chemical", 20]
    ]
  ]
},{
  "type" : "recipe",
  "result": "zp_bloodpack",
  "id_suffix": "my_mod",
  "category": "CC_CHEM",
  "subcategory": "CSC_CHEM_DRUGS",
  "skill_used": "firstaid",
  "difficulty": 1,
  "time": 1000,
  "reversible": false,
  "autolearn": true,
  "tools": [
    [
      [ "chemistry_set", -1 ]
    ]
  ],
  "components": [
    [
      [ "blood", 5]
    ]
  ]
},{
  "type" : "recipe",
  "result": "zp_promethium",
  "id_suffix": "my_mod",
  "category": "CC_AMMO",
  "subcategory": "CSC_AMMO_OTHER",
  "skill_used": "cooking",
  "difficulty": 3,
  "time": 1000,
  "reversible": false,
  "autolearn": true,
  "qualities":[
    {"id":"CHEM","level":1,"amount":1}
  ],
  "components": [
    [
      [ "Chemical", 10]
    ]
  ]
},{
  "type" : "recipe",
  "result": "gasoline",
  "id_suffix": "my_mod",
  "category": "CC_CHEM",
  "subcategory": "CSC_CHEM_OTHER",
  "skill_used": "cooking",
   "difficulty": 3,
  "time": 1000,
  "reversible": false,
  "autolearn": true,
  "qualities":[
    {"id":"CHEM","level":1,"amount":1}
  ],
  "components": [
    [
      [ "Chemical", 20]
    ]
  ]
},{
  "type" : "recipe",
  "result": "superglue",
  "id_suffix": "my_mod",
  "category": "CC_CHEM",
  "subcategory": "CSC_CHEM_OTHER",
  "skill_used": "cooking",
   "difficulty": 3,
  "time": 1000,
  "reversible": false,
  "autolearn": true,
  "qualities":[
    {"id":"CHEM","level":1,"amount":1}
  ],
  "components": [
    [
      [ "Chemical", 50]
    ]
  ]
},{
  "type" : "recipe",
  "result": "iv_purifier",
  "id_suffix": "my_mod",
  "category": "CC_CHEM",
  "subcategory": "CSC_CHEM_MUTAGEN",
  "skill_used": "firstaid",
   "difficulty": 3,
  "time": 1000,
  "reversible": false,
  "autolearn": true,
  "qualities":[
    {"id":"CHEM","level":1,"amount":1}
  ],
  "components": [
    [
      [ "Chemical", 50]
    ]
  ]
},{
  "type" : "recipe",
  "result": "iv_mutagen",
  "id_suffix": "my_mod",
  "category": "CC_CHEM",
  "subcategory": "CSC_CHEM_MUTAGEN",
  "skill_used": "firstaid",
   "difficulty": 3,
  "time": 1000,
  "reversible": false,
  "autolearn": true,
  "qualities":[
    {"id":"CHEM","level":1,"amount":1}
  ],
  "components": [
    [
      [ "Chemical", 50]
    ]
  ]
},{
  "type" : "recipe",
  "result": "quikclot",
  "id_suffix": "my_mod",
  "category": "CC_CHEM",
  "subcategory": "CSC_CHEM_DRUGS",
  "skill_used": "firstaid",
   "difficulty": 3,
  "time": 1000,
  "reversible": false,
  "autolearn": true,
  "qualities":[
    {"id":"CHEM","level":1,"amount":1}
  ],
  "components": [
    [
      [ "Chemical", 6]
    ]
  ]
},{
  "type" : "recipe",
  "result": "heatpack",
  "id_suffix": "my_mod",
  "category": "CC_CHEM",
  "subcategory": "CSC_CHEM_DRUGS",
  "skill_used": "firstaid",
   "difficulty": 3,
  "time": 1000,
  "reversible": false,
  "autolearn": true,
  "qualities":[
    {"id":"CHEM","level":1,"amount":1}
  ],
  "components": [
    [
      [ "Chemical", 3]
    ],
	[
      [ "rag", 2]
    ]
  ]
},{
  "type" : "recipe",
  "result": "heatpack_used",
  "id_suffix": "my_mod",
  "category": "CC_CHEM",
  "subcategory": "CSC_CHEM_DRUGS",
  "skill_used": "firstaid",
   "difficulty": 3,
  "time": 1000,
  "reversible": true,
  "autolearn": false,
  "components": [
	[
      [ "rag", 2]
    ]
  ]
},{
  "type" : "recipe",
  "result": "inhaler",
  "id_suffix": "my_mod",
  "category": "CC_CHEM",
  "subcategory": "CSC_CHEM_DRUGS",
  "skill_used": "firstaid",
   "difficulty": 3,
  "time": 1000,
  "reversible": false,
  "autolearn": true,
  "qualities":[
    {"id":"CHEM","level":1,"amount":1}
  ],
  "components": [
    [
      [ "Chemical", 1]
    ],
	[
      [ "plastic_chunk", 1]
    ]
  ]
},{
  "type" : "recipe",
  "result": "inhaler",
  "id_suffix": "my_mod_breakdown",
  "category": "CC_CHEM",
  "subcategory": "CSC_CHEM_DRUGS",
  "skill_used": "firstaid",
   "difficulty": 3,
  "time": 1000,
  "reversible": true,
  "autolearn": false,
  "qualities":[
    {"id":"CHEM","level":1,"amount":1}
  ],
  "components": [
	[
      [ "plastic_chunk", 1]
    ]
  ]
},{
  "type" : "recipe",
  "result": "lsd",
  "id_suffix": "my_mod",
  "category": "CC_CHEM",
  "subcategory": "CSC_CHEM_DRUGS",
  "skill_used": "firstaid",
   "difficulty": 3,
  "time": 1000,
  "reversible": false,
  "autolearn": true,
  "qualities":[
    {"id":"CHEM","level":1,"amount":1}
  ],
  "components": [
    [
      [ "Chemical", 5]
    ]
  ]
},{
  "type" : "recipe",
  "result": "saline",
  "id_suffix": "my_mod",
  "category": "CC_CHEM",
  "subcategory": "CSC_CHEM_DRUGS",
  "difficulty": 0,
  "time": 1000,
  "reversible": false,
  "autolearn": true,
  "components": [
    [
      [ "eyedrops", 10],
	  [ "salt_water", 5]
    ]
  ]
},{
  "type" : "recipe",
  "result": "eyedrops",
  "id_suffix": "my_mod_extra",
  "category": "CC_CHEM",
  "subcategory": "CSC_CHEM_DRUGS",
   "difficulty": 0,
  "time": 1000,
  "reversible": false,
  "autolearn": true,
  "components": [
    [
      [ "saline", 5],
	  [ "salt_water", 5]
    ]
  ]
},{
  "type" : "recipe",
  "result": "bleach",
  "id_suffix": "my_mod",
  "category": "CC_CHEM",
  "subcategory": "CSC_CHEM_CHEMICALS",
  "skill_used": "cooking",
   "difficulty": 3,
  "time": 1000,
  "reversible": false,
  "autolearn": true,
  "qualities":[
    {"id":"CHEM","level":1,"amount":1}
  ],
  "components": [
    [
      [ "Chemical", 2]
    ]
  ]
},{
  "type" : "recipe",
  "result": "ammonia",
  "id_suffix": "my_mod",
  "category": "CC_CHEM",
  "subcategory": "CSC_CHEM_CHEMICALS",
  "skill_used": "cooking",
   "difficulty": 3,
  "time": 1000,
  "reversible": false,
  "autolearn": true,
  "qualities":[
    {"id":"CHEM","level":1,"amount":1}
  ],
  "components": [
    [
      [ "Chemical", 2]
    ]
  ]
},{
  "type" : "recipe",
  "result": "fertilizer_liquid",
  "id_suffix": "my_mod",
  "category": "CC_CHEM",
  "subcategory": "CSC_CHEM_CHEMICALS",
  "skill_used": "cooking",
   "difficulty": 3,
  "time": 1000,
  "reversible": false,
  "autolearn": true,
  "qualities":[
    {"id":"CHEM","level":1,"amount":1}
  ],
  "components": [
    [
      [ "Chemical", 1]
    ]
  ]
},{
  "type" : "recipe",
  "result": "water_acid",
  "id_suffix": "my_mod",
  "category": "CC_CHEM",
  "subcategory": "CSC_CHEM_CHEMICALS",
  "skill_used": "cooking",
   "difficulty": 3,
  "time": 1000,
  "reversible": false,
  "autolearn": true,
  "qualities":[
    {"id":"CHEM","level":1,"amount":1}
  ],
  "components": [
    [
      [ "Chemical", 1]
    ]
  ]
},{
  "type" : "recipe",
  "result": "water_acid_weak",
  "id_suffix": "my_mod",
  "category": "CC_CHEM",
  "subcategory": "CSC_CHEM_CHEMICALS",
  "skill_used": "cooking",
   "difficulty": 3,
  "time": 1000,
  "reversible": false,
  "autolearn": true,
  "qualities":[
    {"id":"CHEM","level":1,"amount":1}
  ],
  "components": [
    [
      [ "Chemical", 1]
    ]
  ]
},{
  "type" : "recipe",
  "result": "acid",
  "id_suffix": "my_mod",
  "category": "CC_CHEM",
  "subcategory": "CSC_CHEM_CHEMICALS",
  "skill_used": "cooking",
   "difficulty": 3,
  "time": 1000,
  "reversible": false,
  "autolearn": true,
  "qualities":[
    {"id":"CHEM","level":1,"amount":1}
  ],
  "components": [
    [
      [ "Chemical", 5]
    ]
  ]
},{
  "type" : "recipe",
  "result": "vitamins",
  "id_suffix": "my_mod",
  "category": "CC_CHEM",
  "subcategory": "CSC_CHEM_DRUGS",
  "skill_used": "firstaid",
   "difficulty": 0,
  "time": 1000,
  "reversible": false,
  "autolearn": true,
  "qualities":[
    {"id":"CHEM","level":1,"amount":1}
  ],
  "components": [
    [
      [ "Chemical", 20]
    ]
  ]
},{
  "type" : "recipe",
  "result": "vaccine_shot",
  "id_suffix": "my_mod",
  "category": "CC_CHEM",
  "subcategory": "CSC_CHEM_DRUGS",
  "skill_used": "firstaid",
   "difficulty": 3,
  "time": 1000,
  "reversible": false,
  "autolearn": true,
  "qualities":[
    {"id":"CHEM","level":1,"amount":1}
  ],
  "components": [
    [
      [ "Chemical", 1]
    ]
  ]
},{
  "type" : "recipe",
  "result": "adrenaline_injector",
  "id_suffix": "my_mod",
  "category": "CC_CHEM",
  "subcategory": "CSC_CHEM_DRUGS",
  "skill_used": "firstaid",
   "difficulty": 3,
  "time": 1000,
  "reversible": false,
  "autolearn": true,
  "qualities":[
    {"id":"CHEM","level":1,"amount":1}
  ],
  "components": [
    [
      [ "Chemical", 1]
    ]
  ]
},{
  "type" : "recipe",
  "result": "aspirin",
  "id_suffix": "my_mod",
  "category": "CC_CHEM",
  "subcategory": "CSC_CHEM_DRUGS",
  "skill_used": "firstaid",
   "difficulty": 2,
  "time": 1000,
  "reversible": false,
  "autolearn": true,
  "qualities":[
    {"id":"CHEM","level":1,"amount":1}
  ],
  "components": [
    [
      [ "Chemical", 20]
    ]
  ]
},{
  "type" : "recipe",
  "result": "caffeine",
  "id_suffix": "my_mod",
  "category": "CC_CHEM",
  "subcategory": "CSC_CHEM_DRUGS",
  "skill_used": "firstaid",
   "difficulty": 1,
  "time": 1000,
  "reversible": false,
  "autolearn": true,
  "qualities":[
    {"id":"CHEM","level":1,"amount":1}
  ],
  "components": [
    [
      [ "Chemical", 10]
    ]
  ]
},{
  "type" : "recipe",
  "result": "pills_sleep",
  "id_suffix": "my_mod",
  "category": "CC_CHEM",
  "subcategory": "CSC_CHEM_DRUGS",
  "skill_used": "firstaid",
   "difficulty": 3,
  "time": 1000,
  "reversible": false,
  "autolearn": true,
  "qualities":[
    {"id":"CHEM","level":1,"amount":1}
  ],
  "components": [
    [
      [ "Chemical", 10]
    ]
  ]
},{
  "type" : "recipe",
  "result": "iodine",
  "id_suffix": "my_mod",
  "category": "CC_CHEM",
  "subcategory": "CSC_CHEM_CHEMICALS",
  "skill_used": "cooking",
   "difficulty": 3,
  "time": 1000,
  "reversible": false,
  "autolearn": true,
  "qualities":[
    {"id":"CHEM","level":1,"amount":1}
  ],
  "components": [
    [
      [ "Chemical", 10]
    ]
  ]
},{
  "type" : "recipe",
  "result": "dayquil",
  "id_suffix": "my_mod",
  "category": "CC_CHEM",
  "subcategory": "CSC_CHEM_DRUGS",
  "skill_used": "firstaid",
   "difficulty": 4,
  "time": 1000,
  "reversible": false,
  "autolearn": true,
  "qualities":[
    {"id":"CHEM","level":1,"amount":1}
  ],
  "components": [
    [
      [ "Chemical", 5]
    ]
  ]
},{
  "type" : "recipe",
  "result": "nyquil",
  "id_suffix": "my_mod",
  "category": "CC_CHEM",
  "subcategory": "CSC_CHEM_DRUGS",
  "skill_used": "firstaid",
   "difficulty": 2,
  "time": 1000,
  "reversible": false,
  "autolearn": true,
  "qualities":[
    {"id":"CHEM","level":1,"amount":1}
  ],
  "components": [
    [
      [ "Chemical", 5]
    ]
  ]
},{
  "type" : "recipe",
  "result": "codeine",
  "id_suffix": "my_mod",
  "category": "CC_CHEM",
  "subcategory": "CSC_CHEM_DRUGS",
  "skill_used": "firstaid",
   "difficulty": 3,
  "time": 1000,
  "reversible": false,
  "autolearn": true,
  "qualities":[
    {"id":"CHEM","level":1,"amount":1}
  ],
  "components": [
    [
      [ "Chemical", 10]
    ]
  ]
},{
  "type" : "recipe",
  "result": "oxycodone",
  "id_suffix": "my_mod",
  "category": "CC_CHEM",
  "subcategory": "CSC_CHEM_DRUGS",
  "skill_used": "firstaid",
   "difficulty": 4,
  "time": 1000,
  "reversible": false,
  "autolearn": true,
  "qualities":[
    {"id":"CHEM","level":1,"amount":1}
  ],
  "components": [
    [
      [ "Chemical", 10]
    ]
  ]
},{
  "type" : "recipe",
  "result": "tramadol",
  "id_suffix": "my_mod",
  "category": "CC_CHEM",
  "subcategory": "CSC_CHEM_DRUGS",
  "skill_used": "firstaid",
   "difficulty": 4,
  "time": 1000,
  "reversible": false,
  "autolearn": true,
  "qualities":[
    {"id":"CHEM","level":1,"amount":1}
  ],
  "components": [
    [
      [ "Chemical", 10]
    ]
  ]
},{
  "type" : "recipe",
  "result": "xanax",
  "id_suffix": "my_mod",
  "category": "CC_CHEM",
  "subcategory": "CSC_CHEM_DRUGS",
  "skill_used": "firstaid",
   "difficulty": 5,
  "time": 1000,
  "reversible": false,
  "autolearn": true,
  "qualities":[
    {"id":"CHEM","level":1,"amount":1}
  ],
  "components": [
    [
      [ "Chemical", 10]
    ]
  ]
},{
  "type" : "recipe",
  "result": "adderall",
  "id_suffix": "my_mod",
  "category": "CC_CHEM",
  "subcategory": "CSC_CHEM_DRUGS",
  "skill_used": "firstaid",
   "difficulty": 4,
  "time": 1000,
  "reversible": false,
  "autolearn": true,
  "qualities":[
    {"id":"CHEM","level":1,"amount":1}
  ],
  "components": [
    [
      [ "Chemical", 10]
    ]
  ]
},{
  "type" : "recipe",
  "result": "thorazine",
  "id_suffix": "my_mod",
  "category": "CC_CHEM",
  "subcategory": "CSC_CHEM_DRUGS",
  "skill_used": "firstaid",
   "difficulty": 4,
  "time": 1000,
  "reversible": false,
  "autolearn": true,
  "qualities":[
    {"id":"CHEM","level":1,"amount":1}
  ],
  "components": [
    [
      [ "Chemical", 10]
    ]
  ]
},{
  "type" : "recipe",
  "result": "prozac",
  "id_suffix": "my_mod",
  "category": "CC_CHEM",
  "subcategory": "CSC_CHEM_DRUGS",
  "skill_used": "firstaid",
   "difficulty": 4,
  "time": 1000,
  "reversible": false,
  "autolearn": true,
  "qualities":[
    {"id":"CHEM","level":1,"amount":1}
  ],
  "components": [
    [
      [ "Chemical", 15]
    ]
  ]
},{
  "type" : "recipe",
  "result": "weed",
  "id_suffix": "my_mod",
  "category": "CC_CHEM",
  "subcategory": "CSC_CHEM_DRUGS",
  "skill_used": "firstaid",
   "difficulty": 3,
  "time": 1000,
  "reversible": false,
  "autolearn": true,
  "qualities":[
    {"id":"CHEM","level":1,"amount":1}
  ],
  "components": [
    [
      [ "Chemical", 5]
    ]
  ]
},{
  "type" : "recipe",
  "result": "seed_weed",
  "id_suffix": "my_mod",
  "category": "CC_CHEM",
  "subcategory": "CSC_CHEM_DRUGS",
  "skill_used": "firstaid",
   "difficulty": 2,
  "time": 1000,
  "reversible": false,
  "autolearn": true,
  "qualities":[
    {"id":"CHEM","level":1,"amount":1}
  ],
  "components": [
    [
      [ "Chemical", 1]
    ]
  ]
},{
  "type" : "recipe",
  "result": "coke",
  "id_suffix": "my_mod",
  "category": "CC_CHEM",
  "subcategory": "CSC_CHEM_DRUGS",
  "skill_used": "firstaid",
   "difficulty": 5,
  "time": 1000,
  "reversible": false,
  "autolearn": true,
  "qualities":[
    {"id":"CHEM","level":1,"amount":1}
  ],
  "components": [
    [
      [ "Chemical", 8]
    ]
  ]
},{
  "type" : "recipe",
  "result": "meth",
  "id_suffix": "my_mod",
  "category": "CC_CHEM",
  "subcategory": "CSC_CHEM_DRUGS",
  "skill_used": "cooking",
   "difficulty": 3,
  "time": 1000,
  "reversible": false,
  "autolearn": true,
  "qualities":[
    {"id":"CHEM","level":1,"amount":1}
  ],
  "components": [
    [
      [ "Chemical", 6]
    ]
  ]
},{
  "type" : "recipe",
  "result": "heroin",
  "id_suffix": "my_mod",
  "category": "CC_CHEM",
  "subcategory": "CSC_CHEM_DRUGS",
  "skill_used": "firstaid",
   "difficulty": 5,
  "time": 1000,
  "reversible": false,
  "autolearn": true,
  "qualities":[
    {"id":"CHEM","level":1,"amount":1}
  ],
  "components": [
    [
      [ "Chemical", 4]
    ]
  ]
},{
  "type" : "recipe",
  "result": "antibiotics",
  "id_suffix": "my_mod",
  "category": "CC_CHEM",
  "subcategory": "CSC_CHEM_DRUGS",
  "skill_used": "firstaid",
   "difficulty": 3,
  "time": 1000,
  "reversible": false,
  "autolearn": true,
  "qualities":[
    {"id":"CHEM","level":1,"amount":1}
  ],
  "components": [
    [
      [ "Chemical", 15]
    ]
  ]
},{
  "type" : "recipe",
  "result": "fungicide",
  "id_suffix": "my_mod",
  "category": "CC_CHEM",
  "subcategory": "CSC_CHEM_CHEMICALS",
  "skill_used": "firstaid",
   "difficulty": 2,
  "time": 1000,
  "reversible": false,
  "autolearn": true,
  "qualities":[
    {"id":"CHEM","level":1,"amount":1}
  ],
  "components": [
    [
      [ "Chemical", 10]
    ]
  ]
},{
  "type" : "recipe",
  "result": "antifungal",
  "id_suffix": "my_mod",
  "category": "CC_CHEM",
  "subcategory": "CSC_CHEM_DRUGS",
  "skill_used": "firstaid",
   "difficulty": 3,
  "time": 1000,
  "reversible": false,
  "autolearn": true,
  "qualities":[
    {"id":"CHEM","level":1,"amount":1}
  ],
  "components": [
    [
      [ "Chemical", 5]
    ]
  ]
},{
  "type" : "recipe",
  "result": "antiparasitic",
  "id_suffix": "my_mod",
  "category": "CC_CHEM",
  "subcategory": "CSC_CHEM_DRUGS",
  "skill_used": "firstaid",
   "difficulty": 4,
  "time": 1000,
  "reversible": false,
  "autolearn": true,
  "qualities":[
    {"id":"CHEM","level":1,"amount":1}
  ],
  "components": [
    [
      [ "Chemical", 5]
    ]
  ]
},{
  "type" : "recipe",
  "result": "crack",
  "id_suffix": "my_mod",
  "category": "CC_CHEM",
  "subcategory": "CSC_CHEM_DRUGS",
  "skill_used": "firstaid",
   "difficulty": 4,
  "time": 1000,
  "reversible": false,
  "autolearn": true,
  "qualities":[
    {"id":"CHEM","level":1,"amount":1}
  ],
  "components": [
    [
      [ "Chemical", 4]
    ]
  ]
},{
  "type" : "recipe",
  "result": "disinfectant",
  "id_suffix": "my_mod",
  "category": "CC_CHEM",
  "subcategory": "CSC_CHEM_CHEMICALS",
  "skill_used": "cooking",
   "difficulty": 3,
  "time": 1000,
  "reversible": false,
  "autolearn": true,
  "qualities":[
    {"id":"CHEM","level":1,"amount":1}
  ],
  "components": [
    [
      [ "Chemical", 2]
    ]
  ]
},{
  "type" : "recipe",
  "result": "charcoal",
  "id_suffix": "my_mod",
  "category": "CC_CHEM",
  "subcategory": "CSC_CHEM_DRUGS",
  "skill_used": "survival",
   "difficulty": 0,
  "time": 1000,
  "reversible": false,
  "autolearn": true,
  "tools": [
    [
      [ "hotplate", 2 ],
      [ "char_smoker", 1 ],
      [ "toolset", 1 ],
      [ "fire", -1 ]
    ]
  ],
  "components": [
    [
      [ "Chemical", 10]
    ]
  ]
},{
  "type" : "recipe",
  "result": "ampoule",
  "id_suffix": "my_mod",
  "category": "CC_CHEM",
  "subcategory": "CSC_CHEM_DRUGS",
  "skill_used": "firstaid",
   "difficulty": 4,
  "time": 1000,
  "reversible": false,
  "autolearn": true,
  "qualities":[
    {"id":"CHEM","level":1,"amount":1}
  ],
  "components": [
    [
      [ "Chemical", 10]
    ]
  ]
},{
  "type" : "recipe",
  "result": "cig",
  "id_suffix": "my_mod",
  "category": "CC_CHEM",
  "subcategory": "CSC_CHEM_DRUGS",
  "skill_used": "survival",
   "difficulty": 1,
  "time": 1000,
  "reversible": true,
  "autolearn": true,
  "components": [
    [
      [ "chaw", 10]
	],
	[
	  [ "paper", 5]
    ]
  ]
},{
  "type" : "recipe",
  "result": "cigar",
  "id_suffix": "my_mod",
  "category": "CC_CHEM",
  "subcategory": "CSC_CHEM_DRUGS",
  "skill_used": "survival",
   "difficulty": 1,
  "time": 1000,
  "reversible": true,
  "autolearn": true,
  "components": [
    [
      [ "chaw", 20]
    ]
  ]
},{
  "type" : "recipe",
  "result": "chaw",
  "id_suffix": "my_mod",
  "category": "CC_CHEM",
  "subcategory": "CSC_CHEM_DRUGS",
  "skill_used": "cooking",
   "difficulty": 3,
  "time": 1000,
  "reversible": false,
  "autolearn": true,
  "qualities":[
    {"id":"CHEM","level":1,"amount":1}
  ],
  "components": [
    [
      [ "Chemical", 10]
    ]
  ]
},{
  "type" : "recipe",
  "result": "zp_lifesaver",
  "id_suffix": "my_mod",
  "category": "CC_CHEM",
  "subcategory": "CSC_CHEM_DRUGS",
  "skill_used": "cooking",
   "difficulty": 3,
  "time": 1000,
  "reversible": false,
  "autolearn": true,
  "qualities":[
    {"id":"CHEM","level":1,"amount":1}
  ],
  "components": [
    [
      [ "Chemical", 10]
    ]
  ]
},{
  "type" : "recipe",
  "result": "lye_powder",
  "id_suffix": "my_mod",
  "category": "CC_CHEM",
  "subcategory": "CSC_CHEM_CHEMICALS",
  "skill_used": "cooking",
   "difficulty": 3,
  "time": 1000,
  "reversible": false,
  "autolearn": true,
  "qualities":[
    {"id":"CHEM","level":1,"amount":1}
  ],
  "components": [
    [
      [ "Chemical", 20]
    ]
  ]
},{
  "type" : "recipe",
  "result": "Chemical",
  "id_suffix": "my_mod",
  "category": "CC_CHEM",
  "subcategory": "CSC_CHEM_CHEMICALS",
  "skill_used": "cooking",
   "difficulty": 2,
  "time": 1000,
  "reversible": false,
  "autolearn": true,
  "qualities":[
    {"id":"CHEM","level":1,"amount":1}
  ],
  "components": [
	[
      [ "bleach", 5],
	  [ "ammonia", 5],
	  [ "lye_powder", 50],
	  [ "fertilizer_liquid", 5],
	  [ "water_acid", 5],
	  [ "water_acid_weak", 5],
	  [ "acid", 5],
	  [ "mutagen", 5],
	  [ "purifier", 5],
	  [ "vitamins", 5],
	  [ "vaccine_shot", 5],
	  [ "adrenaline_injector", 5],
	  [ "aspirin", 5],
	  [ "caffeine", 5],
	  [ "pills_sleep", 5],
	  [ "iodine", 5],
	  [ "dayquil", 5],
	  [ "nyquil", 5],
	  [ "codeine", 5],
	  [ "oxycodone", 5],
	  [ "tramadol", 5],
	  [ "xanax", 5],
	  [ "adderall", 5],
	  [ "thorazine", 5],
	  [ "prozac", 5],
	  [ "weed", 5],
	  [ "seed_weed", 5],
	  [ "coke", 5],
	  [ "meth", 5],
	  [ "heroin", 5],
	  [ "antibiotics", 5],
	  [ "fungicide", 5],
	  [ "antifungal", 5],
	  [ "antiparasitic", 5],
	  [ "poppy_sleep", 5],
	  [ "poppy_pain", 5],
	  [ "poppy_flower", 10],
	  [ "poppy_bud", 10],
	  [ "crack", 5],
	  [ "disinfectant", 5],
	  [ "quikclot", 5],
	  [ "lsd", 5],
	  [ "saline", 5],
	  [ "eyedrops", 10],
	  [ "ampoule", 1],
	  [ "superglue", 5],
	  [ "gasoline", 50],
	  [ "gunpowder", 50],
	  [ "water", 50],
	  [ "salt_water", 5],
	  [ "salt", 5],
	  [ "heatpack_used", 2],
	  [ "whiskey", 1],
	  [ "wine_riesling", 1],
	  [ "wine_chardonnay", 1],
	  [ "wine_cabernet", 1],
	  [ "wine_noir", 1],
	  [ "vodka", 1],
	  [ "gin", 1],
	  [ "rum", 1],
	  [ "tequila", 1],
	  [ "triple_sec", 1],
	  [ "charcoal", 5],
	  [ "bum_wine", 1]
    ]
  ]
}
]
