[
  {
    "type": "monstergroup",
    "name": "GROUP_DMBBSECRO_SWARMER1",
    "default": "mon_null",
    "monsters": [
      { "monster": "mon_zombie_swarmer_weak", "freq": 200, "cost_multiplier": 0 },
      { "monster": "mon_zombie_swarmer_moderate", "freq": 100, "cost_multiplier": 0 },
      { "monster": "mon_zombie_swarmer_strong", "freq": 50, "cost_multiplier": 0 },
      { "monster": "mon_zombie_swarmer_evo_hungry", "freq": 25, "cost_multiplier": 0 },
      { "monster": "mon_zombie_swarmer_evo_starving", "freq": 25, "cost_multiplier": 0 },
      { "monster": "mon_zombie_swarmer_evo_savage", "freq": 13, "cost_multiplier": 0 },
      { "monster": "mon_zombie_swarmer_evo_virulent", "freq": 12, "cost_multiplier": 0 }
    ]
  },
  {
    "type": "monstergroup",
    "name": "GROUP_DMBBSECRO_ENIGMA1",
    "default": "mon_null",
    "monsters": [
      { "monster": "mon_ayenel", "freq": 50, "cost_multiplier": 0 },
      { "monster": "mon_maneater", "freq": 100, "cost_multiplier": 0 },
      { "monster": "mon_shifter", "freq": 10, "cost_multiplier": 0 }
    ]
  },
  {
    "type": "mapgen",
    "method": "json",
    "update_mapgen_id": "dmbb_orb_wave_secro_swa1",
    "object": { "place_monsters": [ { "monster": "GROUP_DMBBSECRO_SWARMER1", "x": [ 1, 21 ], "y": [ 1, 21 ], "density": 0.4 } ] }
  },
  {
    "type": "mapgen",
    "method": "json",
    "update_mapgen_id": "dmbb_orb_wave_secro_sad1",
    "object": { "place_monsters": [ { "monster": "GROUP_SADDLER", "x": [ 1, 21 ], "y": [ 1, 21 ], "density": 0.3 } ] }
  },
  {
    "type": "mapgen",
    "method": "json",
    "update_mapgen_id": "dmbb_orb_wave_secro_fbs1",
    "object": { "place_monsters": [ { "monster": "GROUP_SECROLAB_SPECIMENS", "x": [ 1, 21 ], "y": [ 1, 21 ], "density": 0.2 } ] }
  },
  {
    "type": "mapgen",
    "method": "json",
    "update_mapgen_id": "dmbb_orb_wave_secro_car1",
    "object": { "place_monsters": [ { "monster": "GROUP_CARRIONS", "x": [ 1, 21 ], "y": [ 1, 21 ], "density": 0.2 } ] }
  },
  {
    "type": "mapgen",
    "method": "json",
    "update_mapgen_id": "dmbb_orb_wave_secro_vec1",
    "object": { "place_monsters": [ { "monster": "GROUP_VECTORS", "x": [ 1, 21 ], "y": [ 1, 21 ], "density": 0.2 } ] }
  },
  {
    "type": "mapgen",
    "method": "json",
    "update_mapgen_id": "dmbb_orb_wave_secro_eni1",
    "object": { "place_monsters": [ { "monster": "GROUP_DMBBSECRO_ENIGMA1", "x": [ 1, 21 ], "y": [ 1, 21 ], "density": 0.3 } ] }
  },
  {
    "type": "mapgen",
    "method": "json",
    "update_mapgen_id": "dmbb_orb_wave_secro_cms1",
    "object": { "place_monster": [ { "monster": "mon_zombie_equinox", "x": [ 1, 21 ], "y": [ 1, 21 ] }, { "monster": "mon_zombie_fleshysnaky", "x": [ 1, 21 ], "y": [ 1, 21 ] }, { "monster": "mon_zombie_gorepit", "x": [ 1, 21 ], "y": [ 1, 21 ] } ] }
  }
]