[
    {
        "type" : "overmap_special",
        "id" : "Crater",
        "overmaps" : [
            { "point":[0,0,0], "overmap": "crater"}
        ],
        "locations" : [ "wilderness", "swamp" ],
        "occurrences" : [0, 1],
        "flags" : [ "BLOB", "CLASSIC" ]
    },{
        "type" : "overmap_special",
        "id" : "Lake",
        "overmaps" : [
            { "point":[0,0,0], "overmap": "river_center"}
        ],
        "locations" : [ "wilderness" ],
        "city_distance" : [10, -1],
        "city_sizes" : [1, 20],
        "occurrences" : [0, 1],
        "rotate" : false,
        "flags" : [ "BLOB", "CLASSIC" ]
    },{
        "type" : "overmap_special",
        "id" : "Hotel",
        "overmaps" : [
            { "point":[0,0,0], "overmap": "hotel_tower_1_3_north"},
            { "point":[1,0,0], "overmap": "hotel_tower_1_2_north"},
            { "point":[2,0,0], "overmap": "hotel_tower_1_1_north"},
            { "point":[0,1,0], "overmap": "hotel_tower_1_6_north"},
            { "point":[1,1,0], "overmap": "hotel_tower_1_5_north"},
            { "point":[2,1,0], "overmap": "hotel_tower_1_4_north"},
            { "point":[0,2,0], "overmap": "hotel_tower_1_9_north"},
            { "point":[1,2,0], "overmap": "hotel_tower_1_8_north"},
            { "point":[2,2,0], "overmap": "hotel_tower_1_7_north"},
            { "point":[0,2,-1], "overmap": "hotel_tower_b_3_north"},
            { "point":[1,2,-1], "overmap": "hotel_tower_b_2_north"},
            { "point":[2,2,-1], "overmap": "hotel_tower_b_1_north"}
        ],
        "connections" : [
            { "point" : [1,-1,0], "terrain" : "road" }
        ],
        "locations" : [ "wilderness" ], "//":"what special locations does it spawn",
        "city_distance" : [-1, 15], "//":"how far from a city it should be",
        "city_sizes" : [1, 20], "//":"what city sizes should it spawn in",
        "occurrences" : [0, 1], "//":"how many per overmap",
        "flags" : [ "CLASSIC" ]
},{
        "type" : "overmap_special",
        "id" : "Motel",
        "overmaps" : [
            { "point":[0,0,0], "overmap": "motel_entrance_north"},
            { "point":[-1,0,0], "overmap": "motel_1_north"},
            { "point":[-1,1,0], "overmap": "motel_2_north"},
            { "point":[0,1,0], "overmap": "motel_3_north"}
        ],
        "connections" : [
            { "point" : [0,-1,0], "terrain" : "road", "existing" : true }
        ],
        "locations" : [ "land", "swamp" ],
        "city_distance" : [10, -1],
        "city_sizes" : [1, 20],
        "occurrences" : [0, 1],
        "flags" : [ "CLASSIC" ]
},{
        "type" : "overmap_special",
        "id" : "farm_abandoned",
        "overmaps" : [
            { "point":[1,0,0], "overmap": "car_corner_aban1_north"},
            { "point":[0,0,0], "overmap": "cabin_aban1_north"},
            { "point":[1,-1,0], "overmap": "barn_aban1_north"},
            { "point":[0,-1,0], "overmap": "dirtplaza_aban1_north"},
            { "point":[0,-2,0], "overmap": "dirtroad2_aban1_north"},
            { "point":[0,-3,0], "overmap": "dirtroad2_aban1_north"},
            { "point":[-1,-5,0], "overmap": "radio_tower"},
            { "point":[0,-4,0], "overmap": "dirtroad1_aban1_north"},
            { "point":[2,0,0], "overmap": "forest_aban1_north"},
            { "point":[1,1,0], "overmap": "forest_aban1_north"},
            { "point":[0,1,0], "overmap": "forest_aban1_north"},
            { "point":[2,-1,0], "overmap": "forest_aban1_north"},
            { "point":[-1,-1,0], "overmap": "forest_aban1_north"},
            { "point":[-1,-2,0], "overmap": "forest_aban1_north"},
            { "point":[-1,-3,0], "overmap": "forest_aban1_north"},
            { "point":[-1,-4,0], "overmap": "forest_aban1_north"},
            { "point":[1,-2,0], "overmap": "forest_aban1_north"},
            { "point":[1,-3,0], "overmap": "forest_aban1_north"},
            { "point":[1,-4,0], "overmap": "forest_aban1_north"}
        ],
        "connections" : [
            { "point" : [-1,-6,0], "terrain" : "road" },
            { "point" : [0,-5,0], "terrain" : "road" }
        ],
        "locations" : [ "forest" ],
        "city_sizes" : [1, 20],
        "occurrences" : [0, 1],
        "flags" : [ "CLASSIC" ]
    },{
        "type" : "overmap_special",
        "id" : "Shipwreck",
        "overmaps" : [
            { "point":[0,0,0], "overmap": "shipwreck_river_1"},
            { "point":[1,0,0], "overmap": "shipwreck_river_2"},
            { "point":[0,0,-1], "overmap": "shipwreck_river_3"},
            { "point":[1,0,-1], "overmap": "shipwreck_river_4"}
        ],
        "locations" : [ "water" ],
        "city_sizes" : [1, 20],
        "occurrences" : [0, 1],
        "spawns" : { "group" : "GROUP_RAZORCLAW", "population":[30,60], "radius":[2, 10] }
    },{
        "type" : "overmap_special",
        "id" : "LMOE Shelter",
        "overmaps" : [
            { "point":[0,0,0], "overmap": "lmoe"},
            { "point":[0,0,-1], "overmap": "lmoe_under"}
        ],
        "locations" : [ "wilderness", "swamp" ],
        "city_distance" : [20, -1],
        "city_sizes" : [1, 20],
        "occurrences" : [1, 2],
        "rotate" : false,
        "flags" : [ "CLASSIC" ]
    },{
        "type" : "overmap_special",
        "id" : "Sewage Treatment Plant",
        "overmaps" : [
            { "point":[0,0,0], "overmap": "s_lot"},
            { "point":[0,1,0], "overmap": "sewage_treatment"},
            { "point":[0,1,-1], "overmap": "sewage_treatment_hub"},
            { "point":[0,0,-1], "overmap": "sewage_treatment_under"},
            { "point":[-1,0,-1], "overmap": "sewage_treatment_under"},
            { "point":[1,0,-1], "overmap": "sewage_treatment_under"},
            { "point":[-1,1,-1], "overmap": "sewage_treatment_under"},
            { "point":[1,1,-1], "overmap": "sewage_treatment_under"},
            { "point":[-1,2,-1], "overmap": "sewage_treatment_under"},
            { "point":[0,2,-1], "overmap": "sewage_treatment_under"},
            { "point":[1,2,-1], "overmap": "sewage_treatment_under"}
        ],
        "connections" : [
            { "point" : [0,-1,0], "terrain" : "road" }
        ],
        "locations" : [ "wilderness", "swamp" ],
        "city_distance" : [3, 20],
        "city_sizes" : [1, 20],
        "occurrences" : [0, 1],
        "rotate" : false,
        "flags" : [ "CLASSIC" ]
    },{
        "type" : "overmap_special",
        "id" : "Bee Hive",
        "overmaps" : [
            { "point":[0,0,0], "overmap": "hive"},
            { "point":[0,1,0], "overmap": "hive"},
            { "point":[0,2,0], "overmap": "hive"},
            { "point":[1,0,0], "overmap": "hive"},
            { "point":[1,1,0], "overmap": "hive"},
            { "point":[1,2,0], "overmap": "hive"},
            { "point":[2,0,0], "overmap": "hive"},
            { "point":[2,1,0], "overmap": "hive"},
            { "point":[2,2,0], "overmap": "hive"}
        ],
        "locations" : [ "forest" ],
        "city_distance" : [25, -1],
        "city_sizes" : [1, 20],
        "occurrences" : [0, 1],
        "rotate" : false,
        "spawns" : { "group" : "GROUP_BEE", "population":[200,600], "radius":[15,30] }
    },{
        "type" : "overmap_special",
        "id" : "Rural Gas Station",
        "overmaps" : [
            { "point":[0,0,0], "overmap": "s_gas_rural_north" }
        ],
        "connections" : [
            { "point" : [0,-1,0], "terrain" : "road", "existing" : true }
        ],
        "locations" : [ "land", "swamp" ],
        "city_distance" : [15, -1],
        "city_sizes" : [1, 20],
        "occurrences" : [1, 2],
        "flags" : [ "CLASSIC" ]
    },{
        "type" : "overmap_special",
        "id" : "Gas Station",
        "overmaps" : [
            { "point":[0,0,0], "overmap": "s_gas_north" }
        ],
        "connections" : [
            { "point" : [0,-1,0], "terrain" : "road", "existing" : true }
        ],
        "locations" : [ "land", "swamp" ],
        "city_distance" : [5, -1],
        "city_sizes" : [1, 20],
        "occurrences" : [0, 1],
        "flags" : [ "CLASSIC" ]
    },{
        "type" : "overmap_special",
        "id" : "Cabin",
        "overmaps" : [
            { "point":[0,0,0], "overmap": "cabin"}
        ],
        "locations" : [ "forest" ],
        "city_distance" : [20, -1],
        "city_sizes" : [1, 20],
        "occurrences" : [1, 2],
        "rotate" : false,
        "flags" : [ "CLASSIC" ]
    },{
        "type" : "overmap_special",
        "id" : "Strange Cabin",
        "overmaps" : [
            { "point":[0,0,0], "overmap": "cabin_strange"},
            { "point":[0,0,-1], "overmap": "cabin_strange_b"}
        ],
        "locations" : [ "forest" ],
        "city_distance" : [20, -1],
        "city_sizes" : [1, 20],
        "occurrences" : [1, 1],
        "rotate" : false,
        "flags" : [ "CLASSIC" ]
    },{
        "type" : "overmap_special",
        "id" : "Farm",
        "overmaps" : [
            { "point":[0,0,0], "overmap": "farm_field"},
            { "point":[1,0,0], "overmap": "farm"},
            { "point":[2,0,0], "overmap": "farm_field"},
            { "point":[0,1,0], "overmap": "farm_field"},
            { "point":[1,1,0], "overmap": "farm_field"},
            { "point":[2,1,0], "overmap": "farm_field"},
            { "point":[0,2,0], "overmap": "farm_field"},
            { "point":[1,2,0], "overmap": "farm_field"},
            { "point":[2,2,0], "overmap": "farm_field"}
        ],
        "connections" : [
            { "point" : [1,-1,0], "terrain" : "road" }
        ],
        "locations" : [ "wilderness" ],
        "city_distance" : [20, -1],
        "city_sizes" : [1, 20],
        "occurrences" : [1, 2],
        "rotate" : false,
        "flags" : [ "CLASSIC" ]
    },{
        "type" : "overmap_special",
        "id" : "Strangle Temple",
        "overmaps" : [
            { "point":[0,0,0], "overmap": "temple_stairs"},
            { "point":[0,0,-1], "overmap": "temple_stairs"},
            { "point":[0,0,-2], "overmap": "temple_stairs"},
            { "point":[0,0,-3], "overmap": "temple_stairs"},
            { "point":[0,0,-4], "overmap": "temple_stairs"},
            { "point":[0,0,-5], "overmap": "temple_finale"}
        ],
        "locations" : [ "forest", "swamp" ],
        "city_distance" : [20, -1],
        "city_sizes" : [1, 20],
        "occurrences" : [0, 1],
        "rotate" : false
    },{
        "type" : "overmap_special",
        "id" : "Lab",
        "overmaps" : [
            { "point":[0,0,0], "overmap": "lab_stairs"}
        ],
        "connections" : [
            { "point" : [0,-1,0], "terrain" : "road" }
        ],
        "locations" : [ "wilderness", "swamp" ],
        "city_distance" : [20, -1],
        "city_sizes" : [1, 20],
        "occurrences" : [0, 1]
    },{
        "type" : "overmap_special",
        "id" : "Ice Lab",
        "overmaps" : [
            { "point":[0,0,0], "overmap": "ice_lab_stairs"}
        ],
        "connections" : [
            { "point" : [0,-1,0], "terrain" : "road" }
        ],
        "locations" : [ "wilderness", "swamp" ],
        "city_distance" : [20, -1],
        "city_sizes" : [1, 20],
        "occurrences" : [0, 1]
    },{
        "type" : "overmap_special",
        "id" : "FEMA Camp",
        "overmaps" : [
            { "point":[0,0,0], "overmap": "fema"},
            { "point":[1,0,0], "overmap": "fema_entrance"},
            { "point":[2,0,0], "overmap": "fema"},
            { "point":[0,1,0], "overmap": "fema"},
            { "point":[1,1,0], "overmap": "fema"},
            { "point":[2,1,0], "overmap": "fema"},
            { "point":[0,2,0], "overmap": "fema"},
            { "point":[1,2,0], "overmap": "fema"},
            { "point":[2,2,0], "overmap": "fema"}
        ],
        "connections" : [
            { "point" : [0,-1,0], "terrain" : "road" }
        ],
        "locations" : [ "field" ],
        "city_distance" : [10, -1],
        "city_sizes" : [1, 20],
        "occurrences" : [0, 1],
        "flags" : [ "CLASSIC" ]
    },{
        "type" : "overmap_special",
        "id" : "Military Bunker",
        "overmaps" : [
            { "point":[0,0,0], "overmap": "bunker"},
            { "point":[0,0,-1], "overmap": "bunker"}
        ],
        "connections" : [
            { "point" : [0,-1,0], "terrain" : "road" }
        ],
        "locations" : [ "wilderness", "swamp" ],
        "city_distance" : [5, -1],
        "city_sizes" : [1, 20],
        "occurrences" : [0, 1]
    },{
        "type" : "overmap_special",
        "id" : "Military Outpost",
        "overmaps" : [
            { "point":[0,0,0], "overmap": "outpost"}
        ],
        "locations" : [ "wilderness", "swamp" ],
        "city_distance" : [10, -1],
        "city_sizes" : [1, 20],
        "occurrences" : [0, 2],
        "rotate" : false
    },{
        "type" : "overmap_special",
        "id" : "Missile Silo",
        "overmaps" : [
            { "point":[0,0,0], "overmap": "silo"}
        ],
        "connections" : [
            { "point" : [0,-1,0], "terrain" : "road" }
        ],
        "locations" : [ "wilderness" ],
        "city_distance" : [30, -1],
        "city_sizes" : [1, 20],
        "occurrences" : [1, 1]
    },{
        "type" : "overmap_special",
        "id" : "Radio Tower",
        "overmaps" : [
            { "point":[0,0,0], "overmap": "radio_tower"}
        ],
        "connections" : [
            { "point" : [0,-1,0], "terrain" : "road" }
        ],
        "locations" : [ "wilderness" ],
        "city_distance" : [5, 40],
        "city_sizes" : [1, 20],
        "occurrences" : [0, 1],
        "flags" : [ "CLASSIC" ]
    },{
        "type" : "overmap_special",
        "id" : "Mansion_Road",
        "overmaps" : [
            { "point":[0,0,0], "overmap": "mansion"},
            { "point":[1,0,0], "overmap": "mansion_entrance"},
            { "point":[2,0,0], "overmap": "mansion"},
            { "point":[0,1,0], "overmap": "mansion"},
            { "point":[1,1,0], "overmap": "mansion"},
            { "point":[2,1,0], "overmap": "mansion"},
            { "point":[0,2,0], "overmap": "mansion"},
            { "point":[1,2,0], "overmap": "mansion"},
            { "point":[2,2,0], "overmap": "mansion"}
        ],
        "connections" : [
            { "point" : [1,-1,0], "terrain" : "road" }
        ],
        "locations" : [ "wilderness", "swamp" ],
        "city_sizes" : [1, 20],
        "occurrences" : [0, 1],
        "flags" : [ "CLASSIC" ]
    },{
        "type" : "overmap_special",
        "id" : "Mansion_Wild",
        "overmaps" : [
            { "point":[0,0,0], "overmap": "mansion"},
            { "point":[1,0,0], "overmap": "mansion_entrance"},
            { "point":[2,0,0], "overmap": "mansion"},
            { "point":[0,1,0], "overmap": "mansion"},
            { "point":[1,1,0], "overmap": "mansion"},
            { "point":[2,1,0], "overmap": "mansion"},
            { "point":[0,2,0], "overmap": "mansion"},
            { "point":[1,2,0], "overmap": "mansion"},
            { "point":[2,2,0], "overmap": "mansion"}
        ],
        "locations" : [ "field" ],
        "city_distance" : [10, -1],
        "city_sizes" : [1, 20],
        "occurrences" : [0, 1],
        "flags" : [ "CLASSIC" ]
    },{
        "type" : "overmap_special",
        "id" : "Megastore",
        "overmaps" : [
            { "point":[0,0,0], "overmap": "megastore"},
            { "point":[1,0,0], "overmap": "megastore_entrance"},
            { "point":[2,0,0], "overmap": "megastore"},
            { "point":[0,1,0], "overmap": "megastore"},
            { "point":[1,1,0], "overmap": "megastore"},
            { "point":[2,1,0], "overmap": "megastore"},
            { "point":[0,2,0], "overmap": "megastore"},
            { "point":[1,2,0], "overmap": "megastore"},
            { "point":[2,2,0], "overmap": "megastore"}
        ],
        "connections" : [
            { "point" : [1,-1,0], "terrain" : "road" }
        ],
        "locations" : [ "wilderness" ],
        "city_distance" : [0, 15],
        "city_sizes" : [1, 20],
        "occurrences" : [0, 1],
        "flags" : [ "CLASSIC" ]
    },{
        "type" : "overmap_special",
        "id" : "Hospital",
        "overmaps" : [
            { "point":[0,0,0], "overmap": "hospital"},
            { "point":[1,0,0], "overmap": "hospital_entrance"},
            { "point":[2,0,0], "overmap": "hospital"},
            { "point":[0,1,0], "overmap": "hospital"},
            { "point":[1,1,0], "overmap": "hospital"},
            { "point":[2,1,0], "overmap": "hospital"},
            { "point":[0,2,0], "overmap": "hospital"},
            { "point":[1,2,0], "overmap": "hospital"},
            { "point":[2,2,0], "overmap": "hospital"}
        ],
        "connections" : [
            { "point" : [1,-1,0], "terrain" : "road" }
        ],
        "locations" : [ "wilderness" ],
        "city_distance" : [1, 15],
        "city_sizes" : [1, 20],
        "occurrences" : [0, 1],
        "flags" : [ "CLASSIC" ]
    },{
        "type" : "overmap_special",
        "id" : "Public Works",
        "overmaps" : [
            { "point":[0,0,0], "overmap": "public_works"},
            { "point":[1,0,0], "overmap": "public_works_entrance"},
            { "point":[0,1,0], "overmap": "public_works"},
            { "point":[1,1,0], "overmap": "public_works"}
        ],
        "connections" : [
            { "point" : [1,-1,0], "terrain" : "road" }
        ],
        "locations" : [ "wilderness", "swamp" ],
        "city_distance" : [3, 20],
        "city_sizes" : [1, 20],
        "occurrences" : [0, 1],
        "flags" : [ "CLASSIC" ]
    },{
        "type" : "overmap_special",
        "id" : "Apartments_Con",
        "overmaps" : [
            { "point":[0,0,0], "overmap": "apartments_con_tower_NW_north"},
            { "point":[1,0,0], "overmap": "apartments_con_tower_NE_north"},
            { "point":[0,1,0], "overmap": "apartments_con_tower_SW_north"},
            { "point":[1,1,0], "overmap": "apartments_con_tower_SE_north"}
        ],
        "connections" : [
            { "point" : [0,2,0], "terrain" : "road" },
            { "point" : [1,2,0], "terrain" : "road" }
        ],
        "locations" : [ "wilderness" ],
        "city_distance" : [-1, 5],
        "city_sizes" : [1, 20],
        "occurrences" : [0, 1],
        "flags" : [ "CLASSIC" ]
    },{
        "type" : "overmap_special",
        "id" : "Apartments_Mod",
        "overmaps" : [
            { "point":[0,0,0], "overmap": "apartments_mod_tower_1"},
            { "point":[1,0,0], "overmap": "apartments_mod_tower_1_entrance"},
            { "point":[0,1,0], "overmap": "apartments_mod_tower_1"},
            { "point":[1,1,0], "overmap": "apartments_mod_tower_1"}
        ],
        "connections" : [
            { "point" : [0,-1,0], "terrain" : "road" },
            { "point" : [1,-1,0], "terrain" : "road" }
        ],
        "locations" : [ "wilderness" ],
        "city_distance" : [-1, 5],
        "city_sizes" : [1, 20],
        "occurrences" : [0, 1],
        "flags" : [ "CLASSIC" ]
    },{
        "type" : "overmap_special",
        "id" : "Office Tower",
        "overmaps" : [
            { "point":[0,0,0], "overmap": "office_tower_1"},
            { "point":[1,0,0], "overmap": "office_tower_1_entrance"},
            { "point":[0,1,0], "overmap": "office_tower_1"},
            { "point":[1,1,0], "overmap": "office_tower_1"},
            { "point":[0,0,-1], "overmap": "office_tower_b"},
            { "point":[1,0,-1], "overmap": "office_tower_b_entrance"},
            { "point":[0,1,-1], "overmap": "office_tower_b"},
            { "point":[1,1,-1], "overmap": "office_tower_b"}
        ],
        "connections" : [
            { "point" : [0,-1,0], "terrain" : "road" },
            { "point" : [1,-1,0], "terrain" : "road" }
        ],
        "locations" : [ "wilderness" ],
        "city_distance" : [-1, 7],
        "city_sizes" : [1, 20],
        "occurrences" : [0, 1],
        "flags" : [ "CLASSIC" ]
    },{
        "type" : "overmap_special",
        "id" : "Office_Tower_2.0",
        "overmaps" : [
            { "point":[-2,0,0], "overmap": "office_tower_2_a1_north"},
            { "point":[-1,0,0], "overmap": "office_tower_2_a2_north"},
            { "point":[0,0,0], "overmap": "office_tower_2_a3_north"},
            { "point":[-2,1,0], "overmap": "office_tower_2_b1_north"},
            { "point":[-1,1,0], "overmap": "office_tower_2_b2_north"},
            { "point":[0,1,0], "overmap": "office_tower_2_b3_north"}
        ],
        "connections" : [
            { "point" : [0,-1,0], "terrain" : "road" }
        ],
        "locations" : [ "wilderness" ],
        "city_distance" : [-1, 7],
        "city_sizes" : [1, 20],
        "occurrences" : [0, 1],
        "flags" : [ "CLASSIC" ]
    },{
        "type" : "overmap_special",
        "id" : "Cathedral",
        "overmaps" : [
            { "point":[0,0,0], "overmap": "cathedral_1"},
            { "point":[1,0,0], "overmap": "cathedral_1_entrance"},
            { "point":[0,1,0], "overmap": "cathedral_1"},
            { "point":[1,1,0], "overmap": "cathedral_1"},
            { "point":[0,0,-1], "overmap": "cathedral_b"},
            { "point":[1,0,-1], "overmap": "cathedral_b_entrance"},
            { "point":[0,1,-1], "overmap": "cathedral_b"},
            { "point":[1,1,-1], "overmap": "cathedral_b"}
        ],
        "connections" : [
            { "point" : [0,-1,0], "terrain" : "road" },
            { "point" : [1,-1,0], "terrain" : "road" }
        ],
        "locations" : [ "wilderness" ],
        "city_distance" : [-1, 3],
        "city_sizes" : [1, 20],
        "occurrences" : [0, 1],
        "flags" : [ "CLASSIC" ]
    },{
        "type" : "overmap_special",
        "id" : "School",
        "overmaps" : [
            { "point":[0,0,0], "overmap": "school_3"},
            { "point":[1,0,0], "overmap": "school_2"},
            { "point":[2,0,0], "overmap": "school_1"},
            { "point":[0,1,0], "overmap": "school_6"},
            { "point":[1,1,0], "overmap": "school_5"},
            { "point":[2,1,0], "overmap": "school_4"},
            { "point":[0,2,0], "overmap": "school_9"},
            { "point":[1,2,0], "overmap": "school_8"},
            { "point":[2,2,0], "overmap": "school_7"}
        ],
        "connections" : [
            { "point" : [0,-1,0], "terrain" : "road" },
            { "point" : [1,-1,0], "terrain" : "road" }
        ],
        "locations" : [ "wilderness" ],
        "city_distance" : [1, 5],
        "city_sizes" : [1, 20],
        "occurrences" : [0, 1],
        "flags" : [ "CLASSIC" ]
    },{
        "type" : "overmap_special",
        "id" : "Prison",
        "overmaps" : [
            { "point":[-1,0,0], "overmap": "prison_3"},
            { "point":[0,0,0], "overmap": "prison_2"},
            { "point":[1,0,0], "overmap": "prison_1"},
            { "point":[-1,1,0], "overmap": "prison_6"},
            { "point":[0,1,0], "overmap": "prison_5"},
            { "point":[1,1,0], "overmap": "prison_4"},
            { "point":[-1,2,0], "overmap": "prison_9"},
            { "point":[0,2,0], "overmap": "prison_8"},
            { "point":[1,2,0], "overmap": "prison_7"},
            { "point":[-1,0,-1], "overmap": "prison_b"},
            { "point":[0,0,-1], "overmap": "prison_b_entrance"},
            { "point":[1,0,-1], "overmap": "prison_b"},
            { "point":[-1,1,-1], "overmap": "prison_b"},
            { "point":[0,1,-1], "overmap": "prison_b"},
            { "point":[1,1,-1], "overmap": "prison_b"},
            { "point":[-1,2,-1], "overmap": "prison_b"},
            { "point":[0,2,-1], "overmap": "prison_b"},
            { "point":[1,2,-1], "overmap": "prison_b"}
        ],
        "connections" : [
            { "point" : [0,-1,0], "terrain" : "road" }
        ],
        "locations" : [ "land", "swamp" ],
        "city_distance" : [10, -1],
        "city_sizes" : [1, 20],
        "occurrences" : [0, 1],
        "rotate" : false,
        "flags" : [ "CLASSIC" ]
    },{
        "type" : "overmap_special",
        "id" : "Mine Entrace",
        "overmaps" : [
            { "point":[0,0,0], "overmap": "s_lot"},
            { "point":[0,1,0], "overmap": "mine_entrance"}
        ],
        "connections" : [
            { "point" : [0,-1,0], "terrain" : "road" }
        ],
        "locations" : [ "field" ],
        "city_distance" : [20, -1],
        "city_sizes" : [1, 20],
        "occurrences" : [0, 1],
        "rotate" : false
    },{
        "type" : "overmap_special",
        "id" : "Anthill",
        "overmaps" : [
            { "point":[0,0,0], "overmap": "anthill"}
        ],
        "locations" : [ "wilderness" ],
        "city_distance" : [20, -1],
        "city_sizes" : [1, 20],
        "occurrences" : [0, 1],
        "rotate" : false,
        "spawns" : { "group" : "GROUP_ANT", "population":[1000,2000], "radius":[10,30] }
    },{
        "type" : "overmap_special",
        "id" : "Spider Pit",
        "overmaps" : [
            { "point":[0,0,0], "overmap": "spider_pit"},
            { "point":[0,0,-1], "overmap": "spider_pit_under"}
        ],
        "locations" : [ "forest" ],
        "city_sizes" : [1, 20],
        "occurrences" : [1, 3],
        "rotate" : false
    },{
        "type" : "overmap_special",
        "id" : "Slime Pit",
        "overmaps" : [
            { "point":[0,0,0], "overmap": "slimepit_down"}
        ],
        "locations" : [ "land", "swamp" ],
        "city_sizes" : [1, 20],
        "occurrences" : [0, 1],
        "rotate" : false,
        "spawns" : { "group" : "GROUP_GOO", "population":[100,200], "radius":[2,10] }
    },{
        "type" : "overmap_special",
        "id" : "Fungal Bloom",
        "overmaps" : [
            { "point":[0,0,0], "overmap": "fungal_bloom"}
        ],
        "locations" : [ "wilderness" ],
        "city_distance" : [10, -1],
        "city_sizes" : [1, 20],
        "occurrences" : [0, 1],
        "rotate" : false,
        "spawns" : { "group" : "GROUP_FUNGI", "population":[600,1200], "radius":[15,30] }
    },{
        "type" : "overmap_special",
        "id" : "Fungal Tower",
        "overmaps" : [
            { "point":[0,0,0], "overmap": "fungal_tower"}
        ],
        "locations" : [ "wilderness" ],
        "city_distance" : [10, -1],
        "city_sizes" : [1, 20],
        "occurrences" : [0, 1],
        "rotate" : false,
        "spawns" : { "group" : "GROUP_FUNGI_TOWER", "population":[125,175], "radius":[2,2] }
    },{
        "type" : "overmap_special",
        "id" : "Fungal Flowers",
        "overmaps" : [
            { "point":[0,0,0], "overmap": "fungal_flowers"}
        ],
        "locations" : [ "wilderness", "swamp" ],
        "city_distance" : [10, -1],
        "city_sizes" : [1, 20],
        "occurrences" : [0, 1],
        "rotate" : false,
        "spawns" : { "group" : "GROUP_FUNGI_FLOWERS", "population":[50,100], "radius":[2,4] }
    },{
        "type" : "overmap_special",
        "id" : "Triffid Grove",
        "overmaps" : [
            { "point":[0,0,0], "overmap": "triffid_grove"},
            { "point":[0,0,-1], "overmap": "triffid_roots"},
            { "point":[0,0,-2], "overmap": "triffid_finale"}
        ],
        "locations" : [ "forest" ],
        "city_distance" : [10, -1],
        "city_sizes" : [1, 20],
        "occurrences" : [0, 2],
        "rotate" : false,
        "spawns" : { "group" : "GROUP_TRIFFID", "population":[800,1300], "radius":[12,20] }
    },{
        "type" : "overmap_special",
        "id" : "Evac Shelter",
        "overmaps" : [
            { "point":[0,0,0], "overmap": "shelter"},
            { "point":[0,0,-1], "overmap": "shelter_under"}
        ],
        "connections" : [
            { "point" : [0,-1,0], "terrain" : "road" }
        ],
        "locations" : [ "wilderness" ],
        "city_distance" : [5, 15],
        "city_sizes" : [1, 20],
        "occurrences" : [1, 2],
        "rotate" : false,
        "flags" : [ "CLASSIC" ]
    },{
        "type" : "overmap_special",
        "id" : "Cave",
        "overmaps" : [
            { "point":[0,0,0], "overmap": "cave"}
        ],
        "locations" : [ "wilderness", "swamp" ],
        "city_distance" : [5, -1],
        "city_sizes" : [1, 20],
        "occurrences" : [0, 2],
        "rotate" : false
    },{
        "type" : "overmap_special",
        "id" : "Toxic Waste Dump",
        "overmaps" : [
            { "point":[0,0,0], "overmap": "toxic_dump"}
        ],
        "locations" : [ "field", "swamp" ],
        "city_distance" : [25, -1],
        "city_sizes" : [1, 20],
        "occurrences" : [0, 1],
        "rotate" : false,
        "flags" : [ "CLASSIC" ]
    },{
        "type" : "overmap_special",
        "id" : "Hazardous Waste Sarcophagus",
        "overmaps" : [
            { "point":[0,0,0], "overmap": "haz_sar"},
            { "point":[1,0,0], "overmap": "haz_sar_entrance"},
            { "point":[0,1,0], "overmap": "haz_sar"},
            { "point":[1,1,0], "overmap": "haz_sar"},
            { "point":[0,0,-2], "overmap": "haz_sar_b1"},
            { "point":[1,0,-2], "overmap": "haz_sar_entrance_b1"},
            { "point":[0,1,-2], "overmap": "haz_sar_b1"},
            { "point":[1,1,-2], "overmap": "haz_sar_b1"}
        ],
        "connections" : [
            { "point" : [0,-1,0], "terrain" : "road" },
            { "point" : [1,-1,0], "terrain" : "road" }
        ],
        "locations" : [ "field", "swamp" ],
        "city_distance" : [25, -1],
        "city_sizes" : [1, 20],
        "occurrences" : [0, 1],
        "rotate" : false
    },{
        "type" : "overmap_special",
        "id" : "Mall",
        "overmaps" : [
            { "point":[0,0,0], "overmap": "mall_a_1_north"},
            { "point":[1,0,0], "overmap": "mall_a_2_north"},
            { "point":[2,0,0], "overmap": "mall_a_3_north"},
            { "point":[3,0,0], "overmap": "mall_a_4_north"},
            { "point":[4,0,0], "overmap": "mall_a_5_north"},
            { "point":[5,0,0], "overmap": "mall_a_6_north"},
            { "point":[6,0,0], "overmap": "mall_a_7_north"},
            { "point":[7,0,0], "overmap": "mall_a_8_north"},
            { "point":[8,0,0], "overmap": "mall_a_9_north"},

            { "point":[0,1,0], "overmap": "mall_a_10_north"},
            { "point":[1,1,0], "overmap": "mall_a_11_north"},
            { "point":[2,1,0], "overmap": "mall_a_12_north"},
            { "point":[3,1,0], "overmap": "mall_a_13_north"},
            { "point":[4,1,0], "overmap": "mall_a_14_north"},
            { "point":[5,1,0], "overmap": "mall_a_15_north"},
            { "point":[6,1,0], "overmap": "mall_a_16_north"},
            { "point":[7,1,0], "overmap": "mall_a_17_north"},
            { "point":[8,1,0], "overmap": "mall_a_18_north"},

            { "point":[0,2,0], "overmap": "mall_a_19_north"},
            { "point":[1,2,0], "overmap": "mall_a_20_north"},
            { "point":[2,2,0], "overmap": "mall_a_21_north"},
            { "point":[3,2,0], "overmap": "mall_a_22_north"},
            { "point":[4,2,0], "overmap": "mall_a_23_north"},
            { "point":[5,2,0], "overmap": "mall_a_24_north"},
            { "point":[6,2,0], "overmap": "mall_a_25_north"},
            { "point":[7,2,0], "overmap": "mall_a_26_north"},
            { "point":[8,2,0], "overmap": "mall_a_27_north"},

            { "point":[0,3,0], "overmap": "mall_a_28_north"},
            { "point":[1,3,0], "overmap": "mall_a_29_north"},
            { "point":[2,3,0], "overmap": "mall_a_30_north"},
            { "point":[3,3,0], "overmap": "mall_a_31_north"},
            { "point":[4,3,0], "overmap": "mall_a_32_north"},
            { "point":[5,3,0], "overmap": "mall_a_33_north"},
            { "point":[6,3,0], "overmap": "mall_a_34_north"},
            { "point":[7,3,0], "overmap": "mall_a_35_north"},
            { "point":[8,3,0], "overmap": "mall_a_36_north"},

            { "point":[0,4,0], "overmap": "mall_a_37_north"},
            { "point":[1,4,0], "overmap": "mall_a_38_north"},
            { "point":[2,4,0], "overmap": "mall_a_39_north"},
            { "point":[3,4,0], "overmap": "mall_a_40_north"},
            { "point":[4,4,0], "overmap": "mall_a_41_north"},
            { "point":[5,4,0], "overmap": "mall_a_42_north"},
            { "point":[6,4,0], "overmap": "mall_a_43_north"},
            { "point":[7,4,0], "overmap": "mall_a_44_north"},
            { "point":[8,4,0], "overmap": "mall_a_45_north"},

            { "point":[0,5,0], "overmap": "mall_a_46_north"},
            { "point":[1,5,0], "overmap": "mall_a_47_north"},
            { "point":[2,5,0], "overmap": "mall_a_48_north"},
            { "point":[3,5,0], "overmap": "mall_a_49_north"},
            { "point":[4,5,0], "overmap": "mall_a_50_north"},
            { "point":[5,5,0], "overmap": "mall_a_51_north"},
            { "point":[6,5,0], "overmap": "mall_a_52_north"},
            { "point":[7,5,0], "overmap": "mall_a_53_north"},
            { "point":[8,5,0], "overmap": "mall_a_54_north"},

            { "point":[0,6,0], "overmap": "mall_a_55_north"},
            { "point":[1,6,0], "overmap": "mall_a_56_north"},
            { "point":[2,6,0], "overmap": "mall_a_57_north"},
            { "point":[3,6,0], "overmap": "mall_a_58_north"},
            { "point":[4,6,0], "overmap": "mall_a_59_north"},
            { "point":[5,6,0], "overmap": "mall_a_60_north"},
            { "point":[6,6,0], "overmap": "mall_a_61_north"},
            { "point":[7,6,0], "overmap": "mall_a_62_north"},
            { "point":[8,6,0], "overmap": "mall_a_63_north"},

            { "point":[0,7,0], "overmap": "mall_a_64_north"},
            { "point":[1,7,0], "overmap": "mall_a_65_north"},
            { "point":[2,7,0], "overmap": "mall_a_66_north"},
            { "point":[3,7,0], "overmap": "mall_a_67_north"},
            { "point":[4,7,0], "overmap": "mall_a_68_north"},
            { "point":[5,7,0], "overmap": "mall_a_69_north"},
            { "point":[6,7,0], "overmap": "mall_a_70_north"},
            { "point":[7,7,0], "overmap": "mall_a_71_north"},
            { "point":[8,7,0], "overmap": "mall_a_72_north"},

            { "point":[0,8,0], "overmap": "mall_a_73_north"},
            { "point":[1,8,0], "overmap": "mall_a_74_north"},
            { "point":[2,8,0], "overmap": "mall_a_75_north"},
            { "point":[3,8,0], "overmap": "mall_a_76_north"},
            { "point":[4,8,0], "overmap": "mall_a_77_north"},
            { "point":[5,8,0], "overmap": "mall_a_78_north"},
            { "point":[6,8,0], "overmap": "mall_a_79_north"},
            { "point":[7,8,0], "overmap": "mall_a_80_north"},
            { "point":[8,8,0], "overmap": "mall_a_81_north"}
        ],
        "connections" : [
            { "point" : [4,9,0], "terrain" : "road" }
        ],
        "locations" : [ "wilderness", "swamp" ],
        "city_distance" : [-1, 7],
        "city_sizes" : [1, 20],
        "occurrences" : [0, 1],
        "flags" : [ "CLASSIC" ]
},{
        "type" : "overmap_special",
        "id" : "Necropolis",
        "overmaps" : [
            { "point":[0,0,0], "overmap": "necropolis_a_1_north"},
            { "point":[1,0,0], "overmap": "necropolis_a_2_north"},
            { "point":[2,0,0], "overmap": "necropolis_a_3_north"},
            { "point":[3,0,0], "overmap": "necropolis_a_4_north"},
            { "point":[4,0,0], "overmap": "necropolis_a_5_north"},
            { "point":[5,0,0], "overmap": "necropolis_a_6_north"},
            { "point":[6,0,0], "overmap": "necropolis_a_7_north"},
            { "point":[7,0,0], "overmap": "necropolis_a_8_north"},
            { "point":[8,0,0], "overmap": "necropolis_a_9_north"},

            { "point":[0,1,0], "overmap": "necropolis_a_10_north"},
            { "point":[1,1,0], "overmap": "necropolis_a_11_north"},
            { "point":[2,1,0], "overmap": "necropolis_a_12_north"},
            { "point":[3,1,0], "overmap": "necropolis_a_13_north"},
            { "point":[4,1,0], "overmap": "necropolis_a_14_north"},
            { "point":[5,1,0], "overmap": "necropolis_a_15_north"},
            { "point":[6,1,0], "overmap": "necropolis_a_16_north"},
            { "point":[7,1,0], "overmap": "necropolis_a_17_north"},
            { "point":[8,1,0], "overmap": "necropolis_a_18_north"},

            { "point":[0,2,0], "overmap": "necropolis_a_19_north"},
            { "point":[1,2,0], "overmap": "necropolis_a_20_north"},
            { "point":[2,2,0], "overmap": "necropolis_a_21_north"},
            { "point":[3,2,0], "overmap": "necropolis_a_22_north"},
            { "point":[4,2,0], "overmap": "necropolis_a_23_north"},
            { "point":[5,2,0], "overmap": "necropolis_a_24_north"},
            { "point":[6,2,0], "overmap": "necropolis_a_25_north"},
            { "point":[7,2,0], "overmap": "necropolis_a_26_north"},
            { "point":[8,2,0], "overmap": "necropolis_a_27_north"},

            { "point":[0,3,0], "overmap": "necropolis_a_28_north"},
            { "point":[1,3,0], "overmap": "necropolis_a_29_north"},
            { "point":[2,3,0], "overmap": "necropolis_a_30_north"},
            { "point":[3,3,0], "overmap": "necropolis_a_31_north"},
            { "point":[4,3,0], "overmap": "necropolis_a_32_north"},
            { "point":[5,3,0], "overmap": "necropolis_a_33_north"},
            { "point":[6,3,0], "overmap": "necropolis_a_34_north"},
            { "point":[7,3,0], "overmap": "necropolis_a_35_north"},
            { "point":[8,3,0], "overmap": "necropolis_a_36_north"},

            { "point":[0,4,0], "overmap": "necropolis_a_37_north"},
            { "point":[1,4,0], "overmap": "necropolis_a_38_north"},
            { "point":[2,4,0], "overmap": "necropolis_a_39_north"},
            { "point":[3,4,0], "overmap": "necropolis_a_40_north"},
            { "point":[4,4,0], "overmap": "necropolis_a_41_north"},
            { "point":[5,4,0], "overmap": "necropolis_a_42_north"},
            { "point":[6,4,0], "overmap": "necropolis_a_43_north"},
            { "point":[7,4,0], "overmap": "necropolis_a_44_north"},
            { "point":[8,4,0], "overmap": "necropolis_a_45_north"},

            { "point":[0,5,0], "overmap": "necropolis_a_46_north"},
            { "point":[1,5,0], "overmap": "necropolis_a_47_north"},
            { "point":[2,5,0], "overmap": "necropolis_a_48_north"},
            { "point":[3,5,0], "overmap": "necropolis_a_49_north"},
            { "point":[4,5,0], "overmap": "necropolis_a_50_north"},
            { "point":[5,5,0], "overmap": "necropolis_a_51_north"},
            { "point":[6,5,0], "overmap": "necropolis_a_52_north"},
            { "point":[7,5,0], "overmap": "necropolis_a_53_north"},
            { "point":[8,5,0], "overmap": "necropolis_a_54_north"},

            { "point":[0,6,0], "overmap": "necropolis_a_55_north"},
            { "point":[1,6,0], "overmap": "necropolis_a_56_north"},
            { "point":[2,6,0], "overmap": "necropolis_a_57_north"},
            { "point":[3,6,0], "overmap": "necropolis_a_58_north"},
            { "point":[4,6,0], "overmap": "necropolis_a_59_north"},
            { "point":[5,6,0], "overmap": "necropolis_a_60_north"},
            { "point":[6,6,0], "overmap": "necropolis_a_61_north"},
            { "point":[7,6,0], "overmap": "necropolis_a_62_north"},
            { "point":[8,6,0], "overmap": "necropolis_a_63_north"},

            { "point":[0,7,0], "overmap": "necropolis_a_64_north"},
            { "point":[1,7,0], "overmap": "necropolis_a_65_north"},
            { "point":[2,7,0], "overmap": "necropolis_a_66_north"},
            { "point":[3,7,0], "overmap": "necropolis_a_67_north"},
            { "point":[4,7,0], "overmap": "necropolis_a_68_north"},
            { "point":[5,7,0], "overmap": "necropolis_a_69_north"},
            { "point":[6,7,0], "overmap": "necropolis_a_70_north"},
            { "point":[7,7,0], "overmap": "necropolis_a_71_north"},
            { "point":[8,7,0], "overmap": "necropolis_a_72_north"},

            { "point":[0,8,0], "overmap": "necropolis_a_73_north"},
            { "point":[1,8,0], "overmap": "necropolis_a_74_north"},
            { "point":[2,8,0], "overmap": "necropolis_a_75_north"},
            { "point":[3,8,0], "overmap": "necropolis_a_76_north"},
            { "point":[4,8,0], "overmap": "necropolis_a_77_north"},
            { "point":[5,8,0], "overmap": "necropolis_a_78_north"},
            { "point":[6,8,0], "overmap": "necropolis_a_79_north"},
            { "point":[7,8,0], "overmap": "necropolis_a_80_north"},
            { "point":[8,8,0], "overmap": "necropolis_a_81_north"},

            { "point":[0,0,-1], "overmap": "necropolis_b_1_north"},
            { "point":[1,0,-1], "overmap": "necropolis_b_2_north"},
            { "point":[2,0,-1], "overmap": "necropolis_b_3_north"},
            { "point":[3,0,-1], "overmap": "necropolis_b_4_north"},
            { "point":[4,0,-1], "overmap": "necropolis_b_5_north"},
            { "point":[5,0,-1], "overmap": "necropolis_b_6_north"},
            { "point":[6,0,-1], "overmap": "necropolis_b_7_north"},
            { "point":[7,0,-1], "overmap": "necropolis_b_8_north"},
            { "point":[8,0,-1], "overmap": "necropolis_b_9_north"},

            { "point":[0,1,-1], "overmap": "necropolis_b_10_north"},
            { "point":[1,1,-1], "overmap": "necropolis_b_11_north"},
            { "point":[2,1,-1], "overmap": "necropolis_b_12_north"},
            { "point":[3,1,-1], "overmap": "necropolis_b_13_north"},
            { "point":[4,1,-1], "overmap": "necropolis_b_14_north"},
            { "point":[5,1,-1], "overmap": "necropolis_b_15_north"},
            { "point":[6,1,-1], "overmap": "necropolis_b_16_north"},
            { "point":[7,1,-1], "overmap": "necropolis_b_17_north"},
            { "point":[8,1,-1], "overmap": "necropolis_b_18_north"},

            { "point":[0,2,-1], "overmap": "necropolis_b_19_north"},
            { "point":[1,2,-1], "overmap": "necropolis_b_20_north"},
            { "point":[2,2,-1], "overmap": "necropolis_b_21_north"},
            { "point":[3,2,-1], "overmap": "necropolis_b_22_north"},
            { "point":[4,2,-1], "overmap": "necropolis_b_23_north"},
            { "point":[5,2,-1], "overmap": "necropolis_b_24_north"},
            { "point":[6,2,-1], "overmap": "necropolis_b_25_north"},
            { "point":[7,2,-1], "overmap": "necropolis_b_26_north"},
            { "point":[8,2,-1], "overmap": "necropolis_b_27_north"},

            { "point":[0,3,-1], "overmap": "necropolis_b_28_north"},
            { "point":[1,3,-1], "overmap": "necropolis_b_29_north"},
            { "point":[2,3,-1], "overmap": "necropolis_b_30_north"},
            { "point":[3,3,-1], "overmap": "necropolis_b_31_north"},
            { "point":[4,3,-1], "overmap": "necropolis_b_32_north"},
            { "point":[5,3,-1], "overmap": "necropolis_b_33_north"},
            { "point":[6,3,-1], "overmap": "necropolis_b_34_north"},
            { "point":[7,3,-1], "overmap": "necropolis_b_35_north"},
            { "point":[8,3,-1], "overmap": "necropolis_b_36_north"},

            { "point":[0,4,-1], "overmap": "necropolis_b_37_north"},
            { "point":[1,4,-1], "overmap": "necropolis_b_38_north"},
            { "point":[2,4,-1], "overmap": "necropolis_b_39_north"},
            { "point":[3,4,-1], "overmap": "necropolis_b_40_north"},
            { "point":[4,4,-1], "overmap": "necropolis_b_41_north"},
            { "point":[5,4,-1], "overmap": "necropolis_b_42_north"},
            { "point":[6,4,-1], "overmap": "necropolis_b_43_north"},
            { "point":[7,4,-1], "overmap": "necropolis_b_44_north"},
            { "point":[8,4,-1], "overmap": "necropolis_b_45_north"},

            { "point":[0,5,-1], "overmap": "necropolis_b_46_north"},
            { "point":[1,5,-1], "overmap": "necropolis_b_47_north"},
            { "point":[2,5,-1], "overmap": "necropolis_b_48_north"},
            { "point":[3,5,-1], "overmap": "necropolis_b_49_north"},
            { "point":[4,5,-1], "overmap": "necropolis_b_50_north"},
            { "point":[5,5,-1], "overmap": "necropolis_b_51_north"},
            { "point":[6,5,-1], "overmap": "necropolis_b_52_north"},
            { "point":[7,5,-1], "overmap": "necropolis_b_53_north"},
            { "point":[8,5,-1], "overmap": "necropolis_b_54_north"},

            { "point":[0,6,-1], "overmap": "necropolis_b_55_north"},
            { "point":[1,6,-1], "overmap": "necropolis_b_56_north"},
            { "point":[2,6,-1], "overmap": "necropolis_b_57_north"},
            { "point":[3,6,-1], "overmap": "necropolis_b_58_north"},
            { "point":[4,6,-1], "overmap": "necropolis_b_59_north"},
            { "point":[5,6,-1], "overmap": "necropolis_b_60_north"},
            { "point":[6,6,-1], "overmap": "necropolis_b_61_north"},
            { "point":[7,6,-1], "overmap": "necropolis_b_62_north"},
            { "point":[8,6,-1], "overmap": "necropolis_b_63_north"},

            { "point":[0,7,-1], "overmap": "necropolis_b_64_north"},
            { "point":[1,7,-1], "overmap": "necropolis_b_65_north"},
            { "point":[2,7,-1], "overmap": "necropolis_b_66_north"},
            { "point":[3,7,-1], "overmap": "necropolis_b_67_north"},
            { "point":[4,7,-1], "overmap": "necropolis_b_68_north"},
            { "point":[5,7,-1], "overmap": "necropolis_b_69_north"},
            { "point":[6,7,-1], "overmap": "necropolis_b_70_north"},
            { "point":[7,7,-1], "overmap": "necropolis_b_71_north"},
            { "point":[8,7,-1], "overmap": "necropolis_b_72_north"},

            { "point":[0,8,-1], "overmap": "necropolis_b_73_north"},
            { "point":[1,8,-1], "overmap": "necropolis_b_74_north"},
            { "point":[2,8,-1], "overmap": "necropolis_b_75_north"},
            { "point":[3,8,-1], "overmap": "necropolis_b_76_north"},
            { "point":[4,8,-1], "overmap": "necropolis_b_77_north"},
            { "point":[5,8,-1], "overmap": "necropolis_b_78_north"},
            { "point":[6,8,-1], "overmap": "necropolis_b_79_north"},
            { "point":[7,8,-1], "overmap": "necropolis_b_80_north"},
            { "point":[8,8,-1], "overmap": "necropolis_b_81_north"},

            { "point":[0,0,-2], "overmap": "necropolis_c_1_north"},
            { "point":[1,0,-2], "overmap": "necropolis_c_2_north"},
            { "point":[2,0,-2], "overmap": "necropolis_c_3_north"},
            { "point":[3,0,-2], "overmap": "necropolis_c_4_north"},
            { "point":[4,0,-2], "overmap": "necropolis_c_5_north"},
            { "point":[5,0,-2], "overmap": "necropolis_c_6_north"},
            { "point":[6,0,-2], "overmap": "necropolis_c_7_north"},
            { "point":[7,0,-2], "overmap": "necropolis_c_8_north"},
            { "point":[8,0,-2], "overmap": "necropolis_c_9_north"},

            { "point":[0,1,-2], "overmap": "necropolis_c_10_north"},
            { "point":[1,1,-2], "overmap": "necropolis_c_11_north"},
            { "point":[2,1,-2], "overmap": "necropolis_c_12_north"},
            { "point":[3,1,-2], "overmap": "necropolis_c_13_north"},
            { "point":[4,1,-2], "overmap": "necropolis_c_14_north"},
            { "point":[5,1,-2], "overmap": "necropolis_c_15_north"},
            { "point":[6,1,-2], "overmap": "necropolis_c_16_north"},
            { "point":[7,1,-2], "overmap": "necropolis_c_17_north"},
            { "point":[8,1,-2], "overmap": "necropolis_c_18_north"},

            { "point":[0,2,-2], "overmap": "necropolis_c_19_north"},
            { "point":[1,2,-2], "overmap": "necropolis_c_20_north"},
            { "point":[2,2,-2], "overmap": "necropolis_c_21_north"},
            { "point":[3,2,-2], "overmap": "necropolis_c_22_north"},
            { "point":[4,2,-2], "overmap": "necropolis_c_23_north"},
            { "point":[5,2,-2], "overmap": "necropolis_c_24_north"},
            { "point":[6,2,-2], "overmap": "necropolis_c_25_north"},
            { "point":[7,2,-2], "overmap": "necropolis_c_26_north"},
            { "point":[8,2,-2], "overmap": "necropolis_c_27_north"},

            { "point":[0,3,-2], "overmap": "necropolis_c_28_north"},
            { "point":[1,3,-2], "overmap": "necropolis_c_29_north"},
            { "point":[2,3,-2], "overmap": "necropolis_c_30_north"},
            { "point":[3,3,-2], "overmap": "necropolis_c_31_north"},
            { "point":[4,3,-2], "overmap": "necropolis_c_32_north"},
            { "point":[5,3,-2], "overmap": "necropolis_c_33_north"},
            { "point":[6,3,-2], "overmap": "necropolis_c_34_north"},
            { "point":[7,3,-2], "overmap": "necropolis_c_35_north"},
            { "point":[8,3,-2], "overmap": "necropolis_c_36_north"},

            { "point":[0,4,-2], "overmap": "necropolis_c_37_north"},
            { "point":[1,4,-2], "overmap": "necropolis_c_38_north"},
            { "point":[2,4,-2], "overmap": "necropolis_c_39_north"},
            { "point":[3,4,-2], "overmap": "necropolis_c_40_north"},
            { "point":[4,4,-2], "overmap": "necropolis_c_41_north"},
            { "point":[5,4,-2], "overmap": "necropolis_c_42_north"},
            { "point":[6,4,-2], "overmap": "necropolis_c_43_north"},
            { "point":[7,4,-2], "overmap": "necropolis_c_44_north"},
            { "point":[8,4,-2], "overmap": "necropolis_c_45_north"},

            { "point":[0,5,-2], "overmap": "necropolis_c_46_north"},
            { "point":[1,5,-2], "overmap": "necropolis_c_47_north"},
            { "point":[2,5,-2], "overmap": "necropolis_c_48_north"},
            { "point":[3,5,-2], "overmap": "necropolis_c_49_north"},
            { "point":[4,5,-2], "overmap": "necropolis_c_50_north"},
            { "point":[5,5,-2], "overmap": "necropolis_c_51_north"},
            { "point":[6,5,-2], "overmap": "necropolis_c_52_north"},
            { "point":[7,5,-2], "overmap": "necropolis_c_53_north"},
            { "point":[8,5,-2], "overmap": "necropolis_c_54_north"},

            { "point":[0,6,-2], "overmap": "necropolis_c_55_north"},
            { "point":[1,6,-2], "overmap": "necropolis_c_56_north"},
            { "point":[2,6,-2], "overmap": "necropolis_c_57_north"},
            { "point":[3,6,-2], "overmap": "necropolis_c_58_north"},
            { "point":[4,6,-2], "overmap": "necropolis_c_59_north"},
            { "point":[5,6,-2], "overmap": "necropolis_c_60_north"},
            { "point":[6,6,-2], "overmap": "necropolis_c_61_north"},
            { "point":[7,6,-2], "overmap": "necropolis_c_62_north"},
            { "point":[8,6,-2], "overmap": "necropolis_c_63_north"},

            { "point":[0,7,-2], "overmap": "necropolis_c_64_north"},
            { "point":[1,7,-2], "overmap": "necropolis_c_65_north"},
            { "point":[2,7,-2], "overmap": "necropolis_c_66_north"},
            { "point":[3,7,-2], "overmap": "necropolis_c_67_north"},
            { "point":[4,7,-2], "overmap": "necropolis_c_68_north"},
            { "point":[5,7,-2], "overmap": "necropolis_c_69_north"},
            { "point":[6,7,-2], "overmap": "necropolis_c_70_north"},
            { "point":[7,7,-2], "overmap": "necropolis_c_71_north"},
            { "point":[8,7,-2], "overmap": "necropolis_c_72_north"},

            { "point":[0,8,-2], "overmap": "necropolis_c_73_north"},
            { "point":[1,8,-2], "overmap": "necropolis_c_74_north"},
            { "point":[2,8,-2], "overmap": "necropolis_c_75_north"},
            { "point":[3,8,-2], "overmap": "necropolis_c_76_north"},
            { "point":[4,8,-2], "overmap": "necropolis_c_77_north"},
            { "point":[5,8,-2], "overmap": "necropolis_c_78_north"},
            { "point":[6,8,-2], "overmap": "necropolis_c_79_north"},
            { "point":[7,8,-2], "overmap": "necropolis_c_80_north"},
            { "point":[8,8,-2], "overmap": "necropolis_c_81_north"},

            { "point":[0,0,-3], "overmap": "necropolis_d_1_north"},
            { "point":[1,0,-3], "overmap": "necropolis_d_2_north"},
            { "point":[2,0,-3], "overmap": "necropolis_d_3_north"},
            { "point":[3,0,-3], "overmap": "necropolis_d_4_north"},
            { "point":[4,0,-3], "overmap": "necropolis_d_5_north"},
            { "point":[5,0,-3], "overmap": "necropolis_d_6_north"},
            { "point":[6,0,-3], "overmap": "necropolis_d_7_north"},
            { "point":[7,0,-3], "overmap": "necropolis_d_8_north"},
            { "point":[8,0,-3], "overmap": "necropolis_d_9_north"},

            { "point":[0,1,-3], "overmap": "necropolis_d_10_north"},
            { "point":[1,1,-3], "overmap": "necropolis_d_11_north"},
            { "point":[2,1,-3], "overmap": "necropolis_d_12_north"},
            { "point":[3,1,-3], "overmap": "necropolis_d_13_north"},
            { "point":[4,1,-3], "overmap": "necropolis_d_14_north"},
            { "point":[5,1,-3], "overmap": "necropolis_d_15_north"},
            { "point":[6,1,-3], "overmap": "necropolis_d_16_north"},
            { "point":[7,1,-3], "overmap": "necropolis_d_17_north"},
            { "point":[8,1,-3], "overmap": "necropolis_d_18_north"},

            { "point":[0,2,-3], "overmap": "necropolis_d_19_north"},
            { "point":[1,2,-3], "overmap": "necropolis_d_20_north"},
            { "point":[2,2,-3], "overmap": "necropolis_d_21_north"},
            { "point":[3,2,-3], "overmap": "necropolis_d_22_north"},
            { "point":[4,2,-3], "overmap": "necropolis_d_23_north"},
            { "point":[5,2,-3], "overmap": "necropolis_d_24_north"},
            { "point":[6,2,-3], "overmap": "necropolis_d_25_north"},
            { "point":[7,2,-3], "overmap": "necropolis_d_26_north"},
            { "point":[8,2,-3], "overmap": "necropolis_d_27_north"},

            { "point":[0,3,-3], "overmap": "necropolis_d_28_north"},
            { "point":[1,3,-3], "overmap": "necropolis_d_29_north"},
            { "point":[2,3,-3], "overmap": "necropolis_d_30_north"},
            { "point":[3,3,-3], "overmap": "necropolis_d_31_north"},
            { "point":[4,3,-3], "overmap": "necropolis_d_32_north"},
            { "point":[5,3,-3], "overmap": "necropolis_d_33_north"},
            { "point":[6,3,-3], "overmap": "necropolis_d_34_north"},
            { "point":[7,3,-3], "overmap": "necropolis_d_35_north"},
            { "point":[8,3,-3], "overmap": "necropolis_d_36_north"},

            { "point":[0,4,-3], "overmap": "necropolis_d_37_north"},
            { "point":[1,4,-3], "overmap": "necropolis_d_38_north"},
            { "point":[2,4,-3], "overmap": "necropolis_d_39_north"},
            { "point":[3,4,-3], "overmap": "necropolis_d_40_north"},
            { "point":[4,4,-3], "overmap": "necropolis_d_41_north"},
            { "point":[5,4,-3], "overmap": "necropolis_d_42_north"},
            { "point":[6,4,-3], "overmap": "necropolis_d_43_north"},
            { "point":[7,4,-3], "overmap": "necropolis_d_44_north"},
            { "point":[8,4,-3], "overmap": "necropolis_d_45_north"},

            { "point":[0,5,-3], "overmap": "necropolis_d_46_north"},
            { "point":[1,5,-3], "overmap": "necropolis_d_47_north"},
            { "point":[2,5,-3], "overmap": "necropolis_d_48_north"},
            { "point":[3,5,-3], "overmap": "necropolis_d_49_north"},
            { "point":[4,5,-3], "overmap": "necropolis_d_50_north"},
            { "point":[5,5,-3], "overmap": "necropolis_d_51_north"},
            { "point":[6,5,-3], "overmap": "necropolis_d_52_north"},
            { "point":[7,5,-3], "overmap": "necropolis_d_53_north"},
            { "point":[8,5,-3], "overmap": "necropolis_d_54_north"},

            { "point":[0,6,-3], "overmap": "necropolis_d_55_north"},
            { "point":[1,6,-3], "overmap": "necropolis_d_56_north"},
            { "point":[2,6,-3], "overmap": "necropolis_d_57_north"},
            { "point":[3,6,-3], "overmap": "necropolis_d_58_north"},
            { "point":[4,6,-3], "overmap": "necropolis_d_59_north"},
            { "point":[5,6,-3], "overmap": "necropolis_d_60_north"},
            { "point":[6,6,-3], "overmap": "necropolis_d_61_north"},
            { "point":[7,6,-3], "overmap": "necropolis_d_62_north"},
            { "point":[8,6,-3], "overmap": "necropolis_d_63_north"},

            { "point":[0,7,-3], "overmap": "necropolis_d_64_north"},
            { "point":[1,7,-3], "overmap": "necropolis_d_65_north"},
            { "point":[2,7,-3], "overmap": "necropolis_d_66_north"},
            { "point":[3,7,-3], "overmap": "necropolis_d_67_north"},
            { "point":[4,7,-3], "overmap": "necropolis_d_68_north"},
            { "point":[5,7,-3], "overmap": "necropolis_d_69_north"},
            { "point":[6,7,-3], "overmap": "necropolis_d_70_north"},
            { "point":[7,7,-3], "overmap": "necropolis_d_71_north"},
            { "point":[8,7,-3], "overmap": "necropolis_d_72_north"},

            { "point":[0,8,-3], "overmap": "necropolis_d_73_north"},
            { "point":[1,8,-3], "overmap": "necropolis_d_74_north"},
            { "point":[2,8,-3], "overmap": "necropolis_d_75_north"},
            { "point":[3,8,-3], "overmap": "necropolis_d_76_north"},
            { "point":[4,8,-3], "overmap": "necropolis_d_77_north"},
            { "point":[5,8,-3], "overmap": "necropolis_d_78_north"},
            { "point":[6,8,-3], "overmap": "necropolis_d_79_north"},
            { "point":[7,8,-3], "overmap": "necropolis_d_80_north"},
            { "point":[8,8,-3], "overmap": "necropolis_d_81_north"}
        ],
        "connections" : [
            { "point" : [5,-1,0], "terrain" : "road" },
            { "point" : [-1,7,0], "terrain" : "road" },
            { "point" : [4,9,0], "terrain" : "road" }
        ],
        "locations" : [ "wilderness" ],
        "city_distance" : [-1, 5],
        "city_sizes" : [1, 20],
        "occurrences" : [0, 1]
    },{
        "type" : "overmap_special",
        "id" : "evac_center",
        "overmaps" : [
            { "point":[0,0,0], "overmap": "evac_center_1_north"},
            { "point":[1,0,0], "overmap": "evac_center_2_north"},
            { "point":[2,0,0], "overmap": "evac_center_3_north"},
            { "point":[3,0,0], "overmap": "evac_center_4_north"},
            { "point":[4,0,0], "overmap": "evac_center_5_north"},

            { "point":[0,1,0], "overmap": "evac_center_6_north"},
            { "point":[1,1,0], "overmap": "evac_center_7_north"},
            { "point":[2,1,0], "overmap": "evac_center_8_north"},
            { "point":[3,1,0], "overmap": "evac_center_9_north"},
            { "point":[4,1,0], "overmap": "evac_center_10_north"},

            { "point":[0,2,0], "overmap": "evac_center_11_north"},
            { "point":[1,2,0], "overmap": "evac_center_12_north"},
            { "point":[2,2,0], "overmap": "evac_center_13_north"},
            { "point":[3,2,0], "overmap": "evac_center_14_north"},
            { "point":[4,2,0], "overmap": "evac_center_15_north"},

            { "point":[0,3,0], "overmap": "evac_center_16_north"},
            { "point":[1,3,0], "overmap": "evac_center_17_north"},
            { "point":[2,3,0], "overmap": "evac_center_18_north"},
            { "point":[3,3,0], "overmap": "evac_center_19_north"},
            { "point":[4,3,0], "overmap": "evac_center_20_north"},

            { "point":[0,4,0], "overmap": "evac_center_21_north"},
            { "point":[1,4,0], "overmap": "evac_center_22_north"},
            { "point":[2,4,0], "overmap": "evac_center_23_north"},
            { "point":[3,4,0], "overmap": "evac_center_24_north"},
            { "point":[4,4,0], "overmap": "evac_center_25_north"}
        ],
        "connections" : [
            { "point" : [2,5,0], "terrain" : "road" }
        ],
        "locations" : [ "wilderness" ],
        "city_distance" : [2, 7],
        "city_sizes" : [1, 20],
        "occurrences" : [0, 1],
        "flags" : [ "UNIQUE" ]
    },{
        "type" : "overmap_special",
        "id" : "bandit_cabin",
        "overmaps" : [
            { "point":[0,0,0], "overmap": "bandit_cabin"}
        ],
        "locations" : [ "forest" ],
        "city_distance" : [20, -1],
        "city_sizes" : [1, 20],
        "occurrences" : [1, 1],
        "rotate" : false,
        "flags" : [ "CLASSIC" ]
    },{
        "type" : "overmap_special",
        "id" : "bandit_camp",
        "overmaps" : [
            { "point":[0,0,0], "overmap": "bandit_camp_1"},
            { "point":[1,0,0], "overmap": "bandit_camp_2"},
            { "point":[0,1,0], "overmap": "bandit_camp_3"},
            { "point":[1,1,0], "overmap": "bandit_camp_4"}
        ],
        "locations" : [ "forest" ],
        "city_distance" : [20, -1],
        "city_sizes" : [1, 20],
        "occurrences" : [0, 1],
        "rotate" : false,
        "flags" : [ "CLASSIC" ]
    },{
        "type" : "overmap_special",
        "id" : "sai",
        "overmaps" : [
            { "point":[0,0,0], "overmap": "sai"}
        ],
        "connections" : [
            { "point" : [0,-1,0], "terrain" : "road" }
        ],
        "locations" : [ "wilderness" ],
        "city_distance" : [-1, 3],
        "city_sizes" : [1, 20],
        "occurrences" : [1, 1]
    },{
        "type" : "overmap_special",
        "id" : "power_station_small",
        "overmaps" : [
            { "point":[0,0,0], "overmap": "pwr_sub_s"}
        ],
        "connections" : [
            { "point" : [0,-1,0], "terrain" : "road" }
        ],
        "locations" : [ "wilderness" ],
        "city_distance" : [1, 8],
        "city_sizes" : [1, 20],
        "occurrences" : [0, 1],
        "spawns" : { "group" : "GROUP_SMALL_STATION", "population":[4, 10], "radius":[2, 4] }
    },{
        "type" : "overmap_special",
        "id" : "power_station_large",
        "overmaps" : [
            { "point":[0,1,0], "overmap": "pwr_large_entrance"},
            { "point":[-1,1,0], "overmap": "pwr_large_2"},
            { "point":[-1,0,0], "overmap": "pwr_large_3"},
            { "point":[0,0,0], "overmap": "pwr_large_4"}
        ],
        "connections" : [
            { "point" : [0,-1,0], "terrain" : "road" }
        ],
       "locations" : [ "field" ],
        "city_distance" : [10, -1],
        "city_sizes" : [1, 20],
        "occurrences" : [0, 1],
        "rotate" : false,
        "spawns" : { "group" : "GROUP_LARGE_STATION", "population":[4, 10], "radius":[1, 2] }
    },{
        "type" : "overmap_special",
        "id" : "warehouse",
        "overmaps" : [
            { "point":[0,0,0], "overmap": "warehouse_north" }
        ],
        "connections" : [
            { "point" : [0,-1,0], "terrain" : "road", "existing" : true }
        ],
        "locations" : [ "land", "swamp" ],
        "city_distance" : [4, 35],
        "city_sizes" : [1, 20],
        "occurrences" : [0, 1],
        "flags" : [ "CLASSIC" ]
    },
    {
        "type" : "overmap_special",
        "id" : "Home Improvement Superstore",
        "overmaps" : [
            { "point":[0,1,0], "overmap": "hdwr_large_entrance"},
            { "point":[-1,1,0], "overmap": "hdwr_large_SW"},
            { "point":[-1,0,0], "overmap": "hdwr_large_NW"},
            { "point":[0,0,0], "overmap": "hdwr_large_NE"},
            { "point":[-1,-1,0], "overmap": "hdwr_large_backroom"},
            { "point":[0,-1,0], "overmap": "hdwr_large_loadingbay"}
        ],
        "connections" : [
            { "point" : [0,2,0], "terrain" : "road" },
            { "point" : [-1,2,0], "terrain" : "road" }
        ],
        "locations" : [ "wilderness" ],
        "city_distance" : [1, 15],
        "city_sizes" : [1, 20],
        "occurrences" : [0, 1],
        "rotate" : false,
        "flags" : [ "CLASSIC" ]
 },{
        "type" : "overmap_special",
        "id" : "ranch_camp",
        "overmaps" : [
            { "point":[0,0,0], "overmap": "ranch_camp_1"},
            { "point":[1,0,0], "overmap": "ranch_camp_2"},
            { "point":[2,0,0], "overmap": "ranch_camp_3"},
            { "point":[3,0,0], "overmap": "ranch_camp_4"},
            { "point":[4,0,0], "overmap": "ranch_camp_5"},
            { "point":[5,0,0], "overmap": "ranch_camp_6"},
            { "point":[6,0,0], "overmap": "ranch_camp_7"},
            { "point":[7,0,0], "overmap": "ranch_camp_8"},
            { "point":[8,0,0], "overmap": "ranch_camp_9"},

            { "point":[0,1,0], "overmap": "ranch_camp_10"},
            { "point":[1,1,0], "overmap": "ranch_camp_11"},
            { "point":[2,1,0], "overmap": "ranch_camp_12"},
            { "point":[3,1,0], "overmap": "ranch_camp_13"},
            { "point":[4,1,0], "overmap": "ranch_camp_14"},
            { "point":[5,1,0], "overmap": "ranch_camp_15"},
            { "point":[6,1,0], "overmap": "ranch_camp_16"},
            { "point":[7,1,0], "overmap": "ranch_camp_17"},
            { "point":[8,1,0], "overmap": "ranch_camp_18"},

            { "point":[0,2,0], "overmap": "ranch_camp_19"},
            { "point":[1,2,0], "overmap": "ranch_camp_20"},
            { "point":[2,2,0], "overmap": "ranch_camp_21"},
            { "point":[3,2,0], "overmap": "ranch_camp_22"},
            { "point":[4,2,0], "overmap": "ranch_camp_23"},
            { "point":[5,2,0], "overmap": "ranch_camp_24"},
            { "point":[6,2,0], "overmap": "ranch_camp_25"},
            { "point":[7,2,0], "overmap": "ranch_camp_26"},
            { "point":[8,2,0], "overmap": "ranch_camp_27"},

            { "point":[0,3,0], "overmap": "ranch_camp_28"},
            { "point":[1,3,0], "overmap": "ranch_camp_29"},
            { "point":[2,3,0], "overmap": "ranch_camp_30"},
            { "point":[3,3,0], "overmap": "ranch_camp_31"},
            { "point":[4,3,0], "overmap": "ranch_camp_32"},
            { "point":[5,3,0], "overmap": "ranch_camp_33"},
            { "point":[6,3,0], "overmap": "ranch_camp_34"},
            { "point":[7,3,0], "overmap": "ranch_camp_35"},
            { "point":[8,3,0], "overmap": "ranch_camp_36"},

            { "point":[0,4,0], "overmap": "ranch_camp_37"},
            { "point":[1,4,0], "overmap": "ranch_camp_38"},
            { "point":[2,4,0], "overmap": "ranch_camp_39"},
            { "point":[3,4,0], "overmap": "ranch_camp_40"},
            { "point":[4,4,0], "overmap": "ranch_camp_41"},
            { "point":[5,4,0], "overmap": "ranch_camp_42"},
            { "point":[6,4,0], "overmap": "ranch_camp_43"},
            { "point":[7,4,0], "overmap": "ranch_camp_44"},
            { "point":[8,4,0], "overmap": "ranch_camp_45"},

            { "point":[0,5,0], "overmap": "ranch_camp_46"},
            { "point":[1,5,0], "overmap": "ranch_camp_47"},
            { "point":[2,5,0], "overmap": "ranch_camp_48"},
            { "point":[3,5,0], "overmap": "ranch_camp_49"},
            { "point":[4,5,0], "overmap": "ranch_camp_50"},
            { "point":[5,5,0], "overmap": "ranch_camp_51"},
            { "point":[6,5,0], "overmap": "ranch_camp_52"},
            { "point":[7,5,0], "overmap": "ranch_camp_53"},
            { "point":[8,5,0], "overmap": "ranch_camp_54"},

            { "point":[0,6,0], "overmap": "ranch_camp_55"},
            { "point":[1,6,0], "overmap": "ranch_camp_56"},
            { "point":[2,6,0], "overmap": "ranch_camp_57"},
            { "point":[3,6,0], "overmap": "ranch_camp_58"},
            { "point":[4,6,0], "overmap": "ranch_camp_59"},
            { "point":[5,6,0], "overmap": "ranch_camp_60"},
            { "point":[6,6,0], "overmap": "ranch_camp_61"},
            { "point":[7,6,0], "overmap": "ranch_camp_62"},
            { "point":[8,6,0], "overmap": "ranch_camp_63"},

            { "point":[0,7,0], "overmap": "ranch_camp_64"},
            { "point":[1,7,0], "overmap": "ranch_camp_65"},
            { "point":[2,7,0], "overmap": "ranch_camp_66"},
            { "point":[3,7,0], "overmap": "ranch_camp_67"},
            { "point":[4,7,0], "overmap": "ranch_camp_68"},
            { "point":[5,7,0], "overmap": "ranch_camp_69"},
            { "point":[6,7,0], "overmap": "ranch_camp_70"},
            { "point":[7,7,0], "overmap": "ranch_camp_71"},
            { "point":[8,7,0], "overmap": "ranch_camp_72"},

            { "point":[0,8,0], "overmap": "ranch_camp_73"},
            { "point":[1,8,0], "overmap": "ranch_camp_74"},
            { "point":[2,8,0], "overmap": "ranch_camp_75"},
            { "point":[3,8,0], "overmap": "ranch_camp_76"},
            { "point":[4,8,0], "overmap": "ranch_camp_77"},
            { "point":[5,8,0], "overmap": "ranch_camp_78"},
            { "point":[6,8,0], "overmap": "ranch_camp_79"},
            { "point":[7,8,0], "overmap": "ranch_camp_80"},
            { "point":[8,8,0], "overmap": "ranch_camp_81"}
        ],
        "connections" : [
            { "point" : [4,9,0], "terrain" : "road" }
        ],
        "locations" : [ "wilderness" ],
        "city_distance" : [3, 15],
        "city_sizes" : [1, 20],
        "occurrences" : [0, 1],
        "rotate" : false
    },{
        "type" : "overmap_special",
        "id" : "football_field",
        "overmaps" : [
            { "point":[-4,2,0], "overmap": "football_field_c1_north"},
            { "point":[-3,2,0], "overmap": "football_field_c2_north"},
            { "point":[-2,2,0], "overmap": "football_field_c3_north"},
            { "point":[-1,2,0], "overmap": "football_field_c4_north"},
            { "point":[0,2,0], "overmap": "football_field_c5_north"},
            { "point":[-4,1,0], "overmap": "football_field_b1_north"},
            { "point":[-3,1,0], "overmap": "football_field_b2_north"},
            { "point":[-2,1,0], "overmap": "football_field_b3_north"},
            { "point":[-1,1,0], "overmap": "football_field_b4_north"},
            { "point":[0,1,0], "overmap": "football_field_b5_north"},
            { "point":[-4,0,0], "overmap": "football_field_a1_north"},
            { "point":[-3,0,0], "overmap": "football_field_a2_north"},
            { "point":[-2,0,0], "overmap": "football_field_a3_north"},
            { "point":[-1,0,0], "overmap": "football_field_a4_north"},
            { "point":[0,0,0], "overmap": "football_field_a5_north"}
        ],
        "connections" : [
            { "point" : [0,3,0], "terrain" : "road" }
        ],
        "locations" : [ "wilderness" ],
        "city_distance" : [-1, 5],
        "city_sizes" : [1, 20],
        "occurrences" : [0, 1],
        "flags" : [ "CLASSIC" ]
    },{
        "type" : "overmap_special",
        "id" : "campsite",
        "overmaps" : [
            { "point":[0,0,0], "overmap": "campsite"}
        ],
        "locations" : [ "forest" ],
        "city_distance" : [15, -1],
        "city_sizes" : [1, 20],
        "occurrences" : [0, 1],
        "rotate" : false,
        "flags" : [ "CLASSIC" ]
    },{
        "type" : "overmap_special",
        "id" : "campsite_cabin_incomplete",
        "overmaps" : [
            { "point":[0,0,0], "overmap": "campsite_cabin_incomplete"}
        ],
        "locations" : [ "forest" ],
        "city_distance" : [20, -1],
        "city_sizes" : [1, 20],
        "occurrences" : [0, 1],
        "rotate" : false,
        "flags" : [ "CLASSIC" ]
    },{
        "type" : "overmap_special",
        "id" : "campsite_field_biker",
        "overmaps" : [
            { "point":[0,0,0], "overmap": "campsite_field_biker"}
        ],
        "locations" : [ "field" ],
        "city_distance" : [10, -1],
        "city_sizes" : [1, 20],
        "occurrences" : [0, 1],
        "rotate" : false,
        "flags" : [ "CLASSIC" ]
    },{
        "type" : "overmap_special",
        "id" : "campsite_a",
        "overmaps" : [
            { "point":[0,0,0], "overmap": "campsite_a"}
        ],
        "locations" : [ "forest" ],
        "city_distance" : [10, -1],
        "city_sizes" : [1, 20],
        "occurrences" : [0, 1],
        "rotate" : false,
        "flags" : [ "CLASSIC" ]
    },{
        "type" : "overmap_special",
        "id" : "campsite_field_biker_destroyed",
        "overmaps" : [
            { "point":[0,0,0], "overmap": "campsite_field_biker_destroyed"}
        ],
        "locations" : [ "field" ],
        "city_distance" : [10, -1],
        "city_sizes" : [1, 20],
        "occurrences" : [0, 1],
        "rotate" : false,
        "flags" : [ "CLASSIC" ]
    },{
        "type" : "overmap_special",
        "id" : "rest_stop",
        "overmaps" : [
            { "point":[0,0,0], "overmap": "roadstop_north"}
        ],
        "connections" : [
            { "point" : [0,-1,0], "terrain" : "road", "existing" : true }
        ],
        "locations" : [ "land" ],
        "city_distance" : [20, -1],
        "city_sizes" : [1, 20],
        "occurrences" : [0, 1],
        "extras" : "build",
        "flags" : [ "CLASSIC" ]
    },{
        "type" : "overmap_special",
        "id" : "roadstop_a",
        "overmaps" : [
            { "point":[0,0,0], "overmap": "roadstop_a_north"}
        ],
        "connections" : [
            { "point" : [0,-1,0], "terrain" : "road", "existing" : true }
        ],
        "locations" : [ "land" ],
        "city_distance" : [20, -1],
        "city_sizes" : [1, 20],
        "occurrences" : [0, 1],
        "extras" : "build",
        "flags" : [ "CLASSIC" ]
    },{
        "type" : "overmap_special",
        "id" : "roadstop_b",
        "overmaps" : [
            { "point":[0,0,0], "overmap": "roadstop_b_north" }
        ],
        "connections" : [
            { "point" : [0,-1,0], "terrain" : "road", "existing" : true }
        ],
        "locations" : [ "land" ],
        "city_distance" : [20, -1],
        "city_sizes" : [1, 20],
        "occurrences" : [0, 1],
        "extras" : "build",
        "flags" : [ "CLASSIC" ]
    },{
        "type" : "overmap_special",
        "id" : "pump_station",
        "overmaps" : [
            { "point" : [0,0,0],   "overmap" : "pump_station_1_north" },
            { "point" : [0,1,0],   "overmap" : "pump_station_2_north" },
            { "point" : [0,-1,-1], "overmap" : "pump_station_3_north" },
            { "point" : [0,0,-1],  "overmap" : "pump_station_4_north" },
            { "point" : [0,1,-1],  "overmap" : "pump_station_5_north" }
        ],
        "connections" : [
            { "point" : [0,-1,0], "terrain" : "road" }
        ],
        "locations" : [ "wilderness", "swamp" ],
        "city_distance" : [2, 12],
        "city_sizes" : [1, 20],
        "occurrences" : [0, 1],
        "flags" : ["CLASSIC"]
    },{
        "type" : "overmap_special",
        "id" : "garage_gas",
        "overmaps" : [
            { "point" : [0,0,0], "overmap" : "garage_gas_1_north" },
            { "point" : [1,0,0], "overmap" : "garage_gas_2_north" },
            { "point" : [2,0,0], "overmap" : "garage_gas_3_north" }
        ],
        "connections" : [
            { "point" : [0,-1,0], "terrain" : "road" },
            { "point" : [1,-1,0], "terrain" : "road" },
            { "point" : [2,-1,0], "terrain" : "road" }
        ],
        "locations" : [ "wilderness", "swamp" ],
        "city_distance" : [-1, 4],
        "city_sizes" : [1, 20],
        "occurrences" : [0, 1],
        "flags" : ["CLASSIC"]
    },{
        "type" : "overmap_special",
        "id" : "cemetery_religious",
        "overmaps" :
        [
            { "point":[0,0,0], "overmap": "cemetery_4square_00"},
            { "point":[1,0,0], "overmap": "cemetery_4square_10"},
            { "point":[0,1,0], "overmap": "cemetery_4square_01"},
            { "point":[1,1,0], "overmap": "cemetery_4square_11"}
        ],
        "connections" : [
            { "point" : [0,2,0], "terrain" : "road" }
        ],
        "locations" : [ "forest" ],
        "city_distance" : [1, 16],
        "city_sizes" : [1, 20],
        "occurrences" : [0, 1],
        "rotate" : false,
        "flags" : [ "CLASSIC" ]
    },{
        "type" : "overmap_special",
        "id" : "Pond",
        "overmaps" : [
            { "point":[0,0,0], "overmap": "pond_field"}
        ],
        "locations" : [ "field" ],
        "city_distance" : [-1, -1],
        "occurrences" : [1, 2],
        "flags" : [ "CLASSIC" ]
    },{
        "type" : "overmap_special",
        "id" : "basin",
        "overmaps" : [
            { "point":[0,0,0], "overmap": "pond_forest"}
        ],
        "locations" : [ "forest" ],
        "city_distance" : [-1, -1],
        "occurrences" : [1, 2],
        "flags" : [ "CLASSIC" ]
    },{
        "type" : "overmap_special",
        "id" : "bog",
        "overmaps" : [
            { "point":[0,0,0], "overmap": "pond_swamp"}
        ],
        "locations" : [ "swamp" ],
        "city_distance" : [-1, -1],
        "occurrences" : [1, 2],
        "flags" : [ "CLASSIC" ]
    },{
        "type": "overmap_special",
        "id": "Swamp Shack",
        "overmaps": [
            { "point":[0,0,0], "overmap": "hunter_shack"}
        ],
        "locations": [ "swamp" ],
        "city_distance": [15, -1],
        "city_sizes" : [1, 20],
        "occurrences" : [0, 1],
        "flags": [ "CLASSIC" ]
    },{
        "type" : "overmap_special",
        "id" : "apple_orchard",
        "overmaps" : [
            { "point":[0,0,0], "overmap": "orchard_processing"},
            { "point":[1,0,0], "overmap": "orchard_tree_apple"},
            { "point":[2,0,0], "overmap": "orchard_tree_apple"},
            { "point":[3,0,0], "overmap": "orchard_tree_apple"},
            { "point":[0,1,0], "overmap": "orchard_stall"},
            { "point":[1,1,0], "overmap": "orchard_tree_apple"},
            { "point":[2,1,0], "overmap": "orchard_tree_apple"},
            { "point":[3,1,0], "overmap": "orchard_tree_apple"},
            { "point":[0,2,0], "overmap": "orchard_tree_apple"},
            { "point":[1,2,0], "overmap": "orchard_tree_apple"},
            { "point":[2,2,0], "overmap": "orchard_tree_apple"},
            { "point":[3,2,0], "overmap": "orchard_tree_apple"},
            { "point":[0,3,0], "overmap": "pond_field"},
            { "point":[1,3,0], "overmap": "orchard_tree_apple"},
            { "point":[2,3,0], "overmap": "orchard_tree_apple"},
            { "point":[3,3,0], "overmap": "orchard_tree_apple"}
        ],
        "connections" : [
            { "point" : [-1,1,0], "terrain" : "road" }
        ],
        "locations" : [ "field" ],
        "city_distance" : [20, -1],
        "city_sizes" : [1, 20],
        "occurrences" : [0, 1],
        "flags" : [ "CLASSIC" ]
    },




																																								




    {
        "type" : "overmap_special",
        "id" : "Bee Hive",
        "overmaps" : [
            { "point":[0,0,0], "overmap": "hive"},
            { "point":[0,1,0], "overmap": "hive"},
            { "point":[0,2,0], "overmap": "hive"},
            { "point":[1,0,0], "overmap": "hive"},
            { "point":[1,1,0], "overmap": "beehive_center"},
            { "point":[1,2,0], "overmap": "hive"},
            { "point":[2,0,0], "overmap": "hive"},
            { "point":[2,1,0], "overmap": "hive"},
            { "point":[2,2,0], "overmap": "hive"}
        ],
        "locations" : [ "forest" ],
        "city_distance" : [12, -1],
        "city_sizes" : [1, 20],
        "occurrences" : [0, 1],
        "rotate" : true,
        "spawns" : { "group" : "GROUP_BEE", "population":[1200,3600], "radius":[25,50] }
    },{
        "type" : "overmap_special",
        "id" : "Farm",
        "overmaps" : [
            { "point":[0,0,0], "overmap": "farm_field"},
            { "point":[1,0,0], "overmap": "farm"},
            { "point":[2,0,0], "overmap": "farm_field"},
            { "point":[0,1,0], "overmap": "farm_field"},
            { "point":[1,1,0], "overmap": "farm_field"},
            { "point":[2,1,0], "overmap": "farm_field"},
            { "point":[0,2,0], "overmap": "farm_field"},
            { "point":[1,2,0], "overmap": "farm_field"},
            { "point":[2,2,0], "overmap": "farm_field"}
        ],
        "locations" : [ "wilderness" ],
        "city_distance" : [15, -1],
        "city_sizes" : [1, 20],
        "occurrences" : [0, 2],
        "rotate" : false,
        "flags" : [ "CLASSIC" ]
    },{
        "type" : "overmap_special",
        "id" : "Farm_unsettled",
        "overmaps" : [
            { "point":[0,0,0], "overmap": "farm_unsettled_barn"},
            { "point":[0,0,1], "overmap": "farm_unsettled_barn_f2"},
            { "point":[1,0,0], "overmap": "farm_unsettled_house"},
            { "point":[2,0,0], "overmap": "farm_unsettled_topright"},
            { "point":[0,1,0], "overmap": "farm_unsettled_centerleft"},
            { "point":[1,1,0], "overmap": "farm_unsettled_centercenter"},
            { "point":[2,1,0], "overmap": "farm_unsettled_centerright"},
            { "point":[0,2,0], "overmap": "farm_unsettled_bottomleft"},
            { "point":[1,2,0], "overmap": "farm_unsettled_bottomcenter"},
            { "point":[2,2,0], "overmap": "farm_unsettled_bottomright"}
        ],
        "connections" : [
            { "point" : [1,-1,0], "terrain" : "road" }
        ],
        "locations" : [ "wilderness" ],
        "city_distance" : [20, -1],
        "city_sizes" : [1, 20],
        "occurrences" : [0, 1],
        "rotate" : false,
        "flags" : [ "CLASSIC" ]
    },{
        "type": "overmap_special",
        "id": "Triffid Grove",
        "overmaps":
        [
            { "point":[0,0,0], "overmap": "triffid_grove"},
            { "point":[0,0,-1], "overmap": "triffid_roots"},
            { "point":[0,0,-2], "overmap": "triffid_roots"},
            { "point":[0,0,-3], "overmap": "triffid_finale"}
        ],
        "locations": [ "forest" ],
        "city_distance": [1, -1],
        "city_sizes" : [1, 20],
        "occurrences": [0, 2],
        "rotate": true,
        "spawns": { "group": "GROUP_TRIFFID", "population":[650,1400], "radius":[15,30] }
    },{
        "type": "overmap_special",
        "id": "Fungal Bloom",
        "overmaps":
        [
            { "point":[0,0,0], "overmap": "fungal_bloom"}
        ],
        "locations": [ "land" ],
        "city_distance": [-1, -1],
        "city_sizes" : [1, 20],
        "occurrences": [0, 1],
        "rotate": false,
        "spawns": { "group": "GROUP_FUNGI", "population":[500,1000], "radius":[15,30] }
    },{
        "type": "overmap_special",
        "id": "Fungal Tower",
        "overmaps":
        [
            { "point":[0,0,0], "overmap": "fungal_tower"}
        ],
        "locations": [ "wilderness" ],
        "city_distance": [5, -1],
        "city_sizes" : [1, 20],
        "occurrences": [0, 1],
        "rotate": false,
        "spawns": { "group": "GROUP_FUNGI_TOWER", "population":[200,450], "radius":[10,20] }
    },{
        "type": "overmap_special",
        "id": "Fungal Flowers",
        "overmaps":
        [
            { "point":[0,0,0], "overmap": "fungal_flowers"}
        ],
        "locations": [ "land" ],
        "city_distance": [5, -1],
        "city_sizes" : [1, 20],
        "occurrences": [0, 1],
        "rotate": false,
        "spawns": { "group": "GROUP_FUNGI_FLOWERS", "population":[50,150], "radius":[5,10] }
    },{
        "type": "overmap_special",
        "id": "Anthill",
        "overmaps":
        [
            { "point":[0,0,0], "overmap": "anthill"}
        ],
        "locations": [ "land" ],
        "city_distance": [5, -1],
        "city_sizes" : [1, 20],
        "occurrences": [0, 1],
        "rotate": false,
        "spawns": { "group": "GROUP_ANT", "population":[1000,2500], "radius":[15,30] }
    },{
        "type": "overmap_special",
        "id": "Spider Pit",
        "overmaps": [
            { "point":[0,0,0], "overmap": "spider_pit"},
            { "point":[0,0,-1], "overmap": "spider_pit_under"}
        ],
        "locations": [ "forest" ],
        "city_distance": [0, -1],
        "city_sizes" : [1, 20],
        "occurrences": [0, 3],
        "rotate": true,
        "spawns": { "group":  "GROUP_SPIDER", "population":[20,60], "radius":[3,7] }
    },{
        "type": "overmap_special",
        "id": "trapdoor_spider_pit",
        "overmaps": [
            { "point":[0,0,0], "overmap": "trapdoor_pit"},
            { "point":[0,0,-1], "overmap": "trapdoor_pit_b1"}
        ],
        "locations": [ "field" ],
        "city_distance": [2, -1],
        "city_sizes" : [1, 20],
        "occurrences": [0, 3],
        "rotate": true,
        "spawns": { "group":  "GROUP_SPIDER_TRAP", "population":[15,40], "radius":[3,7] }
    },{
        "type": "overmap_special",
        "id": "hell_spire",
        "overmaps":
        [
            { "point":[0,0,0], "overmap": "hell_city_entranceNW"},
            { "point":[1,0,0], "overmap": "hell_city_entranceNE"},
            { "point":[0,1,0], "overmap": "hell_city_entranceSW"},
            { "point":[1,1,0], "overmap": "hell_city_entranceSE"},
            { "point":[0,0,-1], "overmap": "hell_city_tunnel_B1W"},
            { "point":[1,0,-1], "overmap": "hell_city_tunnel_B1E"},
            { "point":[0,0,-2], "overmap": "hell_city_tunnel_prison_N"},
            { "point":[0,1,-2], "overmap": "hell_city_tunnel_prison_S"},
            { "point":[1,0,-2], "overmap": "hell_city_tunnel_B2E"},
            { "point":[1,0,-3], "overmap": "hell_city_B3N"},
            { "point":[1,1,-3], "overmap": "hell_city_B3S"}
        ],
        "locations": [ "land" ],
        "city_distance": [-1, 3],
        "city_sizes" : [1, 20],
        "occurrences": [0, 1],
        "rotate": false,
        "spawns": { "group":  "GROUP_DOOM", "population":[200, 400], "radius":[10,20] }
    },{
        "type": "overmap_special",
        "id": "hell_castle",
        "overmaps":
        [
            { "point":[0,0,0], "overmap": "hell_castle_NW"},
            { "point":[1,0,0], "overmap": "hell_castle_N"},
            { "point":[2,0,0], "overmap": "hell_castle_NE"},
            { "point":[0,1,0], "overmap": "hell_castle_CW"},
            { "point":[1,1,0], "overmap": "hell_castle_C"},
            { "point":[2,1,0], "overmap": "hell_castle_CE"},
            { "point":[0,2,0], "overmap": "hell_castle_SW"},
            { "point":[1,2,0], "overmap": "hell_castle_S"},
            { "point":[2,2,0], "overmap": "hell_castle_SE"},
            { "point":[0,0,-1], "overmap": "hell_castle_B1_NW"},
            { "point":[1,0,-1], "overmap": "hell_castle_B1_N"},
            { "point":[2,0,-1], "overmap": "hell_castle_B1_NE"},
            { "point":[0,1,-1], "overmap": "hell_castle_B1_CW"},
            { "point":[1,1,-1], "overmap": "hell_castle_B1_C"},
            { "point":[2,1,-1], "overmap": "hell_castle_B1_CE"},
            { "point":[0,2,-1], "overmap": "hell_castle_B1_SW"},
            { "point":[1,2,-1], "overmap": "hell_castle_B1_S"},
            { "point":[2,2,-1], "overmap": "hell_castle_B1_SE"}
        ],
        "locations": [ "land" ],
        "city_distance": [2, 25],
        "city_sizes" : [1, 20],
        "occurrences": [0, 1],
        "rotate": false,
        "spawns": { "group":  "GROUP_DOOM", "population":[650, 1000], "radius":[15,30] }
    }
]
