[
    {
       "type" : "AMMO",
        "id" : "blob_gohan",
        "category" : "other",
        "price" : 0,
        "name" : "ブロブのごはん",
        "symbol" : "=",
        "color" : "light_red",
        "description" : "ブロブ用に作った餌です。消化しやすいようにミンチにしてあります。",
        "material" : "flesh",
        "volume" : 1,
        "weight" : 1,
        "ammo_type" : "blob_gohan",
        "count" : 100,
        "stack_size" : 100
    },
    {
       "type" : "AMMO",
        "id" : "assassins_throwing_dagger",
        "category" : "weapons",
        "price" : 9000,
        "name" : "刺客の投刃",
        "symbol" : "/",
        "color" : "light_gray",
        "description" : "暗殺に用いられる殺傷力の高い刃物です。非常に軽量で、目標に向かって無音かつ正確に飛んでいきます。ゾンビのリンゴ当てゲームにも最適です。",
        "material" : ["steel","leather"],
        "volume" : 4,
        "weight" : 400,
        "cutting" : 21,
        "thrown_damage" : [
            { "damage_type": "stab", "amount": 21 }],
        "to_hit" : 2,
        "flags" : ["SPEAR","SHEATH_KNIFE"],
        "qualities": [["CUT", 1], ["BUTCHER", 10]],
        "ammo_type" : "assassins_throwing_dagger",
        "count" : 4,
        "stack_size" : 4
    },
    {   "type" : "AMMO",
        "id" : "makeshift_throwing_knife",
        "category" : "weapons",
        "price" : 5200,
        "name" : "簡易投げナイフ",
        "symbol" : ";",
        "color" : "light_gray",
        "description" : "適当なサイズの鉄片を鋭く尖らせて布を巻きつけただけの簡易的な投げナイフです。石ころをそのまま投げるよりは遥かにマシでしょう。",
        "material" : ["steel"],
        "volume" : 1,
        "weight" : 600,
        "bashing" : 3,
        "cutting" : 11,
        "flags" : ["SPEAR"],
        "thrown_damage" : [
            { "damage_type": "bash", "amount": 3 },
            { "damage_type": "stab", "amount": 11 }],
        "ammo_type" : "makeshift_throwing_knife",
        "count" : 5
    },
 {
    "type" : "TOOL",
    "category": "weapons",
    "id" : "destruction_otama",
    "price" : 9000,
    "name" : "破壊のおたま",
    "symbol" : "/",
    "color" : "light_gray",
    "description" : "メイドさんが本気で怒った時に使う武器です。コワイ！",
    "material" : ["steel","wood"],
    "volume" : 2,
    "weight" : 200,
    "bashing" : 24,
    "thrown_damage" : [
        { "damage_type": "bash", "amount": 24 }],
    "to_hit" : 2,
    "use_action": {
        "type": "transform",
        "target": "otama_act",
        "target_charges": 2,
        "active": true,
        "msg": "おたまに怒りを込めて投げる構えをとった。"
    }
  },
  {
    "id": "otama_act",
    "type": "TOOL",
    "category": "weapons",
    "symbol": "*",
    "color": "light_gray",
    "name": "破壊のおたま",
    "description": "おたまに怒りが篭っています。爆発寸前です！",
    "price": 0,
    "material": ["steel", "wood"],
    "weight": 200,
    "volume": 2,
    "bashing": 24,
    "thrown_damage" : [
        { "damage_type": "bash", "amount": 24 }],
    "to_hit": 2,
    "initial_charges": 2,
    "max_charges": 2,
    "turns_per_charge": 1,
    "use_action": {
        "type": "explosion",
        "sound_volume": 1,
        "sound_msg": "ゴゴゴゴ...",
        "no_deactivate_msg": "おたまに怒りが篭っています。爆発寸前です！",
        "explosion": {
            "power": 30,
            "shrapnel": 20
        }
    }
  },
      {
       "type" : "AMMO",
        "id" : "maid_point",
        "category" : "other",
        "price" : 0,
        "name" : "Maid Point",
        "name_plural" : "Maid Point",
        "symbol" : "*",
        "color" : "light_red",
        "description" : "ご主人様への熱い想いを触媒化したものです。様々なメイドアイテムに使用します。",
        "material" : "maid",
        "volume" : 0,
        "weight" : 0,
        "ammo_type" : "maid_point",
        "damage" : 0,
        "range" : 0,
        "dispersion" : 0,
        "recoil" : 0,
        "count" : 100,
        "stack_size" : 100,
        "effects" : ["NEVER_MISFIRES"]
    },
      {
       "type" : "AMMO",
        "id" : "maid_power",
        "category" : "other",
        "price" : 0,
        "name" : "Maid Power",
        "name_plural" : "Maid Power",
        "symbol" : "*",
        "color" : "light_red",
        "description" : "ご主人様への熱い想いのエネルギーです。触媒のMaid Pointに変換できます。",
        "material" : "maid",
        "volume" : 0,
        "weight" : 0,
        "ammo_type" : "maid_power",
        "count" : 15,
        "stack_size" : 15
    }
]