[
  {
    "id": "vorpal_kitchen_knife",
    "type": "TOOL",
    "category" : "weapons",
    "symbol": "/",
    "color": "light_gray",
    "name": "首狩包丁",
    "description": "戦闘用の改良を施した包丁です。鋭い包丁捌きはまるで料理するかの如く、犠牲者をただの肉塊へと変えて行きます。Maid Pointを消費しながら斬りつけた対象の体力を奪う事が出来ます。",
    "price": 9000,
    "material": ["steel","wood"],
    "techniques": ["RAPID", "WBLOCK_1"],
    "flags" : ["SLICE", "DURABLE_MELEE","SHEATH_KNIFE","VORPAL"],
    "weight": 2000,
    "volume": 1,
    "bashing": 4,
    "cutting": 28,
    "to_hit": 1,
    "qualities": [["CUT", 1], ["BUTCHER", 20]],
    "max_charges": 100,
    "initial_charges": 100,
    "charges_per_use": 80,
    "ammo": "maid_point",
    "use_action": {
            "type": "transform",
            "msg": "首狩包丁が血を求めている。さあ、料理の時間だ。",
            "target": "vorpal_kitchen_knife_on",
            "active": true,
            "need_charges": 80,
            "need_charges_msg": "Maid Pointが足りない！"
        }
  },
    {
    "id": "vorpal_kitchen_knife_on",
    "type": "TOOL",
    "category" : "weapons",
    "symbol": "/",
    "color": "light_gray",
    "name": "首狩包丁(オン)",
    "description": "戦闘用の改良を施した包丁です。鋭い包丁捌きはまるで料理するかの如く、犠牲者をただの肉塊へと変えて行きます。Maid Pointを消費しながら斬りつけた対象の体力を奪う事が出来ます。",
    "price": 9000,
    "material": ["steel","wood"],
    "techniques": ["RAPID", "WBLOCK_1"],
    "flags" : ["SLICE", "DURABLE_MELEE", "VORPAL", "NO_RELOAD"],
    "weight": 2000,
    "volume": 1,
    "bashing": 4,
    "cutting": 28,
    "to_hit": 1,
    "qualities": [["CUT", 1], ["BUTCHER", 20]],
    "max_charges": 20,
    "initial_charges": 20,
    "turns_per_charge": 1,
    "ammo": "maid_point",
    "revert_to": "vorpal_kitchen_knife",
    "use_action": {
            "type": "transform",
            "msg": "刃を拭い、構えを解いた。",
            "target": "vorpal_kitchen_knife",
            "need_charges": 0
        },
    "artifact_data" : {
    "effects_wielded": ["AEP_SAP_LIFE"]
    }
  },
        {
        "type":"TOOL",
        "category" : "weapons",
        "id": "slaying_pan",
        "symbol": ")",
        "color": "dark_gray",
        "name": "スレイパン",
        "description": "戦闘用の改良を施したフライパンです。このエッジの効いた鉄塊は食材も動く肉塊たちも、見事に*調理*してみせる事でしょう。Maid Pointを消費しながら火炎攻撃を行う事が出来ます。",
        "price": 9000,
        "material": ["steel", "wood"],
        "techniques": ["RAPID", "BRUTAL", "WBLOCK_2"],
        "flags" : ["STAB", "DURABLE_MELEE"],
        "weight": 1500,
        "volume": 7,
        "bashing": 18,
        "cutting": 18,
        "to_hit": 2,
        "qualities": [["COOK", 2], ["BOIL", 2], ["CONTAIN", 1]],
        "max_charges": 100,
        "initial_charges": 100,
        "charges_per_use": 1,
        "ammo": "maid_point",
        "use_action": {
                "type": "transform",
                "msg": "スレイパンに手をかざすと燃え盛る炎が生じた！",
                "target": "slaying_pan_on",
                "active": true,
                "need_charges": 1,
                "need_charges_msg": "Maid Pointが足りない！"
        }
    },
    {
        "type":"TOOL",
        "category" : "weapons",
        "id": "slaying_pan_on",
        "symbol": ")",
        "color": "dark_gray",
        "name": "スレイパン(炎上)",
        "description": "戦闘用の改良を施したフライパンです。このエッジの効いた鉄塊は食材も動く肉塊たちも、見事に*調理*してみせる事でしょう。Maid Pointを消費しながら火炎攻撃を行う事が出来ます。",
        "price": 9000,
        "material": ["steel","wood"],
        "techniques": ["RAPID","BRUTAL","WBLOCK_2"],
        "flags" : ["STAB", "DURABLE_MELEE", "FIRE", "LIGHT_240", "FLAMING"],
        "weight": 1500,
        "volume": 7,
        "bashing": 18,
        "cutting": 18,
        "to_hit": 2,
        "qualities": [["COOK", 2], ["BOIL", 2], ["CONTAIN", 1]],
        "max_charges": 100,
        "initial_charges": 100,
        "turns_per_charge": 10,
        "ammo": "maid_point",
        "revert_to": "slaying_pan",
        "use_action": {
            "type": "transform",
            "msg": "再び手をかざすことで炎は鎮火し、元の姿に戻った。",
            "target": "slaying_pan",
            "need_charges": 0
        },
    "artifact_data" : {
    "effects_worn": ["AEP_GLOW"]
    }
    },
    {
        "type":"GENERIC",
        "category" : "weapons",
        "id" : "brutal_broom",
        "name" : "ブルータルブルーム",
        "description" : "戦闘用の改良を施した箒です。鋭い刃が仕込まれており、払う度にゴミが増えてしまうのが難点です。",
        "weight" : 1200,
        "to_hit" : 2,
        "color" : "light_gray",
        "symbol" : "/",
        "material" : ["steel","wood"],
        "techniques" : ["BRUTAL", "WBLOCK_1"],
        "volume" : 6,
        "bashing" : 4,
        "cutting" : 20,
        "flags" : ["STAB", "REACH_ATTACK"],
        "price" : 9000
    },
    {
        "type":"GENERIC",
        "category" : "weapons",
        "id" : "spiked_whip",
        "name" : "スパイクドウィップ",
        "description" : "錘と無数のスパイクを取り付けた革鞭です。遠心力を加えた打撃や、鞭を絡み付かせて全身を切り刻む等、拷問のように残忍な創傷を負わせます。",
        "weight" : 1300,
        "to_hit" : 2,
        "color" : "light_gray",
        "symbol" : ")",
        "material" : ["steel","leather"],
        "techniques" : ["WHIP_DISARM"],
        "volume" : 7,
        "bashing" : 20,
        "cutting" : 8,
        "flags" : ["DURABLE_MELEE", "REACH_ATTACK"],
        "price" : 9000
    },
    {
        "type":"GENERIC",
        "category" : "weapons",
        "id" : "shikomi_kasa",
        "name" : "仕込み傘",
        "description" : "内部に刀の仕込まれた傘です。普通の傘としても利用出来ます。",
        "weight" : 1000,
        "to_hit" : 1,
        "color" : "dark_gray",
        "symbol" : "/",
        "material" : ["aluminum","plastic","steel"],
        "techniques" : ["WBLOCK_1"],
        "flags" : ["STAB","DURABLE_MELEE","RAIN_PROTECT","IAIJUTSU"],
            "use_action": {
            "type": "transform",
            "target": "shikomi_kasa_draw",
            "msg": "仕込まれた刀を抜き放ち、構えた。"
        },
        "volume" : 6,
        "bashing" : 6,
        "cutting" : 4,
        "price" : 17800
    },
    {
        "type":"GENERIC",
        "category" : "weapons",
        "id" : "shikomi_kasa_draw",
        "name" : "仕込み傘(抜刀)",
        "name_plural" : "仕込み傘(抜刀)",
        "description" : "抜き放たれた刀です。降りしきる雨の中、ゾンビの群れを相手に殺陣を演じるなんて、まるでB級映画のようですね。",
        "weight" : 835,
        "to_hit" : 1,
        "color" : "dark_gray",
        "symbol" : "/",
        "material" : ["aluminum","plastic","steel"],
        "techniques" : ["RAPID", "WBLOCK_1"],
        "flags" : ["SLICE","DURABLE_MELEE","IAIJUTSU"],
        "use_action": {
            "type": "transform",
            "target": "shikomi_kasa",
            "msg": "再び刀を鞘へと収めた。"
        },
        "volume" : 3,
        "bashing" : 3,
        "cutting" : 24,
        "price" : 17800
    },
    {
        "type":"GENERIC",
        "category" : "weapons",
        "id" : "shikomi_stick",
        "name" : "仕込みステッキ",
        "description" : "内部に刀の仕込まれた素敵なステッキです。",
        "weight" : 1000,
        "to_hit" : 1,
        "color" : "dark_gray",
        "symbol" : "/",
        "material" : ["wood","steel"],
        "techniques" : ["WBLOCK_1"],
        "flags" : ["STAB","DURABLE_MELEE","RAIN_PROTECT","IAIJUTSU"],
            "use_action": {
            "type": "transform",
            "target": "shikomi_stick_draw",
            "msg": "仕込まれた刀を抜き放ち、構えた。"
        },
        "volume" : 4,
        "bashing" : 8,
        "cutting" : 4,
        "price" : 17800
    },
    {
        "type":"GENERIC",
        "category" : "weapons",
        "id" : "shikomi_stick_draw",
        "name" : "仕込みステッキ(抜刀)",
        "name_plural" : "仕込みステッキ(抜刀)",
        "description" : "抜き放たれた刀です。ゾンビ相手に仕込む必要があるかって？終末こそこういうのが大事なのですよ。",
        "weight" : 835,
        "to_hit" : 1,
        "color" : "dark_gray",
        "symbol" : "/",
        "material" : ["wood","steel"],
        "techniques" : ["RAPID", "WBLOCK_1"],
        "flags" : ["SLICE","DURABLE_MELEE","IAIJUTSU"],
        "use_action": {
            "type": "transform",
            "target": "shikomi_stick",
            "msg": "再び刀を鞘へと収めた。"
        },
        "volume" : 3,
        "bashing" : 3,
        "cutting" : 24,
        "price" : 17800
    },
    {
    "id": "maid_claw",
    "type": "GUN",
    "category" : "weapons",
    "symbol": "/",
    "color": "dk_gray",
    "name": "メイドクロウ",
    "name_plural": "メイドクロウ",
    "description": "格闘戦用の鋭い鉤爪です。しっかりと腕にフィットし、素手同様に戦えます。Maid Pointを消費することでご主人様への想いを炎に変えて敵を焼き尽くします。",
    "price": 50000,
    "material": ["steel","leather"],
    "skill": "unarmed",
    "ammo": "maid_point",
    "flags" : ["STAB", "FIRE_20", "NEVER_JAMS", "DURABLE_MELEE", "PRIMITIVE_RANGED_WEAPON", "UNARMED_WEAPON", "NO_SALVAGE"],
    "weight": 1000,
    "volume": 1,
    "bashing": 4,
    "cutting": 14,
    "to_hit": 1,
    "ranged_damage": 20,
    "pierce": 30,
    "range": 10,
    "dispersion": 0,
    "sight_dispersion": 90,
    "aim_speed" : 0,
    "recoil": 300,
    "durability": 10,
    "clip_size": 40,
    "loudness" : 100,
    "ammo_effects": ["FLAME", "STREAM", "INCENDIARY", "NEVER_MISFIRES", "SHOT"],
    "modes": [ [ "DEFAULT", "auto", 2 ] ],
    "relative": { "reload": -99.0 }
},
  {
    "id": "battle_mop",
    "type": "TOOL",
    "category" : "weapons",
    "symbol": "/",
    "color": "light_gray",
    "name": "バトルモップ",
    "description": "柄の先端に鉄を取り付け、殺傷力を増した戦闘用のモップです。ゴミの処理と後処理を手早く行える、効率的な道具と言えます。",
    "price": 1000,
    "material": ["wood","iron"],
    "flags" : ["DURABLE_MELEE","REACH_ATTACK"],
    "techniques": "WBLOCK_1",
    "weight": 1100,
    "volume": 7,
    "bashing": 22,
    "to_hit": 2,
    "use_action": "MOP"
  }
]