[
     {
       "id": "little_maid_R18_tane",
       "type": "TOOL",
       "category": "other",
       "symbol": "m",
       "color": "white",
       "name": "愛玩用リトルメイド(種付)",
       "description": "種付けを行ったリトルメイドです。あなたがじっと見つめていると、恥ずかしそうに頬を染めて穏やかな微笑みを浮かべました。28日後に使用すると搾乳可能になります。",
       "price": 60000,
       "material": ["maid"],
       "weight": 34000,
       "volume": 40,
       "use_action": {
           "type": "delayed_transform",
           "transform_age": 403200,
           "not_ready_msg": "優しく頭を撫でてやると、薄っすらと頬を紅潮させ、もじもじしながら身を預けてきました...",
           "msg": "リトルメイドは愛おしいものを慈しむように、大きくなったお腹を擦っています。胸も大分出てきました。そろそろミルクも出る頃でしょう。",
           "moves": 0,
           "target": "little_maid_R18_milk"
      }
     },
     {
       "id": "little_maid_R18_milk",
       "type": "TOOL",
       "category": "other",
       "symbol": "m",
       "color": "white",
       "name": "愛玩用リトルメイド(搾乳可能)",
       "description": "種付けを行ったリトルメイドです。胸とお腹がかなり膨れ上がっており、切なく潤んだ瞳であなたを見つめています...搾乳することでミルクを入手できます。",
       "price": 60000,
       "material": ["maid"],
       "weight": 36000,
       "volume": 45
       },
     {
       "id": "little_maid_R18_milk2",
       "type": "TOOL",
       "category": "other",
       "symbol": "m",
       "color": "white",
       "name": "愛玩用リトルメイド(搾乳後)",
       "description": "搾乳を行ったリトルメイドです。満ち足りた表情をしており、どこか肌もつやつやしているように感じます。23時間後に使用すると再び搾乳出来ます。",
       "price": 60000,
       "material": ["maid"],
       "weight": 36000,
       "volume": 45,
       "use_action": {
           "type": "delayed_transform",
           "transform_age": 13800,
           "not_ready_msg": "リトルメイドはあなたの手を取ると自分のお腹にそっと当てさせました。とても暖かな体温を感じます...",
           "msg": "リトルメイドがあなたの側に寄り添ってきました。まるで何かをおねだりするように上目遣いであなたを見つめています...再び搾乳が可能になりました。",
           "moves": 0,
           "target": "little_maid_R18_milk"
      }
    },
{
  "type" : "recipe",
  "result": "little_maid_R18_tane",
  "id_suffix": "from_little_maid_R18",
  "category": "CC_OTHER",
  "subcategory": "CSC_OTHER_TOOLS",
  "skill_used": "fabrication",
  "difficulty": 0,
  "time": 60000,
  "flags": ["BLIND_EASY"],
  "reversible": false,
  "autolearn": true,
  "components": [
      [
       [ "little_maid_R18", 1 ]
      ]
     ]
},
{
  "type" : "COMESTIBLE",
  "id" : "maid_aphrodisiac",
  "name" : "媚薬",
  "weight" : 322,
   "color" : "pink",
  "addiction_type" : "none",
  "spoils_in" : 0,
  "stim" : 0,
  "comestible_type" : "DRINK",
  "container": "bottle_plastic",
  "symbol" : "%",
  "quench" : 10,
  "healthy" : 1,
  "addiction_potential" : 0,
  "nutrition" : 10,
  "description" : "飲むと精力を増強させる媚薬です。リトルメイドに飲ませると卵を産みます。",
  "price" : 300,
  "material" : "veggy",
  "tool" : "null",
  "volume" : 1,
  "phase" : "liquid",
  "charges" : 1,
  "fun" : 20
},
{
  "type" : "recipe",
  "result": "maid_aphrodisiac",
  "id_suffix": "from_apple",
  "result_mult": 2,
  "category": "CC_FOOD",
  "subcategory": "CSC_FOOD_DRINKS",
  "skill_used": "cooking",
  "difficulty": 4,
  "time": 10000,
  "reversible": false,
  "autolearn": true,
  "qualities":[{"id":"CHEM","level":1,"amount":1}],
  "tools": [
    [
      [ "hotplate", 6 ],
      [ "char_smoker", 1 ],
      [ "toolset", 6 ],
      [ "fire", -1 ]
    ]
  ],
  "components": [
     [
      [ "apple", 1 ],
      [ "pomegranate", 1 ],
      [ "onion", 1 ],
      [ "lettuce", 1 ],
      [ "garlic", 1 ],
      [ "pepper", 10 ]
     ],
     [
      [ "honey_bottled", 1 ],
      [ "honey_glassed", 1 ],
      [ "honeycomb", 1 ]
     ],
     [
      [ "water", 1 ],
      [ "water_clean", 1 ]
     ]
  ]
},
{
  "type" : "recipe",
  "result": "milk",
  "id_suffix": "from_little_maid_R18_milk",
  "result_mult": 3,
  "byproducts": [["little_maid_R18_milk2"]],
  "category": "CC_FOOD",
  "subcategory": "CSC_FOOD_DRINKS",
  "skill_used": "fabrication",
  "difficulty": 0,
  "time": 60000,
  "flags": ["BLIND_EASY"],
  "reversible": false,
  "autolearn": true,
  "components": [
      [
       [ "little_maid_R18_milk", 1 ]
      ]
     ]
},
{
  "type" : "recipe",
  "result": "egg_bird",
  "id_suffix": "from_maid_aphrodisiac",
  "result_mult": 3,
  "category": "CC_FOOD",
  "subcategory": "CSC_FOOD_OTHER",
  "skill_used": "fabrication",
  "difficulty": 0,
  "time": 5000,
  "flags": ["BLIND_EASY"],
  "reversible": false,
  "autolearn": true,
  "tools": [
      [
       [ "little_maid_R18_milk", -1 ],
       [ "little_maid_R18_milk2", -1 ]
      ]
      ],
  "components": [
      [
       [ "maid_aphrodisiac", 1 ]
      ]
     ]
},
    {
        "type" : "mutation",
        "id" : "futanari",
        "name" : "ふたなり",
        "points" : 0,
        "description" : "身体にもうひとつの性別が備わっています。",
        "starting_trait" : true,
        "valid" : false
    },
    {
        "type" : "mutation",
        "id" : "syokusyu",
        "name" : "生殖用触手",
        "points" : 0,
        "description" : "身体に生殖用の触手が生えています。",
        "starting_trait" : true,
        "valid" : false
    }
]