[
   {
       "type" : "MONSTER",
       "id" : "mon_shoggoth_maid",
       "name": "メイドさん(ショゴス)",
       "species":"NETHER",
       "default_faction":"player",
       "symbol":"M",
       "color":"white",
       "size":"SMALL",
       "diff":20,
       "aggression":10,
       "morale":100,
       "speed":200,
       "melee_skill":10,
       "melee_dice":8,
       "melee_dice_sides":7,
       "melee_cut":6,
       "dodge":0,
       "armor_bash":10,
       "armor_cut":30,
       "vision_day":8,
       "vision_night":8,
       "death_drops": {
        "subtype": "collection",
        "groups": [
            [ "shoggoth_maid_drop", 100 ]
        ]
    },
       "hp":400,
       "death_function":["MELT"],
       "special_attacks":[["PARROT", 40],["IMPALE", 25], ["STRETCH_ATTACK", 5]],
       "description":"メイドさんの姿を模ったショゴスです。清楚かつ容姿端麗な見た目に反し、頭の中は混沌としたピンクと玉虫色の色彩が渦巻いていますが、主人に対する敬愛？の心は確かなようです。ペット用キャリーケースに入ります。",
       "flags":["SEES", "SMELLS", "HEARS", "SWIMS", "PLASTIC", "SLUDGEPROOF", "ACIDPROOF", "NOHEAD", "REGENERATES_50", "REGEN_MORALE", "NOGIB", "FLIES"],
       "anger_triggers":["FRIEND_ATTACKED"],
       "harvest":"exempt"
   },
   {
    "type" : "MONSTER",
    "id" : "mon_shoggoth",
    "copy-from" : "mon_shoggoth",
    "death_drops": {
        "subtype": "collection",
        "groups": [
            [ "shoggoth_drop", 100 ]
        ]
     }
    },
    {
    "type" : "MONSTER",
    "id" : "maid_master",
    "name": "ご主人様",
    "name_plural": "ご主人様",
    "species":"UNKNOWN",
    "default_faction":"player",
    "symbol":"m",
    "color":"brown",
    "size":"SMALL",
    "material":"flesh",
    "diff":2,
    "aggression":-10,
    "morale":100,
    "speed":130,
    "melee_skill":2,
    "melee_dice":2,
    "melee_dice_sides":4,
    "melee_cut":2,
    "dodge":2,
    "armor_bash":0,
    "armor_cut":0,
    "vision_day":30,
    "vision_night":3,
    "death_function":["NORMAL"],
    "hp":40,
    "description":"仕えていた家の主に託された子供です。まだ幼く、とても一人でこの終末を生きることなど出来ません。何があっても守り抜かなくてはならない。",
    "flags":["SEES", "HEARS", "SMELLS", "WARM", "GUILT","BONES"],
    "harvest":"exempt"
    },
   {
       "type" : "MONSTER",
       "id" : "mon_little_maid",
       "name": "リトルメイド",
       "species":"NETHER",
       "default_faction":"player",
       "symbol":"m",
       "color":"white",
       "size":"SMALL",
       "material":"flesh",
       "diff":2,
       "aggression":10,
       "morale":100,
       "speed":200,
       "melee_skill":1,
       "melee_dice":1,
       "melee_dice_sides":1,
       "melee_cut":1,
       "dodge":2,
       "armor_bash":0,
       "armor_cut":0,
       "vision_day":8,
       "vision_night":8,
       "death_drops": {
        "subtype": "collection",
        "groups": [
            [ "little_maid_drop", 100 ]
        ]
    },
       "hp":80,
       "death_function":["MELT"],
       "special_attacks":[["PARROT", 40],["IMPALE", 25]],
       "description":"異界から召喚された小さなメイドです。正確な意思疎通を図る事は困難ですが、一応召喚者の事を慕ってはいるようです。ペット用キャリーケースに入ります。",
       "flags":["SEES", "SMELLS", "HEARS", "SWIMS", "WARM", "REGENERATES_10", "REGEN_MORALE", "NOGIB"],
       "anger_triggers":["FRIEND_ATTACKED"],
       "harvest":"exempt"
   },
   {
    "type" : "MONSTER",
    "id" : "mon_alchemic_golem",
    "name": "アルケミック・フレッシュゴーレム(調理済)",
    "species":"NETHER",
    "default_faction":"player",
    "symbol":"g",
    "color":"red",
    "size":"SMALL",
    "material":"flesh",
    "diff":2,
    "aggression":100,
    "morale":100,
    "speed":80,
    "melee_skill":0,
    "melee_dice":0,
    "melee_dice_sides":0,
    "melee_cut":0,
    "dodge":0,
    "armor_bash":0,
    "armor_cut":0,
    "vision_day":15,
    "vision_night":15,
    "hp":100,
    "emit_fields": [ "emit_toxic_leak" ],
    "death_function":["GAS", "ACID"],
    "special_attacks":[["ACID_BARF", 1]],
    "description":"おそらく錬金術に類する技術で生み出された、生ける肉塊です。醜く捻じれ、歪んだ肉塊には、まるで人間の口のような器官が備わっており、そこからゴボゴボと不快な音を立てながら、有毒なガスと酸の体液を垂れ流しています。ペット用キャリーケースに入りますが...本気で入れるつもりですか？",
    "flags":["SEES", "HEARS", "SMELLS", "STUMBLES", "WARM", "NO_BREATHE", "ACIDPROOF", "ACID_BLOOD"],
    "harvest":"exempt"
    }
]
