[
    {
        "type" : "item_group",
        "subtype": "collection",
        "id": "shoggoth_drop",
        "entries":
        [
            { "item": "meat_shoggoth", "prob": 50 },
            { "item": "iv_mutagen_maid_flask", "prob": 100 }
        ]
    },
    {
        "type" : "item_group",
        "subtype": "collection",
        "id": "shoggoth_maid_drop",
        "entries":
        [
            { "item": "mini_shoggoth", "prob": 100 }
        ]
    },
    {
        "type" : "item_group",
        "subtype": "collection",
        "id": "little_maid_drop",
        "entries":
        [
            { "item": "mini_little_maid", "prob": 100 }
        ]
    }
]
