[
  {
    "type" : "recipe",
    "result": "little_maid_meat_smoked_fin",
    "id_suffix": "uncraft",
    "category": "CC_NONCRAFT",
    "subcategory": "CSC_NONCRAFT",
    "difficulty": 0,
    "time": 100,
    "reversible": true,
    "autolearn": false,
    "components": [
      [ [ "little_maid_R18", 1 ] ],
      [ [ "meat_smoked", 3 ] ]
    ]
  },
  {
    "type" : "recipe",
    "result": "little_maid_fish_smoked_fin",
    "id_suffix": "uncraft",
    "category": "CC_NONCRAFT",
    "subcategory": "CSC_NONCRAFT",
    "difficulty": 0,
    "time": 100,
    "reversible": true,
    "autolearn": false,
    "components": [
      [ [ "little_maid_R18", 1 ] ],
      [ [ "fish_smoked", 6 ] ]
    ]
  },
  {
    "type" : "recipe",
    "result": "little_maid_human_smoked_fin",
    "id_suffix": "uncraft",
    "category": "CC_NONCRAFT",
    "subcategory": "CSC_NONCRAFT",
    "difficulty": 0,
    "time": 100,
    "reversible": true,
    "autolearn": false,
    "components": [
      [ [ "little_maid_R18", 1 ] ],
      [ [ "human_smoked", 3 ] ]
    ]
  }
]