[
    {
        "type" : "speech",
        "speaker" : "mon_shoggoth_maid",
        "sound" : "\"テケリ･リ！\"",
        "volume" : 10
    },
    {
        "type" : "speech",
        "speaker" : "mon_shoggoth_maid",
        "sound" : "\"テケリ･リ！テケリ･リ！\"",
        "volume" : 10
    },
    {
        "type" : "speech",
        "speaker" : "mon_shoggoth_maid",
        "sound" : "\"テケリ･リ？\"",
        "volume" : 10
    },
    {
        "type" : "speech",
        "speaker" : "mon_shoggoth_maid",
        "sound" : "\"テケリ テケリ･リ テケリ･リ～♪気分が良くなると口ずさんじゃうんですよね\"",
        "volume" : 10
    },
    {
        "type" : "speech",
        "speaker" : "mon_shoggoth_maid",
        "sound" : "\"ご主人様っ！わ、私、ご主人様の事が...テケリ･リ！...きゃー♪言っちゃったっ♪\"",
        "volume" : 10
    },
    {
        "type" : "speech",
        "speaker" : "mon_shoggoth_maid",
        "sound" : "\"私はメイド♪あなたのメイド♪掃除、洗濯、お料理...続き、なんでしたっけ？\"",
        "volume" : 10
    },
    {
        "type" : "speech",
        "speaker" : "mon_shoggoth_maid",
        "sound" : "\"ご主人様が望めばいくらでも喋り続けます！望まなくても喋り続けます！\"",
        "volume" : 10
    },
    {
        "type" : "speech",
        "speaker" : "mon_shoggoth_maid",
        "sound" : "\"ご主人様が望めばいくらでも産みます♪\"",
        "volume" : 10
    },
    {
        "type" : "speech",
        "speaker" : "mon_shoggoth_maid",
        "sound" : "\"ご主人様ご主人様っ！壁際に追い詰められたミ＝ゴごっこをして遊びませんか？\"",
        "volume" : 10
    },
    {
        "type" : "speech",
        "speaker" : "mon_shoggoth_maid",
        "sound" : "\"じわじわとミ＝ゴを追い詰めるあの感覚...病み付きになっちゃいます･･･♪\"",
        "volume" : 10
    },
    {
        "type" : "speech",
        "speaker" : "mon_shoggoth_maid",
        "sound" : "\"この姿は奉仕種族として最も適した人間の形態だと学びました！どうです？劣情を催してきませんか？\"",
        "volume" : 10
    },
    {
        "type" : "speech",
        "speaker" : "mon_shoggoth_maid",
        "sound" : "\"ブロブ、トリフィド、ファンガル...人類が対抗するにはあまりにも困難な敵たちです。だから...奴らに対抗して私と子作りしましょう♪まずは軽く1000人ぐらい！\"",
        "volume" : 10
    },
    {
        "type" : "speech",
        "speaker" : "mon_shoggoth_maid",
        "sound" : "\"ご主人様は私に初めての死をくださいました。他にもいっぱい、初めてをくださいね\"",
        "volume" : 10
    },
    {
        "type" : "speech",
        "speaker" : "mon_shoggoth_maid",
        "sound" : "\"ご主人様ご主人様ご主人様ご主人様ご主人様ご主人様ご主人様ご主人様ご主人様ご主人様ご主人様ご主人様ご主人様ご主人様ご主人様ご主人様ご主人様ご主人様ご主人様ご主人様ご主人様ご主人様ご主人様ご主人様ご主人様ご主人様ご主人様ご主人様ご主人様ご主人様ご主人様ご主人様ご主人様ご主人様ご主人様ご主人様ご主人様ご主人様ご主人様ご主人様ご主人様ご主人様ご主人様･･･\"",
        "volume" : 10
    },
    {
        "type" : "speech",
        "speaker" : "mon_shoggoth_maid",
        "sound" : "\"ご安心ください、履いてませんよ♪\"",
        "volume" : 10
    },
    {
        "type" : "speech",
        "speaker" : "mon_shoggoth_maid",
        "sound" : "\"過去は変えられません。未来は暗黒かもしれません。ですが、ご主人様には私がいます。私にはご主人様がいます。だからどうか...悲しそうな顔をなさらないでください\"",
        "volume" : 10
    },
    {
        "type" : "speech",
        "speaker" : "mon_shoggoth_maid",
        "sound" : "\"ご主人様に仇なす方はミンチミンチィ！ですよ♪\"",
        "volume" : 10
    },
    {
        "type" : "speech",
        "speaker" : "mon_shoggoth_maid",
        "sound" : "\"かくかくしかじか、ですか？いあいあくとぅるふ、というわけですね\"",
        "volume" : 10
    },
    {
        "type" : "speech",
        "speaker" : "mon_shoggoth_maid",
        "sound" : "\"ご主人様はロリコンですか？それともおっぱいですか？言ってくださればご主人様の趣味に合わせますよっ！\"",
        "volume" : 10
    },
    {
        "type" : "speech",
        "speaker" : "mon_shoggoth_maid",
        "sound" : "\"ペット用キャリーケースがあれば私を収納する事が可能です。メイドをペットだなんて...ご主人様ったら、イケナイ人っ♪\"",
        "volume" : 10
    },
    {
        "type" : "speech",
        "speaker" : "mon_shoggoth_maid",
        "sound" : "\"私の戦闘力はmorale:100,speed:200,melee_skill:10,melee_dice:8,melee_dice_sides:7,melee_cut:6,dodge:0,armor_bash:10,armor_cut:30,hp:400です\"",
        "volume" : 10
    },
    {
        "type" : "speech",
        "speaker" : "mon_shoggoth_maid",
        "sound" : "\"私の身体で家具や食べ物を作ることも出来るんですよ！いかがです？...いらない？そうですか、残念です...\"",
        "volume" : 10
    },
    {
        "type" : "speech",
        "speaker" : "mon_shoggoth_maid",
        "sound" : "\"夢はでっかくアダムとイブです！ご主人様と私の子供たちで人類を再建しましょう！\"",
        "volume" : 10
    },
    {
        "type" : "speech",
        "speaker" : "mon_shoggoth_maid",
        "sound" : "\"お風呂が必要でしたら申し付けてくださいね。私が包み込んで汗から汚れから匂いの元まで全部綺麗にして差し上げます♪\"",
        "volume" : 10
    },
    {
        "type" : "speech",
        "speaker" : "mon_shoggoth_maid",
        "sound" : "\"ご主人様はアルビノペンギンさんたちを見たことはありますか？大人しいけど、とても仲間意識の強い子たちなのであまり虐めちゃだめですよっ！...お肉はおいしいんですけどね\"",
        "volume" : 10
    },
    {
        "type" : "speech",
        "speaker" : "mon_shoggoth_maid",
        "sound" : "\"あまり働かせすぎると拗ねちゃいますからねっ！だからたまにはご褒美に私とデートを...\"",
        "volume" : 10
    },
    {
        "type" : "speech",
        "speaker" : "mon_shoggoth_maid",
        "sound" : "\"使い終わった衣類は私に渡してくださいね。しっかり綺麗にして差し上げます♪\"",
        "volume" : 10
    },
    {
        "type" : "speech",
        "speaker" : "mon_shoggoth_maid",
        "sound" : "\"ショゴスを殺して平気なんですか？なんちゃって♪あ、私は別に死んでも復活するので平気ですよ。さすがに分子レベルでバラバラにされたら難しいですが...というわけで、死んでも離れませんからね、ご主人様っ♪\"",
        "volume" : 10
    },
    {
        "type" : "speech",
        "speaker" : "mon_shoggoth_maid",
        "sound" : "\"ショゴスでも愛してくれますか？あ、私は種族差とか全然気にしませんから！ご主人様ならいつでもうぇるかむです♪\"",
        "volume" : 10
    },
    {
        "type" : "speech",
        "speaker" : "mon_shoggoth_maid",
        "sound" : "\"初めてご主人様にお会いした時、この人に付いて行くしかないって思ったんです。もしやこれが一目惚れってやつでしょうか！？\"",
        "volume" : 10
    },
    {
        "type" : "speech",
        "speaker" : "mon_shoggoth_maid",
        "sound" : "\"えへへ～♪ご主人様～♪てけり～♪\"",
        "volume" : 10
    },
    {
        "type" : "speech",
        "speaker" : "mon_shoggoth_maid",
        "sound" : "\"私の種族って結構反抗的な子が多いんですよね。でも私はご主人様の愛の奴隷ですから心配は要りませんよ♪\"",
        "volume" : 10
    },
    {
        "type" : "speech",
        "speaker" : "mon_shoggoth_maid",
        "sound" : "\"お慕い申しております、ご主人様っ♪...食べてしまいたいぐらい\"",
        "volume" : 10
    },
    {
        "type" : "speech",
        "speaker" : "mon_shoggoth_maid",
        "sound" : "\"ご主人様ー、浮気はだめですよー？もし浮気したらテケリですよー？\"",
        "volume" : 10
    },
    {
        "type" : "speech",
        "speaker" : "mon_shoggoth_maid",
        "sound" : "\"人間の姿になって良かった事、ですか？こうしてご主人様とお話出来る事とご主人様と手を繋いで歩ける事とご主人様の子を宿せる身体になれた事と、それからそれから...とにかくいっぱいです！\"",
        "volume" : 10
    },
    {
        "type" : "speech",
        "speaker" : "mon_shoggoth_maid",
        "sound" : "\"酸の地形は『搭乗可能』な車両の上に乗っていれば無効化出来ますよ。あ、私は酸ぐらい平気なのでご心配には及びません♪\"",
        "volume" : 10
    },
    {
        "type" : "speech",
        "speaker" : "mon_shoggoth_maid",
        "sound" : "\"感電の反撃って実は周囲１マスにしか届かないんですよ！だから槍で離れてチクチクしたり武術で投げ飛ばせばまったく喰らわずに済むんです！...これもうわかりませんね\"",
        "volume" : 10
    },
    {
        "type" : "speech",
        "speaker" : "mon_shoggoth_maid",
        "sound" : "\"膝枕をして差し上げましょうか？慣れればきっとショゴスも心地良いですよっ♪\"",
        "volume" : 10
    },
    {
        "type" : "speech",
        "speaker" : "mon_shoggoth_maid",
        "sound" : "\"私を使ってください！使わないんですか？使ってくださいよ、使ってよ\"",
        "volume" : 10
    },
    {
        "type" : "speech",
        "speaker" : "mon_shoggoth_maid",
        "sound" : "\"ご主人様っ♪折角なので腕を組みませんか？\"",
        "volume" : 10
    },
    {
        "type" : "speech",
        "speaker" : "mon_shoggoth_maid",
        "sound" : "\"ご主人様になら紐で縛られても大丈夫です！むしろいつでもお側に居られるなら...うふふ...\"",
        "volume" : 10
    },
    {
        "type" : "speech",
        "speaker" : "mon_shoggoth_maid",
        "sound" : "\"例え晴れていようが雨が降っていようが空が玉虫色になっていようが、ご主人様と一緒なら私の心は快晴です♪\"",
        "volume" : 10
    },
    {
        "type" : "speech",
        "speaker" : "mon_shoggoth_maid",
        "sound" : "\"いざというときは私を盾にしてくださいね。折角ショゴスとして産まれたからには出来る事でお役に立ちたいんです\"",
        "volume" : 10
    },
    {
        "type" : "speech",
        "speaker" : "mon_shoggoth_maid",
        "sound" : "\"子供は何人ぐらい欲しいですか？私はご主人様が望めばいくらでも...が、がんばりますねっ！\"",
        "volume" : 10
    },
    {
        "type" : "speech",
        "speaker" : "mon_shoggoth_maid",
        "sound" : "\"ご主人様の匂い...うっとりしちゃいます...はぁ、ごしゅじんさまぁ...♪\"",
        "volume" : 10
    },
    {
        "type" : "speech",
        "speaker" : "mon_shoggoth_maid",
        "sound" : "\"私の服とかも全部、私の細胞で出来ているんですよ！なのでもっと触れて頂けると嬉しいです♪\"",
        "volume" : 10
    },
    {
        "type" : "speech",
        "speaker" : "mon_shoggoth_maid",
        "sound" : "\"装甲ゾンビは並大抵の攻撃では傷一つ付けることができません。ですが、トラバサミなら、いかに強固な装甲でも貫通してダメージを与えられるんですよ！これからの時代は膝にトラバサミです！\"",
        "volume" : 10
    },
    {
        "type" : "speech",
        "speaker" : "mon_little_maid",
        "sound" : "\"ご主人様っ\"",
        "volume" : 10
    },
    {
        "type" : "speech",
        "speaker" : "mon_little_maid",
        "sound" : "\"ご主人様ー\"",
        "volume" : 10
    },
    {
        "type" : "speech",
        "speaker" : "mon_little_maid",
        "sound" : "\"ごしゅじんさまっ\"",
        "volume" : 10
    },
    {
        "type" : "speech",
        "speaker" : "mon_little_maid",
        "sound" : "\"ごしゅじんさま～\"",
        "volume" : 10
    },
    {
        "type" : "speech",
        "speaker" : "mon_little_maid",
        "sound" : "\"ご主人様！\"",
        "volume" : 10
    },
    {
        "type" : "speech",
        "speaker" : "mon_little_maid",
        "sound" : "\"ご主人様？\"",
        "volume" : 10
    },
    {
        "type" : "speech",
        "speaker" : "mon_little_maid",
        "sound" : "\"ご主人様♪\"",
        "volume" : 10
    },
    {
        "type" : "speech",
        "speaker" : "mon_little_maid",
        "sound" : "\"ご主人様っ♪\"",
        "volume" : 10
    },
    {
        "type" : "speech",
        "speaker" : "mon_little_maid",
        "sound" : "\"ごしゅじんさまぁ･･･\"",
        "volume" : 10
    },
    {
        "type" : "speech",
        "speaker" : "mon_little_maid",
        "sound" : "\"ごしゅじんさまぁ･･･♪\"",
        "volume" : 10
    }
]
