[
     {
       "type": "GENERIC",
       "id": "meat_shoggoth",
       "name": "ショゴスの肉片",
       "name_plural" : "ショゴスの肉片",
       "description": "溶けたショゴスが僅かに残した肉片です。たまにピクピクと動いていますが、敵意は無いようです。",
       "weight": 1000,
       "symbol": ")",
       "color": "dkgray",
       "price": 5000,
       "material" : ["maid"],
       "volume": 1,
       "category": "tools"
     },
     {
       "type": "GENERIC",
       "category": "other",
       "id": "flask_shoggoth",
       "name": "フラスコ(ショゴス)",
       "name_plural" : "フラスコ(ショゴス)",
       "description": "書物通りにショゴスを育てているフラスコです。内部では時折肉塊が脈動しています。",
       "weight": 1200,
       "symbol": "M",
       "color": "dkgray",
       "price": 5000,
       "material" : ["glass", "maid"],
       "volume": 1,
       "use_action": {
           "type": "delayed_transform",
           "transform_age": 201600,
           "not_ready_msg": "フラスコ内部の肉塊は時折脈動しています。",
           "msg": "フラスコ内を完全に埋め尽くさんばかりにショゴスが育っています！再び使用することで外に開放することができます。",
           "moves": 0,
           "target": "shoggoth_maid"
       }
     },
     {
       "id": "shoggoth_maid",
       "type": "TOOL",
       "category": "other",
       "symbol": "M",
       "color": "dkgray",
       "name": "メイドさん(ショゴス)",
       "description": "フラスコの中で玉虫色の色彩を放つ肉塊が怪しく波打ち、ガラス越しに胎動するような僅かな震えを感じます。不定の肉塊が波打つ先にはフラスコの蓋があり、まるで外への開放を望むかのようにその一点に集中しています。",
       "price": 60000,
       "material": ["glass", "maid"],
       "weight": 1200,
       "volume": 1,
       "use_action": {
           "type": "place_monster",
           "monster_id": "mon_shoggoth_maid",
           "friendly_msg": "フラスコから開放された肉塊は猛烈な勢いで膨張し、バラバラな方向に無数の触手を伸ばしていく。無秩序に散った触手の郡はその身を互いに絡ませ合い、一つの意志を持つ生物へと変態を遂げる。冒涜的な触手の輪舞曲はやがて収束し、先ほどまでの悪夢の如き光景とはまったく似つかわしくない、美しく清楚な女性の姿がそこにはあった。「ようやくこの目でお会いすることが出来ましたっ！末永くよろしくお願い致しますね、ご主人様っ♪」",
           "place_randomly": true
       }
     },
     {
       "type": "GENERIC",
       "category": "other",
       "id": "mini_shoggoth",
       "name": "小さなメイドさん(ショゴス)",
       "name_plural" : "小さなメイドさん(ショゴス)",
       "description": "「あぅ･･･ちょっと無茶しすぎてこんな姿になっちゃいました。元の姿に戻るまでしばらく時間が必要みたいです。それまでご主人様の懐で優しく温めてくださいね♪冷蔵庫なんかに入れたりしちゃダメですよっ！絶対にダメですからねっ！」",
       "weight": 200,
       "symbol": "m",
       "color": "white",
       "price": 5000,
       "material" : ["maid"],
       "volume": 1,
       "use_action": {
           "type": "delayed_transform",
           "transform_age": 100800,
           "not_ready_msg": "「ふふふー♪心配になっちゃいましたか？大丈夫、あなたのメイドさんは元気元気！ですよっ！だからもう少しだけ待っててくださいね...ご心配おかけして、ごめんなさい」",
           "msg": "「遂に完全復活です！張り切ってご奉仕しちゃいますよー！！さぁ、私を地面に降ろしてくださいっ！」",
           "moves": 0,
           "target": "res_shoggoth"
      }
     },
     {
       "id": "res_shoggoth",
       "type": "TOOL",
       "category": "other",
       "symbol": "M",
       "color": "white",
       "name": "復活メイドさん(ショゴス)",
       "description": "「あれ、いかがなさいました？私を降ろさないんですか？あっ！もうしばらく小さい私をぎゅってしていたいんですね♪えへへ...まだちょっとだけここでスリスリしてますねー♪」",
       "price": 60000,
       "material": ["maid"],
       "weight": 1200,
       "volume": 1,
       "use_action": {
           "type": "place_monster",
           "monster_id": "mon_shoggoth_maid",
           "friendly_msg": "「お待たせしましたご主人様っ！これからも誠心誠意、身辺のサポートから心と身体のケアまでご奉仕致しますのでよろしくお願いしますねっ♪」",
           "place_randomly": true
       }
     },
     {
       "id": "maid_master_child",
       "type": "TOOL",
       "category": "other",
       "symbol": "m",
       "color": "brown",
       "name": "ご主人様",
       "description": "仕えていた家の主人に託された子供です。まだ幼く、とても一人でこの終末を生きることなど出来ません。何があっても守り抜かなくてはならない。",
       "price": 60000,
       "material": ["flesh"],
       "weight": 1200,
       "volume": 1,
       "use_action": {
           "type": "place_monster",
           "monster_id": "maid_master",
           "friendly_msg": "ご主人様は不安そうに辺りの様子を伺っている。",
           "place_randomly": true
       }
     },
     {
       "id": "master_doll",
       "type": "TOOL",
       "category": "other",
       "symbol": "m",
       "color": "light_brown",
       "name": "ご主人様人形",
       "description": "最愛のご主人様の人形です。所持し続けることでやる気が出てMaid Powerが溜まります。高めた想いは製作から触媒化する事ができます。",
       "price": 5400,
       "material": ["cotton"],
       "weight": 300,
       "volume": 3,
       "flags": ["NO_UNLOAD", "NO_RELOAD"],
       "max_charges": 48,
       "artifact_data" : {
       "charge_type": "ARTC_TIME"
       }
     },
     {
       "type": "GENERIC",
       "category": "other",
       "id": "maid_bell",
       "name": "儀式用ご主人様人形",
       "name_plural" : "儀式用ご主人様人形",
       "description": "儀式用の特別な装飾を取り付けたご主人様人形です。これを用いた儀式により、ご主人様人形に込められた強い思念を結晶化させ、触媒として利用できるようになります。",
       "weight": 300,
       "symbol": "m",
       "color": "light_brown",
       "price": 5400,
       "material": ["cotton"],
       "volume": 3
     },
     {
       "id": "master_doll_vibe_off",
       "type": "TOOL",
       "category": "other",
       "symbol": "m",
       "color": "light_brown",
       "name": "振動機付きご主人様人形(オフ)",
       "description": "最愛のご主人様の人形です。激しく使用する事でご主人様への想いを爆発させてMaid Powerを急速に高める事ができます。高めた想いは製作から触媒化する事ができます。",
       "price": 5400,
       "material": ["cotton", "plastic"],
       "weight": 400,
       "volume": 3,
       "flags": ["NO_UNLOAD", "NO_RELOAD"],
       "max_charges": 15,
       "use_action":[
	       {
           "type": "transform",
           "msg": "湧き上がる想いを抑えきれず、身体をご主人様に強く激しく密着させ始めた...",
           "target": "master_doll_vibe_on",
           "active": true,
           "need_charges": 0
    	   }
	   ]
     },
     {
       "id": "master_doll_vibe_on",
       "type": "TOOL",
       "category": "other",
       "symbol": "m",
       "color": "light_brown",
       "name": "振動機付きご主人様人形(オン)",
       "description": "最愛のご主人様の人形です。激しく使用する事でご主人様への想いを爆発させてMaid Powerを急速に高める事ができます。高めた想いは製作から触媒化する事ができます。",
       "price": 5400,
       "material": ["cotton", "plastic"],
       "weight": 400,
       "volume": 3,
       "flags": ["NO_UNLOAD", "NO_RELOAD"],
       "max_charges": 16,
       "charges_per_use": 1,
       "revert_to": "master_doll_vibe_off",
       "use_action": {
           "type": "transform",
           "msg": "最後に強く身体を密着させた後、満ち足りた表情で頭を撫で、名残惜しくもその身を離した...",
           "target": "master_doll_vibe_off",
           "need_charges": 0
    	   },
       "artifact_data" : {
       "charge_type": "ARTC_HP",
       "effects_activated": ["AEA_ADRENALINE","AEA_PARALYZE"]
       }
     },
     {
       "id": "summon_little_maid",
       "type": "TOOL",
       "category": "other",
       "symbol": "M",
       "color": "white",
       "name": "巻物(サモン･リトルメイド)",
       "description": "異界のメイドを召喚する巻物と生贄のセットです。魔法陣の中央に生贄の砂糖を設置してから正しい呪文を詠唱することで召喚できます。",
       "price": 60000,
       "material": ["paper"],
       "weight": 1200,
       "volume": 1,
       "use_action": {
           "type": "place_monster",
           "monster_id": "mon_little_maid",
           "friendly_msg": "詠唱の完了と共に生贄の砂糖が頂点から溶け出し、白い煙を噴出し始める。甘ったるい匂いが辺りに広がる中、煙の奥に人の子供ぐらいの大きさの黒い人影が揺らめいている事に気付いた。しばらくすると煙は完全に霧散し、その場所にはメイド服を着た年端も行かぬ少女がこちらを見つめ立っていた。「ご主人様？」",
           "place_randomly": true
       }
     },
     {
         "type": "GENERIC",
         "category": "other",
         "id": "mini_little_maid",
         "name": "小さなリトルメイド",
         "name_plural" : "小さなリトルメイド",
         "description": "小さく縮んでしまったリトルメイドです。しょんぼりと申し訳無さそうにこちらの様子を伺っています。",
         "weight": 150,
         "symbol": "m",
         "color": "white",
         "price": 5000,
         "material" : ["maid"],
         "volume": 1,
         "use_action": {
             "type": "delayed_transform",
             "transform_age": 7200,
             "not_ready_msg": "掌に乗せてじっと見つめていると、リトルメイドはいじけるように目を逸らし、小さな声で呟きました。「ご主人様...」",
             "msg": "「ご主人様っ！ご主人様っ！」リトルメイドがあなたの肩をぽんぽんと叩きます。ふと目をやるとウズウズした様子で地面を指差し、降ろして欲しそうにしているリトルメイドの姿が目に入りました。準備ができたら降ろしてあげましょう。",
             "moves": 0,
             "target": "res_little_maid"
       }
     },
     {
       "id": "res_little_maid",
       "type": "TOOL",
       "category": "other",
       "symbol": "m",
       "color": "white",
       "name": "復活リトルメイド",
       "description": "完全に復活したリトルメイドです。降ろして欲しそうにウズウズしているように見えます。",
       "price": 60000,
       "material": ["maid"],
       "weight": 1200,
       "volume": 1,
       "use_action": {
           "type": "place_monster",
           "monster_id": "mon_little_maid",
           "friendly_msg": "ぴょんと飛び降りたリトルメイドは軽やかに地面に着地し、こちらに向き直った。スカートの裾をつまみながらぺこりと一礼し、微笑みを浮かべて語りかけてくる。「ご主人様っ♪」",
           "place_randomly": true
       }
     },
     {
       "id": "recall_ration",
       "type": "GENERIC",
       "category": "other",
       "symbol": "!",
       "color": "white",
       "name": "巻物(リコール・レーション)",
       "description": "正体不明の肉と飲用水を召喚する神秘のスクロールです。製作から肉塊を選択することで使用できます。何度でも使用可能です。",
       "price": 60000,
       "material": ["paper"],
       "weight": 1200,
       "volume": 1
     },
     {
       "id": "maid_mess_kit",
       "sub": "hotplate",
       "type": "TOOL",
       "symbol": ";",
       "color": "brown",
       "name": "調理器具(メイド)",
       "description": "メイドさん秘伝の調理器具セットです。Maid Pointを使って愛情たっぷりの料理を作ることが出来ます。",
       "price": 2000,
       "material": ["steel"],
       "techniques": ["BRUTAL", "WBLOCK_1"],
       "flags" : ["CHOP", "DURABLE_MELEE"],
       "weight": 1000,
       "volume": 9,
       "cutting": 18,
       "bashing": 18,
       "to_hit": 1,
       "max_charges": 100,
       "initial_charges": 100,
       "charges_per_use": 1,
       "ammo": "maid_point",
       "qualities": [["COOK", 3], ["BOIL", 2], ["CONTAIN", 1], ["CHEM", 1], ["CUT", 1], ["BUTCHER", 20]],
       "use_action": "HOTPLATE"
     },
     {
       "id": "little_maid_R18",
       "type": "TOOL",
       "category": "other",
       "symbol": "m",
       "color": "white",
       "name": "愛玩用リトルメイド",
       "description": "召喚したリトルメイドです。あなたの服の裾をぎゅっと握りながら周りをきょろきょろと見回しています。とても大人しい個体なので戦闘の役には立ちません。",
       "price": 60000,
       "material": ["maid"],
       "weight": 34000,
       "volume": 40
     },
     {
         "type": "GENERIC",
         "category": "other",
         "id": "little_maid_meat_smoked",
         "name": "愛玩用リトルメイド(燻製肉製作中)",
         "name_plural" : "愛玩用リトルメイド(燻製肉製作中)",
         "description": "燻製肉を製作している途中のリトルメイドです。鼻歌交じりでとても楽しそうです。",
         "weight": 34000,
         "symbol": "m",
         "color": "white",
         "price": 60000,
         "material" : ["maid"],
         "volume": 40,
         "use_action": {
             "type": "delayed_transform",
             "transform_age": 1200,
             "not_ready_msg": "リトルメイドは時々味見をしながら燻製肉を作っています...味見というには少々豪快な気もしますが、気にしないであげましょう。",
             "msg": "「ご主人様っ！ご主人様っ！」燻製肉の製作が完了したようです。食欲をそそる香ばしい匂いがします。(分解して完成品を回収)",
             "moves": 0,
             "target": "little_maid_meat_smoked_fin"
       }
     },
     {
         "type": "GENERIC",
         "category": "other",
         "id": "little_maid_meat_smoked_fin",
         "name": "愛玩用リトルメイド(燻製肉完成)",
         "name_plural" : "愛玩用リトルメイド(燻製肉完成)",
         "description": "燻製肉の製作が完了したようです。食欲をそそる香ばしい匂いがします。(分解して完成品を回収)",
         "weight": 34000,
         "symbol": "m",
         "color": "white",
         "price": 60000,
         "material" : ["maid"],
         "volume": 40
     },
     {
         "type": "GENERIC",
         "category": "other",
         "id": "little_maid_human_smoked",
         "name": "愛玩用リトルメイド(燻製人肉製作中)",
         "name_plural" : "愛玩用リトルメイド(燻製人肉製作中)",
         "description": "燻製肉を製作している途中のリトルメイドです。鼻歌交じりでとても楽しそうです。",
         "weight": 34000,
         "symbol": "m",
         "color": "white",
         "price": 60000,
         "material" : ["maid"],
         "volume": 40,
         "use_action": {
             "type": "delayed_transform",
             "transform_age": 1200,
             "not_ready_msg": "リトルメイドは時々味見をしながら燻製人肉を作っています...何の肉なのかは教えないであげましょう。",
             "msg": "「ご主人様っ！ご主人様っ！」燻製人肉の製作が完了したようです。食欲をそそる香ばしい匂いがします。(分解して完成品を回収)",
             "moves": 0,
             "target": "little_maid_human_smoked_fin"
       }
     },
     {
         "type": "GENERIC",
         "category": "other",
         "id": "little_maid_human_smoked_fin",
         "name": "愛玩用リトルメイド(燻製人肉完成)",
         "name_plural" : "愛玩用リトルメイド(燻製人肉完成)",
         "description": "燻製人肉の製作が完了したようです。食欲をそそる香ばしい匂いがします。(分解して完成品を回収)",
         "weight": 34000,
         "symbol": "m",
         "color": "white",
         "price": 60000,
         "material" : ["maid"],
         "volume": 40
     },
     {
         "type": "GENERIC",
         "category": "other",
         "id": "little_maid_fish_smoked",
         "name": "愛玩用リトルメイド(燻製魚肉製作中)",
         "name_plural" : "愛玩用リトルメイド(燻製魚肉製作中)",
         "description": "燻製魚肉を製作している途中のリトルメイドです。鼻歌交じりでとても楽しそうです。",
         "weight": 34000,
         "symbol": "m",
         "color": "white",
         "price": 60000,
         "material" : ["maid"],
         "volume": 40,
         "use_action": {
             "type": "delayed_transform",
             "transform_age": 1200,
             "not_ready_msg": "リトルメイドは時々味見をしながら魚肉の燻製を作っています...味見というには少々豪快な気もしますが、気にしないであげましょう。",
             "msg": "「ご主人様っ！ご主人様っ！」燻製魚肉の製作が完了したようです。食欲をそそる香ばしい匂いがします。(分解して完成品を回収)",
             "moves": 0,
             "target": "little_maid_fish_smoked_fin"
       }
     },
     {
         "type": "GENERIC",
         "category": "other",
         "id": "little_maid_fish_smoked_fin",
         "name": "愛玩用リトルメイド(燻製魚肉完成)",
         "name_plural" : "愛玩用リトルメイド(燻製魚肉完成)",
         "description": "燻製魚肉の製作が完了したようです。食欲をそそる香ばしい匂いがします。(分解して完成品を回収)",
         "weight": 34000,
         "symbol": "m",
         "color": "white",
         "price": 60000,
         "material" : ["maid"],
         "volume": 40
     },
     {
       "id": "summon_alchemic_golem",
       "type": "TOOL",
       "category": "other",
       "symbol": "g",
       "color": "red",
       "name": "アルケミック・フレッシュゴーレム(調理済)",
       "description": "おそらく錬金術に類する技術で生み出された、生ける肉塊です。醜く捻じれ、歪んだ肉塊には、まるで人間の口のような器官が備わっており、そこからゴボゴボと不快な音を立てながら、有毒なガスと酸の体液を垂れ流しています。",
       "price": 60000,
       "material": ["hflesh"],
       "weight": 1000,
       "volume": 1,
       "use_action": {
           "type": "place_monster",
           "monster_id": "mon_alchemic_golem",
           "friendly_msg": "醜い肉の化物を解き放った...",
           "place_randomly": true
       }
     }
]
