[
 {
        "id": "leather_cat_tail_biv",
        "type": "TOOL_ARMOR",
        "category" : "clothing",
        "name" : "革の猫尻尾（振動機）",
        "volume" : 1,
        "material_thickness" : 0,
        "description" : "光沢のある黒革の尻尾です。着用者が歩く度にぴょこぴょこと揺れる他、電子制御で揺らして楽しむことも出来ます。",
        "flags" : ["FANCY"],
        "weight" : 100,
        "max_charges": 100,
        "initial_charges": 100,
        "ammo": "battery",
        "color" : "dark_gray",
        "price" : 2500,
        "material" : ["leather", "plastic"],
        "symbol" : "s",
        "use_action": "VIBE"
 },
    {
        "type" : "TOOL_ARMOR",
        "id" : "fur_cat_tail_biv",
        "category" : "clothing",
        "name" : "毛皮の猫尻尾（振動機）",
        "volume" : 1,
        "material_thickness" : 0,
        "description" : "茶羽立った茶褐色の尻尾です。着用者が歩く度にぴょこぴょこと揺れる他、電子制御で揺らして楽しむことも出来ます。",
        "flags" : ["FANCY"],
        "weight" : 100,
        "max_charges": 100,
        "initial_charges": 100,
        "ammo": "battery",
        "color" : "brown",
        "price" : 1000,
        "material" : ["fur", "plastic"],
        "symbol" : "s",
        "use_action": "VIBE"
    },
    {
        "type" : "TOOL_ARMOR",
        "id" : "blob_cat_tail",
        "category" : "clothing",
        "name" : "猫尻尾（ブロブ）",
        "volume" : 1,
        "material_thickness" : 0,
        "description" : "調教され、無害化したブロブで作った猫尻尾です。ぬらりとした肉の塊は湿り気のある音を立て、ひとりでにウネウネと蠢いています。とても人懐っこく、共に終末生活を楽しむ良き友と成り得ますが、ごはんも忘れずに与えましょう。",
        "flags" : ["FANCY"],
        "weight" : 100,
        "max_charges": 100,
        "initial_charges": 100,
        "ammo": "blob_gohan",
        "color" : "red",
        "price" : 1000,
        "material" : ["flesh"],
        "symbol" : "s",
        "use_action": "VIBE"
    },
    {
        "type" : "TOOL_ARMOR",
        "category" : "clothing",
        "id" : "man_carrier",
        "name" : "人間用キャリーバッグ",
        "weight" : 1000,
        "color" : "brown",
        "covers" : ["TORSO", "HEAD", "MOUTH", "ARMS", "HANDS", "LEGS", "FEET"],
        "symbol" : "[",
        "description" : "人を運ぶのに最適なキャリーバッグです。内側から開閉出来る通気用のジッパーとフェルトの裏地が備わっているので快適に過ごせます。寝袋としても使えます。",
        "price" : 20500,
        "material" : ["leather", "wool"],
        "volume" : 20,
        "warmth" : 80,
        "environmental_protection" : 1,
        "encumbrance" : 80,
        "coverage" : 100,
        "flags" : ["OVERSIZE", "OUTER"],
        "use_action": "CAPTURE_MONSTER_ACT",
        "properties": [["monster_size_capacity", "MEDIUM"]],
        "material_thickness" : 4
    },
    {
        "type" : "TOOL_ARMOR",
        "category" : "clothing",
        "id" : "maid_cloak_off",
        "name" : "メイドクローク",
        "weight" : 1175,
        "color" : "green",
        "covers" : ["TORSO", "HEAD", "ARMS", "LEGS"],
        "symbol" : "[",
        "description" : "外出用に誂えた外套です。Maid Pointを消費することで姿を隠す事ができます。",
        "price" : 10700,
        "material" : ["cotton"],
        "volume" : 12,
        "warmth" : 30,
        "environmental_protection" : 3,
        "encumbrance" : 10,
        "coverage" : 65,
        "flags" : ["OVERSIZE", "HOOD", "OUTER", "VARSIZE"],
        "material_thickness" : 2,
        "max_charges": 100,
        "initial_charges": 100,
        "charges_per_use": 50,
        "ammo": "maid_point",
        "use_action": {
            "type": "transform",
            "msg": "息を殺しながら外套に身を包み、姿を隠した。",
            "target": "maid_cloak_on",
            "active": true,
            "need_charges": 50,
            "need_charges_msg": "Maid Pointが足りない！"
        }
    },
    {
        "type" : "TOOL_ARMOR",
        "category" : "clothing",
        "id" : "maid_cloak_on",
        "name" : "メイドクローク(オン)",
        "weight" : 1175,
        "color" : "green",
        "covers" : ["TORSO", "HEAD", "ARMS", "LEGS"],
        "symbol" : "[",
        "description" : "外出用に誂えた外套です。Maid Pointを消費することで姿を隠す事ができます。",
        "price" : 10700,
        "material" : ["cotton"],
        "volume" : 12,
        "warmth" : 30,
        "environmental_protection" : 3,
        "encumbrance" : 10,
        "coverage" : 65,
        "flags" : ["OVERSIZE", "HOOD", "OUTER", "VARSIZE", "NO_RELOAD"],
        "material_thickness" : 2,
        "max_charges": 50,
        "initial_charges": 50,
        "turns_per_charge": 1,
        "ammo": "maid_point",
        "revert_to": "maid_cloak_off",
        "use_action": {
            "type": "transform",
            "msg": "気配を消す事を止め、再び姿を現した。",
            "target": "maid_cloak_off",
            "need_charges": 0
        },
    "artifact_data" : {
    "effects_worn": ["AEP_INVISIBLE","AEP_STEALTH"]
    }
    },
    {
        "type" : "TOOL_ARMOR",
        "category" : "clothing",
        "id" : "maidguy_mask_off",
        "name" : "ホワイトブリムマスク",
        "name_plural" : "ホワイトブリムマスク",
        "weight" : 150,
        "color" : "white",
        "covers" : ["EYES"],
        "symbol" : "[",
        "description" : "真の漢(メイド)の為のフリルの付いた白銀の仮面です。能力は大幅に制限されていますが、Maid Pointを消費しながら透視能力を得ることが出来ます。",
        "price" : 8000,
        "material" : ["silver", "cotton"],
        "volume" : 1,
        "warmth" : 10,
        "environmental_protection" : 6,
        "coverage" : 100,
        "flags" : ["SUN_GLASSES", "FANCY"],
        "qualities" : [["GLARE", 1]],
        "material_thickness" : 4,
        "max_charges": 50,
        "initial_charges": 50,
        "charges_per_use": 50,
        "ammo": "maid_point",
        "use_action": {
            "type": "transform",
            "msg": "Maid Powerを解放し、透視能力の行使を始めた。",
            "target": "maidguy_mask_on",
            "active": true,
            "need_charges": 50,
            "need_charges_msg": "Maid Pointが足りない！"
        }
    },
        {
        "type" : "TOOL_ARMOR",
        "category" : "clothing",
        "id" : "maidguy_mask_on",
        "name" : "ホワイトブリムマスク(透視)",
        "name_plural" : "ホワイトブリムマスク(透視)",
        "weight" : 150,
        "color" : "white",
        "covers" : ["EYES"],
        "symbol" : "[",
        "description" : "真の漢(メイド)の為のフリルの付いた白銀の仮面です。能力は大幅に制限されていますが、Maid Pointを消費しながら透視能力を得ることが出来ます。",
        "price" : 8000,
        "material" : ["silver", "cotton"],
        "volume" : 1,
        "warmth" : 10,
        "environmental_protection" : 6,
        "coverage" : 100,
        "flags" : ["SUN_GLASSES", "FANCY", "NO_RELOAD"],
        "qualities" : [["GLARE", 1]],
        "material_thickness" : 4,
        "max_charges": 50,
        "initial_charges": 50,
        "turns_per_charge": 1,
        "ammo": "maid_point",
        "revert_to": "maidguy_mask_off",
                "use_action": {
            "type": "transform",
            "msg": "透視能力の行使を停止した。",
            "target": "maidguy_mask_off",
            "need_charges": 0
        },
    "artifact_data" : {
    "effects_worn": ["AEP_SUPER_CLAIRVOYANCE"]
    }
    }
]