[
    {
        "type" : "ammunition_type",
        "id" : "blob_gohan",
        "name" : "ブロブのごはん",
        "default" : "blob_gohan"
    },
    {
        "type" : "ammunition_type",
        "id" : "makeshift_throwing_knife",
        "name" : "簡易投げナイフ",
        "default" : "makeshift_throwing_knife"
    },
    {
        "type" : "ammunition_type",
        "id" : "assassins_throwing_dagger",
        "name" : "刺客の投刃",
        "default" : "assassins_throwing_dagger"
    },
    {
        "type" : "ammunition_type",
        "id" : "maid_point",
        "name" : "Maid Point",
        "default" : "maid_point"
    },
    {
        "type" : "ammunition_type",
        "id" : "maid_power",
        "name" : "Maid Power",
        "default" : "maid_power"
    }
]