[
    {
        "type" : "TOOL_ARMOR",
        "category" : "clothing",
        "id" : "maid_dress",
        "name" : "ヴィクトリアンメイド服",
        "name_plural" : "ヴィクトリアンメイド服",
        "weight" : 800,
        "color" : "black",
        "covers" : ["TORSO", "ARMS", "LEGS"],
        "to_hit" : 0,
        "storage" : 10,
        "symbol" : "[",
        "description" : "フリルの付いた白いエプロンと黒いワンピースのクラシカルなメイド服です。暗器の収納箇所を備えています。ドロワーズも含まれているので、パンツを脱いでも恥ずかしくないもん！",
        "price" : 5000,
        "material" : ["cotton"],
        "volume" : 17,
        "warmth" : 30,
        "environmental_protection" : 1,
        "encumbrance" : 10,
        "flags" : ["VARSIZE", "FANCY", "OVERSIZE"],
        "coverage" : 95,
        "material_thickness" : 4,
        "max_charges": 12,
        "ammo": "assassins_throwing_dagger"
    },
    {
        "type" : "TOOL_ARMOR",
        "category" : "clothing",
        "id" : "maid_dress_french",
        "name" : "フレンチメイド服",
        "name_plural" : "フレンチメイド服",
        "weight" : 100,
        "color" : "blue",
        "covers" : ["TORSO", "ARMS", "LEGS"],
        "storage" : 2,
        "symbol" : "[",
        "description" : "The French maid dress, blue with a frilly white apron.",
        "price" : 5000,
        "material" : ["cotton"],
        "volume" : 1,
        "warmth" : 5,
        "encumbrance" : 7,
        "flags" : ["VARSIZE", "SUPER_FANCY", "OVERSIZE"],
        "coverage" : 75,
        "material_thickness" : 1,
        "artifact_data" : {
        "effects_worn":
        ["AEP_STEALTH"]
      }
    },
    {
        "type" : "TOOL_ARMOR",
        "id" : "survivor_maid_dress_french",
        "category" : "armor",
        "name" : "サバイバーフレンチメイド服",
        "weight" : 1300,
        "color" : "blue",
        "covers" : ["TORSO", "ARMS", "LEGS"],
        "storage" : 12,
        "symbol" : "[",
        "description" : "サバイバー仕様のフレンチメイド服です。ケブラー素材で保護、機能拡張されていますが、それでも防御にはやや不安が残ります。",
        "price" : 110000,
        "material" : ["kevlar", "cotton"],
        "volume" : 20,
        "warmth" : 5,
        "environmental_protection" : 3,
        "encumbrance" : 7,
        "flags" : ["VARSIZE","WATERPROOF","RAINPROOF","STURDY","SUPER_FANCY","OVERSIZE"],
        "coverage" : 100,
        "material_thickness" : 4,
        "artifact_data" : {
        "effects_worn":
        ["AEP_STEALTH"]
      }
    },
    {
        "type" : "TOOL_ARMOR",
        "id" : "survivor_maid_dress",
        "category" : "armor",
        "name" : "サバイバーヴィクトリアンメイド服",
        "weight" : 2300,
        "color" : "black",
        "covers" : ["LEGS", "HEAD", "TORSO", "ARMS"],
        "storage" : 22,
        "symbol" : "[",
        "description" : "サバイバー仕様のメイド服です。重要な部位をケブラーの裏地で保護している他、更に多くの収納箇所を持ちます。",
        "price" : 110000,
        "material" : ["kevlar", "cotton"],
        "volume" : 42,
        "warmth" : 30,
        "environmental_protection" : 3,
        "encumbrance" : 20,
        "flags" : ["VARSIZE","HOOD","WATERPROOF","RAINPROOF","STURDY","FANCY","OVERSIZE"],
        "coverage" : 100,
        "material_thickness" : 5,
        "max_charges": 12,
        "ammo": "assassins_throwing_dagger"
    },
        {
        "type" : "ARMOR",
        "category" : "clothing",
        "id" : "jokyu_fuku",
        "name" : "女給服",
        "name_plural" : "女給服",
        "weight" : 1200,
        "color" : "blown",
        "covers" : ["TORSO", "ARMS", "LEGS"],
        "storage" : 2,
        "symbol" : "[",
        "description" : "古くは日本のカフェで女性の給仕が着けていた給仕服です。着物の上に白のエプロンをつけます。",
        "price" : 5000,
        "material" : ["cotton"],
        "volume" : 20,
        "warmth" : 20,
        "environmental_protection" : 1,
        "encumbrance" : 8,
        "flags" : ["VARSIZE", "FANCY", "OVERSIZE"],
        "coverage" : 95,
        "material_thickness" : 4,
        "artifact_data" : {
        "effects_worn":
        ["AEP_DEX_UP"]
      }
    },
    {
        "type" : "ARMOR",
        "category" : "clothing",
        "id" : "stockings_lace",
        "name" : "レースガーターストッキング",
        "name_plural" : "レースガーターストッキング",
        "weight" : 90,
        "color" : "white",
        "covers" : ["FEET", "LEGS"],
        "symbol" : "[",
        "description" : "上品なレースの装飾が施された純白のガーターストッキングとパンティのセットです。",
        "price" : 500,
        "material" : ["cotton"],
        "volume" : 1,
        "warmth" : 10,
        "flags" : ["VARSIZE", "SKINTIGHT", "SUPER_FANCY", "OVERSIZE"],
        "coverage" : 85,
        "material_thickness" : 1
    },
    {
        "type" : "TOOL_ARMOR",
        "category" : "clothing",
        "id" : "tux",
        "name" : "tuxedo",
        "weight" : 1587,
        "color" : "dark_gray",
        "covers" : ["LEGS", "TORSO", "ARMS"],
        "storage" : 10,
        "symbol" : "[",
        "description" : "A full-body tuxedo.  Makes the apocalypse feel a little more classy.",
        "price" : 21000,
        "material" : ["cotton"],
        "volume" : 22,
        "warmth" : 30,
        "environmental_protection" : 1,
        "encumbrance" : 12,
        "flags" : ["VARSIZE", "SUPER_FANCY", "OVERSIZE"],
        "coverage" : 95,
        "material_thickness" : 4,
        "max_charges": 12,
        "ammo": "assassins_throwing_dagger"
    },
    {
        "type" : "TOOL_ARMOR",
        "id" : "survivor_tux",
        "category" : "armor",
        "name" : "サバイバータキシード",
        "weight" : 3050,
        "color" : "dark_gray",
        "covers" : ["LEGS", "HEAD", "TORSO", "ARMS"],
        "storage" : 22,
        "symbol" : "[",
        "description" : "サバイバー仕様のタキシードです。重要な部位をケブラーの裏地で保護している他、更に多くの収納箇所を持ちます。",
        "price" : 110000,
        "material" : ["kevlar", "cotton"],
        "volume" : 45,
        "warmth" : 30,
        "environmental_protection" : 3,
        "encumbrance" : 20,
        "flags" : ["VARSIZE","HOOD","WATERPROOF","RAINPROOF","STURDY","SUPER_FANCY","OVERSIZE"],
        "coverage" : 100,
        "material_thickness" : 5,
        "max_charges": 12,
        "ammo": "assassins_throwing_dagger"
    },
    {
        "type" : "ARMOR",
        "category" : "clothing",
        "id" : "maid_cap",
        "name" : "メイドキャップ",
        "weight" : 50,
        "color" : "white",
        "covers" : ["HEAD"],
        "symbol" : "[",
        "description" : "フリル付きの白いメイドキャップです。",
        "price" : 2000,
        "material" : ["cotton"],
        "volume" : 1,
        "warmth" : 30,
        "flags" : ["VARSIZE"],
        "coverage" : 60,
        "material_thickness" : 1
    },
    {
        "type" : "ARMOR",
        "category" : "clothing",
        "id" : "cat_maid_cap",
        "name" : "猫耳メイドキャップ",
        "weight" : 60,
        "color" : "white",
        "covers" : ["HEAD"],
        "symbol" : "[",
        "description" : "フリル付きの白いメイドキャップです。猫耳のような膨らみがあってとても可愛い。",
        "price" : 2000,
        "material" : ["cotton"],
        "volume" : 1,
        "warmth" : 30,
        "flags" : ["VARSIZE", "FANCY"],
        "coverage" : 60,
        "material_thickness" : 1
    },
    {
        "type" : "ARMOR",
        "category" : "clothing",
        "id" : "petticoat",
        "name" : "ペチコート",
        "name_plural" : "ペチコート",
        "weight" : 90,
        "color" : "white",
        "symbol" : "[",
        "description" : "スカートの下に着用する下着の一種です。スカートに膨らみを持たせ、フリルを覗かせる為に着用します。",
        "price" : 500,
        "material" : ["cotton"],
        "volume" : 1,
        "flags" : ["SUPER_FANCY"],
        "material_thickness" : 1
    },
    {
        "type" : "ARMOR",
        "category" : "clothing",
        "id" : "panties_kemo",
        "name" : "パンティー(獣人用)",
        "name_plural" : "パンティー(獣人用)",
        "weight" : 100,
        "color" : "white",
        "covers" : ["LEGS"],
        "storage" : 2,
        "symbol" : "[",
        "description" : "尻尾を持つ人々のために作られた特製のパンティです。ちっぽけな薄い一枚の布ですが、それは人間の品位を守る最後の壁でもあります。",
        "price" : 5000,
        "material" : ["cotton"],
        "volume" : 1,
        "warmth" : 5,
        "flags" : ["VARSIZE", "SKINTIGHT", "OVERSIZE"],
        "coverage" : 15,
        "material_thickness" : 1
    },
    {
        "type" : "ARMOR",
        "id" : "briefs_kemo",
        "name" : "ブリーフ(獣人用)",
        "name_plural" : "ブリーフ(獣人用)",
        "weight" : 32,
        "color" : "white",
        "covers" : ["LEGS"],
        "symbol" : "[",
        "description" : "尻尾を通せるよう工夫を凝らしたブリーフです。『野生』と『ワイルドさ』を履き違えない、紳士のための下着です。",
        "price" : 1000,
        "material" : ["cotton"],
        "volume" : 1,
        "warmth" : 5,
        "flags" : ["VARSIZE", "SKINTIGHT", "OVERSIZE"],
        "coverage" : 15,
        "material_thickness" : 1
    }
]