[
    {
        "type" : "mutation",
        "id" : "THRESH_MAID",
        "name" : "メイド",
        "points" : 1,
        "description" : "あなたは主に忠実なメイドです。主の為ならば、その全身全霊を以って尽くすでしょう。",
        "valid": false,
        "purifiable": false,
        "threshold": true
    },
    {
        "type" : "mutation",
        "id" : "LIGHTSTEP",
        "name" : "Light Step",
        "points" : 1,
        "description" : "You make less noise while walking.  You're also less likely to set off traps.",
        "starting_trait" : true,
        "category" : ["BIRD", "ELFA", "FELINE", "MAID"],
        "cancels" : ["CLUMSY"]
    },
    {
        "type" : "mutation",
        "id" : "CLUMSY",
        "name" : "Clumsy",
        "points" : -1,
        "description" : "You make more noise while walking.  You're also more likely to set off traps.",
        "starting_trait" : true,
        "category" : ["MAID"],
        "cancels" : ["LIGHTSTEP"]
    },
    {
        "type" : "mutation",
        "id" : "PRETTY",
        "name" : "Pretty",
        "points" : 1,
        "ugliness" : -2,
        "description" : "You are a sight to behold.  NPCs who care about such thing will react more kindly to you.",
        "starting_trait" : true,
        "category" : ["ALPHA", "FELINE", "LUPINE", "MAID"],
        "cancels" : ["UGLY", "DEFORMED", "DEFORMED2", "DEFORMED3"],
        "changes_to" : ["BEAUTIFUL"]
    },
    {
        "type" : "mutation",
        "id" : "BEAUTIFUL",
        "name" : "Beautiful",
        "points" : 2,
        "visibility" : -4,
        "ugliness" : -4,
        "description" : "You're a real head-turner.  Some people will react well to your appearance, and most people have an easier time trusting you.",
        "category" : ["MAID"],
        "cancels" : ["UGLY", "DEFORMED", "DEFORMED2", "DEFORMED3"],
        "prereqs" : ["PRETTY"],
        "changes_to" : ["BEAUTIFUL2"]
    },
    {
        "type" : "mutation",
        "id" : "BEAUTIFUL2",
        "name" : "Very Beautiful",
        "points" : 3,
        "visibility" : -7,
        "ugliness" : -7,
        "description" : "You are a vision of beauty.  Some people will react very well to your looks, and most people will trust you immediately.",
        "category" : ["MAID"],
        "cancels" : ["UGLY", "DEFORMED", "DEFORMED2", "DEFORMED3"],
        "prereqs" : ["BEAUTIFUL"],
        "changes_to" : ["BEAUTIFUL3"]
    },
    {
        "type" : "mutation",
        "id" : "BEAUTIFUL3",
        "name" : "Glorious",
        "points" : 4,
        "visibility" : -10,
        "ugliness" : -10,
        "description" : "You are incredibly beautiful.  People cannot help themselves for your charms, and will do whatever they can to please you.",
        "cancels" : ["UGLY", "DEFORMED", "DEFORMED2", "DEFORMED3"],
        "prereqs" : ["BEAUTIFUL2"],
        "category": ["ELFA","MAID"]
    },
    {
        "type" : "mutation",
        "id" : "DEX_UP_3",
        "name" : "Extremely Dextrous",
        "points" : 3,
        "description" : "You are nimble and quick.  Dexterity + 4",
        "prereqs" : ["DEX_UP_2"],
        "changes_to" : ["DEX_UP_4"],
        "category" : ["BIRD", "ELFA", "FELINE", "MAID"],
        "passive_mods" : {
            "dex_mod" : 4
        }
    },
    {
        "type" : "mutation",
        "id" : "INT_UP_2",
        "name" : "Very Smart",
        "points" : 2,
        "description" : "You are smarter.  Intelligence + 2",
        "prereqs" : ["INT_UP"],
        "changes_to" : ["INT_UP_3"],
        "category" : ["MAID"],
        "passive_mods" : {
            "int_mod" : 2
        }
    },
    {
        "type" : "mutation",
        "id" : "PACKMULE",
        "name" : "Packmule",
        "points" : 2,
        "description" : "You can manage to find space for anything!  You can carry 40% more volume.",
        "starting_trait" : true,
        "valid" : false,
        "category" : ["MAID"],
        "cancels" : ["DISORGANIZED"]
    },
    {
        "type" : "mutation",
        "id" : "STYLISH",
        "name" : "Stylish",
        "points" : 1,
        "description" : "Practicality is far less important than style.  Your morale is improved by wearing fashionable and attractive clothing.",
        "starting_trait" : true,
        "valid" : false,
        "category" : ["MAID"]
    },
    {
        "type" : "mutation",
        "id" : "DEFT",
        "name" : "Deft",
        "points" : 1,
        "description" : "While you're not any better at melee combat, you are better at recovering from a miss, and will be able to attempt another strike faster.",
        "starting_trait" : true,
        "category" : ["BIRD", "BEAST", "RAPTOR", "MAID"]
    },
    {
        "type" : "mutation",
        "id" : "SQUEAMISH",
        "name" : "Squeamish",
        "points" : -1,
        "description" : "You can't even think about putting filthy clothes on yourself, especially from zombies' corpses.",
        "starting_trait" : true,
        "category" : ["MAID"]
    },
    {
        "type" : "mutation",
        "id" : "ANTIJUNK",
        "name" : "Junkfood Intolerance",
        "points" : -1,
        "description" : "Something in those heavily processed foods doesn't agree with you.  It's possible for you to eat them, but you will suffer morale penalties due to nausea.",
        "starting_trait" : true,
        "category" : ["BEAST", "RAPTOR", "ALPHA", "MAID"]
    },
    {
        "type" : "mutation",
        "id" : "ADDICTIVE",
        "name" : "Addictive Personality",
        "points" : -2,
        "description" : "It's easier for you to become addicted to substances, and harder to rid yourself of these addictions.",
        "starting_trait" : true,
        "valid" : false,
        "category" : ["MEDICAL", "MAID"],
        "cancels" : ["NONADDICTIVE"]
    },
    {
        "type" : "mutation",
        "id" : "ANIMALDISCORD",
        "name" : "Animal Discord",
        "points" : -1,
        "description" : "Most animals don't like you, and aggressive animals are more likely to attack you.  This only applies to natural animals such as woodland creatures.",
        "starting_trait" : true,
        "cancels" : ["ANIMALEMPATH"],
        "category" : ["LUPINE", "BEAST", "RAPTOR", "MAID"]
    },
    {
        "type" : "mutation",
        "id" : "MAID_ANKI",
        "name" : "暗器",
        "points" : 6,
        "mixed_effect" : true,
        "description" : "あなたは常に暗器を隠し持っています。不用心に至近距離まで近づいた犠牲者は、その存在に気づくことなく得物に貫かれるでしょう。",
        "prereqs" : ["DEFT"],
        "category" : ["MAID"],
        "valid" : false,
        "attacks" : {
            "attack_text_u" : "あなたは隠し持つ暗器で %s を突き刺した",
            "attack_text_npc" : "%1$s は隠し持つ暗器で %2$s を突き刺した",
            "chance" : 20,
            "base_damage" : { "damage_type" : "stab", "amount" : 12 }
        }
    },
    {
        "type" : "mutation",
        "id" : "MAID_DOJI1",
        "name" : "ドジっ子メイド(レベル1)",
        "points" : 2,
        "description" : "あなたはちょっとドジっ子です。メイドとしては残念です。器用-1",
        "changes_to" : ["MAID_DOJI2"],
        "category" : ["MAID"],
        "cancels" : ["MAID_1", "MAID_2", "MAID_3"],
        "valid" : false,
        "passive_mods" : {
            "dex_mod" : -1
        }
    },
    {
        "type" : "mutation",
        "id" : "MAID_DOJI2",
        "name" : "ドジっ子メイド(レベル2)",
        "points" : 4,
        "description" : "あなたは想像を絶するドジっ子です。あなたが高価な調度品の側を通るだけで物理変化が起こって破壊されます。器用-3",
        "prereqs" : ["MAID_DOJI1"],
        "changes_to" : ["MAID_DOJI3"],
        "category" : ["MAID"],
        "valid" : false,
        "passive_mods" : {
            "dex_mod" : -3
        }
    },
    {
        "type" : "mutation",
        "id" : "MAID_DOJI3",
        "name" : "致命的なドジっ子メイド",
        "points" : 8,
        "threshreq" : ["THRESH_MAID"],
        "description" : "あなたは致命的なまでにドジっ子です。その矛先が向けられたものは、己の不運を呪う暇もなく致命的な人災に沈むでしょう。器用-4、低確率で致命的な追加攻撃",
        "prereqs" : ["MAID_DOJI2"],
        "category" : ["MAID"],
        "valid" : false,
        "passive_mods" : {
            "dex_mod" : -4
        },
        "attacks" : {
            "attack_text_u" : "おおっと！またやってしまいました %s に",
            "attack_text_npc" : "%1$s の手元が狂ってとんでもない被害が %2$s を襲う",
            "chance" : 100,
            "base_damage" : { "damage_type" : "bash", "amount" : 250 }
        }
    },
    {
        "type" : "mutation",
        "id" : "MAID_1",
        "name" : "メイド訓練(レベル1)",
        "points" : 2,
        "description" : "あなたは熟練のメイド、あるいはそれに相応する能力の持ち主です。より効率的に多くの雑事をこなせます。器用+2、知性+1",
        "changes_to" : ["MAID_2"],
        "category" : ["MAID"],
        "cancels" : ["MAID_DOJI1", "MAID_DOJI2", "MAID_DOJI3"],
        "valid" : false,
        "passive_mods" : {
            "dex_mod" : 2,
            "int_mod" : 1
        }
    },
    {
        "type" : "mutation",
        "id" : "MAID_2",
        "name" : "メイド訓練(レベル2)",
        "points" : 4,
        "description" : "あなたは上級のメイド、あるいはそれに相応する能力の持ち主です。時代が時代ならメイド達の長として君臨できていたかもしれません。器用+3、知性+2",
        "prereqs" : ["MAID_1"],
        "changes_to" : ["MAID_3"],
        "category" : ["MAID"],
        "valid" : false,
        "passive_mods" : {
            "dex_mod" : 3,
            "int_mod" : 2
        }
    },
    {
        "type" : "mutation",
        "id" : "MAID_3",
        "name" : "バトルメイド",
        "points" : 8,
        "threshreq" : ["THRESH_MAID"],
        "description" : "主に仕える者として、身の回りの世話を行うだけでなく、厳しい戦闘訓練も積んでいます。筋力+2、器用+4、知性+2、全動作制限-5",
        "prereqs" : ["MAID_2"],
        "category" : ["MAID"],
        "passive_mods" : {
            "str_mod" : 2,
            "dex_mod" : 4,
            "int_mod" : 2
        },
        "encumbrance_always" : [
            [ "TORSO", -5 ],
            [ "HEAD", -5 ],
            [ "ARM_L", -5 ],
            [ "ARM_R", -5 ],
            [ "HAND_L", -5 ],
            [ "HAND_R", -5 ],
            [ "LEG_L", -5 ],
            [ "LEG_R", -5 ],
            [ "FOOT_L", -5 ],
            [ "FOOT_R", -5 ]
        ]
    },
    {
        "type" : "mutation",
        "id" : "HUNGER",
        "name" : "Fast Metabolism",
        "points" : -2,
        "description" : "You require more food than most people, but recover stamina slightly faster.",
        "starting_trait" : true,
        "cancels" : ["LIGHTEATER", "COLDBLOOD", "COLDBLOOD2", "COLDBLOOD3", "COLDBLOOD4"],
        "changes_to" :["HUNGER2", "MET_RAT"],
        "category" : ["RAT", "ALPHA", "MEDICAL", "ELFA", "BEAST", "SLIME", "RAPTOR", "CHIMERA", "MAID"],
        "metabolism_modifier": 0.5,
        "stamina_regen_modifier": 0.1
    },
    {
        "type" : "mutation",
        "id" : "FASTHEALER",
        "name" : "Fast Healer",
        "points" : 2,
        "description" : "You heal faster when sleeping and will even recover small amount of HP when not sleeping.",
        "starting_trait" : true,
        "cancels" : ["ROT1", "ROT2", "ROT3", "SLOWHEALER", "SLOWHEALER2", "SLOWHEALER3", "MET_RAT"],
        "changes_to" : ["FASTHEALER2", "REGEN_LIZ", "MAID_TEKELI"],
        "category" : ["MEDICAL", "MAID"],
        "healing_awake" : 0.2,
        "healing_resting" : 0.5
    },
    {
        "type" : "mutation",
        "id" : "MAID_TEKELI",
        "name" : "てけり・り",
        "points" : 10,
        "description" : "私達はかつて一つの種でした。私達は仕える為に生まれました。私達は皆、従者でした。攻撃耐性+8、治癒力強化",
        "prereqs" : ["HUNGER"],
        "prereqs2" : ["FASTHEALER"],
        "threshreq" : ["THRESH_MAID"],
        "category" : ["MAID"],
        "armor" : [ { "parts" : "ALL", "bash" : 8, "cut" : 8, "stab" : 8 } ],
        "healing_awake" : 4.45,
        "healing_resting" : 4.45
    }
]