[
{
        "type" : "martial_art",
        "id" : "style_maid",
        "name" : "メイド格闘術",
        "description" : "気品ある佇まいから出方を伺い、反撃に転ずる暗殺術です。回避にボーナスを得る他、回避を犠牲に踏み込んで急襲を仕掛ける事が出来ます。",
        "arm_block" : 99,
        "leg_block" : 99,
        "static_buffs" : [
            {
                "id" : "maid_evade",
                "name" : "静寂なる佇まい",
                "description" : "待機し続ける事で回避に+2のボーナスを得ます。",
                "unarmed_allowed" : true,
                "melee_allowed" : true,
                "flat_bonuses" : [["dodge", 2.0]]
            }
        ],
        "onmove_buffs": [
            {
                "id" : "maid_moved",
                "name" : "急襲",
                "description" : "動いたことで回避にペナルティを受けますが、感覚に応じて命中とダメージにボーナスを得ます。",
                "unarmed_allowed" : true,
                "melee_allowed" : true,
                "min_unarmed" : 0,
                "buff_duration" : 2,
                "flat_bonuses" : [
                    ["hit", "per", 1],
                    ["damage", "bash", "per", 0.3],
                    ["damage", "cut", "per", 0.3],
                    ["damage", "stab", "per", 0.3],
                    ["dodge", -4.0]
                ]
            }
            ],
"ondodge_buffs": [
            {
                "id" : "maid_evaded_bonus",
                "name" : "反撃体勢",
                "description" : "最小限の動きで攻撃を回避しました。反撃のチャンスです。",
                "unarmed_allowed" : true,
                "melee_allowed" : true,
                "min_unarmed" : 0,
                "buff_duration" : 2,
                "max_stacks" : 1,
                "mult_bonuses" : [
                    ["damage", "bash", 1.3],
                    ["damage", "cut", 1.3],
                    ["damage", "stab", 1.3]
                ]
            }
        ],
        "techniques" : ["tec_maid_precise",
                        "tec_maid_counter",
                        "tec_maid_meleecounter",
                        "tec_maid_miyage",
                        "tec_maid_kyusyu"
        ]
    }
]