[
  {
    "id": "mon_wolf",
    "type": "MONSTER",
    "name": "wolf",
    "name_plural": "wolves",
    "description": "A cunning pack predator, once extinct in the New England area, the wolf was successfully reintroduced and their numbers reached record highs in the decade before the cataclysm.  Lucky you.",
    "default_faction": "wolf",
    "categories": [ "WILDLIFE" ],
    "species": [ "MAMMAL" ],
    "diff": 12,
    "size": "MEDIUM",
    "hp": 40,
    "speed": 165,
    "material": [ "flesh" ],
    "symbol": "w",
    "color": "ltgray",
    "morale": 20,
    "melee_skill": 7,
    "melee_dice": 2,
    "melee_dice_sides": 3,
    "melee_cut": 4,
    "dodge": 4,
    "armor_bash": 1,
    "vision_night": 5,
    "path_settings": { "max_dist": 10 },
    "anger_triggers": [ "STALK", "FRIEND_ATTACKED", "FRIEND_DIED", "PLAYER_WEAK", "PLAYER_CLOSE" ],
    "placate_triggers": [ "MEAT" ],
    "death_function": [ "NORMAL" ],
    "flags": [ "SEES", "HEARS", "SMELLS", "ANIMAL", "PATH_AVOID_DANGER_1", "WARM", "FUR", "KEENNOSE", "BLEED", "BONES", "FAT" ]
  },
  {
    "id": "mon_agrat",
    "type": "MONSTER",
    "name": "agrat",
    "description": "About the size of a monitor lizard, they are farmed for their black eggs which supposedly taste like sturgeon roe and are traded as 'Altaisian Caviar', a valuable luxury commodity.",
    "default_faction": "frog",
    "species": [ "AMPHIBIAN" ],
    "diff": 12,
    "size": "SMALL",
    "hp": 15,
    "speed": 125,
    "material": [ "flesh" ],
    "symbol": "A",
    "color": "light_green",
    "aggression": 10,
    "morale": 100,
    "melee_skill": 2,
    "melee_dice": 1,
    "melee_dice_sides": 3,
    "melee_cut": 1,
    "dodge": 2,
    "armor_bash": 4,
    "path_settings": { "max_dist": 3 },
    "death_function": [ "NORMAL" ],
    "flags": [ "SEES", "SMELLS", "HEARS", "SWIMS", "LEATHER", "BONES", "FAT" ]
  },
  {
    "id": "mon_avampire_bat",
    "type": "MONSTER",
    "name": "vampire bat",
    "description": "The Albion Vampire Bat is a flying predator native to the subtropical regions on the world of Albion in the Kerensky Cluster. It proved to be a danger for the valuable introduced livestock of Clan Burrock because of causing infected wounds and transmitting diseases. In an attempt to curb the Vampire Bat, Clan scientists genetically altered the species to produce the Blood Spirit.",
    "default_faction": "small_animal",
    "categories": [ "WILDLIFE" ],
    "species": [ "BIRD", "MAMMAL" ],
    "diff": 10,
    "volume": "750 ml",
    "weight": 150,
    "hp": 2,
    "speed": 40,
    "material": [ "flesh" ],
    "symbol": "v",
    "color": "white",
    "aggression": -20,
    "morale": -8,
    "melee_skill": 1,
    "melee_dice": 1,
    "melee_dice_sides": 1,
    "melee_cut": 7,
    "dodge": 4,
    "biosignature": { "biosig_item": "feces_mammal", "biosig_timer": 3 },
    "death_function": [ "NORMAL" ],
    "flags": [ "SEES", "HEARS", "SMELLS", "ANIMAL", "PATH_AVOID_DANGER_1", "WARM", "FLIES", "BONES", "FAT", "BIRDFOOD" ]
  }
]
