
[
    {
        "type" : "vehicle",
        "id" : "tank_atomic",
        "name" : "Atomic Mini-Tank",
        "blueprint" : [
            ["ooooooo"],
            ["|x--|||"],
            ["+x+#---"],
            ["|x--t||"],
            ["ooooooo"]
        ],
        "parts" : [
            {"x": -3, "y": -2, "part": "hdframe_vertical_2"},
            {"x": -3, "y": -2, "part": "hdboard_vertical"},
            {"x": -3, "y": -2, "part": "omnicam"},
            {"x": -3, "y": -2, "part": "plating_military"},
            {"x": -2, "y": -2, "part": "hdframe_vertical_2"},
            {"x": -2, "y": -2, "part": "hdboard_vertical"},
            {"x": -2, "y": -2, "part": "tread3"},
            {"x": -2, "y": -2, "part": "plating_military"},
            {"x": -1, "y": -2, "part": "hdframe_vertical_2"},
            {"x": -1, "y": -2, "part": "hdboard_vertical"},
            {"x": -1, "y": -2, "part": "tread3"},
            {"x": -1, "y": -2, "part": "plating_military"},
            {"x": 0, "y": -2, "part": "hdframe_vertical_2"},
            {"x": 0, "y": -2, "part": "hdboard_vertical"},
            {"x": 0, "y": -2, "part": "tread3"},
            {"x": 0, "y": -2, "part": "plating_military"},
            {"x": 1, "y": -2, "part": "hdframe_vertical_2"},
            {"x": 1, "y": -2, "part": "hdhalfboard_vertical"},
            {"x": 1, "y": -2, "part": "tread3"},
            {"x": 1, "y": -2, "part": "plating_military"},
            {"x": 2, "y": -2, "part": "hdframe_vertical_2"},
            {"x": 2, "y": -2, "part": "hdhalfboard_vertical"},
            {"x": 2, "y": -2, "part": "tread3"},
            {"x": 2, "y": -2, "part": "plating_military"},
            {"x": 3, "y": -2, "part": "hdframe_vertical_2"},
            {"x": 3, "y": -2, "part": "hdhalfboard_vertical"},
            {"x": 3, "y": -2, "part": "plating_military"},
            {"x": -3, "y": -1, "part": "hdframe_vertical_2"},
            {"x": -3, "y": -1, "part": "hdboard_horizontal"},
            {"x": -3, "y": -1, "part": "plating_military"},
            {"x": -2, "y": -1, "part": "hdframe_vertical_2"},
            {"x": -2, "y": -1, "part": "trunk_floor"},
            {"x": -2, "y": -1, "part": "minireactor"},
            {"x": -2, "y": -1, "part": "hdroof"},
            {"x": -1, "y": -1, "part": "hdframe_vertical_2"},
            {"x": -1, "y": -1, "part": "hdboard_sw"},
            {"x": -1, "y": -1, "part": "minireactor"},
            {"x": -1, "y": -1, "part": "plating_military"},
            {"x": 0, "y": -1, "part": "hdframe_vertical_2"},
            {"x": 0, "y": -1, "part": "hdboard_vertical"},
            {"x": 0, "y": -1, "part": "plating_military"},
            {"x": 1, "y": -1, "part": "hdframe_vertical_2"},
            {"x": 1, "y": -1, "part": "hdhalfboard_nw"},
            {"x": 1, "y": -1, "part": "plating_military"},
            {"x": 2, "y": -1, "part": "hdframe_vertical_2"},
            {"x": 2, "y": -1, "part": "hdhalfboard_horizontal"},
            {"x": 2, "y": -1, "part": "engine_electric_enhanced"},
            {"x": 2, "y": -1, "part": "headlight_reinforced"},
            {"x": 2, "y": -1, "part": "omnicam"},
            {"x": 2, "y": -1, "part": "plating_military"},
            {"x": 3, "y": -1, "part": "hdframe_vertical_2"},
            {"x": 3, "y": -1, "part": "hdhalfboard_horizontal"},
            {"x": 3, "y": -1, "part": "plating_military"},
            {"x": -3, "y": 0, "part": "hdframe_vertical_2"},
            {"x": -3, "y": 0, "part": "door_opaque"},
            {"x": -3, "y": 0, "part": "hdroof"},
            {"x": -3, "y": 0, "part": "plating_military"},
            {"x": -2, "y": 0, "part": "hdframe_vertical_2"},
            {"x": -2, "y": 0, "part": "trunk_floor"},
            {"x": -2, "y": 0, "part": "storage_battery"},
            {"x": -2, "y": 0, "part": "hdroof"},
            {"x": -1, "y": 0, "part": "hdframe_vertical_2"},
            {"x": -1, "y": 0, "part": "hdhatch"},
            {"x": -1, "y": 0, "part": "storage_battery"},
            {"x": -1, "y": 0, "part": "hdroof"},
            {"x": 0, "y": 0, "part": "hdframe_vertical_2"},
            {"x": 0, "y": 0, "part": "seat"},
            {"x": 0, "y": 0, "part": "seatbelt_heavyduty"},
            {"x": 0, "y": 0, "part": "controls"},
            {"x": 0, "y": 0, "part": "dashboard"},
            {"x": 0, "y": 0, "part": "cam_control"},
            {"x": 0, "y": 0, "part": "turret_mount"},
            {"x": 0, "y": 0, "part": "mounted_tank_auto", "ammo": 100, "ammo_types": [ "120mm_usable_heat", "120mm_usable_ap" ]},
            {"x": 0, "y": 0, "part": "vehicle_clock"},
            {"x": 0, "y": 0, "part": "hdroof"},
            {"x": 1, "y": 0, "part": "hdframe_vertical_2"},
            {"x": 1, "y": 0, "part": "hdhalfboard_vertical"},
            {"x": 1, "y": 0, "part": "plating_military"},
            {"x": 2, "y": 0, "part": "hdframe_vertical_2"},
            {"x": 2, "y": 0, "part": "hdhalfboard_vertical"},
            {"x": 2, "y": 0, "part": "engine_electric_enhanced"},
            {"x": 2, "y": 0, "part": "storage_battery"},
            {"x": 2, "y": 0, "part": "plating_military"},
            {"x": 3, "y": 0, "part": "hdframe_vertical_2"},
            {"x": 3, "y": 0, "part": "hdhalfboard_vertical"},
            {"x": 3, "y": 0, "part": "plating_military"},
            {"x": -3, "y": 1, "part": "hdframe_vertical_2"},
            {"x": -3, "y": 1, "part": "hdboard_horizontal"},
            {"x": -3, "y": 1, "part": "plating_military"},
            {"x": -2, "y": 1, "part": "hdframe_vertical_2"},
            {"x": -2, "y": 1, "part": "trunk_floor"},
            {"x": -2, "y": 1, "part": "minireactor"},
            {"x": -2, "y": 1, "part": "hdroof"},
            {"x": -1, "y": 1, "part": "hdframe_vertical_2"},
            {"x": -1, "y": 1, "part": "hdboard_se"},
            {"x": -1, "y": 1, "part": "minireactor"},
            {"x": -1, "y": 1, "part": "plating_military"},
            {"x": 0, "y": 1, "part": "hdframe_vertical_2"},
            {"x": 0, "y": 1, "part": "hdboard_vertical"},
            {"x": 0, "y": 1, "part": "plating_military"},
            {"x": 1, "y": 1, "part": "hdframe_vertical_2"},
            {"x": 1, "y": 1, "part": "hdhalfboard_ne"},
            {"x": 1, "y": 1, "part": "turretframe"},
            {"x": 1, "y": 1, "part": "am2browning", "ammo": 100 },
            {"x": 1, "y": 1, "part": "plating_military"},
            {"x": 2, "y": 1, "part": "hdframe_vertical_2"},
            {"x": 2, "y": 1, "part": "hdhalfboard_horizontal"},
            {"x": 2, "y": 1, "part": "engine_electric_enhanced"},
            {"x": 2, "y": 1, "part": "headlight_reinforced"},
            {"x": 2, "y": 1, "part": "omnicam"},
            {"x": 2, "y": 1, "part": "plating_military"},
            {"x": 3, "y": 1, "part": "hdframe_vertical_2"},
            {"x": 3, "y": 1, "part": "hdhalfboard_horizontal"},
            {"x": 3, "y": 1, "part": "plating_military"},
            {"x": -3, "y": 2, "part": "hdframe_vertical_2"},
            {"x": -3, "y": 2, "part": "hdboard_vertical"},
            {"x": -3, "y": 2, "part": "omnicam"},
            {"x": -3, "y": 2, "part": "plating_military"},
            {"x": -2, "y": 2, "part": "hdframe_vertical_2"},
            {"x": -2, "y": 2, "part": "hdboard_vertical"},
            {"x": -2, "y": 2, "part": "tread3"},
            {"x": -2, "y": 2, "part": "plating_military"},
            {"x": -1, "y": 2, "part": "hdframe_vertical_2"},
            {"x": -1, "y": 2, "part": "hdboard_vertical"},
            {"x": -1, "y": 2, "part": "tread3"},
            {"x": -1, "y": 2, "part": "plating_military"},
            {"x": 0, "y": 2, "part": "hdframe_vertical_2"},
            {"x": 0, "y": 2, "part": "hdboard_vertical"},
            {"x": 0, "y": 2, "part": "tread3"},
            {"x": 0, "y": 2, "part": "plating_military"},
            {"x": 1, "y": 2, "part": "hdframe_vertical_2"},
            {"x": 1, "y": 2, "part": "hdhalfboard_vertical"},
            {"x": 1, "y": 2, "part": "tread3"},
            {"x": 1, "y": 2, "part": "plating_military"},
            {"x": 2, "y": 2, "part": "hdframe_vertical_2"},
            {"x": 2, "y": 2, "part": "hdhalfboard_vertical"},
            {"x": 2, "y": 2, "part": "tread3"},
            {"x": 2, "y": 2, "part": "plating_military"},
            {"x": 3, "y": 2, "part": "hdframe_vertical_2"},
            {"x": 3, "y": 2, "part": "hdhalfboard_vertical"},
            {"x": 3, "y": 2, "part": "plating_military"}
        ],
        "items" : [
            {"x": -2, "y": -1, "chance": 70, "items": ["120mm_usable_heat"]},
            {"x": -2, "y": -1, "chance": 50, "items": ["120mm_usable_heat", "120mm_usable_ap"]},
            {"x": -2, "y": -1, "chance": 30, "items": ["120mm_usable_heat", "120mm_usable_heat", "120mm_usable_ap"]},
            {"x": -2, "y": -1, "chance": 10, "items": ["120mm_usable_heat", "120mm_usable_heat", "120mm_usable_heat", "120mm_usable_ap", "120mm_usable_ap"]},
            {"x": -2, "y": -1, "chance": 75, "items": ["electric_primer_large"]},
            {"x": -2, "y": -1, "chance": 50, "items": ["electric_primer_large"]},
            {"x": -3, "y": 0, "chance": 100, "items": ["ear_plugs"]},
            {"x": -2, "y": 0, "chance": 40, "items": ["plut_cell"]},
            {"x": -2, "y": 0, "chance": 20, "items": ["plut_cell", "plut_cell"]},
            {"x": -2, "y": 0, "chance": 10, "items": ["plut_cell", "plut_cell"]},
            {"x": -1, "y": 0, "chance": 5, "items": ["id_military"]},
            {"x": -1, "y": 0, "chance": 50, "items": ["120mm_usable_heat"]},
            {"x": -1, "y": 0, "chance": 25, "items": ["120mm_usable_heat", "120mm_usable_ap"]},
            {"x": -1, "y": 0, "chance": 12, "items": ["120mm_usable_heat", "120mm_usable_heat", "120mm_usable_ap"]},
            {"x": -2, "y": 1, "chance": 60, "items": ["50bmg"]},
            {"x": -2, "y": 1, "chance": 40, "items": ["50bmg", "50bmg"]}
        ]
    }
]