[
    {
        "type" : "overmap_special",
        "id" : "Curious Structure",
        "overmaps" :
        [
            { "point":[0,0,0], "overmap": "curious_structure"},
            { "point":[0,0,-1], "overmap": "curious_structure_b"},
            { "point":[0,0,-2], "overmap": "curious_structure_b2"}
        ],
        "locations" : [ "forest" ], "//":"what special locations does it spawn",
        "city_distance" : [25, -1], "//":"how far from a city it should be",
        "city_sizes" : [1, 20], "//":"what city sizes should it spawn in",
        "occurrences" : [0, 1], "//":"how many per overmap",
        "rotate" : false, "//":"allow rotation",
        "flags" : [ "CLASSIC" ]
    },{
        "type" : "overmap_special",
        "id" : "Strange Grove",
        "overmaps" :
        [
            { "point":[0,0,0], "overmap": "strange_grove"},
            { "point":[0,0,-1], "overmap": "grove_ruins"}
        ],
        "locations" : [ "forest" ],
        "city_distance" : [25, -1],
        "city_sizes" : [1, 20],
        "occurrences" : [0, 1],
        "rotate" : false,
        "flags" : [ "CLASSIC" ]
    },{
        "type" : "overmap_special",
        "id" : "Floating Temple",
        "overmaps" :
        [
            { "point":[0,0,0], "overmap": "impact_site"},
            { "point":[0,0,1], "overmap": "impact_platforms_center"},
            { "point":[-1,0,1], "overmap": "impact_platforms_left"},
            { "point":[1,0,1], "overmap": "impact_platforms_right"},
            { "point":[-1,0,2], "overmap": "impact_temple_left"},
            { "point":[1,0,2], "overmap": "impact_temple_right"},
            { "point":[0,0,2], "overmap": "impact_temple_center"},
            { "point":[-1,0,3], "overmap": "impact_roof_left"},
            { "point":[1,0,3], "overmap": "impact_roof_right"},
            { "point":[0,0,3], "overmap": "impact_roof_center"}
        ],
        "locations" : [ "forest" ],
        "city_distance" : [30, -1],
        "city_sizes" : [1, 20],
        "occurrences" : [0, 1],
        "rotate" : false,
        "flags" : [ "CLASSIC" ]
    },{
        "type" : "overmap_special",
        "id" : "Island Temple",
        "overmaps" :
        [
            { "point":[0,0,0], "overmap": "island_temple_1"},
            { "point":[1,0,0], "overmap": "island_temple_2"},
            { "point":[0,1,0], "overmap": "island_temple_3"},
            { "point":[1,1,0], "overmap": "island_temple_4"},
            { "point":[0,0,-1], "overmap": "island_temple_b_1"},
            { "point":[1,0,-1], "overmap": "island_temple_b_2"},
            { "point":[0,1,-1], "overmap": "island_temple_b_3"},
            { "point":[1,1,-1], "overmap": "island_temple_b_4"}
        ],
        "locations" : [ "forest" ],
        "city_distance" : [30, -1],
        "city_sizes" : [1, 20],
        "occurrences" : [0, 1],
        "rotate" : false,
        "flags" : [ "CLASSIC" ]
    }
]
