[
  {
    "type": "monstergroup",
    "name": "GROUP_DMBBARCANA_ANOMALY1",
    "default": "mon_null",
    "monsters": [
      { "monster": "mon_homunculus", "freq": 100, "cost_multiplier": 0 },
      { "monster": "mon_blank", "freq": 5, "cost_multiplier": 0 },
      { "monster": "mon_dementia", "freq": 90, "cost_multiplier": 0 },
      { "monster": "mon_blood_sacrifice", "freq": 10, "cost_multiplier": 0 },
      { "monster": "mon_flesh_angel", "freq": 1, "cost_multiplier": 0 }
    ]
  },
  {
    "type": "mapgen",
    "method": "json",
    "update_mapgen_id": "dmbb_orb_wave_arcana_ano1",
    "object": { "place_monsters": [ { "monster": "GROUP_DMBBARCANA_ANOMALY1", "x": [ 1, 21 ], "y": [ 1, 21 ], "density": 0.4 } ] }
  },
  {
    "type": "mapgen",
    "method": "json",
    "update_mapgen_id": "dmbb_orb_wave_arcana_sof1",
    "object": { "place_monster": [ { "monster": "mon_spirit_of_fire", "x": [ 1, 21 ], "y": [ 1, 21 ] } ] }
  },
  {
    "type": "mapgen",
    "method": "json",
    "update_mapgen_id": "dmbb_orb_wave_arcana_mor1",
    "object": { "place_monster": [ { "monster": "mon_moruboru", "x": [ 1, 21 ], "y": [ 1, 21 ] } ] }
  },
  {
    "type": "mapgen",
    "method": "json",
    "update_mapgen_id": "dmbb_orb_wave_arcana_arc1",
    "object": { "place_monster": [ { "monster": "mon_archon", "x": [ 1, 21 ], "y": [ 1, 21 ] } ] }
  },
  {
    "type": "mapgen",
    "method": "json",
    "update_mapgen_id": "dmbb_orb_wave_arcana_dra1",
    "object": { "place_monster": [ { "monster": "mon_dracolich", "x": [ 1, 21 ], "y": [ 1, 21 ] } ] }
  },
  {
    "type": "mapgen",
    "method": "json",
    "update_mapgen_id": "dmbb_orb_wave_arcana_ser1",
    "object": { "place_monster": [ { "monster": "mon_seraphic_shade", "x": [ 1, 21 ], "y": [ 1, 21 ] } ] }
  }
]