{
  "type": "shopping_cart",
  "posx": 10,
  "posy": 2,
  "om_id": 512860488,
  "faceDir": 90,
  "moveDir": 90,
  "turn_dir": 90,
  "velocity": 0,
  "falling": false,
  "cruise_velocity": 1000,
  "vertical_velocity": 0,
  "cruise_on": true,
  "engine_on": false,
  "tracking_on": false,
  "skidding": true,
  "of_turn_carry": 0.0,
  "name": "forklift",
  "parts": [
    {
      "id": "xlframe_vertical_2",
      "base": { "typeid": "xlframe", "item_tags": [ "VEHICLE" ] },
      "mount_dx": 0,
      "mount_dy": 0,
      "open": false,
      "direction": 0,
      "blood": 0,
      "enabled": false,
      "flags": 0,
      "passenger_id": 0,
      "crew_id": -1,
      "items": [  ],
      "ammo_pref": "null"
    },
    {
      "id": "wheel_steerable",
      "base": { "typeid": "wheel", "bday": 1364684, "invlet": 103, "item_tags": [ "VEHICLE" ] },
      "mount_dx": 0,
      "mount_dy": 0,
      "open": false,
      "direction": 0,
      "blood": 0,
      "enabled": false,
      "flags": 0,
      "passenger_id": 0,
      "crew_id": -1,
      "items": [  ],
      "ammo_pref": "null"
    },
    {
      "id": "frame_cross",
      "base": { "typeid": "frame", "bday": 1315690, "item_tags": [ "VEHICLE" ] },
      "mount_dx": -1,
      "mount_dy": 0,
      "open": false,
      "direction": 0,
      "blood": 0,
      "enabled": false,
      "flags": 0,
      "passenger_id": 0,
      "crew_id": -1,
      "items": [  ],
      "ammo_pref": "null"
    },
    {
      "id": "wheel_steerable",
      "base": { "typeid": "wheel", "bday": 1364684, "invlet": 115, "item_tags": [ "VEHICLE" ] },
      "mount_dx": -1,
      "mount_dy": 0,
      "open": false,
      "direction": 0,
      "blood": 0,
      "enabled": false,
      "flags": 0,
      "passenger_id": 0,
      "crew_id": -1,
      "items": [  ],
      "ammo_pref": "null"
    },
    {
      "id": "frame_cross",
      "base": { "typeid": "frame", "bday": 1315690, "item_tags": [ "VEHICLE" ] },
      "mount_dx": 1,
      "mount_dy": 0,
      "open": false,
      "direction": 0,
      "blood": 0,
      "enabled": false,
      "flags": 0,
      "passenger_id": 0,
      "crew_id": -1,
      "items": [  ],
      "ammo_pref": "null"
    },
    {
      "id": "reclining_seat",
      "base": { "typeid": "seat", "bday": 1349652, "invlet": 103, "item_tags": [ "VEHICLE" ] },
      "mount_dx": 1,
      "mount_dy": 0,
      "open": false,
      "direction": 0,
      "blood": 0,
      "enabled": false,
      "flags": 0,
      "passenger_id": 1,
      "crew_id": -1,
      "items": [
        { "typeid": "coke", "charges": 9, "bday": 1360540, "invlet": 114, "last_temp_check": 1360540 },
        { "typeid": "e_tool", "bday": 1316266, "invlet": 120 },
        {
          "typeid": "rifle_needler_smg",
          "charges": 30,
          "item_vars": { "item::mode": "DEFAULT" },
          "invlet": 108,
          "curammo": "fl_block"
        },
        { "typeid": "multitool", "bday": 1316266, "invlet": 119 },
        { "typeid": "goggles_welding", "bday": 1340927, "invlet": 113 },
        { "typeid": "pocketwatch", "bday": 1353317, "invlet": 102 },
        { "typeid": "sheet_metal", "bday": 1315690 }
      ],
      "ammo_pref": "null"
    },
    {
      "id": "roof",
      "base": { "typeid": "sheet_metal", "bday": 1315690, "item_tags": [ "VEHICLE" ] },
      "mount_dx": 1,
      "mount_dy": 0,
      "open": false,
      "direction": 0,
      "blood": 0,
      "enabled": false,
      "flags": 0,
      "passenger_id": 0,
      "crew_id": -1,
      "items": [  ],
      "ammo_pref": "null"
    },
    {
      "id": "tank_small",
      "base": {
        "typeid": "jerrycan",
        "bday": 1365938,
        "invlet": 115,
        "item_tags": [ "VEHICLE" ],
        "contents": [ { "typeid": "gasoline", "charges": 2056, "bday": 1365938, "rot": 5588, "last_rot_check": 1373260 } ]
      },
      "mount_dx": 1,
      "mount_dy": 0,
      "open": false,
      "direction": 0,
      "blood": 0,
      "enabled": false,
      "flags": 0,
      "passenger_id": 0,
      "crew_id": -1,
      "items": [  ],
      "ammo_pref": "null"
    },
    {
      "id": "battery_car",
      "base": {
        "typeid": "battery_car",
        "bday": 1371895,
        "invlet": 104,
        "item_tags": [ "VEHICLE" ],
        "contents": [ { "typeid": "battery", "charges": 2295, "bday": 1380365, "item_tags": [ "IRREMOVABLE", "NO_DROP" ] } ]
      },
      "mount_dx": 1,
      "mount_dy": 0,
      "open": false,
      "direction": 0,
      "blood": 0,
      "enabled": false,
      "flags": 0,
      "passenger_id": 0,
      "crew_id": -1,
      "items": [  ],
      "ammo_pref": "null"
    },
    {
      "id": "controls",
      "base": { "typeid": "vehicle_controls", "bday": 1376557, "invlet": 103, "item_tags": [ "VEHICLE" ] },
      "mount_dx": 1,
      "mount_dy": 0,
      "open": false,
      "direction": 0,
      "blood": 0,
      "enabled": false,
      "flags": 0,
      "passenger_id": 0,
      "crew_id": -1,
      "items": [  ],
      "ammo_pref": "null"
    },
    {
      "id": "wheel_steerable",
      "base": { "typeid": "wheel", "bday": 1364684, "invlet": 108, "item_tags": [ "VEHICLE" ] },
      "mount_dx": 1,
      "mount_dy": 0,
      "open": false,
      "direction": 0,
      "blood": 0,
      "enabled": false,
      "flags": 0,
      "passenger_id": 0,
      "crew_id": -1,
      "items": [  ],
      "ammo_pref": "null"
    },
    {
      "id": "engine_v12",
      "base": { "typeid": "v12_combustion", "bday": 1377259, "invlet": 102, "item_tags": [ "VEHICLE" ] },
      "mount_dx": 1,
      "mount_dy": 0,
      "open": false,
      "direction": 0,
      "blood": 0,
      "enabled": true,
      "flags": 0,
      "passenger_id": 0,
      "crew_id": -1,
      "items": [  ],
      "ammo_pref": "null"
    },
    {
      "id": "alternator_truck",
      "base": { "typeid": "alternator_truck", "bday": 1371994, "invlet": 103, "item_tags": [ "VEHICLE" ] },
      "mount_dx": 1,
      "mount_dy": 0,
      "open": false,
      "direction": 0,
      "blood": 0,
      "enabled": false,
      "flags": 0,
      "passenger_id": 0,
      "crew_id": -1,
      "items": [  ],
      "ammo_pref": "null"
    },
    {
      "id": "cargo_space",
      "base": { "typeid": "cargo_rack", "bday": 1378813, "invlet": 102, "item_tags": [ "VEHICLE" ] },
      "mount_dx": 0,
      "mount_dy": 0,
      "open": false,
      "direction": 0,
      "blood": 0,
      "enabled": false,
      "flags": 0,
      "passenger_id": 0,
      "crew_id": -1,
      "items": [
        { "typeid": "jack", "bday": 1328681, "invlet": 102 },
        { "typeid": "battery_car", "bday": 1371895, "invlet": 104 },
        { "typeid": "battery_car", "bday": 1371895, "invlet": 104 },
        { "typeid": "primitive_armor_slab", "bday": 1378638, "invlet": 102 },
        { "typeid": "primitive_armor_slab", "bday": 1378638, "invlet": 102 },
        { "typeid": "primitive_armor_slab", "bday": 1378638, "invlet": 102 },
        { "typeid": "primitive_armor_slab", "bday": 1378638, "invlet": 102 },
        { "typeid": "solar_panel", "bday": 1377952, "invlet": 102 },
        { "typeid": "solar_panel", "bday": 1377952, "invlet": 102 },
        { "typeid": "solar_panel", "bday": 1377952, "invlet": 102 },
        { "typeid": "solar_panel", "bday": 1377952, "invlet": 102 },
        { "typeid": "solar_panel", "bday": 1377952, "invlet": 102 },
        { "typeid": "solar_panel", "bday": 1377952, "invlet": 102 },
        { "typeid": "toolbox", "bday": 1316266, "invlet": 118 },
        { "typeid": "alternator_truck", "bday": 1371994, "invlet": 102 },
        { "typeid": "vehicle_controls", "bday": 1376557, "invlet": 102 },
        { "typeid": "vehicle_controls", "bday": 1376557, "invlet": 102 },
        { "typeid": "vehicle_controls", "bday": 1376557, "invlet": 102 },
        { "typeid": "vehicle_controls", "bday": 1376557, "invlet": 102 },
        {
          "typeid": "welder",
          "charges": 750,
          "bday": 1340927,
          "invlet": 103,
          "contents": [ { "typeid": "battery_compartment", "bday": 1340927, "invlet": 108, "item_tags": [ "IRREMOVABLE" ] } ],
          "curammo": "battery"
        },
        { "typeid": "basket" },
        { "typeid": "battery", "charges": 8001, "bday": 1379577, "invlet": 111 }
      ],
      "ammo_pref": "null"
    },
    {
      "id": "cargo_space",
      "base": { "typeid": "cargo_rack", "bday": 1378813, "invlet": 102, "item_tags": [ "VEHICLE" ] },
      "mount_dx": -1,
      "mount_dy": 0,
      "open": false,
      "direction": 0,
      "blood": 0,
      "enabled": false,
      "flags": 1,
      "passenger_id": 1,
      "crew_id": -1,
      "items": [
        { "typeid": "primitive_armor_slab", "bday": 1378638, "invlet": 102 },
        { "typeid": "primitive_armor_slab", "bday": 1378638, "invlet": 102 },
        { "typeid": "primitive_armor_slab", "bday": 1378638, "invlet": 102 },
        { "typeid": "primitive_armor_slab", "bday": 1378638, "invlet": 102 },
        { "typeid": "primitive_armor_slab", "bday": 1378638, "invlet": 102 },
        { "typeid": "primitive_armor_slab", "bday": 1378638, "invlet": 102 },
        { "typeid": "primitive_armor_half_ton", "bday": 1340926, "invlet": 115 },
        { "typeid": "solar_panel", "bday": 1377952, "invlet": 102 },
        { "typeid": "solar_panel", "bday": 1377952, "invlet": 102 },
        { "typeid": "solar_panel", "bday": 1377952, "invlet": 102 },
        { "typeid": "solar_panel", "bday": 1377952, "invlet": 102 }
      ],
      "ammo_pref": "null"
    }
  ],
  "tags": [
    
  ],
  "labels": [
    
  ],
  "is_locked": false,
  "is_alarm_on": false,
  "camera_on": false,
  "last_update_turn": 1381659,
  "pivot": [
    0,
    0
  ]
}
