{
  "type": "car_chassis",
  "posx": 8,
  "posy": 0,
  "om_id": 0,
  "faceDir": 90,
  "moveDir": 90,
  "turn_dir": 90,
  "velocity": 0,
  "falling": false,
  "cruise_velocity": 0,
  "vertical_velocity": 0,
  "cruise_on": true,
  "engine_on": false,
  "tracking_on": false,
  "skidding": true,
  "of_turn_carry": 0.0,
  "name": "Packrat",
  "parts": [
    {
      "id": "frame_vertical_2",
      "base": { "typeid": "frame", "bday": 1315690, "item_tags": [ "VEHICLE" ] },
      "mount_dx": 0,
      "mount_dy": 0,
      "open": false,
      "direction": 0,
      "blood": 0,
      "enabled": false,
      "flags": 0,
      "passenger_id": 0,
      "crew_id": -1,
      "items": [  ],
      "ammo_pref": "null"
    },
    {
      "id": "frame_vertical_2",
      "base": { "typeid": "frame", "bday": 1315690, "item_tags": [ "VEHICLE" ] },
      "mount_dx": 0,
      "mount_dy": 1,
      "open": false,
      "direction": 0,
      "blood": 0,
      "enabled": false,
      "flags": 0,
      "passenger_id": 0,
      "crew_id": -1,
      "items": [  ],
      "ammo_pref": "null"
    },
    {
      "id": "frame_vertical_2",
      "base": { "typeid": "frame", "bday": 1315690, "item_tags": [ "VEHICLE" ] },
      "mount_dx": -1,
      "mount_dy": 0,
      "open": false,
      "direction": 0,
      "blood": 0,
      "enabled": false,
      "flags": 0,
      "passenger_id": 0,
      "crew_id": -1,
      "items": [  ],
      "ammo_pref": "null"
    },
    {
      "id": "frame_vertical_2",
      "base": { "typeid": "frame", "bday": 1315690, "item_tags": [ "VEHICLE" ] },
      "mount_dx": -1,
      "mount_dy": 1,
      "open": false,
      "direction": 0,
      "blood": 0,
      "enabled": false,
      "flags": 0,
      "passenger_id": 0,
      "crew_id": -1,
      "items": [  ],
      "ammo_pref": "null"
    },
    {
      "id": "frame_cover",
      "base": { "typeid": "frame", "bday": 1315690, "item_tags": [ "VEHICLE" ] },
      "mount_dx": 1,
      "mount_dy": 0,
      "open": false,
      "direction": 0,
      "blood": 0,
      "enabled": false,
      "flags": 0,
      "passenger_id": 0,
      "crew_id": -1,
      "items": [  ],
      "ammo_pref": "null"
    },
    {
      "id": "primitive_armor_half",
      "base": { "typeid": "primitive_armor_half_ton", "bday": 1340926, "invlet": 104, "item_tags": [ "VEHICLE" ] },
      "mount_dx": 1,
      "mount_dy": 0,
      "open": false,
      "direction": 0,
      "blood": 0,
      "enabled": false,
      "flags": 0,
      "passenger_id": 0,
      "crew_id": -1,
      "items": [  ],
      "ammo_pref": "null"
    },
    {
      "id": "frame_cover",
      "base": { "typeid": "frame", "bday": 1315690, "item_tags": [ "VEHICLE" ] },
      "mount_dx": 1,
      "mount_dy": 1,
      "open": false,
      "direction": 0,
      "blood": 0,
      "enabled": false,
      "flags": 0,
      "passenger_id": 0,
      "crew_id": -1,
      "items": [  ],
      "ammo_pref": "null"
    },
    {
      "id": "frame_sw",
      "base": { "typeid": "frame", "bday": 1315690, "item_tags": [ "VEHICLE" ] },
      "mount_dx": 0,
      "mount_dy": -1,
      "open": false,
      "direction": 0,
      "blood": 0,
      "enabled": false,
      "flags": 0,
      "passenger_id": 0,
      "crew_id": -1,
      "items": [  ],
      "ammo_pref": "null"
    },
    {
      "id": "frame_se",
      "base": { "typeid": "frame", "bday": 1315690, "item_tags": [ "VEHICLE" ] },
      "mount_dx": 0,
      "mount_dy": 2,
      "open": false,
      "direction": 0,
      "blood": 0,
      "enabled": false,
      "flags": 0,
      "passenger_id": 0,
      "crew_id": -1,
      "items": [  ],
      "ammo_pref": "null"
    },
    {
      "id": "primitive_armor_half",
      "base": { "typeid": "primitive_armor_half_ton", "bday": 1340926, "invlet": 104, "item_tags": [ "VEHICLE" ] },
      "mount_dx": 0,
      "mount_dy": -1,
      "open": false,
      "direction": 0,
      "blood": 0,
      "enabled": false,
      "flags": 0,
      "passenger_id": 0,
      "crew_id": -1,
      "items": [  ],
      "ammo_pref": "null"
    },
    {
      "id": "primitive_armor_half",
      "base": { "typeid": "primitive_armor_half_ton", "bday": 1340926, "invlet": 104, "item_tags": [ "VEHICLE" ] },
      "mount_dx": 0,
      "mount_dy": 2,
      "open": false,
      "direction": 0,
      "blood": 0,
      "enabled": false,
      "flags": 0,
      "passenger_id": 0,
      "crew_id": -1,
      "items": [  ],
      "ammo_pref": "null"
    },
    {
      "id": "wheel_steerable",
      "base": { "typeid": "wheel", "bday": 1315690, "item_tags": [ "VEHICLE" ] },
      "mount_dx": 0,
      "mount_dy": 0,
      "open": false,
      "direction": 0,
      "blood": 0,
      "enabled": false,
      "flags": 0,
      "passenger_id": 0,
      "crew_id": -1,
      "items": [  ],
      "ammo_pref": "null"
    },
    {
      "id": "wheel_steerable",
      "base": { "typeid": "wheel", "bday": 1315690, "item_tags": [ "VEHICLE" ] },
      "mount_dx": 0,
      "mount_dy": 1,
      "open": false,
      "direction": 0,
      "blood": 0,
      "enabled": false,
      "flags": 0,
      "passenger_id": 0,
      "crew_id": -1,
      "items": [  ],
      "ammo_pref": "null"
    },
    {
      "id": "engine_vtwin",
      "base": { "typeid": "v2_combustion", "bday": 1348146, "invlet": 103, "item_tags": [ "VEHICLE" ] },
      "mount_dx": -1,
      "mount_dy": 0,
      "open": false,
      "direction": 0,
      "blood": 0,
      "enabled": true,
      "flags": 0,
      "passenger_id": 0,
      "crew_id": -1,
      "items": [  ],
      "ammo_pref": "null"
    },
    {
      "id": "engine_vtwin",
      "base": { "typeid": "v2_combustion", "bday": 1348146, "invlet": 103, "item_tags": [ "VEHICLE" ] },
      "mount_dx": -1,
      "mount_dy": 1,
      "open": false,
      "direction": 0,
      "blood": 0,
      "enabled": true,
      "flags": 0,
      "passenger_id": 0,
      "crew_id": -1,
      "items": [  ],
      "ammo_pref": "null"
    },
    {
      "id": "reclining_seat",
      "base": { "typeid": "seat", "bday": 1315690, "item_tags": [ "VEHICLE" ] },
      "mount_dx": 0,
      "mount_dy": 0,
      "open": false,
      "direction": 0,
      "blood": 0,
      "enabled": false,
      "flags": 0,
      "passenger_id": 1,
      "crew_id": -1,
      "items": [ { "typeid": "battery_car", "bday": 1371895, "invlet": 104 } ],
      "ammo_pref": "null"
    },
    {
      "id": "reclining_seat",
      "base": { "typeid": "seat", "bday": 1349652, "invlet": 103, "item_tags": [ "VEHICLE" ] },
      "mount_dx": 0,
      "mount_dy": 1,
      "open": false,
      "direction": 0,
      "blood": 0,
      "enabled": false,
      "flags": 0,
      "passenger_id": 0,
      "crew_id": -1,
      "items": [  ],
      "ammo_pref": "null"
    },
    {
      "id": "frame_cross",
      "base": { "typeid": "frame", "bday": 1315690, "item_tags": [ "VEHICLE" ] },
      "mount_dx": -2,
      "mount_dy": 0,
      "open": false,
      "direction": 0,
      "blood": 0,
      "enabled": false,
      "flags": 0,
      "passenger_id": 0,
      "crew_id": -1,
      "items": [  ],
      "ammo_pref": "null"
    },
    {
      "id": "frame_cross",
      "base": { "typeid": "frame", "bday": 1315690, "item_tags": [ "VEHICLE" ] },
      "mount_dx": -1,
      "mount_dy": 2,
      "open": false,
      "direction": 0,
      "blood": 0,
      "enabled": false,
      "flags": 0,
      "passenger_id": 0,
      "crew_id": -1,
      "items": [  ],
      "ammo_pref": "null"
    },
    {
      "id": "frame_cross",
      "base": { "typeid": "frame", "bday": 1315690, "item_tags": [ "VEHICLE" ] },
      "mount_dx": -2,
      "mount_dy": 1,
      "open": false,
      "direction": 0,
      "blood": 0,
      "enabled": false,
      "flags": 0,
      "passenger_id": 0,
      "crew_id": -1,
      "items": [  ],
      "ammo_pref": "null"
    },
    {
      "id": "frame_cross",
      "base": { "typeid": "frame", "bday": 1315690, "item_tags": [ "VEHICLE" ] },
      "mount_dx": -1,
      "mount_dy": -1,
      "open": false,
      "direction": 0,
      "blood": 0,
      "enabled": false,
      "flags": 0,
      "passenger_id": 0,
      "crew_id": -1,
      "items": [  ],
      "ammo_pref": "null"
    },
    {
      "id": "tank",
      "base": {
        "typeid": "metal_tank",
        "bday": 1315690,
        "item_tags": [ "VEHICLE" ],
        "contents": [
          {
            "typeid": "gasoline",
            "charges": 59508,
            "bday": 1316262,
            "rot": 37286,
            "last_rot_check": 1360523,
            "item_tags": [ "WARM" ]
          }
        ]
      },
      "mount_dx": -1,
      "mount_dy": 0,
      "open": false,
      "direction": 0,
      "blood": 0,
      "enabled": false,
      "flags": 0,
      "passenger_id": 0,
      "crew_id": -1,
      "items": [  ],
      "ammo_pref": "null"
    },
    {
      "id": "frame_cross",
      "base": { "typeid": "frame", "bday": 1315690, "item_tags": [ "VEHICLE" ] },
      "mount_dx": -3,
      "mount_dy": 0,
      "open": false,
      "direction": 0,
      "blood": 0,
      "enabled": false,
      "flags": 0,
      "passenger_id": 0,
      "crew_id": -1,
      "items": [  ],
      "ammo_pref": "null"
    },
    {
      "id": "frame_cross",
      "base": { "typeid": "frame", "bday": 1315690, "item_tags": [ "VEHICLE" ] },
      "mount_dx": -3,
      "mount_dy": 1,
      "open": false,
      "direction": 0,
      "blood": 0,
      "enabled": false,
      "flags": 0,
      "passenger_id": 0,
      "crew_id": -1,
      "items": [  ],
      "ammo_pref": "null"
    },
    {
      "id": "frame_cross",
      "base": { "typeid": "frame", "bday": 1315690, "item_tags": [ "VEHICLE" ] },
      "mount_dx": -4,
      "mount_dy": 1,
      "open": false,
      "direction": 0,
      "blood": 0,
      "enabled": false,
      "flags": 0,
      "passenger_id": 0,
      "crew_id": -1,
      "items": [  ],
      "ammo_pref": "null"
    },
    {
      "id": "frame_cross",
      "base": { "typeid": "frame", "bday": 1315690, "item_tags": [ "VEHICLE" ] },
      "mount_dx": -4,
      "mount_dy": 0,
      "open": false,
      "direction": 0,
      "blood": 0,
      "enabled": false,
      "flags": 0,
      "passenger_id": 0,
      "crew_id": -1,
      "items": [  ],
      "ammo_pref": "null"
    },
    {
      "id": "wheel",
      "base": { "typeid": "wheel", "bday": 1315690, "item_tags": [ "VEHICLE" ] },
      "mount_dx": -2,
      "mount_dy": 0,
      "open": false,
      "direction": 0,
      "blood": 0,
      "enabled": false,
      "flags": 0,
      "passenger_id": 0,
      "crew_id": -1,
      "items": [  ],
      "ammo_pref": "null"
    },
    {
      "id": "wheel",
      "base": { "typeid": "wheel", "bday": 1315690, "item_tags": [ "VEHICLE" ] },
      "mount_dx": -3,
      "mount_dy": 0,
      "open": false,
      "direction": 0,
      "blood": 0,
      "enabled": false,
      "flags": 0,
      "passenger_id": 0,
      "crew_id": -1,
      "items": [  ],
      "ammo_pref": "null"
    },
    {
      "id": "wheel",
      "base": { "typeid": "wheel", "bday": 1364684, "invlet": 115, "item_tags": [ "VEHICLE" ] },
      "mount_dx": -4,
      "mount_dy": 0,
      "open": false,
      "direction": 0,
      "blood": 0,
      "enabled": false,
      "flags": 0,
      "passenger_id": 0,
      "crew_id": -1,
      "items": [  ],
      "ammo_pref": "null"
    },
    {
      "id": "wheel",
      "base": { "typeid": "wheel", "bday": 1364684, "invlet": 115, "item_tags": [ "VEHICLE" ] },
      "mount_dx": -4,
      "mount_dy": 1,
      "open": false,
      "direction": 0,
      "blood": 0,
      "enabled": false,
      "flags": 0,
      "passenger_id": 0,
      "crew_id": -1,
      "items": [  ],
      "ammo_pref": "null"
    },
    {
      "id": "wheel",
      "base": { "typeid": "wheel", "bday": 1364684, "invlet": 115, "item_tags": [ "VEHICLE" ] },
      "mount_dx": -3,
      "mount_dy": 1,
      "open": false,
      "direction": 0,
      "blood": 0,
      "enabled": false,
      "flags": 0,
      "passenger_id": 0,
      "crew_id": -1,
      "items": [  ],
      "ammo_pref": "null"
    },
    {
      "id": "wheel",
      "base": { "typeid": "wheel", "bday": 1364684, "invlet": 115, "item_tags": [ "VEHICLE" ] },
      "mount_dx": -2,
      "mount_dy": 1,
      "open": false,
      "direction": 0,
      "blood": 0,
      "enabled": false,
      "flags": 0,
      "passenger_id": 0,
      "crew_id": -1,
      "items": [  ],
      "ammo_pref": "null"
    },
    {
      "id": "reclining_seat",
      "base": { "typeid": "seat", "bday": 1349652, "invlet": 103, "item_tags": [ "VEHICLE" ] },
      "mount_dx": -1,
      "mount_dy": 0,
      "open": false,
      "direction": 0,
      "blood": 0,
      "enabled": false,
      "flags": 0,
      "passenger_id": 1,
      "crew_id": -1,
      "items": [  ],
      "ammo_pref": "null"
    },
    {
      "id": "reclining_seat",
      "base": { "typeid": "seat", "bday": 1349652, "invlet": 103, "item_tags": [ "VEHICLE" ] },
      "mount_dx": -1,
      "mount_dy": 1,
      "open": false,
      "direction": 0,
      "blood": 0,
      "enabled": false,
      "flags": 0,
      "passenger_id": 0,
      "crew_id": -1,
      "items": [  ],
      "ammo_pref": "null"
    },
    {
      "id": "reclining_seat",
      "base": { "typeid": "seat", "bday": 1349652, "invlet": 103, "item_tags": [ "VEHICLE" ] },
      "mount_dx": -2,
      "mount_dy": 1,
      "open": false,
      "direction": 0,
      "blood": 0,
      "enabled": false,
      "flags": 0,
      "passenger_id": 1,
      "crew_id": -1,
      "items": [  ],
      "ammo_pref": "null"
    },
    {
      "id": "reclining_seat",
      "base": { "typeid": "seat", "bday": 1349652, "invlet": 103, "item_tags": [ "VEHICLE" ] },
      "mount_dx": -2,
      "mount_dy": 0,
      "open": false,
      "direction": 0,
      "blood": 0,
      "enabled": false,
      "flags": 0,
      "passenger_id": 0,
      "crew_id": -1,
      "items": [  ],
      "ammo_pref": "null"
    },
    {
      "id": "reclining_seat",
      "base": { "typeid": "seat", "bday": 1349652, "invlet": 103, "item_tags": [ "VEHICLE" ] },
      "mount_dx": -3,
      "mount_dy": 0,
      "open": false,
      "direction": 0,
      "blood": 0,
      "enabled": false,
      "flags": 0,
      "passenger_id": 0,
      "crew_id": -1,
      "items": [  ],
      "ammo_pref": "null"
    },
    {
      "id": "controls",
      "base": { "typeid": "vehicle_controls", "bday": 1371606, "invlet": 104, "item_tags": [ "VEHICLE" ] },
      "mount_dx": 0,
      "mount_dy": 0,
      "open": false,
      "direction": 0,
      "blood": 0,
      "enabled": false,
      "flags": 0,
      "passenger_id": 0,
      "crew_id": -1,
      "items": [  ],
      "ammo_pref": "null"
    },
    {
      "id": "battery_car",
      "base": {
        "typeid": "battery_car",
        "bday": 1371895,
        "invlet": 104,
        "item_tags": [ "VEHICLE" ],
        "contents": [ { "typeid": "battery", "charges": 2500, "bday": 1381099, "item_tags": [ "IRREMOVABLE", "NO_DROP" ] } ]
      },
      "mount_dx": -1,
      "mount_dy": 1,
      "open": false,
      "direction": 0,
      "blood": 0,
      "enabled": false,
      "flags": 0,
      "passenger_id": 0,
      "crew_id": -1,
      "items": [  ],
      "ammo_pref": "null"
    },
    {
      "id": "alternator_truck",
      "base": { "typeid": "alternator_truck", "bday": 1371994, "invlet": 103, "item_tags": [ "VEHICLE" ] },
      "mount_dx": -1,
      "mount_dy": 0,
      "open": false,
      "direction": 0,
      "blood": 0,
      "enabled": false,
      "flags": 0,
      "passenger_id": 0,
      "crew_id": -1,
      "items": [  ],
      "ammo_pref": "null"
    },
    {
      "id": "alternator_truck",
      "base": { "typeid": "alternator_truck", "bday": 1371994, "invlet": 103, "item_tags": [ "VEHICLE" ] },
      "mount_dx": -1,
      "mount_dy": 1,
      "open": false,
      "direction": 0,
      "blood": 0,
      "enabled": false,
      "flags": 0,
      "passenger_id": 0,
      "crew_id": -1,
      "items": [  ],
      "ammo_pref": "null"
    },
    {
      "id": "solar_panel",
      "base": { "typeid": "solar_panel", "bday": 1372585, "invlet": 108, "item_tags": [ "VEHICLE" ] },
      "mount_dx": -3,
      "mount_dy": 1,
      "open": false,
      "direction": 0,
      "blood": 0,
      "enabled": false,
      "flags": 0,
      "passenger_id": 0,
      "crew_id": -1,
      "items": [  ],
      "ammo_pref": "null"
    },
    {
      "id": "frame_cross",
      "base": { "typeid": "frame", "bday": 1315690, "item_tags": [ "VEHICLE" ] },
      "mount_dx": -2,
      "mount_dy": -1,
      "open": false,
      "direction": 0,
      "blood": 0,
      "enabled": false,
      "flags": 0,
      "passenger_id": 0,
      "crew_id": -1,
      "items": [  ],
      "ammo_pref": "null"
    },
    {
      "id": "frame_cross",
      "base": { "typeid": "frame", "bday": 1315690, "item_tags": [ "VEHICLE" ] },
      "mount_dx": -2,
      "mount_dy": 2,
      "open": false,
      "direction": 0,
      "blood": 0,
      "enabled": false,
      "flags": 0,
      "passenger_id": 0,
      "crew_id": -1,
      "items": [  ],
      "ammo_pref": "null"
    }
  ],
  "tags": [
    
  ],
  "labels": [
    
  ],
  "is_locked": false,
  "is_alarm_on": false,
  "camera_on": false,
  "last_update_turn": 1381659,
  "pivot": [
    -3,
    0
  ]
}
