[
  {
    "id" : "NC_BS_SOLDIER",
    "type" : "npc_class",
    "name" : "Soldier",
    "job_description" : "I was abandoned...",
    "common" : false,
    "bonus_str" : { "rng" : [ 1, 3 ] },
    "bonus_dex" : { "rng" : [ 1, 3 ] },
    "bonus_per" : { "rng" : [ 1, 3 ] },
    "skills" : [
       {"skill" : "dodge"   , "level" : {"sum" : [{"constant": 3},{"rng": [ 1, 3]}]}}
      ,{"skill" : "melee"   , "level" : {"sum" : [{"constant": 3},{"rng": [ 1, 3]}]}}
      ,{"skill" : "unarmed" , "level" : {"sum" : [{"constant": 3},{"rng": [ 1, 3]}]}}
      ,{"skill" : "survival", "level" : {"sum" : [{"constant": 5},{"rng": [ 1, 3]}]}}
      ,{"skill" : "gun"     , "level" : {"sum" : [{"constant": 5},{"rng": [ 1, 3]}]}}
      ,{"skill" : "pistol"  , "level" : {"sum" : [{"constant": 3},{"rng": [ 1, 5]}]}}
      ,{"skill" : "rifle"   , "level" : {"sum" : [{"constant": 3},{"rng": [ 1, 5]}]}}
      ,{"skill" : "shotgun" , "level" : {"sum" : [{"constant": 3},{"rng": [ 1, 5]}]}}
      ,{"skill" : "smg"     , "level" : {"sum" : [{"constant": 3},{"rng": [ 1, 5]}]}}
    ],
    "//": "[carry_override]/[worn_override] these implementation is fucking yet.",
    "//": "[weapon_override] can't to be selected weapons that match the skill. fuck!"

  },{
    "id" : "bs_npc_soldier",
    "type" : "npc",
    "name+" : ", SOLDIER",
    "class" : "NC_BS_SOLDIER",
    "attitude" : 1, "//" : "NPCATT_TALK",
    "mission" : 7, "//" : "NPC_MISSION_GUARD",
    "chat" : "TALK_STRANGER_NEUTRAL",
    "mission_offered" : "MISSION_GET_FLAG",
    "faction" : "bs_lone_survivors"

  },{
    "type" : "item_group",
    "id" : "NC_BS_SOLDIER_misc",
    "items":[
      {"group" : "NC_DOCTOR_misc" , "prob": 50},
      {"group" : "NC_SOLDIER_misc", "prob": 50}
    ]
  }

  ,{"type" : "item_group", "id" : "NC_BS_SOLDIER_shirt_male"  , "items" :[{"group" : "NC_SOLDIER_shirt_male"  , "prob": 100}]}
  ,{"type" : "item_group", "id" : "NC_BS_SOLDIER_shirt_female", "items" :[{"group" : "NC_SOLDIER_shirt_female", "prob": 100}]}
  ,{"type" : "item_group", "id" : "NC_BS_SOLDIER_pants_male"  , "items" :[{"group" : "NC_SOLDIER_pants_male"  , "prob": 100}]}
  ,{"type" : "item_group", "id" : "NC_BS_SOLDIER_pants_female", "items" :[{"group" : "NC_SOLDIER_pants_female", "prob": 100}]}
  ,{"type" : "item_group", "id" : "NC_BS_SOLDIER_shoes"       , "items" :[{"group" : "NC_SOLDIER_shoes"       , "prob": 100}]}
  ,{"type" : "item_group", "id" : "NC_BS_SOLDIER_coat"        , "items" :[{"group" : "NC_SOLDIER_coat"        , "prob": 100}]}
  ,{"type" : "item_group", "id" : "NC_BS_SOLDIER_gloves"      , "items" :[{"group" : "NC_SOLDIER_gloves"      , "prob": 100}]}
  ,{"type" : "item_group", "id" : "NC_BS_SOLDIER_masks"       , "items" :[{"group" : "NC_SOLDIER_masks"       , "prob": 100}]}
  ,{"type" : "item_group", "id" : "NC_BS_SOLDIER_extra"       , "items" :[{"group" : "NC_SOLDIER_extra"       , "prob": 100}]}
  ,{"type" : "item_group", "id" : "NC_BS_SOLDIER_eyes"        , "items" :[{"group" : "NC_SOLDIER_eyes"        , "prob": 100}]}
  ,{"type" : "item_group", "id" : "NC_BS_SOLDIER_hat"         , "items" :[{"group" : "NC_SOLDIER_hat"         , "prob": 100}]}
  ,{"type" : "item_group", "id" : "NC_BS_SOLDIER_pistol"      , "items" :[{"group" : "NC_SOLDIER_pistols"     , "prob": 100}]}
  ,{"type" : "item_group", "id" : "NC_BS_SOLDIER_smg"         , "items" :[{"group" : "NC_SOLDIER_smg"         , "prob": 100}]}
  ,{"type" : "item_group", "id" : "NC_BS_SOLDIER_rifle"       , "items" :[{"group" : "NC_SOLDIER_rifle"       , "prob": 100}]}
  ,{"type" : "item_group", "id" : "NC_BS_SOLDIER_shotgun"     , "items" :[{"item"  : "m1014"                  , "prob": 100}]}

]