[
  {
    "id" : "NC_BS_NERD",
    "type" : "npc_class",
    "name" : "Nerd",
    "job_description" : "He's the Angry Nintendo Nerd",
    "common" : false,
    "skills" : [
      {"skill" : "computer", "level" : {"sum" : [{"constant": 9},{"rng": [ 1, 6]}]}}
    ],
    "//": "[carry_override]/[worn_override] these implementation is fucking yet.",
    "//": "[weapon_override] can't to be selected weapons that match the skill. fuck!"

  },{
    "id" : "bs_npc_nerd",
    "type" : "npc",
    "name+" : ", NERD",
    "class" : "NC_BS_NERD",
    "attitude" : 1, "//" : "NPCATT_TALK",
    "mission" : 7, "//" : "NPC_MISSION_GUARD",
    "chat" : "TALK_STRANGER_NEUTRAL",
    "mission_offered" : "MISSION_GET_SOFTWARE",
    "faction" : "bs_lone_survivors"

  },{
    "type" : "item_group",
    "id" : "NC_BS_NERD_misc",
    "items":[
      {"group" : "npc_hacker"      , "prob": 50},
      {"group" : "NC_HACKER_misc"  , "prob": 50}
    ]
  }

  ,{"type" : "item_group", "id" : "NC_BS_NERD_pants_male"  , "items" :[{"item" : "jeans"              , "prob": 100}]}
  ,{"type" : "item_group", "id" : "NC_BS_NERD_pants_female", "items" :[{"item" : "jeans"              , "prob": 100}]}
  ,{"type" : "item_group", "id" : "NC_BS_NERD_shirt_male"  , "items" :[{"item" : "linuxtshirt"        , "prob": 100}]}
  ,{"type" : "item_group", "id" : "NC_BS_NERD_shirt_female", "items" :[{"item" : "linuxtshirt"        , "prob": 100}]}
  ,{"type" : "item_group", "id" : "NC_BS_NERD_shoes"       , "items" :[{"item" : "sneakers"           , "prob": 100}]}
  ,{"type" : "item_group", "id" : "NC_BS_NERD_extra"       , "items" :[{"item" : "runner_bag"         , "prob":  50}]}
  ,{"type" : "item_group", "id" : "NC_BS_NERD_hat"         , "items" :[{"item" : "panties_on"         , "prob":  50}]}
]
