[
  {
    "id" : "NC_BS_DRIVER",
    "type" : "npc_class",
    "name" : "Driver",
    "job_description" : "I found the first star!",
    "common" : false,
    "bonus_str" : { "rng" : [ 1, 2 ] },
    "skills" : [
       {"skill" : "driving" , "level" : {"sum" : [{"constant":10},{"rng": [ 1, 5]}]}}
      ,{"skill" : "melee"   , "level" : {"sum" : [{"constant": 5},{"rng": [ 1, 3]}]}}
    ],
    "//": "[carry_override]/[worn_override] these implementation is fucking yet.",
    "//": "[weapon_override] can't to be selected weapons that match the skill. fuck!"
  },{
    "id" : "bs_npc_driver",
    "type" : "npc",
    "name+" : "Jonathan 'Seagull' Livingston , DRIVER",
    "gender" : "male",
    "class" : "NC_BS_DRIVER",
    "attitude" : 1, "//" : "NPCATT_TALK",
    "mission" : 7, "//" : "NPC_MISSION_GUARD",
    "chat" : "TALK_STRANGER_NEUTRAL",
    "mission_offered" : "MISSION_RESCUE_DOG",
    "faction" : "bs_lone_survivors"

  },{
    "type" : "item_group",
    "id" : "NC_BS_DRIVER_misc",
    "items":[
       {"group" : "NC_BARTENDER_misc", "prob": 100}
    ]
  }

  ,{"type" : "item_group", "id" : "NC_BS_DRIVER_pants_male", "items" :[{"group" : "NC_COWBOY_pants_male", "prob": 100}]}
  ,{"type" : "item_group", "id" : "NC_BS_DRIVER_shirt_male", "items" :[{"group" : "NC_COWBOY_shirt_male", "prob": 100}]}
  ,{"type" : "item_group", "id" : "NC_BS_DRIVER_coat"      , "items" :[{"group" : "NC_COWBOY_coat"      , "prob": 100}]}
  ,{"type" : "item_group", "id" : "NC_BS_DRIVER_shoes"     , "items" :[{"group" : "NC_COWBOY_shoes"     , "prob": 100}]}
  ,{"type" : "item_group", "id" : "NC_BS_DRIVER_hat"       , "items" :[{"group" : "NC_COWBOY_hat"       , "prob": 100}]}
  ,{"type" : "item_group", "id" : "NC_BS_DRIVER_extra"     , "items" :[{"group" : "NC_COWBOY_extra"     , "prob": 100}]}
]
