[
  {
    "id" : "NC_BS_BARTENDER",
    "type" : "npc_class",
    "name" : "Bartender",
    "job_description" : "Cigarettes & Alcohol. Ah.",
    "common" : false,
    "bonus_per" : { "rng" : [ 3, 5 ] },
    "skills" : [
       {"skill" : "speech"  , "level" : {"sum" : [{"constant":10},{"rng": [ 1, 5]}]}}
      ,{"skill" : "launcher", "level" : {"sum" : [{"constant": 5},{"rng": [ 1, 3]}]}}
    ],
    "//": "[carry_override]/[worn_override] these implementation is fucking yet.",
    "//": "[weapon_override] can't to be selected weapons that match the skill. fuck!"
  },{
    "id" : "bs_npc_bartender",
    "type" : "npc",
    "name+" : ", BARTENDER",
    "class" : "NC_BS_BARTENDER",
    "attitude" : 1, "//" : "NPCATT_TALK",
    "mission" : 7, "//" : "NPC_MISSION_GUARD",
    "chat" : "TALK_STRANGER_NEUTRAL",
    "mission_offered" : "MISSION_RESCUE_DOG",
    "faction" : "bs_lone_survivors"

  },{
    "type" : "item_group",
    "id" : "NC_BS_BARTENDER_misc",
    "items":[
       {"group" : "NC_BARTENDER_misc", "prob": 100}
    ]
  }

  ,{"type" : "item_group", "id" : "NC_BS_BARTENDER_pants_male"  , "items" :[{"item" : "briefs"     , "prob": 100}]}
  ,{"type" : "item_group", "id" : "NC_BS_BARTENDER_pants_female", "items" :[{"item" : "panties"    , "prob": 100}]}
  ,{"type" : "item_group", "id" : "NC_BS_BARTENDER_shirt_male"  , "items" :[{"item" : "dress_shirt", "prob": 100}]}
  ,{"type" : "item_group", "id" : "NC_BS_BARTENDER_shirt_female", "items" :[{"item" : "dress_shirt", "prob": 100}]}
  ,{"type" : "item_group", "id" : "NC_BS_BARTENDER_coat"        , "items" :[{"item" : "suit"       , "prob": 100}]}
  ,{"type" : "item_group", "id" : "NC_BS_BARTENDER_shoes"       , "items" :[{"item" : "dress_shoes", "prob": 100}]}
  ,{"type" : "item_group", "id" : "NC_BS_BARTENDER_extra"       , "items" :[{"item" : "vest"       , "prob": 100}]}
]
