[
  {
    "id" : "NC_BS_MECHANIC",
    "type" : "npc_class",
    "name" : "Car Mechanic",
    "job_description" : "He wore a yellow hat.",
    "common" : false,
    "bonus_str" : { "rng" : [ 1, 2 ] },
    "bonus_dex" : { "rng" : [ 1, 2 ] },
    "skills" : [
       {"skill" : "mechanics"   , "level" : {"sum" : [{"constant": 9},{"rng": [ 1,11]}]}}
      ,{"skill" : "driving"     , "bonus" : {"rng" : [ 1, 3]}}
      ,{"skill" : "electronics" , "bonus" : {"rng" : [ 1, 3]}}
      ,{"skill" : "fabrication" , "bonus" : {"rng" : [ 1, 3]}}
      ,{"skill" : "gun"         , "bonus" : {"rng" : [ 1, 2]}}
      ,{"skill" : "shotgun"     , "bonus" : {"rng" : [ 1, 2]}}
      ,{"skill" : "pistol"      , "bonus" : {"rng" : [ 1, 2]}}
    ],
    "//": "[carry_override]/[worn_override] these implementation is fucking yet.",
    "//": "[weapon_override] can't to be selected weapons that match the skill. fuck!"

  },{
    "id" : "bs_npc_car_mechanic",
    "type" : "npc",
    "name+" : ", CAR MECHANIC",
    "class" : "NC_BS_MECHANIC",
    "attitude" : 1, "//" : "NPCATT_TALK",
    "mission" : 7, "//" : "NPC_MISSION_GUARD",
    "chat" : "TALK_STRANGER_NEUTRAL",
    "mission_offered" : "MISSION_GET_FLAG",
    "faction" : "bs_lone_survivors"

  },{
    "type" : "item_group",
    "id" : "NC_BS_MECHANIC_misc",
    "items":[
      {"item"  : "toolbox"              , "prob": 10},
      {"item"  : "wrench"               , "prob": 50},
      {"item"  : "screwdriver_set"      , "prob": 50},
      {"group" : "NC_EVAC_SHOPKEEP_misc", "prob": 50}
    ]
  }

  ,{"type" : "item_group", "id" : "NC_BS_MECHANIC_pants_male"  , "items" :[{"item" : "pants_cargo"        , "prob": 100}]}
  ,{"type" : "item_group", "id" : "NC_BS_MECHANIC_pants_female", "items" :[{"item" : "pants_cargo"        , "prob": 100}]}
  ,{"type" : "item_group", "id" : "NC_BS_MECHANIC_shoes"       , "items" :[{"item" : "boots_steel"        , "prob": 100}]}
  ,{"type" : "item_group", "id" : "NC_BS_MECHANIC_gloves"      , "items" :[{"item" : "gloves_work"        , "prob": 100}]}
  ,{"type" : "item_group", "id" : "NC_BS_MECHANIC_masks"       , "items" :[{"item" : "bandana"            , "prob":  50}]}
  ,{"type" : "item_group", "id" : "NC_BS_MECHANIC_extra"       , "items" :[{"item" : "rucksack"           , "prob":  90}]}
  ,{"type" : "item_group", "id" : "NC_BS_MECHANIC_eyes"        , "items" :[{"item" : "goggles_welding"    , "prob": 100}]}
  ,{"type" : "item_group", "id" : "NC_BS_MECHANIC_hat"         , "items" :[{"item" : "hat_hard"           , "prob":  50}]}
  ,{"type" : "item_group", "id" : "NC_BS_MECHANIC_bashing"     , "items" :[{"item" : "hammer"             , "prob": 100}]}
  ,{"type" : "item_group", "id" : "NC_BS_MECHANIC_pistol"      , "items" :[{"group": "guns_pistol_common" , "prob": 100}]}
  ,{"type" : "item_group", "id" : "NC_BS_MECHANIC_smg"         , "items" :[{"group": "guns_smg_common"    , "prob": 100}]}
  ,{"type" : "item_group", "id" : "NC_BS_MECHANIC_rifle"       , "items" :[{"group": "guns_rifle_common"  , "prob": 100}]}
  ,{"type" : "item_group", "id" : "NC_BS_MECHANIC_shotgun"     , "items" :[{"group": "guns_shotgun_common", "prob": 100}]}
]
