[
  {
    "type" : "snippet",
    "category" : "bs_lowyers_office",
    "text": "　　　　～守りたい、あなたの人権～\n殺人、強姦、強盗、偽札造り、全てが無罪に！\n当法律事務所におまかせください\nお値段 $1,000,000より"
  },

  {
    "type" : "snippet",
    "category" : "bs_gunshop_ad",
    "text": "　　～頼れる男のガンショップ～\n・銃器/弾薬の販売\n・銃器のメンテナンス\n・技術指導\n国家資格を持つ当店にお任せください！\n※各種クレジットカード利用できます"
  },

  {
    "type" : "snippet",
    "category" : "bs_bar_ad",
    "text": " \nビール、冷えてます\n "
  },

  {
    "type" : "snippet",
    "category" : "bs_bar_ad",
    "text": " \n　　バー「ブルー・オイスター」\n \n(店内は怪しげな熱気に包まれています)"
  },

  {
    "type" : "snippet",
    "category" : "bs_bar_ad",
    "text": " \nバー「出会いと別れの店」\n "
  }
]
