[
  {
    "id": "bs_vehicle_beer_server",
    "type": "vehicle",
    "name": "ビアサーバー",
    "blueprint": [ "o" ],
    "parts": [
       {"x": 0, "y": 0, "part": "xlframe_vertical_2"}
      ,{"x": 0, "y": 0, "part": "wheel_caster"}
      ,{"x": 0, "y": 0, "part": "tank_small", "fuel": "beer"}
      ,{"x": 0, "y": 0, "part": "water_faucet"}
      ,{"x": 0, "y": 0, "part": "basketsm"}
    ],
    "items": [
       {"x": 0, "y": 0, "chance": 50, "items": ["towel"]}
      ,{"x": 0, "y": 0, "chance": 50, "items": ["towel"]}
      ,{"x": 0, "y": 0, "chance": 80, "items": ["jar_glass"]}
      ,{"x": 0, "y": 0, "chance": 80, "items": ["jar_glass"]}
      ,{"x": 0, "y": 0, "chance": 80, "items": ["jar_glass"]}
      ,{"x": 0, "y": 0, "chance": 80, "items": ["jar_glass"]}
      ,{"x": 0, "y": 0, "chance": 80, "items": ["jar_glass"]}
      ,{"x": 0, "y": 0, "chance": 80, "items": ["jar_glass"]}
      ,{"x": 0, "y": 0, "chance": 80, "items": ["jar_glass"]}
      ,{"x": 0, "y": 0, "chance": 80, "items": ["jar_glass"]}
    ]
  },

  {
    "id": "tank_trailer",
    "type": "vehicle",
    "name": "タンクローリー",
    "blueprint": [
       [ " 432109876543210123  " ]
      ,[ "                o   2" ]
      ,[ " --OO----OO ---+-O- 1" ]
      ,[ " |#########=|#|@'|H 0" ]
      ,[ " |#DDDDDDD#-|o|o'|> 1" ]
      ,[ " |#GGGGGGG#-|o+o'|> 2" ]
      ,[ " |#########=|#|#'|H 3" ]
      ,[ " --OO----OO ---+-O- 4" ]
      ,[ "                o   5" ]
    ],
    "parts": [
       {"x": -2, "y":  2, "part": "hdframe_vertical_2"}
      ,{"x": -2, "y":  2, "part": "box"}
      ,{"x": -2, "y":  2, "part": "roof"}
      ,{"x": -2, "y":  3, "part": "hdframe_vertical_2"}
      ,{"x": -2, "y":  3, "part": "bed"}
      ,{"x": -2, "y":  3, "part": "roof"}
      ,{"x": -2, "y":  1, "part": "hdframe_vertical_2"}
      ,{"x": -2, "y":  1, "part": "box"}
      ,{"x": -2, "y":  1, "part": "roof"}
      ,{"x": -2, "y":  4, "part": "hdframe_vertical"}
      ,{"x": -2, "y":  4, "part": "board_vertical"}
      ,{"x": -2, "y":  4, "part": "tank", "fuel": "diesel"}
      ,{"x": -2, "y":  0, "part": "hdframe_vertical_2"}
      ,{"x": -2, "y":  0, "part": "bed"}
      ,{"x": -2, "y":  0, "part": "roof"}
      ,{"x": -2, "y": -1, "part": "hdframe_vertical"}
      ,{"x": -2, "y": -1, "part": "board_vertical"}
      ,{"x": -2, "y": -1, "part": "tank", "fuel": "diesel"}
      ,{"x": -1, "y":  2, "part": "hdframe_horizontal"}
      ,{"x": -1, "y":  2, "part": "door_internal"}
      ,{"x": -1, "y":  1, "part": "hdframe_horizontal"}
      ,{"x": -1, "y":  1, "part": "board_horizontal"}
      ,{"x": -1, "y":  3, "part": "hdframe_horizontal"}
      ,{"x": -1, "y":  3, "part": "board_horizontal"}
      ,{"x": -1, "y":  0, "part": "hdframe_horizontal"}
      ,{"x": -1, "y":  0, "part": "board_horizontal"}
      ,{"x": -1, "y":  4, "part": "hdframe_vertical"}
      ,{"x": -1, "y":  4, "part": "board_vertical"}
      ,{"x": -1, "y":  4, "part": "tank", "fuel": "diesel"}
      ,{"x": -1, "y": -1, "part": "hdframe_vertical"}
      ,{"x": -1, "y": -1, "part": "board_vertical"}
      ,{"x": -1, "y": -1, "part": "tank", "fuel": "diesel"}
      ,{"x": -3, "y":  2, "part": "hdframe_horizontal"}
      ,{"x": -3, "y":  2, "part": "board_horizontal"}
      ,{"x": -3, "y":  2, "part": "beeper"}
      ,{"x": -3, "y":  3, "part": "hdframe_horizontal"}
      ,{"x": -3, "y":  3, "part": "board_horizontal"}
      ,{"x": -3, "y":  1, "part": "hdframe_horizontal"}
      ,{"x": -3, "y":  1, "part": "board_horizontal"}
      ,{"x": -3, "y":  0, "part": "hdframe_horizontal"}
      ,{"x": -3, "y":  0, "part": "board_horizontal"}
      ,{"x": -3, "y":  4, "part": "hdframe_se"}
      ,{"x": -3, "y":  4, "part": "board_se"}
      ,{"x": -3, "y": -1, "part": "hdframe_sw"}
      ,{"x": -3, "y": -1, "part": "board_sw"}
      ,{"x":  0, "y":  1, "part": "hdframe_horizontal"}
      ,{"x":  0, "y":  1, "part": "box"}
      ,{"x":  0, "y":  1, "part": "roof"}
      ,{"x":  0, "y":  3, "part": "hdframe_vertical_2"}
      ,{"x":  0, "y":  3, "part": "seat"}
      ,{"x":  0, "y":  3, "part": "seatbelt"}
      ,{"x":  0, "y":  3, "part": "roof"}
      ,{"x":  0, "y":  0, "part": "hdframe_vertical_2"}
      ,{"x":  0, "y":  0, "part": "seat"}
      ,{"x":  0, "y":  0, "part": "seatbelt"}
      ,{"x":  0, "y":  0, "part": "roof"}
      ,{"x":  0, "y":  0, "part": "controls"}
      ,{"x":  0, "y":  0, "part": "vehicle_alarm"}
      ,{"x":  0, "y":  0, "part": "horn_big"}
      ,{"x":  0, "y":  2, "part": "hdframe_horizontal"}
      ,{"x":  0, "y":  2, "part": "box"}
      ,{"x":  0, "y":  2, "part": "roof"}
      ,{"x":  0, "y":  4, "part": "hdframe_vertical"}
      ,{"x":  0, "y":  4, "part": "door"}
      ,{"x":  0, "y": -1, "part": "hdframe_vertical"}
      ,{"x":  0, "y": -1, "part": "door"}
      ,{"x": -4, "y":  2, "part": "hdframe_vertical"}
      ,{"x": -4, "y":  1, "part": "hdframe_vertical"}
      ,{"x": -4, "y":  3, "part": "hdframe_vertical_2"}
      ,{"x": -4, "y":  3, "part": "trunk"}
      ,{"x": -4, "y":  0, "part": "hdframe_vertical_2"}
      ,{"x": -4, "y":  0, "part": "trunk"}
      ,{"x":  1, "y":  2, "part": "hdframe_horizontal"}
      ,{"x":  1, "y":  2, "part": "windshield"}
      ,{"x":  1, "y":  1, "part": "hdframe_horizontal"}
      ,{"x":  1, "y":  1, "part": "windshield"}
      ,{"x":  1, "y":  3, "part": "hdframe_horizontal"}
      ,{"x":  1, "y":  3, "part": "windshield"}
      ,{"x":  1, "y":  0, "part": "hdframe_horizontal"}
      ,{"x":  1, "y":  0, "part": "windshield"}
      ,{"x":  1, "y":  4, "part": "hdframe_vertical"}
      ,{"x":  1, "y":  4, "part": "windshield"}
      ,{"x":  1, "y":  5, "part": "wing_mirror"}
      ,{"x":  1, "y": -1, "part": "hdframe_vertical"}
      ,{"x":  1, "y": -1, "part": "windshield"}
      ,{"x":  1, "y": -2, "part": "wing_mirror"}
      ,{"x":  2, "y":  2, "part": "hdframe_vertical_2"}
      ,{"x":  2, "y":  2, "part": "halfboard_vertical_2"}
      ,{"x":  2, "y":  1, "part": "hdframe_vertical_2"}
      ,{"x":  2, "y":  1, "part": "halfboard_vertical_2"}
      ,{"x":  2, "y":  1, "part": "diesel_engine_v6"}
      ,{"x":  2, "y":  1, "part": "alternator_truck"}
      ,{"x":  2, "y":  1, "part": "battery_car"}
      ,{"x":  2, "y":  3, "part": "hdframe_horizontal"}
      ,{"x":  2, "y":  3, "part": "halfboard_horizontal"}
      ,{"x":  2, "y":  0, "part": "hdframe_horizontal"}
      ,{"x":  2, "y":  0, "part": "halfboard_horizontal"}
      ,{"x":  2, "y":  4, "part": "hdframe_vertical"}
      ,{"x":  2, "y":  4, "part": "halfboard_vertical"}
      ,{"x":  2, "y":  4, "part": "wheel_wide_steerable"}
      ,{"x":  2, "y": -1, "part": "hdframe_vertical"}
      ,{"x":  2, "y": -1, "part": "halfboard_vertical"}
      ,{"x":  2, "y": -1, "part": "wheel_wide_steerable"}
      ,{"x":  3, "y":  2, "part": "hdframe_cover"}
      ,{"x":  3, "y":  2, "part": "halfboard_cover"}
      ,{"x":  3, "y":  1, "part": "hdframe_cover"}
      ,{"x":  3, "y":  1, "part": "halfboard_cover"}
      ,{"x":  3, "y":  3, "part": "hdframe_horizontal_2"}
      ,{"x":  3, "y":  3, "part": "halfboard_horizontal_2"}
      ,{"x":  3, "y":  3, "part": "headlight"}
      ,{"x":  3, "y":  0, "part": "hdframe_horizontal_2"}
      ,{"x":  3, "y":  0, "part": "halfboard_horizontal_2"}
      ,{"x":  3, "y":  0, "part": "headlight"}
      ,{"x":  3, "y":  4, "part": "hdframe_ne"}
      ,{"x":  3, "y":  4, "part": "halfboard_ne"}
      ,{"x":  3, "y": -1, "part": "hdframe_nw"}
      ,{"x":  3, "y": -1, "part": "halfboard_nw"}

      ,{"x": -5, "y":  0, "part": "hdframe_horizontal"}
      ,{"x": -5, "y":  1, "part": "hdframe_cross"}
      ,{"x": -5, "y":  2, "part": "hdframe_cross"}
      ,{"x": -5, "y":  3, "part": "hdframe_horizontal"}

      ,{"x": -5, "y": -1, "part": "hdframe_nw"}
      ,{"x": -6, "y": -1, "part": "hdframe_vertical"},{"x": -6, "y": -1, "part": "wheel_wide"}
      ,{"x": -7, "y": -1, "part": "hdframe_vertical"},{"x": -7, "y": -1, "part": "wheel_wide"}
      ,{"x": -8, "y": -1, "part": "hdframe_vertical"}
      ,{"x": -9, "y": -1, "part": "hdframe_vertical"}
      ,{"x":-10, "y": -1, "part": "hdframe_vertical"}
      ,{"x":-11, "y": -1, "part": "hdframe_vertical"},{"x":-11, "y": -1, "part": "wheel_wide"}
      ,{"x":-12, "y": -1, "part": "hdframe_vertical"},{"x":-12, "y": -1, "part": "wheel_wide"}
      ,{"x":-13, "y": -1, "part": "hdframe_vertical"}
      ,{"x":-14, "y": -1, "part": "hdframe_sw"}

      ,{"x": -5, "y":  4, "part": "hdframe_ne"}
      ,{"x": -6, "y":  4, "part": "hdframe_vertical"},{"x": -6, "y":  4, "part": "wheel_wide"}
      ,{"x": -7, "y":  4, "part": "hdframe_vertical"},{"x": -7, "y":  4, "part": "wheel_wide"}
      ,{"x": -8, "y":  4, "part": "hdframe_vertical"}
      ,{"x": -9, "y":  4, "part": "hdframe_vertical"}
      ,{"x":-10, "y":  4, "part": "hdframe_vertical"}
      ,{"x":-11, "y":  4, "part": "hdframe_vertical"},{"x":-11, "y":  4, "part": "wheel_wide"}
      ,{"x":-12, "y":  4, "part": "hdframe_vertical"},{"x":-12, "y":  4, "part": "wheel_wide"}
      ,{"x":-13, "y":  4, "part": "hdframe_vertical"}
      ,{"x":-14, "y":  4, "part": "hdframe_se"}
 
      ,{"x":-14, "y":  0, "part": "hdframe_horizontal"}
      ,{"x":-14, "y":  1, "part": "hdframe_horizontal"}
      ,{"x":-14, "y":  2, "part": "hdframe_horizontal"}
      ,{"x":-14, "y":  3, "part": "hdframe_horizontal"}

      ,{"x": -6, "y":  0, "part": "hdframe_horizontal"},{"x": -6, "y":  0, "part": "board_nw"}
      ,{"x": -7, "y":  0, "part": "hdframe_horizontal"},{"x": -7, "y":  0, "part": "halfboard_vertical"}
      ,{"x": -8, "y":  0, "part": "hdframe_horizontal"},{"x": -8, "y":  0, "part": "halfboard_vertical"}
      ,{"x": -9, "y":  0, "part": "hdframe_horizontal"},{"x": -9, "y":  0, "part": "halfboard_vertical"}
      ,{"x":-10, "y":  0, "part": "hdframe_horizontal"},{"x":-10, "y":  0, "part": "halfboard_vertical"}
      ,{"x":-11, "y":  0, "part": "hdframe_horizontal"},{"x":-11, "y":  0, "part": "halfboard_vertical"}
      ,{"x":-12, "y":  0, "part": "hdframe_horizontal"},{"x":-12, "y":  0, "part": "halfboard_vertical"}
      ,{"x":-13, "y":  0, "part": "hdframe_horizontal"},{"x":-13, "y":  0, "part": "board_sw"}

      ,{"x": -6, "y":  1, "part": "hdframe_horizontal"},{"x": -6, "y":  1, "part": "halfboard_horizontal"}
      ,{"x": -6, "y":  2, "part": "hdframe_horizontal"},{"x": -6, "y":  2, "part": "halfboard_horizontal"}

      ,{"x": -6, "y":  3, "part": "hdframe_horizontal"},{"x": -6, "y":  3, "part": "board_ne"}
      ,{"x": -7, "y":  3, "part": "hdframe_horizontal"},{"x": -7, "y":  3, "part": "halfboard_vertical"}
      ,{"x": -8, "y":  3, "part": "hdframe_horizontal"},{"x": -8, "y":  3, "part": "halfboard_vertical"}
      ,{"x": -9, "y":  3, "part": "hdframe_horizontal"},{"x": -9, "y":  3, "part": "halfboard_vertical"}
      ,{"x":-10, "y":  3, "part": "hdframe_horizontal"},{"x":-10, "y":  3, "part": "halfboard_vertical"}
      ,{"x":-11, "y":  3, "part": "hdframe_horizontal"},{"x":-11, "y":  3, "part": "halfboard_vertical"}
      ,{"x":-12, "y":  3, "part": "hdframe_horizontal"},{"x":-12, "y":  3, "part": "halfboard_vertical"}
      ,{"x":-13, "y":  3, "part": "hdframe_horizontal"},{"x":-13, "y":  3, "part": "board_se"}

      ,{"x":-13, "y":  1, "part": "hdframe_horizontal"},{"x":-13, "y":  1, "part": "halfboard_horizontal"}
      ,{"x":-13, "y":  2, "part": "hdframe_horizontal"},{"x":-13, "y":  2, "part": "halfboard_horizontal"}

      ,{"x": -7, "y":  1, "part": "external_tank", "fuel": "gasoline"}
      ,{"x": -8, "y":  1, "part": "external_tank", "fuel": "gasoline"}
      ,{"x": -9, "y":  1, "part": "external_tank", "fuel": "gasoline"}
      ,{"x":-10, "y":  1, "part": "external_tank", "fuel": "gasoline"}
      ,{"x":-11, "y":  1, "part": "external_tank", "fuel": "gasoline"}
      ,{"x":-12, "y":  1, "part": "external_tank", "fuel": "gasoline"}

      ,{"x": -7, "y":  2, "part": "external_tank", "fuel": "diesel"}
      ,{"x": -8, "y":  2, "part": "external_tank", "fuel": "diesel"}
      ,{"x": -9, "y":  2, "part": "external_tank", "fuel": "diesel"}
      ,{"x":-10, "y":  2, "part": "external_tank", "fuel": "diesel"}
      ,{"x":-11, "y":  2, "part": "external_tank", "fuel": "diesel"}
      ,{"x":-12, "y":  2, "part": "external_tank", "fuel": "diesel"}
    ]
  }
]
