[
  {
    "//": "from json/vehicle_groups.json",
    "type" : "vehicle_group",
    "id" : "parkinglot",
    "vehicles" : [
      ["military_cargo_truck", 100],
      ["humvee", 100],
      ["humvee_gl", 50],
      ["apc", 100],
      ["apc-gl", 50],
      ["aapc-mg", 50],
      ["aapc-gl", 25],
      ["bubble_car", 50],
      ["rv", 200],
      ["schoolbus", 200],
      ["fire_truck", 200],
      ["policecar", 200],
      ["car_sports_electric", 100],
      ["quad_bike", 100],
      ["truck_trailer", 300],
      ["tank_trailer", 300],
      ["semi_truck", 400],
      ["cube_van", 1000],
      ["flatbed_truck", 1000],
      ["car_mini", 750],
      ["beetle", 750],
      ["car", 1000],
      ["electric_car", 750],
      ["hippie_van", 750],
      ["golf_cart", 300],
      ["scooter", 300],
      ["bicycle", 500],
      ["rara_x", 300],
      ["unicycle", 100],
      ["bicycle_electric", 200],
      ["motorcycle", 500],
      ["superbike", 50],
      ["motorcycle_sidecart", 300],
      ["shopping_cart", 1000],
      ["icecream_truck", 50],
      ["wienermobile", 5],
      ["portable_generator", 50]
    ]

  },{
    "//": "from json/vehicle_groups.json",
    "type" : "vehicle_group",
    "id" : "highway",
    "vehicles" : [
      ["car", 3000],
      ["electric_car", 500],
      ["car_sports", 1000],
      ["car_sports_electric", 300],
      ["pickup", 600],
      ["flatbed_truck", 500],
      ["semi_truck", 300],
      ["tank_trailor", 300],
      ["humvee", 600],
      ["humvee_gl", 150],
      ["military_cargo_truck", 300],
      ["policecar", 800],
      ["car_fbi", 300],
      ["truck_swat", 200],
      ["hippie_van", 1000],
      ["rara_x", 800],
      ["apc", 300],
      ["apc-gl", 100],
      ["aapc-mg", 100],
      ["aapc-gl", 50],
      ["schoolbus", 400],
      ["rv", 800],
      ["lux_rv", 100],
      ["meth_lab", 300],
      ["armored_car", 300],
      ["superbike", 50],
      ["wienermobile", 5]
    ]
  }

]
