{
     "type"        : "MOD_INFO"
    ,"mod-type"    : "SUPPLEMENTAL"
    ,"ident"       : "Besieged_Survivor"
    ,"name"        : "追加 - 生存者(包囲)(非公式MOD)"
    ,"authors"     : ["hount of \"@\""]
    ,"description" : "生存者の立て籠もる建物を追加します。彼らと共闘して生き残りましょう！ゾンビと共闘するのも一興です。"
    ,"category"    : "misc_additions"
    ,"dependencies": ["dda","Experimental-Z-Level", "Useful_Goods"]
    ,"obsolete"    : false
}
