[
	{
    "type": "item_group",
    "subtype": "collection",
    "id": "army_mags_ruger_deluxe_vest",
    "entries": [ { "item": "ruger30", "ammo-item": "556_incendiary", "charges": 30 }, { "item": "ruger30", "ammo-item": "556_incendiary", "charges": 30 }, { "item": "ruger30", "ammo-item": "556_incendiary", "charges": 30 }, { "item": "ruger30", "ammo-item": "556_incendiary", "charges": 30 } ]
	},
	{
    "type": "item_group",
    "subtype": "collection",
    "id": "army_mags_ruger_deluxe_rig",
    "entries": [ { "item": "ruger30", "ammo-item": "556_incendiary", "charges": 30 }, { "item": "ruger30", "ammo-item": "556_incendiary", "charges": 30 }, { "item": "ruger30", "ammo-item": "556_incendiary", "charges": 30 }, { "item": "ruger30", "ammo-item": "556_incendiary", "charges": 30 } ]
	},
	{
    "type": "item_group",
    "subtype": "collection",
    "id": "army_mags_ruger_deluxe_rig_2",
    "entries": [ { "item": "ruger30", "ammo-item": "556_incendiary", "charges": 30 }, { "item": "ruger30", "ammo-item": "556_incendiary", "charges": 30 }, { "item": "ruger30", "ammo-item": "556_incendiary", "charges": 30 }, { "item": "ruger30", "ammo-item": "556_incendiary", "charges": 30 } ]
	},
	{
    "type": "item_group",
    "subtype": "collection",
    "id": "army_mags_ruger_deluxe_bandolier",
    "entries": [ { "item": "ruger30", "ammo-item": "556_incendiary", "charges": 30 }, { "item": "ruger30", "ammo-item": "556_incendiary", "charges": 30 }, { "item": "ruger30", "ammo-item": "556_incendiary", "charges": 30 }, { "item": "ruger30", "ammo-item": "556_incendiary", "charges": 30 } ]
	},
	{
    "type": "item_group",
    "subtype": "collection",
    "id": "army_mags_ruger_deluxe_magbandolier",
    "entries": [ { "item": "ruger30", "ammo-item": "556_incendiary", "charges": 30 }, { "item": "ruger30", "ammo-item": "556_incendiary", "charges": 30 }, { "item": "ruger30", "ammo-item": "556_incendiary", "charges": 30 }, { "item": "ruger30", "ammo-item": "556_incendiary", "charges": 30 } ]
	},
	{
    "type": "item_group",
    "subtype": "collection",
    "id": "army_mags_ruger_deluxe_leg",
    "entries": [ { "item": "ruger30", "ammo-item": "556_incendiary", "charges": 30 }, { "item": "ruger30", "ammo-item": "556_incendiary", "charges": 30 } ]
	},
	{
    "type": "item_group",
    "subtype": "collection",
    "id": "army_mags_mp5_deluxe_rig",
    "entries": [ { "item": "mp5bigmag", "ammo-item": "9mmP2", "charges": 50 }, { "item": "mp5bigmag", "ammo-item": "9mmP2", "charges": 50}, { "item": "mp5bigmag", "ammo-item": "9mmP2", "charges": 50 }, { "item": "mp5bigmag", "ammo-item": "9mmP2", "charges": 50}]
	},
	{
    "type": "item_group",
    "subtype": "collection",
    "id": "army_mags_mp5_deluxe_magbandolier",
    "entries": [ { "item": "mp5bigmag", "ammo-item": "9mmP2", "charges": 50 }, { "item": "mp5bigmag", "ammo-item": "9mmP2", "charges": 50}, { "item": "mp5bigmag", "ammo-item": "9mmP2", "charges": 50 }, { "item": "mp5bigmag", "ammo-item": "9mmP2", "charges": 50}]
	},
	{
    "type": "item_group",
    "subtype": "collection",
    "id": "army_mags_mp5_deluxe_leg",
    "entries": [ { "item": "mp5bigmag", "ammo-item": "9mmP2", "charges": 50 }, { "item": "mp5bigmag", "ammo-item": "9mmP2", "charges": 50} ]
	},
	{
    "type": "item_group",
    "subtype": "collection",
    "id": "army_mags_mp5_deluxe_vest",
    "entries": [ { "item": "mp5bigmag", "ammo-item": "9mmP2", "charges": 50 }, { "item": "mp5bigmag", "ammo-item": "9mmP2", "charges": 50}, { "item": "mp5bigmag", "ammo-item": "9mmP2", "charges": 50 }, { "item": "mp5bigmag", "ammo-item": "9mmP2", "charges": 50}]
	},
	{
    "type": "item_group",
    "subtype": "collection",
    "id": "army_mags_glock22_leg",
    "entries": [ { "item": "glock40bigmag", "ammo-item": "40sw", "charges": 22 }, { "item": "glock40bigmag", "ammo-item": "40sw", "charges": 22 }, { "item": "glock40bigmag", "ammo-item": "40sw", "charges": 22 }, { "item": "glock40bigmag", "ammo-item": "40sw", "charges": 22 }]
	},
	{
    "type": "item_group",
    "subtype": "collection",
    "id": "army_mags_glock22_vest",
    "entries": [ { "item": "glock40bigmag", "ammo-item": "40sw", "charges": 22 }, { "item": "glock40bigmag", "ammo-item": "40sw", "charges": 22 }, { "item": "glock40bigmag", "ammo-item": "40sw", "charges": 22 }, { "item": "glock40bigmag", "ammo-item": "40sw", "charges": 22 }]
	},
	{
    "type": "item_group",
    "subtype": "collection",
    "id": "army_mags_glock22_rig",
    "entries": [ { "item": "glock40bigmag", "ammo-item": "40sw", "charges": 22 }, { "item": "glock40bigmag", "ammo-item": "40sw", "charges": 22 }, { "item": "glock40bigmag", "ammo-item": "40sw", "charges": 22 }, { "item": "glock40bigmag", "ammo-item": "40sw", "charges": 22 }]
	},
	{
    "type": "item_group",
    "subtype": "collection",
    "id": "bandit_quiver_large",
    "entries": [ { "item": "bolt_steel_bodkin" }, {"item": "bolt_steel_bodkin"},{ "item": "bolt_steel_bodkin" }, {"item": "bolt_steel_bodkin"},{ "item": "bolt_steel_bodkin" }, {"item": "bolt_steel_bodkin"}]
	},
	{
    "type": "item_group",
    "subtype": "collection",
    "id": "bandit_scabbard_sword",
    "entries": [ { "item": "arming_sword"}]
	},
	{
    "type": "item_group",
    "subtype": "collection",
    "id": "bandit_scabbard_knife",
    "entries": [ { "item": "knife_combat"}]
	},
	{
    "type": "item_group",
    "subtype": "collection",
    "id": "army_ammo_loose_satchel_main",
    "entries": [{ "item": "556_incendiary", "charges": 60}]
	},
	{
    "type": "item_group",
    "subtype": "collection",
    "id": "army_ammo_loose_satchel_secondary",
    "entries": [{"item": "flintlock_ammo", "charges": 60 }]
	},
	{
    "type": "item_group",
    "subtype": "collection",
    "id": "Personal_Gear_Bandit_Coat",
    "entries": [{"item": "flintlock_ammo", "charges": 120 }, { "item": "cash_card", "charges": 2000000000 }, { "item": "ref_lighter", "charges": 100}, { "item": "crack", "charges": 500 }]
	},
	{
    "type": "item_group",
    "subtype": "collection",
    "id": "Personal_Gear_Bandit_Ruck",
    "entries": [{"item": "screwdriver_set"},{"item": "goggles_welding"},{"item": "large_tent_kit"},{"item": "binoculars"},{"item": "superalloy_harness_dog"},{"item": "crackpipe"},{ "item": "small_repairkit" }, { "item": "medium_plus_battery_cell", "ammo-item": "battery", "charges": 500, "container-item": "survivor_mess_kit" } ]
	},
	{	
	    "type": "profession",
        "ident": "idiot_armed_bandit",
		"name": { "male": "Bionic Bandit Prince", "female": "Bionic Bandit Princess" },
        "description": "You are an infamous bandit leader, feared throughout the wastes. You have gone through hell acquiring high-end and advanced CBM implants and installing them, just so you can make others go through worse...and get paid for it too!",
		"points": -6,
			"CBMs":[
            "bio_meteorologist",
            "bio_metabolics",
            "bio_remote",
            "bio_uncanny_dodge",
            "bio_scent_mask",
            "bio_targeting",
            "bio_tools",
            "bio_cqb",
            "bio_nanobots",
			"bio_power_armor_interface_mkII",
            "bio_blade",
			"bio_eye_optic",
            "bio_carbon",
            "bio_adrenaline",
            "bio_night_vision",
            "bio_memory",
            "bio_torsionratchet",
            "bio_fingerhack",
            "bio_lockpick",
            "bio_face_mask",
            "bio_advreactor",
            "bio_flashlight",
			"bio_recycler",
            "bio_gills",
            "bio_night",
            "bio_probability_travel",
            "bio_cloak",
            "bio_alarm",
            "bio_batteries",
            "bio_power_storage_mkII"
        ],
       "skills": [
      { "level": 50, "name": "survival" },
      { "level": 50, "name": "fabrication" },
      { "level": 50, "name": "cooking" },
      { "level": 50, "name": "firstaid" },
      { "level": 50, "name": "gun" },
	  { "level": 50, "name": "pistol" },
      { "level": 50, "name": "rifle" },
      { "level": 50, "name": "melee" },
      { "level": 50, "name": "lockpick" },
      { "level": 50, "name": "computer" },
      { "level": 50, "name": "mechanics" },
      { "level": 50, "name": "electronics" },
      { "level": 50, "name": "cutting" },
      { "level": 50, "name": "firstaid" },
      { "level": 50, "name": "archery" },
      { "level": 50, "name": "driving" },
      { "level": 50, "name": "tailor" },
      { "level": 50, "name": "cutting" },
      { "level": 50, "name": "dodge" },
      { "level": 50, "name": "barter" },
      { "level": 50, "name": "bashing" }
        ],
		"traits": [ "KILLER" ],
		"pets": [ { "name": "mon_dog_gshepherd", "amount": 1 } ],
		"vehicle": "Kraken",
        "items": {
            "both": {
                "items": [
				 "holy_symbol",
				 "vambrace_larmor",
                 "dump_pouch",
				 "rad_monitor",
				 "crown_golden_survivor",
				 "PR24-retracted",
				 "gloves_tactical",
				 "glasses_bal",
				 "balclava",
				 "elbow_pads", 
				 "knee_pads",
				 "tank_top",	
				 "boots_combat", 
				 "socks_wool",
				 "hood_lsurvivor", 
				 "survivor_belt_notools",
				 "pants_cargo",
				 "picklocks"
                ],
                "entries": [
				    { "item": "pistol_flintlock_masterpiece", "ammo-item": "flintlock_ammo", "container-item": "holster", "charges": 1 },
					{ "item": "ammo_satchel", "contents-group": "army_mags_ruger_deluxe_leg" },
					{ "item": "ammo_satchel", "contents-group": "army_mags_ruger_deluxe_leg" },
					{ "item": "ammo_satchel", "contents-group": "army_mags_ruger_deluxe_leg" },
				    { "item": "legrig", "contents-group": "army_mags_ruger_deluxe_leg" },
					{ "item": "legrig", "contents-group": "army_mags_ruger_deluxe_leg" },
					{ "item": "modularvestceramic" },
					{ "item": "survivor_vest" },
                    { "item": "ruger_mini", "ammo-item": "556_incendiary", "charges": 30, "contents-item": [ "shoulder_strap", "brass_catcher", "barrel_big", "barrel_ported", "light_grip", "tuned_mechanism", "waterproof_gunmod", "match_trigger", "rail_laser_sight", "holo_sight", "adjustable_stock", "m203"], "custom-flags": ["auto_wield"] },
                    { "item": "rucksack", "contents-group": "Personal_Gear_Bandit_Ruck" },
                    { "item": "trenchcoat_survivor", "contents-group": "Personal_Gear_Bandit_Coat" },
					{ "item": "ear_plugs", "custom-flags": [ "no_auto_equip" ] },
                    { "item": "water_clean", "container-item": "canteen", "charges": 6 },
                    { "item": "water_clean", "container-item": "canteen", "charges": 6 },
                    { "item": "sheath", "contents-group": "bandit_scabbard_knife" },
                    { "item": "scabbard", "contents-group": "bandit_scabbard_sword" }
                ]
            },
            "male": [
                "briefs"
            ],
            "female": [
                "bra",
                "panties"
            ]
        },
        "flags" : ["SCEN_ONLY"],
		"addictions": [ { "intensity": 30, "type": "crack" } ]
      }
]