[
{
    "type": "scenario",
    "ident": "bad_day_plus_crash_bandit",
    "name": "Challenge-Looting the Crashsite",
    "points" : -75,	
    "description" : "You are infamous bandit prince with a plethora of advanced CBM bionics installed. You got a distress call on a public frequency of a crashed army helicopter so you set out to plunder the it. Along the way, you came accross a unplundered gas station and sought to fix the issue. You got sloppy, and now you got a ton of undead company. You are completely surrounded by zeds, during winter, alone and with an infected bite wound, the area around you burns, and you are STILL trying to find the crash site to loot. Good thing you got a badass mobile base parked outside...",
    "allowed_locs" : [ "sloc_gas_station" ],
    "start_name" : "Holed up in a gas station in the middle of nowhere.",
	"professions" : ["idiot_armed_bandit"],
    "map_special": "mx_helicopter",
    "missions": [ "MISSION_INFECTED_START_FIND_ANTIBIOTICS" ],
    "flags" : ["HELI_CRASH","FIRE_START","INFECTED","LONE_START","BAD_DAY","WIN_START","OUTDOOR","CHALLENGE"]
  }
]