[
{
    "type": "item_group",
    "subtype": "collection",
    "id": "kraken_turret_kit",
    "entries": [ { "item": "belt223", "ammo-item": "556_incendiary", "charges": 500 }, { "item": "belt223", "ammo-item": "556_incendiary", "charges": 500 }, { "item": "belt223", "ammo-item": "556_incendiary", "charges": 500 }, { "item": "belt223", "ammo-item": "556_incendiary", "charges": 500 }, { "item": "belt223", "ammo-item": "556_incendiary", "charges": 500 },{ "item": "belt223", "ammo-item": "556_incendiary", "charges": 500 }, { "item": "belt223", "ammo-item": "556_incendiary", "charges": 500 }, { "item": "belt223", "ammo-item": "556_incendiary", "charges": 500 },{ "item": "belt223", "ammo-item": "556_incendiary", "charges": 500 },{ "item": "belt223", "ammo-item": "556_incendiary", "charges": 500 },{ "item": "belt223", "ammo-item": "556_incendiary", "charges": 500 },{ "item": "belt223", "ammo-item": "556_incendiary", "charges": 500 },{ "item": "belt223", "ammo-item": "556_incendiary", "charges": 500 },{ "item": "belt223", "ammo-item": "556_incendiary", "charges": 500 },{ "item": "belt223", "ammo-item": "556_incendiary", "charges": 500 },{ "item": "belt223", "ammo-item": "556_incendiary", "charges": 500 },{ "item": "belt223", "ammo-item": "556_incendiary", "charges": 500 },{ "item": "belt223", "ammo-item": "556_incendiary", "charges": 500 },{ "item": "belt223", "ammo-item": "556_incendiary", "charges": 500 },{ "item": "belt223", "ammo-item": "556_incendiary", "charges": 500 },{ "item": "belt223", "ammo-item": "556_incendiary", "charges": 500 },{ "item": "belt223", "ammo-item": "556_incendiary", "charges": 500 },{ "item": "belt223", "ammo-item": "556_incendiary", "charges": 500 },{ "item": "belt223", "ammo-item": "556_incendiary", "charges": 500 },{ "item": "belt223", "ammo-item": "556_incendiary", "charges": 500 },{ "item": "belt223", "ammo-item": "556_incendiary", "charges": 500 },{ "item": "belt223", "ammo-item": "556_incendiary", "charges": 500 },{ "item": "belt223", "ammo-item": "556_incendiary", "charges": 500 },{ "item": "belt223", "ammo-item": "556_incendiary", "charges": 500 } ]
},
  {
    "id": "Kraken",
    "type": "vehicle",
    "name": "Kraken",
    "parts": [
      { "x": -6, "y": 4, "part": "frame_vertical_2" },
      { "x": -6, "y": 3, "part": "frame_vertical_2" },
      { "x": -6, "y": 2, "part": "frame_vertical_2" },
      { "x": -6, "y": 1, "part": "frame_vertical_2" },
      { "x": -6, "y": 0, "part": "frame_vertical_2" },
      { "x": -6, "y": 5, "part": "frame_vertical" },
      { "x": -7, "y": 5, "part": "frame_se" },
      { "x": -7, "y": 4, "part": "frame_horizontal" },
      { "x": -7, "y": 3, "part": "frame_horizontal" },
      { "x": -7, "y": 2, "part": "frame_horizontal" },
      { "x": -7, "y": 1, "part": "frame_horizontal" },
      { "x": -7, "y": 0, "part": "frame_horizontal" },
      { "x": -7, "y": -1, "part": "frame_sw" },
      { "x": -6, "y": -1, "part": "frame_vertical" },
      { "x": -5, "y": -1, "part": "frame_vertical" },
      { "x": -5, "y": 0, "part": "frame_horizontal" },
      { "x": -5, "y": 1, "part": "frame_horizontal" },
      { "x": -5, "y": 2, "part": "frame_horizontal" },
      { "x": -5, "y": 3, "part": "frame_horizontal" },
      { "x": -5, "y": 4, "part": "frame_horizontal" },
      { "x": -4, "y": 4, "part": "frame_cross" },
      { "x": -4, "y": 3, "part": "frame_cross" },
      { "x": -4, "y": 2, "part": "frame_cross" },
      { "x": -4, "y": 1, "part": "frame_cross" },
      { "x": -4, "y": 0, "part": "frame_cross" },
      { "x": -4, "y": -1, "part": "frame_vertical" },
      { "x": -3, "y": -1, "part": "frame_vertical" },
      { "x": -2, "y": -1, "part": "frame_vertical" },
      { "x": -1, "y": -1, "part": "frame_vertical" },
      { "x": 0, "y": -1, "part": "frame_vertical" },
      { "x": -3, "y": 4, "part": "frame_cross" },
      { "x": -2, "y": 4, "part": "frame_cross" },
      { "x": -1, "y": 4, "part": "frame_cross" },
      { "x": 0, "y": 4, "part": "frame_cross" },
      { "x": 0, "y": 3, "part": "frame_cross" },
      { "x": -1, "y": 3, "part": "frame_cross" },
      { "x": -2, "y": 3, "part": "frame_cross" },
      { "x": -3, "y": 3, "part": "frame_cross" },
      { "x": -3, "y": 2, "part": "frame_cross" },
      { "x": -2, "y": 2, "part": "frame_cross" },
      { "x": -1, "y": 2, "part": "frame_cross" },
      { "x": 0, "y": 2, "part": "frame_cross" },
      { "x": 0, "y": 1, "part": "frame_cross" },
      { "x": -1, "y": 1, "part": "frame_cross" },
      { "x": -2, "y": 1, "part": "frame_cross" },
      { "x": -3, "y": 1, "part": "frame_cross" },
      { "x": -3, "y": 0, "part": "frame_cross" },
      { "x": -2, "y": 0, "part": "frame_cross" },
      { "x": -1, "y": 0, "part": "frame_cross" },
      { "x": 0, "y": 0, "part": "frame_cross" },
      { "x": -5, "y": 5, "part": "frame_vertical" },
      { "x": 1, "y": 4, "part": "frame_horizontal" },
      { "x": 1, "y": 3, "part": "frame_horizontal" },
      { "x": 1, "y": 2, "part": "frame_horizontal" },
      { "x": 1, "y": 1, "part": "frame_horizontal" },
      { "x": 1, "y": 0, "part": "frame_horizontal" },
      { "x": 1, "y": 5, "part": "frame_se" },
      { "x": 1, "y": -1, "part": "frame_sw" },
      { "x": -4, "y": 5, "part": "frame_vertical" },
      { "x": 0, "y": 5, "part": "frame_vertical" },
      { "x": -1, "y": 5, "part": "frame_vertical" },
      { "x": -2, "y": 5, "part": "frame_vertical" },
      { "x": -3, "y": 5, "part": "frame_vertical" },
      { "x": 2, "y": 0, "part": "frame_vertical_2" },
      { "x": 2, "y": 1, "part": "frame_vertical_2" },
      { "x": 2, "y": 2, "part": "frame_vertical_2" },
      { "x": 2, "y": 3, "part": "frame_vertical_2" },
      { "x": 2, "y": 4, "part": "frame_vertical_2" },
      { "x": 2, "y": -1, "part": "frame_vertical" },
      { "x": 2, "y": 5, "part": "frame_vertical" },
      { "x": 3, "y": 0, "part": "frame_vertical_2" },
      { "x": 3, "y": 1, "part": "frame_vertical_2" },
      { "x": 3, "y": 2, "part": "frame_vertical_2" },
      { "x": 3, "y": 3, "part": "frame_vertical_2" },
      { "x": 3, "y": 4, "part": "frame_vertical_2" },
      { "x": 4, "y": 4, "part": "frame_cover" },
      { "x": 4, "y": 3, "part": "frame_cover" },
      { "x": 4, "y": 2, "part": "frame_cover" },
      { "x": 4, "y": 1, "part": "frame_cover" },
      { "x": 4, "y": 0, "part": "frame_cover" },
      { "x": 4, "y": -1, "part": "frame_nw" },
      { "x": 4, "y": 5, "part": "frame_ne" },
      { "x": 3, "y": 5, "part": "frame_vertical" },
      { "x": 3, "y": -1, "part": "frame_vertical" },
      { "x": 3, "y": 0, "part": "reinforced_windshield" },
      { "x": 3, "y": 1, "part": "reinforced_windshield" },
      { "x": 3, "y": 2, "part": "reinforced_windshield" },
      { "x": 3, "y": 3, "part": "reinforced_windshield" },
      { "x": 3, "y": 4, "part": "reinforced_windshield" },
      { "x": 4, "y": -1, "part": "halfboard_nw" },
      { "x": 4, "y": 5, "part": "halfboard_ne" },
      { "x": 3, "y": -1, "part": "halfboard_vertical" },
      { "x": 3, "y": 5, "part": "halfboard_vertical" },
      { "x": 0, "y": -1, "part": "board_vertical" },
      { "x": -1, "y": -1, "part": "board_vertical" },
      { "x": -2, "y": -1, "part": "board_vertical" },
      { "x": -3, "y": -1, "part": "board_vertical" },
      { "x": -4, "y": -1, "part": "board_vertical" },
      { "x": -4, "y": 5, "part": "board_vertical" },
      { "x": -3, "y": 5, "part": "board_vertical" },
      { "x": -2, "y": 5, "part": "board_vertical" },
      { "x": -1, "y": 5, "part": "board_vertical" },
      { "x": 0, "y": 5, "part": "board_vertical" },
      { "x": 2, "y": 1, "part": "reclining_seat" },
      { "x": 2, "y": 3, "part": "reclining_seat" },
      { "x": 4, "y": 0, "part": "halfboard_horizontal" },
      { "x": 4, "y": 1, "part": "halfboard_horizontal" },
      { "x": 4, "y": 2, "part": "halfboard_horizontal" },
      { "x": 4, "y": 3, "part": "halfboard_horizontal" },
      { "x": 4, "y": 4, "part": "halfboard_horizontal" },
      { "x": 1, "y": 3, "part": "roof" },
      { "x": 1, "y": 2, "part": "roof" },
      { "x": 1, "y": 1, "part": "roof" },
      { "x": 2, "y": 4, "part": "roof" },
      { "x": 2, "y": 3, "part": "roof" },
      { "x": 2, "y": 2, "part": "roof" },
      { "x": 2, "y": 1, "part": "roof" },
      { "x": 2, "y": 0, "part": "roof" },
      { "x": 3, "y": 0, "part": "roof" },
      { "x": 3, "y": 1, "part": "roof" },
      { "x": 3, "y": 2, "part": "roof" },
      { "x": 3, "y": 3, "part": "roof" },
      { "x": 3, "y": 4, "part": "roof" },
      { "x": 0, "y": 4, "part": "roof" },
      { "x": 0, "y": 3, "part": "roof" },
      { "x": 0, "y": 2, "part": "roof" },
      { "x": 0, "y": 1, "part": "roof" },
      { "x": 0, "y": 0, "part": "roof" },
      { "x": -1, "y": 0, "part": "roof" },
      { "x": -2, "y": 0, "part": "roof" },
      { "x": -3, "y": 0, "part": "roof" },
      { "x": -4, "y": 0, "part": "roof" },
      { "x": -4, "y": 1, "part": "roof" },
      { "x": -3, "y": 1, "part": "roof" },
      { "x": -2, "y": 1, "part": "roof" },
      { "x": -1, "y": 1, "part": "roof" },
      { "x": -1, "y": 2, "part": "roof" },
      { "x": -2, "y": 2, "part": "roof" },
      { "x": -3, "y": 2, "part": "roof" },
      { "x": -4, "y": 2, "part": "roof" },
      { "x": -4, "y": 3, "part": "roof" },
      { "x": -3, "y": 3, "part": "roof" },
      { "x": -2, "y": 3, "part": "roof" },
      { "x": -1, "y": 3, "part": "roof" },
      { "x": -1, "y": 4, "part": "roof" },
      { "x": -2, "y": 4, "part": "roof" },
      { "x": -3, "y": 4, "part": "roof" },
      { "x": -4, "y": 4, "part": "roof" },
      { "x": 3, "y": 0, "part": "inboard_mirror" },
      { "x": 3, "y": 4, "part": "inboard_mirror" },
      { "x": 3, "y": -1, "part": "plating_military" },
      { "x": 4, "y": -1, "part": "plating_military" },
      { "x": 4, "y": 0, "part": "plating_military" },
      { "x": 4, "y": 1, "part": "plating_military" },
      { "x": 4, "y": 2, "part": "plating_military" },
      { "x": 4, "y": 3, "part": "plating_military" },
      { "x": 4, "y": 4, "part": "plating_military" },
      { "x": 4, "y": 5, "part": "plating_military" },
      { "x": 3, "y": 5, "part": "plating_military" },
      { "x": 2, "y": 5, "part": "plating_military" },
      { "x": 2, "y": -1, "part": "plating_military" },
      { "x": 1, "y": -1, "part": "plating_military" },
      { "x": 1, "y": 5, "part": "plating_military" },
      { "x": 1, "y": 4, "part": "plating_military" },
      { "x": 1, "y": 3, "part": "plating_military" },
      { "x": 1, "y": 2, "part": "plating_military" },
      { "x": 1, "y": 1, "part": "plating_military" },
      { "x": 1, "y": 0, "part": "plating_military" },
      { "x": 0, "y": -1, "part": "plating_military" },
      { "x": -1, "y": -1, "part": "plating_military" },
      { "x": -2, "y": -1, "part": "plating_military" },
      { "x": -3, "y": -1, "part": "plating_military" },
      { "x": -4, "y": -1, "part": "plating_military" },
      { "x": -4, "y": 5, "part": "plating_military" },
      { "x": -3, "y": 5, "part": "plating_military" },
      { "x": -2, "y": 5, "part": "plating_military" },
      { "x": -1, "y": 5, "part": "plating_military" },
      { "x": 0, "y": 5, "part": "plating_military" },
      { "x": 3, "y": 0, "part": "plating_military" },
      { "x": 3, "y": 1, "part": "plating_military" },
      { "x": 3, "y": 2, "part": "plating_military" },
      { "x": 3, "y": 3, "part": "plating_military" },
      { "x": 3, "y": 4, "part": "plating_military" },
      { "x": 2, "y": 2, "part": "trunk_floor" },
      { "x": 2, "y": 0, "part": "trunk_floor" },
      { "x": 2, "y": 4, "part": "trunk_floor" },
      { "x": 2, "y": 1, "part": "seatbelt_heavyduty" },
      { "x": 2, "y": 3, "part": "seatbelt_heavyduty" },
      { "x": 3, "y": 2, "part": "inboard_mirror" },
      { "x": 0, "y": 1, "part": "cargo_space" },
      { "x": -1, "y": 2, "part": "tank" },
      { "x": -1, "y": 2, "part": "metal_funnel" },
      { "x": -1, "y": 2, "part": "water_purifier" },
      { "x": -1, "y": 2, "part": "water_faucet" },
      { "x": -1, "y": 0, "part": "craft_rig" },
      { "x": -1, "y": 0, "part": "water_faucet" },
      { "x": -1, "y": 0, "part": "tank_medium" },
      { "x": -1, "y": 0, "part": "water_purifier" },
      { "x": 5, "y": 0, "part": "ram_military_horizontal" },
      { "x": 5, "y": 3, "part": "ram_military_horizontal" },
      { "x": 5, "y": 4, "part": "ram_military_horizontal" },
      { "x": 5, "y": 5, "part": "ram_military_horizontal" },
      { "x": 2, "y": 4, "part": "spring_plate" },
      { "x": 2, "y": 0, "part": "spring_plate" },
      { "x": 2, "y": 3, "part": "spring_plate" },
      { "x": 2, "y": 1, "part": "spring_plate" },
      { "x": -4, "y": 4, "part": "spring_plate" },
      { "x": -4, "y": 0, "part": "spring_plate" },
      { "x": 1, "y": 5, "part": "board_se" },
      { "x": 1, "y": -1, "part": "board_sw" },
      { "x": 0, "y": 0, "part": "bed" },
      { "x": -4, "y": 1, "part": "solar_panel_v3" },
      { "x": -3, "y": 1, "part": "solar_panel_v3" },
      { "x": -2, "y": 1, "part": "solar_panel_v3" },
      { "x": -1, "y": 1, "part": "solar_panel_v3" },
      { "x": 0, "y": 1, "part": "solar_panel_v3" },
      { "x": 0, "y": 3, "part": "solar_panel_v3" },
      { "x": -1, "y": 3, "part": "solar_panel_v3" },
      { "x": -2, "y": 3, "part": "solar_panel_v3" },
      { "x": -3, "y": 3, "part": "solar_panel_v3" },
      { "x": -4, "y": 3, "part": "solar_panel_v3" },
      { "x": 0, "y": 0, "part": "solar_panel_v3" },
      { "x": -1, "y": 0, "part": "solar_panel_v3" },
      { "x": -2, "y": 0, "part": "solar_panel_v3" },
      { "x": -3, "y": 0, "part": "solar_panel_v3" },
      { "x": -4, "y": 0, "part": "solar_panel_v3" },
      { "x": -4, "y": 4, "part": "solar_panel_v3" },
      { "x": -3, "y": 4, "part": "solar_panel_v3" },
      { "x": -2, "y": 4, "part": "solar_panel_v3" },
      { "x": -1, "y": 4, "part": "solar_panel_v3" },
      { "x": 0, "y": 4, "part": "solar_panel_v3" },
      { "x": 2, "y": 1, "part": "light_red" },
      { "x": 2, "y": 4, "part": "turret_mount" },
      { "x": 2, "y": 2, "part": "water_purifier" },
      { "x": 2, "y": 2, "part": "water_faucet" },
      { "x": 2, "y": 2, "part": "cargo_lock" },
      { "x": -3, "y": 4, "part": "veh_forge" },
      { "x": -2, "y": 4, "part": "veh_kiln" },
      { "x": -1, "y": 4, "part": "chemlab" },
      { "x": 0, "y": 4, "part": "welding_rig" },
      { "x": 2, "y": 5, "part": "hatch" },
      { "x": 2, "y": -1, "part": "hatch" },
      { "x": 2, "y": -1, "part": "cargo_lock" },
      { "x": 2, "y": 5, "part": "cargo_lock" },
      { "x": 2, "y": -1, "part": "aisle_curtain" },
      { "x": 2, "y": 5, "part": "aisle_curtain" },
      { "x": 1, "y": 2, "part": "hatch" },
      { "x": 1, "y": 2, "part": "aisle_curtain" },
      { "x": -4, "y": 2, "part": "omnicam" },
      { "x": 2, "y": 2, "part": "stereo" },
      { "x": 2, "y": 1, "part": "tracker" },
      { "x": 2, "y": 1, "part": "controls" },
      { "x": 2, "y": 1, "part": "drive_by_wire_controls" },
      { "x": 2, "y": 1, "part": "controls_electronic" },
      { "x": 0, "y": 0, "part": "cam_control" },
      { "x": 1, "y": 3, "part": "reinforced_windshield" },
      { "x": 1, "y": 1, "part": "reinforced_windshield" },
      { "x": 2, "y": 3, "part": "light_blue" },
      { "x": 2, "y": 2, "part": "turret_mount" },
      { "x": 2, "y": 2, "part": "m249" },
      { "x": 2, "y": 0, "part": "omnicam" },
      { "x": 2, "y": 4, "part": "omnicam" },
      { "x": -3, "y": 1, "part": "aisle_vertical" },
      { "x": -4, "y": 1, "part": "aisle_vertical" },
      { "x": -1, "y": 1, "part": "aisle_vertical" },
      { "x": -1, "y": 3, "part": "aisle_vertical" },
      { "x": -3, "y": 3, "part": "aisle_vertical" },
      { "x": -4, "y": 3, "part": "aisle_vertical" },
      { "x": -4, "y": 4, "part": "storage_battery_mount" },
      { "x": -4, "y": 0, "part": "storage_battery_mount" },
      { "x": 2, "y": 1, "part": "vehicle_clock" },
      { "x": 0, "y": 2, "part": "air_jack" },
      { "x": -4, "y": 1, "part": "spring_plate" },
      { "x": -4, "y": 3, "part": "spring_plate" },
      { "x": -1, "y": 2, "part": "aisle_vertical" },
      { "x": 0, "y": 2, "part": "aisle_vertical" },
      { "x": 4, "y": 2, "part": "horn_big" },
      { "x": -1, "y": 3, "part": "fuel_bunker", "fuel": "coal_lump" },
      { "x": -3, "y": 3, "part": "fuel_bunker", "fuel": "coal_lump" },
      { "x": -3, "y": 1, "part": "fuel_bunker", "fuel": "coal_lump" },
      { "x": -3, "y": 2, "part": "fuel_bunker", "fuel": "coal_lump" },
      { "x": -4, "y": 2, "part": "small_storage_battery" },
      { "x": 1, "y": 4, "part": "hdstowboard_horizontal" },
      { "x": 1, "y": 0, "part": "hdstowboard_horizontal" },
      { "x": 1, "y": 3, "part": "aisle_curtain" },
      { "x": 1, "y": 1, "part": "aisle_curtain" },
      { "x": 0, "y": 3, "part": "cargo_space" },
      { "x": -3, "y": 2, "part": "solar_panel_v3" },
      { "x": -2, "y": 2, "part": "solar_panel_v3" },
      { "x": 0, "y": 0, "part": "controls_electronic" },
      { "x": 4, "y": 4, "part": "wide_headlight_reinforced" },
      { "x": 4, "y": 0, "part": "wide_headlight_reinforced" },
      { "x": 5, "y": 2, "part": "ram_military_horizontal" },
      { "x": -4, "y": 2, "part": "engine_steam_medium" },
      { "x": -4, "y": 2, "part": "alternator_truck" },
      { "x": 2, "y": 1, "part": "dashboard" },
      { "x": 5, "y": 1, "part": "ram_military_horizontal" },
      { "x": 5, "y": -1, "part": "ram_military_horizontal" },
      { "x": -2, "y": 1, "part": "trunk_floor" },
      { "x": 0, "y": 2, "part": "solar_panel_v3" },
      { "x": -2, "y": 3, "part": "trunk_floor" },
      { "x": -5, "y": -1, "part": "board_vertical" },
      { "x": -6, "y": -1, "part": "board_vertical" },
      { "x": -7, "y": -1, "part": "board_sw" },
      { "x": -7, "y": 0, "part": "reinforced_windshield" },
      { "x": -7, "y": 1, "part": "reinforced_windshield" },
      { "x": -7, "y": 3, "part": "reinforced_windshield" },
      { "x": -7, "y": 4, "part": "reinforced_windshield" },
      { "x": -7, "y": 5, "part": "board_se" },
      { "x": -6, "y": 5, "part": "board_vertical" },
      { "x": -5, "y": 5, "part": "board_vertical" },
      { "x": -5, "y": 4, "part": "roof" },
      { "x": -6, "y": 4, "part": "roof" },
      { "x": -6, "y": 3, "part": "roof" },
      { "x": -5, "y": 3, "part": "roof" },
      { "x": -5, "y": 2, "part": "roof" },
      { "x": -6, "y": 2, "part": "roof" },
      { "x": -6, "y": 1, "part": "roof" },
      { "x": -6, "y": 0, "part": "roof" },
      { "x": -5, "y": 0, "part": "roof" },
      { "x": -5, "y": 1, "part": "roof" },
      { "x": -5, "y": -1, "part": "plating_military" },
      { "x": -6, "y": -1, "part": "plating_military" },
      { "x": -7, "y": -1, "part": "plating_military" },
      { "x": -7, "y": 0, "part": "plating_military" },
      { "x": -7, "y": 1, "part": "plating_military" },
      { "x": -6, "y": 2, "part": "aisle_vertical" },
      { "x": -6, "y": 1, "part": "trunk_floor" },
      { "x": -6, "y": 3, "part": "trunk_floor" },
      { "x": -5, "y": 2, "part": "reclining_seat" },
      { "x": -4, "y": 2, "part": "reclining_seat" },
      { "x": -5, "y": 1, "part": "aisle_vertical" },
      { "x": -5, "y": 3, "part": "aisle_vertical" },
      { "x": -5, "y": 5, "part": "plating_military" },
      { "x": -6, "y": 5, "part": "plating_military" },
      { "x": -7, "y": 5, "part": "plating_military" },
      { "x": -7, "y": 2, "part": "plating_military" },
      { "x": -7, "y": 3, "part": "plating_military" },
      { "x": -7, "y": 2, "part": "roof" },
      { "x": -6, "y": 2, "part": "tank_small" },
      { "x": -6, "y": 2, "part": "metal_funnel" },
      { "x": -6, "y": 2, "part": "water_purifier" },
      { "x": -6, "y": 2, "part": "water_faucet" },
      { "x": -4, "y": 4, "part": "workbench" },
      { "x": -2, "y": 0, "part": "kitchen_unit" },
      { "x": -3, "y": 0, "part": "veh_table" },
      { "x": -4, "y": 0, "part": "minifridge" },
      { "x": -5, "y": 0, "part": "minifreezer" },
      { "x": -3, "y": 2, "part": "lit_aisle_vertical" },
      { "x": 0, "y": 0, "part": "vehicle_clock" },
      { "x": -7, "y": 4, "part": "plating_military" },
      { "x": -6, "y": 0, "part": "washing_machine" },
      { "x": -5, "y": 4, "part": "mountable_cooler" },
      { "x": -5, "y": 4, "part": "mountable_heater" },
      { "x": -6, "y": 4, "part": "trunk" },
      { "x": -6, "y": 4, "part": "recharge_station" },
      { "x": -5, "y": 2, "part": "seatbelt_heavyduty" },
      { "x": -4, "y": 2, "part": "seatbelt_heavyduty" },
      { "x": -7, "y": 1, "part": "aisle_curtain" },
      { "x": -7, "y": 0, "part": "aisle_curtain" },
      { "x": -7, "y": 4, "part": "aisle_curtain" },
      { "x": -7, "y": 3, "part": "aisle_curtain" },
      { "x": -7, "y": 2, "part": "door" },
      { "x": -7, "y": 2, "part": "aisle_curtain" },
      { "x": -6, "y": 1, "part": "muffler" },
      { "x": -6, "y": 3, "part": "muffler" },
      { "x": -5, "y": 0, "part": "solar_panel_v3" },
      { "x": -6, "y": 0, "part": "solar_panel_v3" },
      { "x": -5, "y": 1, "part": "solar_panel_v3" },
      { "x": -6, "y": 1, "part": "solar_panel_v3" },
      { "x": 2, "y": 2, "part": "horn_big" },
      { "x": -7, "y": 1, "part": "solar_panel_v3" },
      { "x": -7, "y": 0, "part": "solar_panel_v3" },
      { "x": -7, "y": 2, "part": "solar_panel_v3" },
      { "x": -5, "y": 2, "part": "solar_panel_v3" },
      { "x": -7, "y": 3, "part": "solar_panel_v3" },
      { "x": -6, "y": 3, "part": "solar_panel_v3" },
      { "x": -5, "y": 3, "part": "solar_panel_v3" },
      { "x": -6, "y": 4, "part": "solar_panel_v3" },
      { "x": -6, "y": 2, "part": "muffler" },
      { "x": -7, "y": 4, "part": "solar_panel_v3" },
      { "x": 2, "y": -1, "parts":  [ "wheel_mount_medium_steerable", "wheel_wide_or" ] },
      { "x": 2, "y": 0, "parts":  [ "wheel_mount_medium_steerable", "wheel_wide_or" ] },
      { "x": 2, "y": 4, "parts": [ "wheel_mount_medium_steerable", "wheel_wide_or" ] },
      { "x": 2, "y": 5, "parts": [ "wheel_mount_medium_steerable", "wheel_wide_or" ] },
      { "x": -6, "y": 4, "parts": [ "wheel_mount_medium", "wheel_wide_or" ] },
      { "x": -6, "y": 0, "parts": [ "wheel_mount_medium", "wheel_wide_or" ] },
      { "x": -5, "y": 4, "parts": [ "wheel_mount_medium", "wheel_wide_or" ] },
      { "x": -5, "y": 0, "parts": [ "wheel_mount_medium", "wheel_wide_or" ] },
      { "x": 0, "y": 2, "part": "minireactor" },
      { "x": -2, "y": 2, "part": "turret_mount" },
      { "x": 3, "y": 2, "part": "vehicle_clock" },
      { "x": -2, "y": 2, "part": "animal_compartment" },
      { "x": -7, "y": 5, "part": "bike_rack" },
      { "x": 1, "y": 1, "part": "towel_hanger" },
      { "x": 1, "y": 4, "part": "towel_hanger" },
      { "x": -3, "y": 4, "part": "storage_battery_mount" },
      { "x": -3, "y": 4, "part": "large_storage_battery_removable" },
      { "x": -4, "y": 0, "part": "large_storage_battery_removable" },
      { "x": -4, "y": 4, "part": "large_storage_battery_removable" },
      { "x": 1, "y": 4, "part": "roof" },
      { "x": 1, "y": 0, "part": "roof" },
      { "x": 1, "y": 0, "part": "solar_panel_v3" },
      { "x": 1, "y": 4, "part": "solar_panel_v3" },
      { "x": -6, "y": -1, "parts": [ "wheel_mount_medium", "wheel_wide_or" ] },
      { "x": -6, "y": 5, "parts": [ "wheel_mount_medium", "wheel_wide_or" ] },
      { "x": -5, "y": 5, "parts": [ "wheel_mount_medium", "wheel_wide_or" ] },
      { "x": -5, "y": -1, "parts": [ "wheel_mount_medium", "wheel_wide_or" ] },
      { "x": 1, "y": 1, "part": "door_motor" },
      { "x": 1, "y": 3, "part": "door_motor" },
      { "x": 2, "y": 5, "part": "door_motor" },
      { "x": 2, "y": -1, "part": "door_motor" },
      { "x": 1, "y": 2, "part": "door_motor" },
      { "x": -7, "y": 2, "part": "door_motor" },
      { "x": -7, "y": 1, "part": "door_motor" },
      { "x": -7, "y": 0, "part": "door_motor" },
      { "x": -7, "y": 4, "part": "door_motor" },
      { "x": -7, "y": 3, "part": "door_motor" },
      { "x": -5, "y": 2, "part": "large_storage_battery" }
    ],
    "items": [
      { "x": 1, "y": 0, "chance": 100, "item_groups": "kraken_turret_kit" },
      { "x": 2, "y": 2, "chance": 100, "item_groups": "kraken_turret_kit" }
    ]
  }
]
