[
  {
    "type" : "mapgen",
    "//" : "1F NW",
    "om_terrain" : ["ninja_mansion_1f_nw"],
    "method": "json",
    "weight": 150,
    "object": {
      "fill_ter": "t_dirt",
      "rows": [
        "                        ",
        "                        ",
        "  OOOOOOOOOOOOOOOOOOOOOO",
        "  O|--------------------",
        "  O|2.........2.........",
        "  O|.|------------------",
        "  O|.|*...............@@",
        "  O|.|.+.+.+.+.+*+.+r+@+",
        "  O|.|.^.^*.@@@@@@@^^*@.",
        "  O|.|..+.+@+.+.+.+@+@+.",
        "  O|.|...@@..r..*...@...",
        "  O|.|.+@+.+.+.+.+.+*+.+",
        "  O|2|.@.*r.^^^.r.r...r.",
        "  O|.|.@+*+.+.+.+.+.+.+.",
        "  O|.|^*@@@@@@@@*.^.r...",
        "  O|.|^+.+*+.+*+@+.+.+.+",
        "  O|.|^...r^.r..*@......",
        "  O|.|r.+.+^+.+.+@+*+.+.",
        "  O|.|..*..^.r..@..r....",
        "  O|.|.+.+.+.+^+@+.+.+.+",
        "  O|.|..r...r..@..^^^^..",
        "  O|.|..+.+.+.!.+.+.+.+.",
        "  O|2|^....r.@**r..r...r",
        "  O|.|--------==--------"
      ],
      "terrain": {
        " ": ["t_grass", "t_grass", "t_grass", "t_dirt", "t_dirt", "t_dirt", "t_shrub", "t_shrub", "t_tree_willow"],
        "-": "t_wall",
        "|": "t_wall",
        "+": "t_wall",
        "O": "t_dirt",
        ".": "t_floor",
        "@": "t_floor",
        "2": "t_floor",
        "r": "t_floor",
        "*": "t_floor",
        "^": "t_floor",
        "!": "t_ninja_secret_door_c",
        "=": "t_door_metal_c"
      },
      "traps": {
        "O": "tr_spike_pit",
        "*": "tr_landmine_buried",
        "^": "tr_caltrops"
      },
      "monster": {
        "2": {"monster": "mon_turret_rifle"},
        "r": {"monster": "mon_ninja_spring_floor"}
      }
    }
  },{
    "type" : "mapgen",
    "//" : "1F N",
    "om_terrain" : ["ninja_mansion_1f_north_entrance"],
    "method": "json",
    "weight": 150,
    "object": {
      "fill_ter": "t_dirt",
      "rows": [
        "        |-,,,,-|        ",
        "        |M,,,,M|        ",
        "        |-,,,,-|        ",
        "--------|&,,,,&|--------",
        "|PT........__........|2.",
        "|____________........|.|",
        ".____________........|.|",
        "|--$$----------------|.|",
        "|2|~%2........2.......2%",
        "|.|~|.|--------------!-$",
        "|.|~|.%#~~~~~~~~~~~~~#.$",
        "|.|~|.$$---------------|",
        "|.|~|.|~~~~~~~~~~~~~~|2|",
        "|.|~|.|~|----------|~|.|",
        "|2|~|.|~|<~~~~~~~|2|~|.|",
        "|.|~|.|~|=-----|~|.|~|.|",
        "|.|~|.|~~~~~~~~~~|.|~|.|",
        "|.|~|.|----------|.|~|2|",
        "|.|~|2......2.....2|~|.|",
        "|.|~|--------------|~|.|",
        "|.|~~~~~~~~~~~~~~~~~~|.|",
        "|.|------------------|.|",
        "|2..........2.........2|",
        "|.--------------------.|"
      ],
      "terrain": {
        " ": ["t_grass", "t_grass", "t_grass", "t_dirt", "t_dirt", "t_dirt"],
        "-": "t_wall",
        "|": "t_wall",
        "O": "t_dirt",
        ",": "t_rock_floor",
        "M": "t_rock_floor",
        "&": "t_rock_floor",
        ".": "t_floor",
        "2": "t_floor",
        "T": "t_floor",
        "_": "t_carpet_red",
        "P": "t_console_broken",
        "!": "t_ninja_secret_gate_control_water",
        "#": "t_ninja_secret_floor",
        "%": "t_ninja_secret_gate_control",
        "$": "t_ninja_secret_wall",
        "=": "t_ninja_secret_door_c",
        "~": "t_water_dp",
        "<": "t_stairs_up"
      },
      "furniture": {
        "M": "f_mannequin"
      },
      "traps": {
        "&": "tr_brazier",
        "O": "tr_spike_pit"
      },
      "fields": {
        "&": {"field": "fd_fire", "age": 1, "density": 1 }
      },
      "npcs": {
        "@": {"class": "ninja_npc_ninja" }
      },
      "monster": {
        "2": {"monster": "mon_turret_rifle"}
      },
      "signs": {
        "T": {"snippet": "ninja_snippet_mansion" }
      },
      "place_loot": [
        {"item": "2x4", "chance": 100, "x":  9, "y":  3, "repeat": [20,30]},
        {"item": "2x4", "chance": 100, "x": 14, "y":  3, "repeat": [20,30]}
      ]
    }
  },{
    "type" : "mapgen",
    "//" : "1F NE",
    "om_terrain" : ["ninja_mansion_1f_ne"],
    "method": "json",
    "weight": 150,
    "object": {
      "fill_ter": "t_dirt",
      "rows": [
        "                        ",
        "                        ",
        "OOOOOOOOOOOOOOOOOOOOOO  ",
        "--------------------|O  ",
        "..........2........2|O  ",
        "------------------|.|O  ",
        "...&..........&...|.|O  ",
        ".....@######@.....|.|O  ",
        ".....########.....|.|O  ",
        ".....########.....|.|O  ",
        ".....########.....|.|O  ",
        ".....########.....|.|O  ",
        ".....########.....|.|O  ",
        ".....########.....|2|O  ",
        ".....@######@.....|.|O  ",
        "...&..........&...|.|O  ",
        "---$--!$$$----$---|.|O  ",
        ";;;,;;;;;;;;;;,;;;|.|O  ",
        ";;;,;;;;;;;;;;,;;;|.|O  ",
        ";;;,|--|CC|--|,;;;|.|O  ",
        ";;;,|--|;;|--|,;;;|.|O  ",
        ";;;,;;;;;;;;;;,;;;|.|O  ",
        ";;;,;;;;;;;;;;,;;;|2|O  ",
        "D--$!---DD---!$--D|.|O  "
      ],
      "terrain": {
        " ": ["t_grass", "t_grass", "t_grass", "t_dirt", "t_dirt", "t_dirt", "t_shrub", "t_shrub", "t_tree_willow"],
        "-": "t_wall",
        "|": "t_wall",
        "O": "t_dirt",
        ".": "t_floor",
        "@": "t_floor",
        "&": "t_floor",
        "2": "t_floor",
        "!": "t_ninja_secret_gate_control",
        "$": "t_ninja_secret_wall",
        ",": "t_ninja_secret_rock_floor",
        ";": "t_rock_floor",
        "C": "t_rock_floor",
        "D": "t_door_metal_c_peep"
      },
      "furniture": {
        "#": "f_tatami",
        "@": "f_tatami"
      },
      "traps": {
        "O": "tr_spike_pit",
        "&": "tr_brazier"
      },
      "fields": {
        "&": {"field": "fd_fire", "age": 1, "density": 1 }
      },
      "npcs": {
        "@": {"class": "ninja_npc_ninja" }
      },
      "monster": {
        "2": {"monster": "mon_turret_rifle"},
        "C": {"monster": "mon_chickenbot"}
      },
      "place_loot": [
        {"item": "2x4", "chance": 100, "x":  3, "y":  6, "repeat": [20,30]},
        {"item": "2x4", "chance": 100, "x": 14, "y": 15, "repeat": [20,30]},
        {"item": "2x4", "chance": 100, "x":  3, "y": 15, "repeat": [20,30]},
        {"item": "2x4", "chance": 100, "x": 14, "y":  6, "repeat": [20,30]}
      ]
    }
  },{
    "type" : "mapgen",
    "//" : "1F W",
    "om_terrain" : ["ninja_mansion_1f_west"],
    "method": "json",
    "weight": 150,
    "object": {
      "fill_ter": "t_dirt",
      "rows": [
        "  O|.|..................",
        "  O|.|.|----!#DD#!----|.",
        "  O|.|.|,,,,,,,,,,,,,,|.",
        "  O|.|.|,,,,,,,,,,,,,,|.",
        "  O|.|.|3,,,,,,,,,,,,3|.",
        "  O|.|.D,,,,,,,,,,,,,,|.",
        "  O|.|.D,,,,,,,,,,,,,,|.",
        "  O|2|.|,,,,,,,,,,,,,,|.",
        "  O|.|.###############|.",
        "  O|.|.!3,,,,,,,,,,,,3|.",
        "  O|.|.|,,,,,,,,,,,,,,|.",
        "  O|.|-------#,,#-------",
        "  O|........2|..|2......",
        "  O|.|-------|..|-------",
        "  O|.|??????????????????",
        "  O|.|1?1?1?1?.?.?.?.?1?",
        "  O|.|??????????????????",
        "  O|.|1?1?.?1?1?1?1?.?1?",
        "  O|.|??????????????????",
        "  O|.|.?.?.?.?.?.?.?.?1?",
        "  O|.|??????????????????",
        "  O|.|1?1?.?1?1?1?1?1?1?",
        "  O|2|??????????????????",
        "  O|.|----?-------------"
      ],
      "terrain": {
        " ": ["t_grass", "t_grass", "t_grass", "t_dirt", "t_dirt", "t_dirt", "t_shrub", "t_shrub", "t_tree_willow"],
        "-": "t_wall",
        "|": "t_wall",
        "O": "t_dirt",
        ".": "t_floor",
        "1": "t_floor",
        "2": "t_floor",
        "C": "t_floor",
        ",": "t_ninja_secret_rock_floor",
        "3": "t_rock_floor",
        "D": "t_door_metal_c_peep",
        "=": "t_door_metal_c",
        "!": "t_ninja_secret_gate_control",
        "#": "t_ninja_secret_wall",
        "?": "t_ninja_secret_door_c"
      },
      "traps": {
        "O": "tr_spike_pit"
      },
      "monster": {
        "1": {"monster": "mon_turret"},
        "2": {"monster": "mon_turret_rifle"},
        "3": {"monster": "mon_turret_rifle"}
      }
    }
  },{
    "type" : "mapgen",
    "//" : "1F 2ENTER",
    "om_terrain" : ["ninja_mansion_1f_center"],
    "method": "json",
    "weight": 150,
    "object": {
      "fill_ter": "t_dirt",
      "rows": [
        "|.|.+..^..++....<+.!.|.|",
        "|.|.^^^....^^......#-|.|",
        "|.|.....^^...^^....#<|.|",
        "|.|...^............|-|.|",
        "|.|.+.....++..^..+.|.|.|",
        "|.|...^.......^....|.|.|",
        "|2|..............^.|.|2|",
        "|.|..+++++++.^.^...|.|.|",
        "|.|..+++++++....^..|.|.|",
        "|.|..+++++++.......|.|.|",
        "|.|^^^^.....^..^^^^|.|.|",
        "|.|.^....^....^++++|.|.|",
        "|.|.^........^.++++|.|.|",
        "|.|..^.++++...^++++|.|.|",
        "|.|....++++...^.^..|.|.|",
        "|.|....++++..^.....|.|.|",
        "|.|..^......^..^^..|.|.|",
        "|2|...^....^...^...|.|2|",
        "|.|....^^......^^^.|.|.|",
        "|.|----------------|.|.|",
        "|.|----------------|.|.|",
        "|.|----------------|.|.|",
        "|.|----------------|.|.|",
        "|.--------------------.|"
      ],
      "terrain": {
        "-": "t_wall",
        "|": "t_wall",
        "+": "t_wall",
        ".": "t_floor",
        "^": "t_floor",
        "2": "t_floor",
        "!": "t_ninja_secret_gate_control",
        "#": "t_ninja_secret_wall",
        "<": "t_stairs_up"
      },
      "traps": {
        "^": "tr_caltrops"
      },
      "monster": {
        "2": {"monster": "mon_turret_rifle"}
      },
      "place_loot": [
        {"item": "bone_human", "chance":  40, "x":[ 4,12], "y":[ 6, 6], "repeat": [ 2, 4]},
        {"item": "bone_human", "chance":  40, "x":[12,14], "y":[11,13], "repeat": [ 2, 4]},
        {"item": "bone_human", "chance":  40, "x":[ 7,15], "y":[16,18], "repeat": [ 2, 4]}
      ]
    }
  },{
    "type" : "mapgen",
    "//" : "1F EAST",
    "om_terrain" : ["ninja_mansion_1f_east"],
    "method": "json",
    "weight": 150,
    "object": {
      "fill_ter": "t_dirt",
      "rows": [
        "..................|.|O  ",
        "444,4,,,44,,,,,,,.|.|O  ",
        "4,,,,4,^^^^,,,,,,.|.|O  ",
        ",,4,^^^^^^^^^,,,,.|.|O  ",
        "4,^^^^^^^^^^^^,,,.|.|O  ",
        ",,^^^^^^^^^^^^^,,.|.|O  ",
        ",^^^^C~~^^^^^^^,,.|.|O  ",
        "4,^^^~~C^^^^^^^,,.|.|O  ",
        ",,^^^^^^^^^^^,,,,.|.|O  ",
        "4^^^^^^^^^^^^,,,,.|.|O  ",
        ",,^^^^^U^^^^^,,,,.|.|O  ",
        ",,,^^^^^^^^^^^,,,.|.|O  ",
        "4,^^^^^^^^^^^^,,,.|2|O  ",
        "44^^^^C~^^^^^^,,,.|.|O  ",
        "4,^^^^~~^^^^^^^,,.|.|O  ",
        ",,^^^^~C^^^^^^^,,.|.|O  ",
        "4,,^^^^^^^^^^^,,,.|.|O  ",
        "44,,^^^^^^^^,,,,,.|.|O  ",
        ",,4,,,^^^^^^^,,,,.|.|O  ",
        ",,,4,,,^^^^^^^,,,.|.|O  ",
        ",4,,,4,,^^^^^,,,,.|.|O  ",
        ",,,,4,,,,,^^,,,,,.|.|O  ",
        ",4,,,,4,,4,,4,,,,.|2|O  ",
        "-----------------.|.|O  "
      ],
      "terrain": {
        " ": ["t_grass", "t_grass", "t_grass", "t_dirt", "t_dirt", "t_dirt", "t_shrub", "t_shrub", "t_tree_willow"],
        "-": "t_wall",
        "|": "t_wall",
        "O": "t_dirt",
        ".": "t_floor",
        "2": "t_floor",
        "4": "t_tree_willow",
        ",": ["t_grass", "t_dirt", "t_shrub"],
        "^": "t_water_sh",
        "~": "t_water_dp",
        "C": "t_water_dp",
        "U": "t_utility_light"
      },
      "traps": {
        "O": "tr_spike_pit"
      },
      "npcs": {
        "@": {"class": "ninja_npc_ninja" }
      },
      "monster": {
        "2": {"monster": "mon_turret_rifle"},
        "C": {"monster": "mon_fish_carp"}
      }
    }
  },{
    "type" : "mapgen",
    "//" : "1F SW",
    "om_terrain" : ["ninja_mansion_1f_sw"],
    "method": "json",
    "weight": 150,
    "object": {
      "fill_ter": "t_dirt",
      "rows": [
        "  O|.|,|r,,,,,****|,,,,,",
        "  O|.|,|,|?-------|,---,",
        "  O|.|,,,,,,,,,,,,,,,r,,",
        "  O|.|-------?---------?",
        "  O|.|.?.?.?|r|,,,,,,,,,",
        "  O|.|??????|-|,|,|,|--,",
        "  O|2|??1?.?,,,,,r,,,**!",
        "  O|.|,----------------#",
        "  O|.|,|,,,,,,,,,,,,,,,#",
        "  O|.|,|,|-------------#",
        "  O|.|,|,|,,,,,,,,,,,,|,",
        "  O|.|,|,|,,,,,,,,,,,,|,",
        "  O|.|,|,|,,,,,U,,,,,,|,",
        "  O|.|,|,|,,,,,,,,3,,,|,",
        "  O|.|,|,|,,,,,,,,,|---?",
        "  O|.|,|,!,,,,,,,,,|,,,,",
        "  O|.|,|;#,,,,,,,,,,,,,#",
        "  O|.|,,,D,,,,,,,,,,,,,,",
        "  O|.|------------------",
        "  O|2.........2.........",
        "  O|--------------------",
        "  OOOOOOOOOOOOOOOOOOOOOO",
        "                        ",
        "                        "
      ],
      "terrain": {
        " ": ["t_grass", "t_grass", "t_grass", "t_dirt", "t_dirt", "t_dirt", "t_shrub", "t_shrub", "t_tree_willow"],
        "-": "t_wall",
        "|": "t_wall",
        "O": "t_dirt",
        ".": "t_floor",
        "1": "t_rock_floor",
        "2": "t_floor",
        "3": "t_ninja_secret_rock_floor",
        "r": "t_ninja_secret_rock_floor",
        "*": "t_ninja_secret_rock_floor",
        ",": "t_ninja_secret_rock_floor",
        ";": "t_rock_floor",
        "!": "t_ninja_secret_gate_control",
        "#": "t_ninja_secret_wall",
        "?": "t_ninja_secret_door_c",
        "D": "t_door_metal_c_peep",
        "U": "t_utility_light"
      },
      "traps": {
        "O": "tr_spike_pit",
        "*": "tr_landmine_buried"
      },
      "monster": {
        "1": {"monster": "mon_turret"},
        "2": {"monster": "mon_turret_rifle"},
        "3": {"monster": "mon_turret_rifle"},
        "r": {"monster": "mon_ninja_spring_floor"}
      }
    }
  },{
    "type" : "mapgen",
    "//" : "1F SOUTH",
    "om_terrain" : ["ninja_mansion_1f_south"],
    "method": "json",
    "weight": 150,
    "object": {
      "fill_ter": "t_dirt",
      "rows": [
        "|2.....................2",
        "|.|---------------------",
        "|.|VSSPFF,,,|...........",
        "|.|,,,,,,,,,|?----------",
        "|.|,,,,,,,,,!.&.......&.",
        "|.|----|.|$$$...#####...",
        "|.|[[[[|.|..!...#####...",
        "|.|....|.|......#####...",
        "|.|[[[^?.|......#####...",
        "|2|....|.|....&.......&.",
        "|.|[[[[|.|..............",
        "|.|----|.|!$$--|........",
        "|.|.....@|.....|--------",
        "|.|,,,,..|T....|]]WWDD]]",
        "|!$,,,,..|--.--|,,,,,,,,",
        "..$,,,,.@.......,,bbbb,P",
        "|-|,,,,..|+---+|,,,,,,,,",
        "|.|,,,,..|_t|t_|ddd,,ddd",
        "|.|---------------------",
        ".2..........2...........",
        "------------------------",
        "OOOOOOOOOOOOOOOOOOOOOOOO",
        "                        ",
        "                        "
      ],
      "terrain": {
        " ": ["t_grass", "t_grass", "t_grass", "t_dirt", "t_dirt", "t_dirt", "t_shrub", "t_shrub", "t_tree_willow"],
        "-": "t_wall",
        "|": "t_wall",
        "O": "t_dirt",
        "+": "t_door_c",
        ".": "t_floor",
        "#": "t_floor",
        "&": "t_floor",
        "[": "t_floor",
        "@": "t_floor",
        "T": "t_floor",
        ",": "t_rock_floor",
        "V": "t_rock_floor",
        "S": "t_rock_floor",
        "F": "t_rock_floor",
        "]": "t_rock_floor",
        "W": "t_rock_floor",
        "D": "t_rock_floor",
        "b": "t_rock_floor",
        "d": "t_rock_floor",
        "P": "t_water_pump",
        "2": "t_floor",
        "!": "t_ninja_secret_gate_control",
        "$": "t_ninja_secret_wall",
        "?": "t_ninja_secret_door_c",
        "t": "t_linoleum_white",
        "_": "t_linoleum_white"
      },
      "furniture": {
        "#": "f_tatami",
        "[": "f_bookcase",
        "F": "f_fridge",
        "V": "f_oven",
        "S": "f_sink",
        "]": "f_rack",
        "D": "f_dryer",
        "W": "f_washer",
        "b": "f_table",
        "d": "f_dresser"
      },
      "traps": {
        "O": "tr_spike_pit",
        "^": "tr_caltrops",
        "t": "tr_shotgun_2",
        "&": "tr_brazier"
      },
      "fields": {
        "&": {"field": "fd_fire", "age": 1, "density": 1 }
      },
      "toilets": {
        "t": { }
      },
      "npcs": {
        "@": {"class": "ninja_npc_ninja" }
      },
      "monster": {
        "2": {"monster": "mon_turret_rifle"}
      },
      "signs": {
        "T": { "snippet": "ninja_snippet_dojo" }
      },
      "place_loot": [
        {"item" : "2x4"               , "chance": 100, "x": 14, "y":  4, "repeat": [20,30]},
        {"item" : "2x4"               , "chance": 100, "x": 22, "y":  4, "repeat": [20,30]},
        {"item" : "2x4"               , "chance": 100, "x": 14, "y":  9, "repeat": [20,30]},
        {"item" : "2x4"               , "chance": 100, "x": 22, "y":  9, "repeat": [20,30]},
        {"group": "fridge"            , "chance": 100, "x":  7, "y":  2, "repeat": [10,20]},
        {"group": "fridge"            , "chance": 100, "x":  8, "y":  2, "repeat": [10,20]},
        {"group": "manuals"           , "chance":  70, "x":  3, "y":  6, "repeat": [ 4, 6]},
        {"group": "textbooks"         , "chance":  70, "x":  4, "y":  6, "repeat": [ 4, 6]},
        {"group": "mansion_books"     , "chance":  70, "x":  5, "y":  6, "repeat": [ 4, 6]},
        {"group": "novels"            , "chance":  70, "x":  6, "y":  6, "repeat": [ 4, 6]},
        {"group": "homebooks"         , "chance":  70, "x":  3, "y":  8, "repeat": [ 4, 6]},
        {"group": "manuals"           , "chance":  70, "x":  4, "y":  8, "repeat": [ 4, 6]},
        {"group": "mansion_books"     , "chance":  70, "x":  5, "y":  8, "repeat": [ 4, 6]},
        {"group": "textbooks"         , "chance":  70, "x":  3, "y": 10, "repeat": [ 4, 6]},
        {"group": "mansion_books"     , "chance":  70, "x":  4, "y": 10, "repeat": [ 4, 6]},
        {"group": "textbooks"         , "chance":  70, "x":  5, "y": 10, "repeat": [ 4, 6]},
        {"group": "mansion_books"     , "chance":  70, "x":  6, "y": 10, "repeat": [ 4, 5]},
        {"group": "cleaning"          , "chance":  90, "x": 16, "y": 13, "repeat": [ 8,10]},
        {"group": "cleaning"          , "chance":  90, "x": 17, "y": 13, "repeat": [ 8,10]},
        {"item" : "soap"              , "chance": 100, "x": 22, "y": 13, "repeat": [20,30]},
        {"item" : "washboard"         , "chance": 100, "x": 23, "y": 13, "repeat": [ 1, 1]},
        {"group": "contraband"        , "chance":  30, "x": 18, "y": 15, "repeat": [10,15]},
        {"group": "contraband"        , "chance":  30, "x": 19, "y": 15, "repeat": [10,15]},
        {"group": "contraband"        , "chance":  30, "x": 20, "y": 15, "repeat": [10,15]},
        {"group": "contraband"        , "chance":  30, "x": 21, "y": 15, "repeat": [10,15]},
        {"group": "dresser"           , "chance":  80, "x": 16, "y": 17, "repeat": [ 5,10]},
        {"group": "dresser"           , "chance":  80, "x": 17, "y": 17, "repeat": [ 5,10]},
        {"group": "dresser"           , "chance":  80, "x": 18, "y": 17, "repeat": [ 5,10]},
        {"group": "dresser"           , "chance":  80, "x": 21, "y": 17, "repeat": [ 5,10]},
        {"group": "dresser"           , "chance":  80, "x": 22, "y": 17, "repeat": [ 5,10]},
        {"group": "dresser"           , "chance":  80, "x": 23, "y": 17, "repeat": [ 5,10]}
      ]
    }
  },{
    "type" : "mapgen",
    "//" : "1F SE",
    "om_terrain" : ["ninja_mansion_1f_se"],
    "method": "json",
    "weight": 150,
    "object": {
      "fill_ter": "t_dirt",
      "rows": [
        "...............2|.|.|O  ",
        "----------------|.|.|O  ",
        "?.................|.|O  ",
        "|.|-------------|.|.|O  ",
        "|.|WWWWWWUWWWWWW|.|.|O  ",
        "|.|_C__C___C__C_|.|.|O  ",
        "|.|_____________|.|2|O  ",
        "|.|_____________|.|.|O  ",
        "|.|DHHHHHHHHHHHH|.|.|O  ",
        "|.......F[[[SSSP..|.|O  ",
        "|.................|.|O  ",
        "|.|HHHHHD|DHHHHH|.|.|O  ",
        "|.|c_c___|_^^^^^|.|.|O  ",
        "|.|_c__c_|^^^^^^|.|.|O  ",
        "|.|___c__|^^^^^s|.|.|O  ",
        "|.|U_c__c|^^^s^U|.|.|O  ",
        "|.|------|------|.|.|O  ",
        "|.................|.|O  ",
        "------------------|.|O  ",
        "........2..........2|O  ",
        "--------------------|O  ",
        "OOOOOOOOOOOOOOOOOOOOOO  ",
        "                        ",
        "                        "
      ],
      "terrain": {
        " ": ["t_grass", "t_grass", "t_grass", "t_dirt", "t_dirt", "t_dirt", "t_shrub", "t_shrub", "t_tree_willow"],
        "_": ["t_grass", "t_grass", "t_grass", "t_dirt", "t_dirt", "t_dirt", "t_shrub", "t_shrub"],
        "^": ["t_grass", "t_grass", "t_grass", "t_dirt", "t_dirt", "t_dirt", "t_shrub", "t_shrub"],
        "c": ["t_grass", "t_grass", "t_grass", "t_dirt", "t_dirt", "t_dirt", "t_shrub", "t_shrub"],
        "C": ["t_grass", "t_grass", "t_grass", "t_dirt", "t_dirt", "t_dirt", "t_shrub", "t_shrub"],
        "W": "t_dirt",
        "-": "t_wall",
        "|": "t_wall",
        "O": "t_dirt",
        ".": "t_floor",
        "2": "t_floor",
        "F": "t_floor",
        "S": "t_floor",
        "[": "t_floor",
        "P": "t_water_pump",
        "?": "t_ninja_secret_door_c",
        "H": "t_reinforced_glass_shutter_open",
        "D": "t_door_metal_c_peep",
        "U": "t_utility_light"
      },
      "furniture": {
        "F": "f_fridge",
        "S": "f_sink",
        "[": "f_rack",
        "W": "f_straw_bed",
        "s": "f_egg_sackbw",
        "^": "f_egg_sackbw"
      },
      "traps": {
        "O": "tr_spike_pit"
      },
      "monster": {
        "2": {"monster": "mon_turret_rifle"      },
        "c": {"monster": "mon_chicken"           },
        "C": {"monster": "mon_cow"               },
        "s": {"monster": "mon_spider_widow_giant"}
      },
      "place_loot": [
        {"item": "egg_bird"         , "chance": 100, "x":  8, "y":  9, "repeat": [10,15]},
        {"item": "can_sealer"       , "chance": 100, "x":  9, "y":  9, "repeat": [ 1, 1]},
        {"item": "can_food_unsealed", "chance": 100, "x":  9, "y":  9, "repeat": [15,20]},
        {"item": "jug_plastic"      , "chance": 100, "x":  9, "y":  9, "repeat": [ 5,10]},
        {"item": "vac_sealer"       , "chance": 100, "x": 10, "y":  9, "repeat": [ 1, 1]},
        {"item": "bag_plastic"      , "chance": 100, "x": 10, "y":  9, "repeat": [20,30]},
        {"item": "battery"          , "chance": 100, "x": 10, "y":  9, "repeat": [ 5,10]},
        {"item": "dehydrator"       , "chance": 100, "x": 11, "y":  9, "repeat": [ 1, 1]},
        {"item": "hotplate"         , "chance": 100, "x": 11, "y":  9, "repeat": [ 1, 1]},
        {"item": "battery"          , "chance": 100, "x": 11, "y":  9, "repeat": [ 5,10]}
      ]
    }
  },{
    "type" : "mapgen",
    "//" : "1F N",
    "om_terrain" : ["ninja_mansion_2f_north"],
    "method": "json",
    "weight": 150,
    "object": {
      "fill_ter": "t_open_air",
      "rows": [
        "////////////////////////",
        "////////////////////////",
        "////////////////////////",
        "-RRRRRRRRRRRRRRRRRRRRRR-",
        "|......................|",
        "|M...#####....#####...M|",
        "|....#####....#####....|",
        "|M...#####....#####...M|",
        "|....#####....#####....|",
        "|M...#####....#####...M|",
        "|......................|",
        "|..@................@..|",
        "|......................|",
        "|.......|------|.......|",
        "|.......|>.....|.......|",
        "|.......|--DD--|.......|",
        "|......................|",
        "|......................|",
        "|.........RRRR.........|",
        "|.........R//R.........|",
        "|.........R//R.........|",
        "|.........RRRR.........|",
        "|......................|",
        "|-D--------------------|"
      ],
      "terrain": {
        "/": "t_open_air",
        "R": "t_railing_v",
        "-": "t_wall",
        "|": "t_wall",
        ".": "t_floor",
        "#": "t_floor",
        "M": "t_floor",
        "&": "t_floor",
        "@": "t_floor",
        "D": "t_door_metal_c",
        ">": "t_stairs_down"
      },
      "furniture": {
        "#": "f_tatami",
        "M": "f_mannequin"
      },
      "npcs": {
        "@": {"class": "ninja_npc_ninja" }
      },
      "place_loot": [
        {"item": "katana"       , "chance":  20, "x":  1, "y":  5, "repeat": [ 1, 1]},
        {"item": "helmet_kabuto", "chance": 100, "x":  1, "y":  5, "repeat": [ 1, 1]},
        {"item": "armor_samurai", "chance": 100, "x":  1, "y":  5, "repeat": [ 1, 1]},
        {"item": "katana"       , "chance":  20, "x":  1, "y":  7, "repeat": [ 1, 1]},
        {"item": "helmet_kabuto", "chance": 100, "x":  1, "y":  7, "repeat": [ 1, 1]},
        {"item": "armor_samurai", "chance": 100, "x":  1, "y":  7, "repeat": [ 1, 1]},
        {"item": "katana"       , "chance":  20, "x":  1, "y":  9, "repeat": [ 1, 1]},
        {"item": "helmet_kabuto", "chance": 100, "x":  1, "y":  9, "repeat": [ 1, 1]},
        {"item": "armor_samurai", "chance": 100, "x":  1, "y":  9, "repeat": [ 1, 1]},
        {"item": "katana"       , "chance":  20, "x": 22, "y":  5, "repeat": [ 1, 1]},
        {"item": "helmet_kabuto", "chance": 100, "x": 22, "y":  5, "repeat": [ 1, 1]},
        {"item": "armor_samurai", "chance": 100, "x": 22, "y":  5, "repeat": [ 1, 1]},
        {"item": "katana"       , "chance":  20, "x": 22, "y":  7, "repeat": [ 1, 1]},
        {"item": "helmet_kabuto", "chance": 100, "x": 22, "y":  7, "repeat": [ 1, 1]},
        {"item": "armor_samurai", "chance": 100, "x": 22, "y":  7, "repeat": [ 1, 1]},
        {"item": "katana"       , "chance":  20, "x": 22, "y":  9, "repeat": [ 1, 1]},
        {"item": "helmet_kabuto", "chance": 100, "x": 22, "y":  9, "repeat": [ 1, 1]},
        {"item": "armor_samurai", "chance": 100, "x": 22, "y":  9, "repeat": [ 1, 1]}
      ]
    }
  },{
    "type" : "mapgen",
    "//" : "1F N",
    "om_terrain" : ["ninja_mansion_2f_center"],
    "method": "json",
    "weight": 150,
    "object": {
      "fill_ter": "t_open_air",
      "rows": [
        "|/..............>./|2|.|",
        "|/................/|-|.|",
        "|/.r............../|>|.|",
        "|/...........r..../|.|.|",
        "|/................/|.|.|",
        "|//////////////////|.|.|",
        "|//////////////////|.|.|",
        "|////......r///////|.|.|",
        "|////..r....///////|.|.|",
        "|//////////////////|.|.|",
        "|//////////////////|.|.|",
        "|//////////////.../|.|.|",
        "|//////////////.../|.|.|",
        "|//////.../////r../|.|.|",
        "|//////.../////////|.|.|",
        "|//////..r/////////|.|.|",
        "|//////////////////|.|.|",
        "|//////////////////|.|.|",
        "|RRRRRRRRRRRRRRRRRR|.|.|",
        "|..................|.|.|",
        "|....<.............|.|.|",
        "|#-----------------|.|.|",
        "|#.................#.|.|",
        "|#!---------------!#!|.|" 
      ],
      "terrain": {
        "/": "t_open_air",
        "R": "t_railing_v",
        "-": "t_wall",
        "|": "t_wall",
        ".": "t_floor",
        "2": "t_floor",
        "r": "t_floor",
        "!": "t_ninja_secret_gate_control",
        "#": "t_ninja_secret_wall",
        "?": "t_ninja_secret_door_c",
        ">": "t_stairs_down",
        "<": "t_stairs_up"
      },
      "monster": {
        "2": {"monster": "mon_turret_rifle"},
        "r": {"monster": "mon_ninja_spring_floor"}
      }
    }
  },{
    "type" : "mapgen",
    "//" : "1F N",
    "om_terrain" : ["ninja_mansion_3f_center"],
    "method": "json",
    "weight": 150,
    "object": {
      "fill_ter": "t_open_air",
      "rows": [
        "////////////////////////",
        "///..................///",
        "///.RRRRRRRRRRRRRRRR.///",
        "///.R..............R.///",
        "///.R.|----HH----|.R.///",
        "///.R.|..........|.R.///",
        "///.R.|..######..|.R.///",
        "///.R.|..######..|.R.///",
        "///.R.H..######..H.R.///",
        "///.R.H..######..H.R.///",
        "///.R.|..######..|.R.///",
        "///.R.|..######..|.R.///",
        "///.R.|...@..@...|.R.///",
        "///.R.H..........H.R.///",
        "///.R.H...h..h...H.R.///",
        "///.R.|...tttt...|.R.///",
        "///.R.|...tttt...|.R.///",
        "///.R.|...h..h...|.R.///",
        "///.R.|..........|.R.///",
        "///.R.|D---HH----|.R.///",
        "///.R>.............R.///",
        "///$RRRRRRRRRRRRRRRR.///",
        "///!.................///",
        "////////////////////////"
      ],
      "terrain": {
        "/": "t_open_air",
        "R": "t_railing_v",
        "-": "t_wall",
        "|": "t_wall",
        ".": "t_floor",
        "h": "t_floor",
        "t": "t_floor",
        "#": "t_floor",
        "@": "t_floor",
        "H": "t_reinforced_glass_shutter_open",
        "D": "t_door_metal_c",
        "!": "t_ninja_secret_gate_control_air",
        "$": "t_ninja_secret_floor",
        "?": "t_ninja_secret_door_c",
        ">": "t_stairs_down"
      },
      "furniture": {
        "#": "f_tatami",
        "h": "f_chair",
        "t": "f_table"
      },
      "traps": {
        "&": "tr_brazier"
      },
      "npcs": {
        "@": {"class": "ninja_npc_high_ninja" }
      }
    }
  },{
    "type" : "mapgen",
    "//" : "1F N",
    "om_terrain" : ["ninja_mansion_2f_west"],
    "method": "json",
    "weight": 150,
    "object": {
      "fill_ter": "t_open_air",
      "rows": [
        "|-----|/////////////////",
        "|.....|/////////////////",
        "|.....|/////////////////",
        "|.....|/////////////////",
        "|.....|/////////////////",
        "|.....|/////////////////",
        "|.....|/////////////////",
        "|-----|/////////////////",
        "////////////////////////",
        "////////////////////////",
        "////////////////////////",
        "////////////////////////",
        "////////////////////////",
        "////////////////////////",
        "////////////////////////",
        "////////////////////////",
        "////////////////////////",
        "////////////////////////",
        "////////////////////////",
        "////////////////////////",
        "////////////////////////",
        "////////////////////////",
        "////////////////////////",
        "////////////////////////"
      ],
      "terrain": {
        "/": "t_open_air",
        "-": "t_wall",
        "|": "t_wall",
        ".": "t_floor"
      }
    }
  },{
    "type" : "mapgen",
    "//" : "1F N",
    "om_terrain" : ["ninja_mansion_3f_west"],
    "method": "json",
    "weight": 150,
    "object": {
      "fill_ter": "t_open_air",
      "rows": [
        "|-----|/////////////////",
        "|B[[[[|/////////////////",
        "|.....|/////////////////",
        "|.....|/////////////////",
        "|...r.|/////////////////",
        "|.....|/////////////////",
        "|.....|/////////////////",
        "|---D-|/////////////////",
        "R.....R/////////////////",
        "R.RRRRR/////////////////",
        "/.//////////////////////",
        "/.//////////////////////",
        "/.//////////////////////",
        "/.//////////////////////",
        "/.//////////////////////",
        "/.//////////////////////",
        "/.//////////////////////",
        "/.//////////////////////",
        "/.//////////////////////",
        "/.//////////////////////",
        "/.R/////////////////////",
        "/@$/////////////////////",
        "/.!/////////////////////",
        "////////////////////////"
      ],
      "terrain": {
        "/": "t_open_air",
        "R": "t_railing_v",
        "-": "t_wall",
        "|": "t_wall",
        ".": "t_floor",
        "r": "t_floor",
        "[": "t_floor",
        "B": "t_floor",
        "@": "t_floor",
        "!": "t_ninja_secret_gate_control_air",
        "$": "t_ninja_secret_floor",
        "D": "t_door_metal_c"
      },
      "furniture": {
        "[": "f_rack",
        "B": "f_bookcase"
      },
      "monster": {
        "r": {"monster": "mon_ninja_spring_floor"}
      },
      "npcs": {
        "@": {"class": "ninja_npc_high_ninja" }
      },
      "place_loot": [
        {"group": "ninja_rare_ammo"   , "chance": 100, "x":  2, "y":  1, "repeat": [ 6,10]},
        {"group": "ninja_rare_ammo"   , "chance": 100, "x":  2, "y":  1, "repeat": [ 6,10]},
        {"group": "ninja_rare_gun"    , "chance": 100, "x":  2, "y":  1, "repeat": [ 1, 2]},
        {"group": "ninja_rare_gunmod" , "chance": 100, "x":  2, "y":  1, "repeat": [ 2, 4]},
        {"group": "ninja_rare_enagy"  , "chance": 100, "x":  3, "y":  1, "repeat": [ 8,10]},
        {"group": "ninja_rare_enagy"  , "chance": 100, "x":  3, "y":  1, "repeat": [ 8,10]},
        {"group": "ninja_rare_vparts" , "chance": 100, "x":  4, "y":  1, "repeat": [ 1, 4]},
        {"group": "ninja_rare_chem"   , "chance": 100, "x":  4, "y":  1, "repeat": [ 8,10]},
        {"group": "ninja_rare_cbm"    , "chance": 100, "x":  5, "y":  1, "repeat": [ 3, 5]},
        {"group": "ninja_rare_special", "chance": 100, "x":  5, "y":  1, "repeat": [ 3, 5]},
        {"group": "mansion_books"     , "chance":  70, "x":  1, "y":  1, "repeat": [ 4, 6]},
        {"group": "mansion_books"     , "chance":  70, "x":  1, "y":  1, "repeat": [ 4, 6]},
        {"group": "mansion_books"     , "chance":  70, "x":  1, "y":  1, "repeat": [ 4, 6]},
        {"group": "mansion_books"     , "chance":  70, "x":  1, "y":  1, "repeat": [ 4, 6]},
        {"item" : "manual_ninjutsu"   , "chance": 100, "x":  1, "y":  1, "repeat": [ 1, 1]}
      ]
    }
  }
]
