[
  {
    "type" : "overmap_terrain",
    "id" : "ninja_tower_1",
    "name" : "Large Office Tower",
    "sym" : 84,
    "color" : "white",
    "see_cost" : 5,
    "mondensity" : 0,
    "sidewalk" : true
  },{
    "type" : "overmap_terrain",
    "id" : "ninja_tower_2",
    "name" : "Large Office Tower",
    "sym" : 84,
    "color" : "white",
    "see_cost" : 5,
    "mondensity" : 0,
    "sidewalk" : true
  },{
    "type" : "overmap_terrain",
    "id" : "ninja_tower_3",
    "name" : "Large Office Tower",
    "sym" : 84,
    "color" : "white",
    "see_cost" : 5,
    "mondensity" : 0,
    "sidewalk" : true
  },{
    "type" : "overmap_terrain",
    "id" : "ninja_tower_4",
    "name" : "Large Office Tower",
    "sym" : 84,
    "color" : "white",
    "see_cost" : 5,
    "mondensity" : 0,
    "sidewalk" : true
  },{
    "type" : "overmap_terrain",
    "id" : "ninja_tower_5",
    "name" : "Large Office Tower",
    "sym" : 84,
    "color" : "white",
    "see_cost" : 5,
    "mondensity" : 0,
    "sidewalk" : true
  },{
    "type" : "overmap_terrain",
    "id" : "ninja_tower_6",
    "name" : "Large Office Tower",
    "sym" : 84,
    "color" : "white",
    "see_cost" : 5,
    "mondensity" : 0,
    "sidewalk" : true
  },{
    "type" : "overmap_terrain",
    "id" : "ninja_tower_7",
    "name" : "Large Office Tower",
    "sym" : 84,
    "color" : "white",
    "see_cost" : 5,
    "mondensity" : 0,
    "sidewalk" : true
  },{
    "type" : "overmap_terrain",
    "id" : "ninja_tower_8",
    "name" : "Large Office Tower",
    "sym" : 84,
    "color" : "white",
    "see_cost" : 5,
    "mondensity" : 0,
    "sidewalk" : true
  },{
    "type" : "overmap_terrain",
    "id" : "ninja_tower_9",
    "name" : "Large Office Tower",
    "sym" : 84,
    "color" : "white",
    "see_cost" : 5,
    "mondensity" : 0,
    "sidewalk" : true
  },{
    "type" : "overmap_terrain",
    "id" : "ninja_tower_10",
    "name" : "Large Office Tower",
    "sym" : 84,
    "color" : "white",
    "see_cost" : 5,
    "mondensity" : 0,
    "sidewalk" : true
  },{
    "type" : "overmap_terrain",
    "id" : "ninja_tower_11",
    "name" : "Large Office Tower",
    "sym" : 84,
    "color" : "white",
    "see_cost" : 5,
    "mondensity" : 0,
    "sidewalk" : true
  },{
    "type" : "overmap_terrain",
    "id" : "ninja_tower_12",
    "name" : "Large Office Tower",
    "sym" : 84,
    "color" : "white",
    "see_cost" : 5,
    "mondensity" : 0,
    "sidewalk" : true
  },{
    "type" : "overmap_terrain",
    "id" : "ninja_tower_13",
    "name" : "Large Office Tower",
    "sym" : 84,
    "color" : "white",
    "see_cost" : 5,
    "mondensity" : 0,
    "sidewalk" : true
  },{
    "type" : "overmap_terrain",
    "id" : "ninja_tower_14",
    "name" : "Large Office Tower",
    "sym" : 84,
    "color" : "white",
    "see_cost" : 5,
    "mondensity" : 0,
    "sidewalk" : true
  },{
    "type" : "overmap_terrain",
    "id" : "ninja_tower_15",
    "name" : "Large Office Tower",
    "sym" : 84,
    "color" : "white",
    "see_cost" : 5,
    "mondensity" : 0,
    "sidewalk" : true
  },{
    "type" : "overmap_terrain",
    "id" : "ninja_tower_16",
    "name" : "Large Office Tower",
    "sym" : 84,
    "color" : "white",
    "see_cost" : 5,
    "mondensity" : 0,
    "sidewalk" : true
  },{
    "type" : "overmap_terrain",
    "id" : "ninja_cabin_1",
    "name" : "cabin",
    "sym" : 67,
    "color" : "i_green",
    "see_cost" : 5,
    "mondensity" : 0,
    "extras" : "field"
  },{
    "type" : "overmap_terrain",
    "id" : "ninja_cabin_b1",
    "name" : "cabin basement",
    "sym" : 67,
    "color" : "i_green",
    "see_cost" : 5,
    "mondensity" : 0,
    "extras" : "build"
  },{
    "type" : "overmap_terrain",
    "id" : "ninja_mansion_1f_nw",
    "name" : "mansion",
    "sym" : 77,
    "color" : "green",
    "see_cost" : 5,
    "extras" : "build",
    "mondensity" : 0
  },{
    "type" : "overmap_terrain",
    "id" : "ninja_mansion_1f_north_entrance",
    "name" : "mansion",
    "sym" : 77,
    "color" : "light_green",
    "see_cost" : 5,
    "extras" : "build",
    "mondensity" : 0
  },{
    "type" : "overmap_terrain",
    "id" : "ninja_mansion_1f_ne",
    "name" : "mansion",
    "sym" : 77,
    "color" : "green",
    "see_cost" : 5,
    "extras" : "build",
    "mondensity" : 0
  },{
    "type" : "overmap_terrain",
    "id" : "ninja_mansion_1f_west",
    "name" : "mansion",
    "sym" : 77,
    "color" : "green",
    "see_cost" : 5,
    "extras" : "build",
    "mondensity" : 0
  },{
    "type" : "overmap_terrain",
    "id" : "ninja_mansion_1f_center",
    "name" : "mansion",
    "sym" : 77,
    "color" : "green",
    "see_cost" : 5,
    "extras" : "build",
    "mondensity" : 0
  },{
    "type" : "overmap_terrain",
    "id" : "ninja_mansion_1f_east",
    "name" : "mansion",
    "sym" : 77,
    "color" : "green",
    "see_cost" : 5,
    "extras" : "build",
    "mondensity" : 0
  },{
    "type" : "overmap_terrain",
    "id" : "ninja_mansion_1f_sw",
    "name" : "mansion",
    "sym" : 77,
    "color" : "green",
    "see_cost" : 5,
    "extras" : "build",
    "mondensity" : 0
  },{
    "type" : "overmap_terrain",
    "id" : "ninja_mansion_1f_south",
    "name" : "mansion",
    "sym" : 77,
    "color" : "green",
    "see_cost" : 5,
    "extras" : "build",
    "mondensity" : 0
  },{
    "type" : "overmap_terrain",
    "id" : "ninja_mansion_1f_se",
    "name" : "mansion",
    "sym" : 77,
    "color" : "green",
    "see_cost" : 5,
    "extras" : "build",
    "mondensity" : 0
  },{
    "type" : "overmap_terrain",
    "id" : "ninja_mansion_2f_north",
    "name" : "mansion",
    "sym" : 77,
    "color" : "green",
    "see_cost" : 5,
    "extras" : "build",
    "mondensity" : 0
  },{
    "type" : "overmap_terrain",
    "id" : "ninja_mansion_2f_center",
    "name" : "mansion",
    "sym" : 77,
    "color" : "green",
    "see_cost" : 5,
    "extras" : "build",
    "mondensity" : 0
  },{
    "type" : "overmap_terrain",
    "id" : "ninja_mansion_2f_west",
    "name" : "mansion",
    "sym" : 77,
    "color" : "green",
    "see_cost" : 5,
    "extras" : "build",
    "mondensity" : 0
  },{
    "type" : "overmap_terrain",
    "id" : "ninja_mansion_3f_center",
    "name" : "天守閣",
    "sym" : 77,
    "color" : "light_green",
    "see_cost" : 5,
    "extras" : "build",
    "mondensity" : 0
  },{
    "type" : "overmap_terrain",
    "id" : "ninja_mansion_3f_west",
    "name" : "西の丸・宝物庫",
    "sym" : 77,
    "color" : "yellow",
    "see_cost" : 5,
    "extras" : "build",
    "mondensity" : 0
  },{
    "type" : "overmap_terrain",
    "id" : "ninja_blaze_trailer_home",
    "name" : "Ignite 'Blaze'のトレーラーハウス",
    "sym" : 38,
    "color" : "red",
    "see_cost" : 5,
    "mondensity" : 0
  }
]
