[
  {
    "type": "mapgen",
    "om_terrain": ["house"],
    "method": "json",
    "weight": 200,
    "object": {
      "fill_ter" : "t_floor",
      "rows" : [
        "%%%%%%%/%%%%%%.........%",
        "%............%.sssssss.%",
        "%##HH##;##HH##=======##%",
        "%#L  rrrrr  L|       e#%",
        "%#L  rrrrr   +        #%",
        "%#-----+-----|        #%",
        "%#F         C|        #%",
        "%H          C|        #%",
        "%Hm aah      |        #%",
        "%#m aah     b|        #%",
        "%#m         b|        #%",
        "%#mmmmm     b|        #%",
        "%#-----+-----|--------#%",
        "%HO$__| |LLLL|U      vH%",
        "%HO__t| |    | haah  SH%",
        "%#--+-| ----;| haah  SH%",
        "%H    +              fH%",
        "%####;#+--------------#%",
        "%.....H      +       d#%",
        "%.P...#+-----| BB BB d#%",
        "%.....#   B B| BB BB  #%",
        "%4....#   B B|        #%",
        "%4o...#HH###########HH#%",
        "%%%%%%%%%%%%%%%%%%%%%%%%"
      ],
      "terrain" : {
        ".": "t_grass",
        "s": "t_sidewalk",
        "|": "t_wall",
        "-": "t_wall",
        "#": "t_brick_wall",
        "%": "t_chainfence_h",
        "/": "t_chaingate_c",
        "H": "t_reinforced_glass_shutter",
        "4": "t_tree_pine",
        "+": "t_door_c",
        "=": "t_door_metal_locked",
        ";": "t_door_metal_pickable",
        "e": "t_gates_mech_control",
        "r": "t_carpet_red",
        "F": "t_floor",
        "C": "t_floor",
        "a": "t_floor",
        "h": "t_floor",
        "n": "t_floor",
        "b": "t_floor",
        "m": "t_floor",
        "L": "t_floor",
        "t": "t_linoleum_white",
        "O": "t_linoleum_white",
        "$": "t_linoleum_white",
        "_": "t_linoleum_white",
        "o": "t_pit_covered",
        "f": "t_floor",
        "v": "t_floor",
        "d": "t_floor",
        "S": "t_floor",
        "P": "t_water_pump",
        "U": "t_utility_light"
      },
      "furniture" : {
        "F": "f_fireplace",
        "C": "f_cupboard",
        "a": "f_table",
        "h": "f_chair",
        "n": "f_trashcan",
        "b": "f_bench",
        "m": "f_sofa",
        "L": "f_locker",
        "S": "f_sink",
        "O": "f_bathtub",
        "B": "f_bed",
        "$": "f_shower",
        "f": "f_fridge",
        "v": "f_oven",
        "d": "f_dresser"
      },
      "toilets" : {
          "t" : { }
      },
      "place_vehicles" : [
          {"vehicle": "suburban_home", "x": 17, "y": 6, "rotation": 90, "fuel": 80, "status": 1, "chance": 100}
      ],
      "place_loot" : [
        {"group": "guns_pistol_common", "chance": 50, "x": [10,12], "y": [13,13], "repeat": [ 3, 5], "magazine": 100, "ammo": 100},
        {"item" : "reloaded_9mmP2"    , "chance": 60, "x": [10,12], "y": [13,13], "repeat": [ 8,10]},
        {"item" : "ninja_gun_ay893"   , "chance":  5, "x": [10,12], "y": [13,13], "repeat": [ 1, 1], "magazine": 100, "ammo": 100},
        {"item" : "chem_rocket_fuel"  , "chance":100, "x": [ 9, 9], "y": [13,13], "repeat": [ 5,10]},
        {"group": "softdrugs"         , "chance":100, "x": [ 4, 5], "y": [ 8, 9], "repeat": [ 1, 3]},
        {"group": "bed"               , "chance":100, "x": [15,16], "y": [19,20], "repeat": [ 1, 3]},
        {"group": "bed"               , "chance":100, "x": [18,19], "y": [19,20], "repeat": [ 1, 3]},
        {"group": "bed"               , "chance":100, "x": [10,10], "y": [20,21], "repeat": [ 1, 3]},
        {"group": "bed"               , "chance":100, "x": [12,12], "y": [20,21], "repeat": [ 1, 3]},
        {"group": "dresser"           , "chance":100, "x": [21,21], "y": [18,19], "repeat": [ 1, 4]},
        {"group": "fridge"            , "chance":100, "x": [21,21], "y": [16,16], "repeat": [ 1, 5]},
        {"item" : "umbrella"          , "chance":100, "x": [12,12], "y": [ 3, 3], "repeat": [ 1, 5]},
        {"item" : "bone_human"        , "chance":100, "x": [ 2, 2], "y": [22,22], "repeat": [ 3, 5]},
        {"item" : "katana_inferior"   , "chance":100, "x": [12,12], "y": [ 8, 8], "repeat": [ 1, 1]},
        {"item" : "ninja_tengu_mask"  , "chance": 10, "x": [12,12], "y": [ 8, 8], "repeat": [ 1, 1]}
      ]
    }
  }
]
