[
  {
    "type": "mapgen",
    "om_terrain": [
        "ninja_blaze_trailer_home"
    ],
    "method": "json",
    "weight": 100,
    "object": {
      "fill_ter": "t_dirt",
      "rows": [
        "                        ",
        "                    w   ",
        "w   ============        ",
        "    =          =        ",
        "    =          =        ",
        " w  =          =        ",
        "    =          =        ",
        "    =          =        ",
        "    =          =        ",
        "    ===T...=====        ",
        "        ...@            ",
        "        ...             ",
        "        ...             ",
        "        ...ww           ",
        "        ...ww           ",
        "........................",
        "........................",
        "........................",
        "                    . w ",
        "                    . 4 ",
        "  w                w.Pw ",
        "         w        w4 ~4 ",
        " w                 ww w ",
        "                    4w  "
      ],
      "terrain": {
        " ": ["t_grass", "t_grass", "t_grass", "t_grass", "t_grass", "t_grass", "t_dirt"],
        ".": "t_dirt",
        "@": "t_dirt",
        "P": "t_water_pump",
        "~": "t_water_sh",
        "4": "t_tree_willow",
        "w": "t_shrub"
      },
      "traps": {
        "=": "tr_beartrap"
      },
      "npcs": {
        "@": {"class": "ninja_npc_high_ninja_blaze" }
      },
      "signs": {
        "T": { "snippet": "ninja_snippet_blaze_home" }
      },
      "place_vehicles": [
        {"vehicle": "ninja_vehicle_house_trailer"    , "x": 10, "y":  5, "rotation": 180, "chance": 100},
        {"vehicle": "ninja_vehicle_ninja_ZX14_custom", "x":  4, "y": 15, "rotation":  90, "chance":  20}
      ]
    }
  }
]
