[
  {
    "type": "mapgen",
    "method": "json",
    "om_terrain": [ "s_gas" ],
    "weight": 100,
    "object": {
      "fill_ter": "t_pavement",
      "rows": [
        "s         VVVVVV       s",
        "s        VV    VV      s",
        "s ,       V    V     , s",
        "s 5       V@   V     5 s",
        "s ,       V    V     , s",
        "s         V    V       s",
        "s         VVVVVV       s",
        "s ,       VVVVVV     , s",
        "s 9       V    V     9 s",
        "s ,       V    V     , s",
        "s         V    V       s",
        "s         V    V       s",
        "s ,       V    V     , s",
        "s 5       V    V     5 s",
        "s ,       V    V     , s",
        "s         V    V       s",
        "s         VVVVVV       s",
        "s-+-=-----             s",
        "s|...1|t|&           r|s",
        "s=...2|:|&           r|s",
        "s=...w-+--    %%%%%  r|s",
        "s|[[.....+    %   /  r|s",
        "s----------------------s",
        "ssssssssssssssssssssssss"
      ],
      "terrain": {
        "-": "t_wall",
        "|": "t_wall",
        ".": "t_floor",
        "s": "t_sidewalk",
        ":": "t_linoleum_white",
        "t": "t_linoleum_white",
        "+": "t_door_c",
        "r": "t_pavement",
        "T": "t_floor",
        "[": "t_floor",
        "w": "t_floor",
        "1": "t_floor",
        "2": "t_floor",
        "=": "t_window_domestic",
        "&": "t_atm",
        "5": "t_gas_pump",
        "%": "t_chainfence_h",
        "/": "t_chaingate_c",
        ",": "t_little_column"
      },
      "furniture": {
        "9": "f_aut_gas_console",
        "r": "f_rack",
        "T": "f_table",
        "[": "f_sofa",
        "w": "f_indoor_plant_y"
      },
      "vendingmachines": {
        "1": { "item_group": "vending_drink" },
        "2": { "item_group": "vending_food" }
      },
      "toilets" : {
          "t" : { }
      },
      "npcs": {
        "@": {"class": "bs_npc_driver" }
      },
      "place_vehicles": [
        {"vehicle": "tank_trailer", "x": [11,11], "y": [ 3, 3], "rotation": -90, "chance": 100}
      ],
      "place_liquids": [
        {"liquid": "gasoline"     , "x": [15,17], "y": [21,21], "repeat": [200, 400]}
      ],
      "place_terrain": [
        { "ter": "t_gas_tank"     , "x": [15,15], "y": [21,21]},
        { "ter": "t_gas_tank"     , "x": [16,16], "y": [21,21]},
        { "ter": "t_gas_tank"     , "x": [17,17], "y": [21,21]}
      ],
      "place_loot" : [
        {"item": "wheel"          , "x": [21,21], "y": [18,19], "repeat": [ 4, 8], "chance": 80}
       ,{"item": "wheel_wide"     , "x": [21,21], "y": [20,21], "repeat": [ 4, 8], "chance": 80}
      ]
    }
  },

  {
    "//": "No NPC version.",
    "type": "mapgen",
    "method": "json",
    "om_terrain": [ "s_gas" ],
    "weight": 500,
    "object": {
      "fill_ter": "t_pavement",
      "rows": [
        "s                      s",
        "s                      s",
        "s ,                  , s",
        "s 5                  5 s",
        "s ,                  , s",
        "s                      s",
        "s                      s",
        "s ,                  , s",
        "s 9                  9 s",
        "s ,                  , s",
        "s                      s",
        "s                      s",
        "s ,                  , s",
        "s 5                  5 s",
        "s ,                  , s",
        "s                      s",
        "s                      s",
        "s-+-=-----             s",
        "s|...1|t|&           r|s",
        "s=...2|:|&           r|s",
        "s=...w-+--    %%%%%  r|s",
        "s|[[.....+    %   /  r|s",
        "s----------------------s",
        "ssssssssssssssssssssssss"
      ],
      "terrain": {
        "-": "t_wall",
        "|": "t_wall",
        ".": "t_floor",
        "s": "t_sidewalk",
        ":": "t_linoleum_white",
        "t": "t_linoleum_white",
        "+": "t_door_c",
        "r": "t_pavement",
        "T": "t_floor",
        "[": "t_floor",
        "w": "t_floor",
        "1": "t_floor",
        "2": "t_floor",
        "=": "t_window_domestic",
        "&": "t_atm",
        "5": "t_gas_pump",
        "%": "t_chainfence_h",
        "/": "t_chaingate_c",
        ",": "t_little_column"
      },
      "furniture": {
        "9": "f_aut_gas_console",
        "r": "f_rack",
        "T": "f_table",
        "[": "f_sofa",
        "w": "f_indoor_plant_y"
      },
      "vendingmachines": {
        "1": { "item_group": "vending_drink" },
        "2": { "item_group": "vending_food" }
      },
      "toilets" : {
          "t" : { }
      },
      "place_liquids": [
        {"liquid": "gasoline"     , "x": [15,17], "y": [21,21], "repeat": [200, 400]}
      ],
      "place_terrain": [
        { "ter": "t_gas_tank"     , "x": [15,15], "y": [21,21]},
        { "ter": "t_gas_tank"     , "x": [16,16], "y": [21,21]},
        { "ter": "t_gas_tank"     , "x": [17,17], "y": [21,21]}
      ],
      "place_loot" : [
        {"item": "wheel"          , "x": [21,21], "y": [18,19], "repeat": [ 4, 8], "chance": 80}
       ,{"item": "wheel_wide"     , "x": [21,21], "y": [20,21], "repeat": [ 4, 8], "chance": 80}
      ]
    }
  }
]
