[
  {
    "type": "mapgen",
    "om_terrain": [
        "s_garage"
    ],
    "method": "json",
    "weight": 150,
    "object": {
      "rows": [
        ";,,,,,,,,,,,,,,,,,,,,,,;",
        ";,,,,,,,,,,,c,,,,,,,,,,;",
        ";-==-+--==---.........-;",
        ";|....|.hh..c.........|;",
        ";|....|.TT...........r|;",
        ";|....+.TT...........r|;",
        ";|....|.hh...........r|;",
        ";|---+|..............r|;",
        ";|L...|..............r|;",
        ";|L...|..............r|;",
        ";|L...|..............r|;",
        ";|L...|..............r|;",
        ";|---+|..............r|;",
        ";|r...|..............r|;",
        ";|r...|...............=;",
        ";|r...+...............=;",
        ";|r...+.....rrrrrrrrrr|;",
        ";|----|*--------------|;",
        ";|BBBB|....SS*..+...ff|;",
        ";|....|.....S|..|..@..%;",
        ";|....+......|+-|.hTTh%;",
        ";|....|rrrrrr|^t|.....|;",
        ";-*-----------%%---%%--;",
        ";;;;;;;;;;;;;;;;;;;;;;;;"
      ],
      "fill_ter": "t_dirt",
      "terrain": {
        ",": "t_sidewalk",
        ";": "t_pavement",
        "|": "t_wall",
        "-": "t_wall",
        ".": "t_floor",
        "d": "t_floor",
        "h": "t_floor",
        "f": "t_floor",
        "r": "t_floor",
        "L": "t_floor",
        "T": "t_floor",
        "S": "t_floor",
        "B": "t_floor",
        "@": "t_floor",
        "+": "t_door_c",
        "*": "t_door_boarded",
        "=": "t_window_domestic",
        "%": "t_window_reinforced",
        "t": "t_linoleum_white",
        "^": "t_linoleum_white",
        "c": "t_gates_mech_control"
      },
      "furniture" : {
        "T": "f_table",
        "h": "f_chair",
        "f": "f_fridge",
        "r": "f_rack",
        "L": "f_locker",
        "S": "f_sandbag_half",
        "B": "f_crate_c"
      },
      "toilets" : {
          "t" : { }
      },
      "npcs": {
        "@": {"class": "bs_npc_car_mechanic" }
      },
      "place_monsters": [
        {"monster": "GROUP_ZOMBIE", "x": [ 7,20], "y": [ 7,15], "density": 0.80}
      ],
      "place_loot" : [
        {"group": "guns_pistol_common"     , "chance": 100, "x":      19, "y":      20, "repeat": [ 1, 1], "magazine": 100, "ammo": 100},
        {"group": "fridge"                 , "chance":  60, "x":      20, "y":      18, "repeat": [ 4, 8]},
        {"group": "fridge"                 , "chance":  60, "x":      21, "y":      18, "repeat": [ 4, 8]},
        {"group": "supplies_spares_vehicle", "chance":  80, "x": [12,21], "y": [16,16], "repeat": [15,25]},
        {"group": "supplies_spares_vehicle", "chance": 100, "x": [ 7,12], "y": [21,21], "repeat": [20,30]},
        {"group": "supplies_electronics"   , "chance": 100, "x":      21, "y": [ 4, 6], "repeat": [ 5,10]},
        {"group": "supplies_fuel"          , "chance": 100, "x":      21, "y": [ 7, 9], "repeat": [ 5,10]},
        {"group": "mechanics"              , "chance": 100, "x":      21, "y": [10,13], "repeat": [ 5,10]},
        {"group": "mechanics"              , "chance":  90, "x":       2, "y": [14,17], "repeat": [ 4, 8]},
        {"group": "clothing_work_set"      , "chance":  90, "x":       2, "y": [ 8,11], "repeat": [ 4, 8]},
        {"group": "everyday_gear"          , "chance":  60, "x":       2, "y": [ 8,11], "repeat": [ 3, 5]}
      ]
    }
  }
]
