[
  {
    "type": "mapgen",
    "om_terrain": ["bs_bunker_1f"],
    "method": "json",
    "weight": 200,
    "object": {
      "fill_ter" : "t_dirt",
      "rows" : [
        "%%%%%%%%%//////%%%%%%%%%",
        "%www    ,,,,,,,,       %",
        "%ww     ,--,,--,       %",
        "%w ,,,,,,|,,,c|,,,,,,  %",
        "%w ,-------??-------,  %",
        "%  ,|..+.T|..=dh..r|,  %",
        "%  ,|..---|^O=dh..U|,  %",
        "%  ,|..+.t|O^=dh..f|,  %",
        "% w,|.|---|VV|---+-|,  %",
        "/  ,|.....VVVVVo...|,  /",
        "/ w,|.o...SSSSo....|,  /",
        "/,,,|ooo..S>>S..oo.|,,,/",
        "/,,,|ooooSS>>SS.ooo|,,,/",
        "/w ,|.ooos..@.s..o.|,  /",
        "/ w,|.ooosSSSSs....|,  /",
        "%  ,|..o...........|,  %",
        "%  ,|B...SSSSS....B|,  %",
        "% w,|B.V.S.#.sS.VBB|,  %",
        "%ww,|BBBB.rrrrBBBBB|,  %",
        "% w,----------------,  %",
        "%  ,,,,,,,,,,,,,,,,,,  %",
        "%   w w    ,, wwww     %",
        "%      w   ,,w  w      %",
        "%%%%%%%%%//////%%%%%%%%%"
      ],
      "terrain" : {
        "w": "t_shrub",
        "-": "t_wall_metal",
        "|": "t_wall_metal",
        ".": "t_floor",
        "#": "t_floor",
        "^": "t_floor",
        "O": "t_floor",
        "n": "t_floor",
        ",": "t_pavement",
        "c": "t_card_military",
        "V": "t_floor",
        "d": "t_floor",
        "h": "t_floor",
        "B": "t_floor",
        "S": "t_floor",
        "s": "t_floor",
        "%": "t_chainfence_h",
        "/": "t_chaingate_c",
        "=": "t_reinforced_glass_shutter",
        "?": "t_door_metal_locked",
        "+": "t_door_c",
        "U": "t_utility_light",
        ">": "t_stairs_down"
      },
      "furniture" : {
        "d": "f_desk",
        "h": "f_chair",
        "f": "f_fridge",
        "r": "f_rack",
        "V": "f_barricade_road",
        "S": "f_sandbag_wall",
        "s": "f_sandbag_half",
        "B": "f_crate_c",
        "o": "f_rubble"
      },
      "toilets" : {
          "t" : { }
      },
      "npcs": {
        "@": {"class": "bs_npc_soldier" }
      },
      "place_monsters": [
        {"monster": "BS_GROUP_BUNKER", "x": [ 1, 8], "y": [ 1, 3], "density": 0.20},
        {"monster": "BS_GROUP_BUNKER", "x": [15,22], "y": [ 1, 3], "density": 0.20}
      ],
      "place_loot" : [
        {"group": "guns_pistol_milspec", "chance": 50, "x": [10,11], "y": [18,18], "repeat": [ 1, 2], "magazine": 100, "ammo": 100},
        {"group": "guns_rifle_milspec" , "chance": 50, "x": [10,11], "y": [18,18], "repeat": [ 1, 2], "magazine": 100, "ammo": 100},
        {"group": "NC_SOLDIER_misc"    , "chance": 50, "x": [12,13], "y": [18,18], "repeat": [ 1, 2]},
        {"group": "NC_SOLDIER_misc"    , "chance": 50, "x": [12,13], "y": [18,18], "repeat": [ 1, 2]},
        {"group": "fridge"             , "chance":100, "x":      18, "y":       7, "repeat": [ 2, 4]}
      ],
      "traps": {
        "#": "tr_cot",
        "^": "tr_heavy_snare",
        "O": "tr_landmine_buried",
        "n": "tr_nailboard"
      }
    }
  },

  {
    "type": "mapgen",
    "om_terrain": ["bs_bunker_b1"],
    "method": "json",
    "weight": 200,
    "object": {
      "fill_ter" : "t_floor",
      "rows" : [
        "------------------------",
        "|t..b|t..b|t..b|t..b|.r|",
        "|...b|...b|...b|...b|.r|",
        "|....|....|....|....|.r|",
        "|.Z..|.Z..|....|....|.r|",
        "|.U..|.U..|.U..|.U..|.r|",
        "|===?-===?-===?-===?-+-|",
        "|....c....c....c....c..|",
        "|......................|",
        "|-------==-??-==-------|",
        "|.BBBBB......cdh..rrrrr|",
        "|..........<<..........|",
        "|.B........<<..........|",
        "|.BBB.....c............|",
        "|----------??----------|",
        "|BBBBBB.......BBBBBBBBB|",
        "|......................|",
        "|BBB...............BBBB|",
        "|U....................U|",
        "|rrrrrrrrrr..rrrrrrrrrr|",
        "|----------..----------|",
        "|rrrrrrrrrr..rrrrrrrrrr|",
        "|U....................U|",
        "------------------------"
      ],
      "terrain" : {
        ".": "t_floor",
        "t": "t_floor",
        "Z": "t_floor",
        "b": "t_floor",
        "r": "t_floor",
        "D": "t_floor",
        "h": "t_floor",
        "B": "t_floor",
        "|": "t_wall",
        "-": "t_wall",
        "=": "t_reinforced_glass_shutter",
        "c": "t_card_military",
        "?": "t_door_metal_locked",
        "+": "t_door_c",
        "U": "t_utility_light",
        "<": "t_stairs_up"
      },
      "furniture" : {
        "d": "f_desk",
        "h": "f_chair",
        "r": "f_rack",
        "B": "f_crate_c",
        "b": "f_bed"
      },
      "toilets" : {
          "t" : { }
      },
      "monster": {
        "Z": {"monster": "mon_zombie_soldier"}
      },
      "place_loot" : [
        {"group": "guns_pistol_milspec", "chance": 30, "x":  1, "y": 19, "repeat": [ 1, 3], "magazine": 100, "ammo": 100},
        {"group": "guns_pistol_milspec", "chance": 30, "x":  2, "y": 19, "repeat": [ 1, 3], "magazine": 100, "ammo": 100},
        {"group": "guns_pistol_milspec", "chance": 30, "x":  3, "y": 19, "repeat": [ 1, 3], "magazine": 100, "ammo": 100},
        {"group": "guns_pistol_milspec", "chance": 30, "x":  4, "y": 19, "repeat": [ 1, 3], "magazine": 100, "ammo": 100},
        {"group": "guns_pistol_milspec", "chance": 30, "x":  5, "y": 19, "repeat": [ 1, 3], "magazine": 100, "ammo": 100},
        {"group": "ammo_pistol_milspec", "chance": 50, "x":  6, "y": 19, "repeat": [ 1, 2]},
        {"group": "ammo_pistol_milspec", "chance": 50, "x":  7, "y": 19, "repeat": [ 1, 2]},
        {"group": "ammo_pistol_milspec", "chance": 50, "x":  8, "y": 19, "repeat": [ 1, 2]},
        {"group": "ammo_pistol_milspec", "chance": 50, "x":  9, "y": 19, "repeat": [ 1, 2]},
        {"group": "ammo_pistol_milspec", "chance": 50, "x": 10, "y": 19, "repeat": [ 1, 2]},

        {"group": "guns_rifle_milspec" , "chance": 30, "x": 13, "y": 19, "repeat": [ 1, 3], "magazine": 100, "ammo": 100},
        {"group": "guns_rifle_milspec" , "chance": 30, "x": 14, "y": 19, "repeat": [ 1, 3], "magazine": 100, "ammo": 100},
        {"group": "guns_rifle_milspec" , "chance": 30, "x": 15, "y": 19, "repeat": [ 1, 3], "magazine": 100, "ammo": 100},
        {"group": "guns_rifle_milspec" , "chance": 30, "x": 16, "y": 19, "repeat": [ 1, 3], "magazine": 100, "ammo": 100},
        {"group": "guns_rifle_milspec" , "chance": 30, "x": 17, "y": 19, "repeat": [ 1, 3], "magazine": 100, "ammo": 100},
        {"group": "ammo_rifle_milspec" , "chance": 50, "x": 18, "y": 19, "repeat": [ 1, 2]},
        {"group": "ammo_rifle_milspec" , "chance": 50, "x": 19, "y": 19, "repeat": [ 1, 2]},
        {"group": "ammo_rifle_milspec" , "chance": 50, "x": 20, "y": 19, "repeat": [ 1, 2]},
        {"group": "ammo_rifle_milspec" , "chance": 50, "x": 21, "y": 19, "repeat": [ 1, 2]},
        {"group": "ammo_rifle_milspec" , "chance": 50, "x": 22, "y": 19, "repeat": [ 1, 2]},

        {"group": "mil_hw"             , "chance": 30, "x":  1, "y": 21, "repeat": [ 1, 3]},
        {"group": "grenades"           , "chance": 30, "x":  2, "y": 21, "repeat": [ 1, 3]},
        {"group": "mil_armor"          , "chance": 30, "x":  3, "y": 21, "repeat": [ 1, 3]},
        {"group": "mil_accessories"    , "chance": 30, "x":  4, "y": 21, "repeat": [ 1, 3]},
        {"group": "mil_armor_torso"    , "chance": 30, "x":  5, "y": 21, "repeat": [ 1, 3]},
        {"group": "mil_armor_helmet"   , "chance": 30, "x":  6, "y": 21, "repeat": [ 1, 3]},
        {"group": "mil_armor_pants"    , "chance": 30, "x":  7, "y": 21, "repeat": [ 1, 3]},
        {"group": "mil_food"           , "chance": 80, "x":  8, "y": 21, "repeat": [10,15]},
        {"group": "mil_food_nodrugs"   , "chance": 80, "x":  9, "y": 21, "repeat": [10,15]},
        {"group": "bionics_mil"        , "chance": 30, "x": 10, "y": 21, "repeat": [ 1, 3]},

        {"group": "mil_hw"             , "chance": 30, "x": 13, "y": 21, "repeat": [ 1, 3]},
        {"group": "grenades"           , "chance": 30, "x": 14, "y": 21, "repeat": [ 1, 3]},
        {"group": "mil_armor"          , "chance": 30, "x": 15, "y": 21, "repeat": [ 1, 3]},
        {"group": "mil_accessories"    , "chance": 30, "x": 16, "y": 21, "repeat": [ 1, 3]},
        {"group": "mil_armor_torso"    , "chance": 30, "x": 17, "y": 21, "repeat": [ 1, 3]},
        {"group": "mil_armor_helmet"   , "chance": 30, "x": 18, "y": 21, "repeat": [ 1, 3]},
        {"group": "mil_armor_pants"    , "chance": 30, "x": 19, "y": 21, "repeat": [ 1, 3]},
        {"group": "mil_food"           , "chance": 80, "x": 20, "y": 21, "repeat": [ 5,10]},
        {"group": "mil_food_nodrugs"   , "chance": 80, "x": 21, "y": 21, "repeat": [ 5,10]},
        {"group": "bionics_mil"        , "chance": 30, "x": 22, "y": 21, "repeat": [ 1, 3]}
      ]
    }
  }
]
