[
  {
    "type": "mapgen",
    "om_terrain": ["house"],
    "method": "json",
    "weight": 100,
    "object": {
      "fill_ter": "t_floor",
      "rows": [
        "....swwwwwwwwwwwwwwws...",
        "...ss--v---------%--ss..",
        ".Msss;     0|0 nP  *sssM",
        ".------  K n|      ---|D",
        ".|          |         |.",
        ".|o         | ?       |.",
        ".|         o| ???     |.",
        ".|P        o|         |.",
        ".vk         |         |.",
        ".vk     cccc|-------oo|.",
        ".|P        F|O c     P|.",
        ".|  hn     S|c c      %.",
        ".|   h      |S c  n   %.",
        ".|      ccOC|C c  h   |.",
        "T|  --------|C        |.",
        ".|  +    + d|f        |.",
        ".|  |    |-----------*|.",
        ".|  |   b|c    +    oo|.",
        ".|  |   b|c    |     o|.",
        ".|- |-+--|-+|+-|   bbo%.",
        ".|W |   $|  |  |h@ bb %.",
        ".|Y |SS t|t$|WY|# oooo|.",
        ".-------v-%--------%%--.",
        ".......................T"
      ],
      "terrain": {
        "|": "t_wall",
        "-": "t_wall",
        ".": "t_grass",
        "0": "t_floor",
        "w": "t_shrub",
        "+": "t_door_c",
        ";": "t_door_locked",
        "$": "t_floor",
        "?": "t_floor",
        "@": "t_floor",
        "C": "t_floor",
        "c": "t_floor",
        "D": "t_grass",
        "d": "t_floor",
        "F": "t_floor",
        "f": "t_floor",
        "h": "t_floor",
        "K": "t_floor",
        "k": "t_floor",
        "M": "t_grass",
        "n": "t_floor",
        "O": "t_floor",
        "o": "t_floor",
        "P": "t_floor",
        "S": "t_floor",
        "s": "t_sidewalk",
        "T": "t_tree_young",
        "#": "t_console_broken",
        "v": "t_window_domestic",
        "*": "t_door_boarded",
        "%": "t_window_reinforced"
      },
      "furniture": {
        "0": "f_fireplace",
        "$": "f_shower",
        "?": "f_sofa",
        "b": "f_bed",
        "C": "f_cupboard",
        "c": "f_counter",
        "D": "f_trashcan",
        "d": "f_dresser",
        "F": "f_glass_fridge",
        "f": "f_fridge",
        "h": "f_chair",
        "K": "f_armchair",
        "k": "f_desk",
        "M": "f_sign",
        "n": "f_table",
        "O": "f_oven",
        "o": "f_bookcase",
        "P": "f_indoor_plant",
        "S": "f_sink",
        "W": "f_washer",
        "Y": "f_dryer"
      },
      "toilets": {
        "t": { }
      },
      "npcs": {
        "@": {"class": "bs_npc_nerd"}
      },
      "place_monsters": [
         {"monster": "GROUP_ROACH", "x": [14,20], "y": [ 4, 8], "density": 0.50}
        ,{"monster": "GROUP_ROACH", "x": [14,20], "y": [10,15], "density": 0.30}
      ],
      "place_loot": [
         {"group": "bed"                     , "chance": 90, "x": [ 8, 8], "y": [17,18], "repeat": [1,3]}
        ,{"group": "homebooks"               , "chance": 75, "x": [11,11], "y": [ 6, 7], "repeat": [1,2]}
        ,{"group": "novels"                  , "chance": 85, "x": [ 2, 2], "y": [ 5, 5], "repeat": [1,3]}
        ,{"group": "bedroom"                 , "chance": 80, "x": [ 5, 8], "y": [15,18], "repeat": [1,4]}
        ,{"group": "livingroom"              , "chance": 90, "x": [ 2,11], "y": [ 4, 8], "repeat": [1,5]}
        ,{"group": "office"                  , "chance": 75, "x": [ 2, 3], "y": [ 7,10], "repeat": [1,3]}
        ,{"group": "dresser"                 , "chance": 85, "x": [11,11], "y": [15,15], "repeat": [1,4]}
        ,{"group": "fridge"                  , "chance": 90, "x": [11,11], "y": [10,10], "repeat": [1,5]}
        ,{"group": "oven"                    , "chance": 75, "x": [10,10], "y": [13,13], "repeat": [1,3]}
        ,{"group": "kitchen"                 , "chance": 75, "x": [ 7,11], "y": [10,13], "repeat": [1,3]}
        ,{"item" : "television"              , "chance":100, "x": [11,11], "y": [ 3, 3]}
        ,{"item" : "television"              , "chance":100, "x": [15,15], "y": [ 2, 2]}
        ,{"group": "livingroom"              , "chance": 90, "x": [13,21], "y": [ 3, 8], "repeat": [1,4]}
        ,{"group": "snacks_fancy"            , "chance": 90, "x": [14,21], "y": [10,15], "repeat": [3,6]}
        ,{"group": "fast_food"               , "chance": 90, "x": [14,21], "y": [10,15], "repeat": [3,6]}
        ,{"group": "cannedfood"              , "chance": 90, "x": [14,21], "y": [10,15], "repeat": [3,6]}
        ,{"item" : "newest_newspaper"        , "chance": 50, "x": [14,21], "y": [10,15], "repeat": [1,4]}
        ,{"item" : "many_years_old_newspaper", "chance": 50, "x": [14,21], "y": [10,15], "repeat": [1,4]}
        ,{"item" : "years_old_newspaper"     , "chance": 50, "x": [14,21], "y": [10,15], "repeat": [1,4]}
        ,{"item" : "one_year_old_newspaper"  , "chance": 50, "x": [14,21], "y": [10,15], "repeat": [1,4]}
        ,{"item" : "months_old_newspaper"    , "chance": 50, "x": [14,21], "y": [10,15], "repeat": [1,4]}
        ,{"item" : "weeks_old_newspaper"     , "chance": 50, "x": [14,21], "y": [10,15], "repeat": [1,4]}
        ,{"item" : "box_small"               , "chance": 90, "x": [14,21], "y": [10,15], "repeat": [3,8]}
        ,{"item" : "bottle_plastic"          , "chance": 90, "x": [14,21], "y": [10,15], "repeat": [3,8]}
        ,{"item" : "mag_porn"                , "chance": 80, "x": [18,21], "y": [21,21], "repeat": [5,8]}
        ,{"item" : "mag_comic"               , "chance": 80, "x": [18,21], "y": [21,21], "repeat": [5,8]}
        ,{"item" : "mag_gaming"              , "chance": 80, "x": [18,21], "y": [21,21], "repeat": [5,8]}
        ,{"item" : "mag_porn"                , "chance": 80, "x": [16,20], "y": [17,19], "repeat": [1,4]}
        ,{"item" : "mag_comic"               , "chance": 80, "x": [16,20], "y": [17,19], "repeat": [5,8]}
        ,{"item" : "mag_gaming"              , "chance": 80, "x": [16,20], "y": [17,19], "repeat": [1,4]}
        ,{"item" : "mag_dude"                , "chance": 80, "x": [16,20], "y": [17,19], "repeat": [1,4]}
        ,{"item" : "mag_glam"                , "chance": 80, "x": [16,20], "y": [17,19], "repeat": [1,4]}
        ,{"item" : "mag_news"                , "chance": 80, "x": [16,20], "y": [17,19], "repeat": [1,4]}
        ,{"item" : "mag_tv"                  , "chance": 80, "x": [16,20], "y": [17,19], "repeat": [1,4]}
        ,{"item" : "mag_guns"                , "chance": 90, "x": [16,20], "y": [17,19]}
        ,{"item" : "mag_electronics"         , "chance": 80, "x": [16,20], "y": [17,19]}
        ,{"item" : "mag_cars"                , "chance": 80, "x": [16,20], "y": [17,19]}
        ,{"item" : "mag_computer"            , "chance": 80, "x": [16,20], "y": [17,19]}
        ,{"item" : "wrapper"                 , "chance": 90, "x": [11,20], "y": [17,19], "repeat": [3,8]}
        ,{"item" : "wrapper"                 , "chance": 90, "x": [16,20], "y": [17,19], "repeat": [3,8]}
        ,{"item" : "box_small"               , "chance": 90, "x": [11,20], "y": [17,19], "repeat": [3,8]}
        ,{"item" : "box_small"               , "chance": 90, "x": [16,20], "y": [17,19], "repeat": [3,8]}
        ,{"group": "fast_food"               , "chance": 90, "x": [10,10], "y": [17,18], "repeat": [3,8]}
        ,{"group": "cannedfood"              , "chance": 90, "x": [10,10], "y": [17,18], "repeat": [3,8]}
        ,{"group": "bedroom"                 , "chance": 80, "x": [18,21], "y": [21,21], "repeat": [1,3]}
        ,{"item" : "portable_game"           , "chance":100, "x": [17,17], "y": [19,19]}
      ]
    }
  }
]
