[
  {
    "type": "mapgen",
    "om_terrain": [
        "bar"
    ],
    "method": "json",
    "weight": 100,
    "object": {
      "rows": [
        "_,____,____,_______ss___",
        "_,____,____,_______ss___",
        "_,____,____,_______ss___",
        "ssssssssssssssssssssssss",
        "wwwwwwwwwwwwwwwwwwwssNww",
        "_-======--======---++-=-",
        "_|[[[[[[WW[[[[[[     Xh|",
        "_=[ TT [  [ TT [     c =",
        "_=                   W =",
        "_| [[[[[  hTTh  hTTh   |",
        "_|        hTTh  hTTh   |",
        "_= #####               =",
        "_= #####  hTTh  hTTh  W=",
        "_|        hTTh  hTTh  M|",
        "_| [[[[[              M|",
        "_|         h h h h h  W|",
        "_| cccccccccccccccccccc|",
        "_| /:::::::@:::::::::::|",
        "_| |DD:rrrrFFFFSSLL::|:|",
        "_|+------------------|+|",
        "_|..|..+:::::::+:::::::|",
        "_|.t|t.|BBBrr:X|-----++-",
        "_-=---=-----===-GG______",
        "________________________"
      ],
      "fill_ter": "t_floor",
      "terrain": {
        "N": "t_dirt",
        "_": "t_pavement",
        "G": "t_pavement",
        ",": "t_pavement_y",
        "s": "t_sidewalk",
        "w": "t_shrub",
        "|": "t_wall",
        "-": "t_wall",
        ":": "t_linoleum_gray",
        "D": "t_linoleum_gray",
        "r": "t_linoleum_gray",
        "F": "t_linoleum_gray",
        "S": "t_linoleum_gray",
        "B": "t_linoleum_gray",
        "@": "t_linoleum_gray",
        ".": "t_linoleum_white",
        "=": "t_window_domestic",
        "o": "t_door_o",
        "+": "t_door_c",
        "/": "t_fencegate_o",
        "X": "t_console_broken"
      },
      "furniture" : {
        "c": "f_counter",
        "W": "f_indoor_plant_y",
        "[": "f_sofa",
        "T": "f_table",
        "h": "f_chair",
        "#": "f_pool_table",
        "S": "f_sink",
        "F": "f_fridge",
        "r": "f_rack",
        "L": "f_locker",
        "D": "f_standing_tank",
        "B": "f_crate_c",
        "G": "f_dumpster"
      },
      "toilets" : {
          "t" : { }
      },
      "signs": {
        "N": {"snippet": "bs_bar_ad" }
      },
      "npcs": {
        "@": {"class": "bs_npc_bartender" }
      },
      "monster": {
        "M": {"monster": "mon_ug_dart_board", "friendly": false}
      },
      "place_monsters": [
        {"monster": "GROUP_HOUSE", "x": [ 2, 22], "y": [ 6,15], "density": 0.20}
      ],
      "place_loot" : [
        {"group": "guns_pistol_common"     , "chance":  30, "x": [13,13], "y": [21,21], "repeat": [ 1, 1], "magazine": 100, "ammo": 100},
        {"group": "bar_fridge"             , "chance":  75, "x": [11,14], "y": [18,18], "repeat": [ 4, 8]},
        {"group": "bar_food"               , "chance":  75, "x": [11,14], "y": [18,18], "repeat": [ 2, 4]},
        {"group": "bar_alcohol"            , "chance":  90, "x": [ 7,10], "y": [18,18], "repeat": [ 8,16]},
        {"group": "bar_table"              , "chance":  50, "x": [ 4, 5], "y": [ 7, 7], "repeat": [ 1, 2]},
        {"group": "bar_table"              , "chance":  50, "x": [11,12], "y": [ 9,10], "repeat": [ 1, 4]},
        {"group": "bar_table"              , "chance":  50, "x": [11,12], "y": [12,13], "repeat": [ 1, 4]},
        {"group": "bar_table"              , "chance":  50, "x": [17,18], "y": [ 9, 9], "repeat": [ 1, 2]},
        {"group": "bar_table"              , "chance":  50, "x": [17,18], "y": [10,10], "repeat": [ 1, 2]},
        {"group": "bar_alcohol"            , "chance":  50, "x": [ 8,10], "y": [21,21], "repeat": [ 8,16]},
        {"group": "pool_table"             , "chance":  75, "x": [ 3, 7], "y": [11,12], "repeat": [ 1, 3]},
        {"item" : "lawn_dart"              , "chance":  75, "x": [21,21], "y": [13,14], "repeat": [ 1, 3]}
      ],
      "place_vehicles": [
        {"vehicle": "bs_vehicle_beer_server", "x": [21,21], "y": [15,15], "rotation":  0, "chance": 100},
        {"vehicle": "swivel_chair"          , "x": [13,13], "y": [21,21], "rotation": 90, "chance": 100}
      ]
    }
  },

  {
    "//": "No NPC version",
    "type": "mapgen",
    "om_terrain": [
        "bar"
    ],
    "method": "json",
    "weight": 300,
    "object": {
      "rows": [
        "_,____,____,_______ss___",
        "_,____,____,_______ss___",
        "_,____,____,_______ss___",
        "ssssssssssssssssssssssss",
        "wwwwwwwwwwwwwwwwwwwssNww",
        "_-======--======---++-=-",
        "_|[[[[[[WW[[[[[[     Xh|",
        "_=[ TT [  [ TT [     c =",
        "_=                   W =",
        "_| [[[[[  hTTh  hTTh   |",
        "_|        hTTh  hTTh   |",
        "_= #####               =",
        "_= #####  hTTh  hTTh  W=",
        "_|        hTTh  hTTh  M|",
        "_| [[[[[              M|",
        "_|         h h h h h  W|",
        "_| cccccccccccccccccccc|",
        "_| /:::::::@:::::::::::|",
        "_| |DD:rrrrFFFFSSLL::|:|",
        "_|+------------------|+|",
        "_|..|..+:::::::+:::::::|",
        "_|.t|t.|BBBrr:X|-----++-",
        "_-=---=-----===-GG______",
        "________________________"
      ],
      "fill_ter": "t_floor",
      "terrain": {
        "N": "t_dirt",
        "_": "t_pavement",
        "G": "t_pavement",
        ",": "t_pavement_y",
        "s": "t_sidewalk",
        "w": "t_shrub",
        "|": "t_wall",
        "-": "t_wall",
        ":": "t_linoleum_gray",
        "D": "t_linoleum_gray",
        "r": "t_linoleum_gray",
        "F": "t_linoleum_gray",
        "S": "t_linoleum_gray",
        "B": "t_linoleum_gray",
        "@": "t_linoleum_gray",
        ".": "t_linoleum_white",
        "=": "t_window_domestic",
        "o": "t_door_o",
        "+": "t_door_c",
        "/": "t_fencegate_o",
        "X": "t_console_broken"
      },
      "furniture" : {
        "c": "f_counter",
        "W": "f_indoor_plant_y",
        "[": "f_sofa",
        "T": "f_table",
        "h": "f_chair",
        "#": "f_pool_table",
        "S": "f_sink",
        "F": "f_fridge",
        "r": "f_rack",
        "L": "f_locker",
        "D": "f_standing_tank",
        "B": "f_crate_c",
        "G": "f_dumpster"
      },
      "toilets" : {
          "t" : { }
      },
      "signs": {
        "N": {"snippet": "bs_bar_ad" }
      },
      "monster": {
        "M": {"monster": "mon_ug_dart_board", "friendly": false}
      },
      "place_loot" : [
        {"group": "guns_pistol_common"     , "chance":  30, "x": [13,13], "y": [21,21], "repeat": [ 1, 1], "magazine": 100, "ammo": 100},
        {"group": "bar_fridge"             , "chance":  75, "x": [11,14], "y": [18,18], "repeat": [ 4, 8]},
        {"group": "bar_food"               , "chance":  75, "x": [11,14], "y": [18,18], "repeat": [ 2, 4]},
        {"group": "bar_alcohol"            , "chance":  90, "x": [ 7,10], "y": [18,18], "repeat": [ 8,16]},
        {"group": "bar_table"              , "chance":  50, "x": [ 4, 5], "y": [ 7, 7], "repeat": [ 1, 2]},
        {"group": "bar_table"              , "chance":  50, "x": [11,12], "y": [ 9,10], "repeat": [ 1, 4]},
        {"group": "bar_table"              , "chance":  50, "x": [11,12], "y": [12,13], "repeat": [ 1, 4]},
        {"group": "bar_table"              , "chance":  50, "x": [17,18], "y": [ 9, 9], "repeat": [ 1, 2]},
        {"group": "bar_table"              , "chance":  50, "x": [17,18], "y": [10,10], "repeat": [ 1, 2]},
        {"group": "bar_alcohol"            , "chance":  50, "x": [ 8,10], "y": [21,21], "repeat": [ 8,16]},
        {"group": "pool_table"             , "chance":  75, "x": [ 3, 7], "y": [11,12], "repeat": [ 1, 3]},
        {"item" : "lawn_dart"              , "chance":  75, "x": [21,21], "y": [13,14], "repeat": [ 1, 3]}
      ],
      "place_vehicles": [
        {"vehicle": "bs_vehicle_beer_server", "x": [21,21], "y": [15,15], "rotation":  0, "chance": 100},
        {"vehicle": "swivel_chair"          , "x": [13,13], "y": [21,21], "rotation": 90, "chance": 100}
      ]
    }
  }
]
