[
  {
    "type" : "overmap_special",
    "id" : "Military Bunker",
    "copy-from": "Military Bunker",
    "occurrences" : [0, 8]
  },

  {
    "type" : "overmap_special",
    "id" : "Military Bunker Besieged",
    "overmaps" : [
      {"point" : [ 0, 0, 0], "overmap": "bs_bunker_1f"},
      {"point" : [ 0, 0,-1], "overmap": "bs_bunker_b1"}
    ],
    "connections" : [
      {"point" : [ 0, 1, 0], "terrain" : "road"}
    ],
    "rotate" : true,
    "locations" : ["wilderness"],
    "city_distance" : [4, -1],
    "city_sizes" : [2, 10],
    "occurrences" : [0, 2]
  }
]
