[
    {
        "type": "vehicle_part",
        "id": "primitive_armor_ton",
        "name": "primitive armor slab",
        "symbol": ")",
        "color": "grey",
        "broken_symbol": "|",
        "broken_color": "light_cyan",
        "durability": 13212,
        "item": "primitive_armor_slab",
        "difficulty": 2,
        "location": "armor",
        "flags": [ "ARMOR", "MULTISQUARE" ],
        "breaks_into": [ { "item": "ceramic_shard", "count": [ 26, 372 ] } ],
        "damage_reduction": { "all": 15, "cut": 30, "stab": 50 }
    },{
        "type":"GENERIC",
        "id" : "primitive_armor_slab",
        "name" : "primitive armor slab",
        "description" : "A slab of full ton armor.",
        "weight" : 1000000,
        "to_hit" : -1,
        "color" : "grey",
        "symbol" : "]",
        "material" : ["hardsteel", "ceramic"],
        "volume" : 145,
        "bashing" : 8,
        "category" : "veh_parts",
        "price" : 16000,
        "qualities": [ [ "COOK", 1 ] ]
    },{
        "type": "vehicle_part",
        "id": "primitive_armor_half",
        "name": "primitive armor half ton",
        "symbol": ")",
        "color": "grey",
        "broken_symbol": "|",
        "broken_color": "light_cyan",
        "durability": 6606,
        "item": "primitive_armor_half_ton",
        "difficulty": 2,
        "location": "armor",
        "flags": [ "ARMOR", "MULTISQUARE" ],
        "breaks_into": [ { "item": "ceramic_shard", "count": [ 13, 186 ] } ],
        "damage_reduction": { "all": 15, "cut": 30, "stab": 50 }
    },{
        "type":"GENERIC",
        "id" : "primitive_armor_half_ton",
        "name" : "primitive armor slab",
        "description" : "A slab of half ton armor.",
        "weight" : 500000,
        "to_hit" : -1,
        "color" : "grey",
        "symbol" : "]",
        "material" : ["hardsteel", "ceramic"],
        "volume" : 73,
        "bashing" : 8,
        "category" : "veh_parts",
        "price" : 8000,
        "qualities": [ [ "COOK", 1 ] ]
    },{
        "type": "vehicle_part",
        "id": "primitive_armor_quart",
        "name": "primitive armor quarter-ton",
        "symbol": ")",
        "color": "grey",
        "broken_symbol": "|",
        "broken_color": "light_cyan",
        "durability": 3303,
        "item": "primitive_armor_half_ton",
        "difficulty": 2,
        "location": "armor",
        "flags": [ "ARMOR", "MULTISQUARE" ],
        "breaks_into": [ { "item": "ceramic_shard", "count": [ 7, 63 ] } ],
        "damage_reduction": { "all": 15, "cut": 30, "stab": 50 }
    },{
        "type":"GENERIC",
        "id" : "primitive_armor_quart_ton",
        "name" : "primitive armor slab",
        "description" : "A slab of quarter ton armor. Usually for vehicles.",
        "weight" : 250000,
        "to_hit" : -1,
        "color" : "grey",
        "symbol" : "]",
        "material" : ["hardsteel", "ceramic"],
        "volume" : 36,
        "bashing" : 8,
        "category" : "veh_parts",
        "price" : 4000,
        "qualities": [ [ "COOK", 1 ] ]
    }
]
