[
	{
     "id": "mon_chickenbot",
     "type": "MONSTER",
     "name": "chicken walker",
     "description": "The Northrup ATSV, a massive, heavily-armed and armored robot walking on a pair of reverse-jointed legs.  Armed with a 40mm anti-vehicle grenade launcher, 5.56 anti-personnel gun, and the ability to electrify itself against attackers, it is an effective automated sentry, though production was limited due to a legal dispute.",
     "default_faction": "military",
     "species": [ "ROBOT" ],
     "diff": 32,
     "size": "LARGE",
     "hp": 110,
     "speed": 115,
     "material": [ "steel", "superalloy" ],
     "symbol": "R",
     "color": "red",
     "aggression": 100,
     "morale": 100,
     "melee_skill": 3,
     "melee_dice": 3,
     "melee_dice_sides": 3,
     "melee_cut": 0,
     "armor_bash": 22,
     "armor_cut": 20,
     "vision_day": 50,
     "vision_night": 35,
     "revert_to_itype": "chickenbot_packed",
     "starting_ammo": { "40mm_frag": 100, "556": 1000 },
     "path_settings": { "max_dist": 20 },
     "special_attacks": [ [ "CHICKENBOT", 4 ] ],
	 "death_drops": {
		"groups": [
	  [ "robots", 4 ],
	  [ "chickenbotnew", 1 ]
	 ]
	 },
	 "death_function": [ "BROKEN" ],
	 "flags": [ "SEES", "HEARS", "BASHES", "NO_BREATHE", "ELECTRONIC", "PRIORITIZE_TARGETS", "ELECTRIC" ]
	},
	{
     "id": "mon_scrapbot",
     "type": "MONSTER",
     "name": "scrap walker",
     "description": "The Northrup ATSV, a massive, heavily-armed and armored robot walking on a pair of reverse-jointed legs.  Armed with a 40mm anti-vehicle grenade launcher, 5.56 anti-personnel gun, and the ability to electrify itself against attackers, it is an effective automated sentry.  Or would be, if it wasn't held together with duct tape and hope.",
     "default_faction": "military",
     "species": [ "ROBOT" ],
     "diff": 32,
     "size": "LARGE",
     "hp": 55,
     "speed": 62,
     "material": [ "steel", "superalloy" ],
     "symbol": "R",
     "color": "red",
     "aggression": 100,
     "morale": 100,
     "melee_skill": 1,
     "melee_dice": 3,
     "melee_dice_sides": 3,
     "melee_cut": 0,
     "armor_bash": 12,
     "armor_cut": 10,
     "vision_day": 30,
     "vision_night": 5,
     "revert_to_itype": "scrapbot_packed",
     "starting_ammo": { "40mm_frag": 12, "556": 220 },
     "path_settings": { "max_dist": 20 },
     "special_attacks": [ [ "CHICKENBOT", 4 ] ],
	 "death_drops": {
		"groups": [
	  [ "robots", 4 ],
	  [ "chickenbotnew", 1 ]
	 ]
	 },
	 "death_function": [ "DISINTEGRATE" ],
	 "flags": [ "SEES", "HEARS", "BASHES", "NO_BREATHE", "ELECTRONIC", "PRIORITIZE_TARGETS", "ELECTRIC" ]
	},
	{
     "id": "mon_superbot",
     "type": "MONSTER",
     "name": "super walker",
     "description": "A large combat walker based on the Northrup ATSV.  Armed with an M2 Browning .50 calibre machine gun, electroshock and -magnet units alongside six mechadendrite-mounted blades.  Features  improved combat logic, thick superalloy-ceramic composite plating, enhanced optics, motors and sensors and an offensive defence system .",
     "default_faction": "military",
     "species": [ "ROBOT" ],
     "diff": 32,
     "size": "LARGE",
     "hp": 140,
     "speed": 125,
     "material": [ "steel", "superalloy", "ceramic" ],
     "symbol": "R",
     "color": "black_white",
     "aggression": 100,
     "morale": 100,
     "melee_skill": 10,
     "melee_dice": 4,
     "melee_dice_sides": 4,
     "melee_cut": 16,
	 "dodge": 2,
     "melee_damage": [
       {
         "damage_type": "electric",
         "amount": 10
       },
	   {
	     "damage_type": "cut",
		 "amount": 16
	   }
     ],
     "armor_bash": 26,
     "armor_cut": 24,
     "vision_day": 50,
     "vision_night": 45,
     "revert_to_itype": "superbot_packed",
     "starting_ammo": { "50bmg": 1000 },
     "path_settings": { "max_dist": 20, "min_dist": 6 },
     "special_when_hit": [ "ZAPBACK", 95 ],
     "special_attacks": [ 
       [  "PULL_METAL_WEAPON", 15 ],
       {
        "type": "gun",
        "cooldown": 2,
        "gun_type": "walker_bmg",
        "ammo_type": "50bmg",
        "fake_skills": [ [ "gun", 10 ], [ "rifle", 10 ] ],
        "fake_dex": 12,
        "ranges": [ [ 6, 25, "DEFAULT" ] ],
        "require_targeting_npc": true,
        "require_targeting_monster": false,
        "laser_lock": true,
        "targeting_cost": 200,
        "targeting_timeout_extend": -10,
        "targeting_sound": "\"DIE.\"",
        "targeting_volume": 20,
        "no_ammo_sound": "AMMUNITION DEPLETED."
       },
       {
         "type": "leap",
         "cooldown": 35,
         "max_range": 3,
         "min_consider_range": 2,
         "max_consider_range": 4,
         "allow_no_target": false
       },	   
       { "id": "impale" }],
	 "death_drops": {
	     "groups": [
	  [ "robots", 4 ],
	  [ "superbot", 1 ]
	 ]
	 },
	 "death_function": [ "BROKEN" ],
	 "flags": [ "SEES", "HEARS", "GOODHEARING", "ACIDPROOF", "PUSH_MON", "ELECTRIC", "BASHES", "NO_BREATHE", "ELECTRONIC", "PRIORITIZE_TARGETS", "ELECTRIC" ]
	},
	{
     "id": "mon_superunarmed",
     "type": "MONSTER",
     "name": "unarmed super walker",
     "description": "A large combat walker based on the Northrup ATSV.  Though it is armed with electroshock and -magnet units alongside mechadendrite-mounted blades, you really should deactivate it to install its primary weapon systems.",
     "default_faction": "military",
     "species": [ "ROBOT" ],
     "diff": 32,
     "size": "LARGE",
     "hp": 140,
     "speed": 125,
     "material": [ "steel", "superalloy", "ceramic" ],
     "symbol": "R",
     "color": "white_white",
     "aggression": 100,
     "morale": 100,
     "melee_skill": 10,
     "melee_dice": 4,
     "melee_dice_sides": 4,
     "melee_cut": 16,
	 "dodge": 3,
     "special_when_hit": [ "ZAPBACK", 95 ],
     "special_attacks": [ [ "PULL_METAL_WEAPON", 15 ] ],
     "melee_damage": [
       {
         "damage_type": "electric",
         "amount": 8
       },
	   {
	     "damage_type": "cut",
		 "amount": 16
	   }
     ],
     "armor_bash": 26,
     "armor_cut": 24,
     "vision_day": 50,
     "vision_night": 45,
     "revert_to_itype": "unarmedsuper_packed",
     "path_settings": { "max_dist": 20, "min_dist": 6 },
	 "death_drops": {
		"groups": [
	  [ "robots", 4 ],
	  [ "unarmedsuperbot", 1 ]
	 ]
	 },
	 "death_function": [ "BROKEN" ],
	 "flags": [ "SEES", "HEARS", "SMELLS", "KEENNOSE", "GOODHEARING", "ACIDPROOF", "PUSH_MON", "ELECTRIC", "BASHES", "NO_BREATHE", "ELECTRONIC", "PRIORITIZE_TARGETS", "ELECTRIC" ]
	},
	{
     "id": "mon_unarmedbot",
     "type": "MONSTER",
     "name": "unarmed walker",
     "description": "A Northrup ATSV cobbled together from scrap.  Armed with a only a tazer, it is ineffective in combat, and really should be deactivated for weapon installation.",
     "default_faction": "military",
     "species": [ "ROBOT" ],
     "diff": 32,
     "size": "LARGE",
     "hp": 90,
     "speed": 90,
     "material": [ "steel", "superalloy" ],
     "symbol": "R",
     "color": "dark_gray",
     "aggression": 100,
     "morale": 100,
     "melee_skill": 3,
     "melee_dice": 3,
     "melee_dice_sides": 3,
     "melee_cut": 0,
     "armor_bash": 18,
     "armor_cut": 16,
     "vision_day": 35,
     "vision_night": 15,
     "revert_to_itype": "unarmedbot_packed",
     "path_settings": { "max_dist": 20 },
    "special_attacks": [
	  [ "TAZER", 2 ]
    ],
	 "death_drops": {
		"groups": [
	  [ "robots", 4 ],
	  [ "unarmedbot", 1 ]
	 ]
	 },
	 "death_function": [ "BROKEN" ],
	 "flags": [ "SEES", "HEARS", "BASHES", "NO_BREATHE", "ELECTRONIC", "PRIORITIZE_TARGETS", "ELECTRIC" ]
	},
	{
     "id": "mon_bootlegbot",
     "type": "MONSTER",
     "name": "bootleg walker",
     "description": "A Northrup ATSV cobbled together from scrap.  Armed with a pair of 5.56 rifles, it is quite deadly.  Still, you shouldn't expect the reliability and resilience of the real thing.",
     "default_faction": "military",
     "species": [ "ROBOT" ],
     "diff": 32,
     "size": "LARGE",
     "hp": 90,
     "speed": 90,
     "material": [ "steel", "superalloy" ],
     "symbol": "R",
     "color": "light_red",
     "aggression": 100,
     "morale": 100,
     "melee_skill": 3,
     "melee_dice": 3,
     "melee_dice_sides": 3,
     "melee_cut": 0,
     "armor_bash": 18,
     "armor_cut": 16,
     "vision_day": 35,
     "vision_night": 15,
     "revert_to_itype": "bootlegbot_packed",
     "starting_ammo": { "556": 1000 },
     "path_settings": { "max_dist": 20 },
     "special_attacks": [
       {
        "type": "gun",
        "cooldown": 2,
        "gun_type": "walker_556",
        "ammo_type": "556",
        "fake_skills": [ [ "gun", 6 ], [ "rifle", 6 ] ],
        "fake_dex": 8,
        "ranges": [ [ 0, 20, "DEFAULT" ] ],
        "require_targeting_npc": true,
        "require_targeting_monster": false,
        "laser_lock": true,
        "targeting_cost": 200,
        "targeting_timeout_extend": -10,
        "targeting_sound": "\"HOSTILE DETECTED.\"",
        "targeting_volume": 20,
        "no_ammo_sound": "a chk!"
      },
      {
        "type": "gun",
        "cooldown": 2,
        "gun_type": "walker_556",
        "ammo_type": "556",
        "fake_skills": [ [ "gun", 6 ], [ "rifle", 6 ] ],
        "fake_dex": 8,
        "ranges": [ [ 0, 20, "DEFAULT" ] ],
        "require_targeting_npc": true,
        "require_targeting_monster": false,
        "laser_lock": true,
        "targeting_cost": 200,
        "targeting_timeout_extend": -10,
        "targeting_sound": "\"HOSTILE DETECTED.\"",
        "targeting_volume": 20,
        "no_ammo_sound": "a chk!"
      },
	  [ "TAZER", 4 ]
     ],
	 "death_drops": {
		"groups": [
	  [ "robots", 4 ],
	  [ "bootlegbot", 1 ]
	 ]
	 },
	 "death_function": [ "BROKEN" ],
	 "flags": [ "SEES", "HEARS", "BASHES", "NO_BREATHE", "ELECTRONIC", "PRIORITIZE_TARGETS", "ELECTRIC" ]
	},
	{
     "id": "mon_buckshotbot",
     "type": "MONSTER",
     "name": "buckshot walker",
     "description": "A Northrup ATSV cobbled together from scrap.  Armed with a pair of automatic shotguns, it is quite deadly.  Still, you shouldn't expect the reliability and resilience of the real thing.",
     "default_faction": "military",
     "species": [ "ROBOT" ],
     "diff": 32,
     "size": "LARGE",
     "hp": 90,
     "speed": 90,
     "material": [ "steel", "superalloy" ],
     "symbol": "R",
     "color": "light_red",
     "aggression": 100,
     "morale": 100,
     "melee_skill": 3,
     "melee_dice": 3,
     "melee_dice_sides": 3,
     "melee_cut": 0,
     "armor_bash": 18,
     "armor_cut": 16,
     "vision_day": 35,
     "vision_night": 15,
     "revert_to_itype": "bootlegbot_packed",
     "starting_ammo": { "shot_00": 500 },
     "path_settings": { "max_dist": 20 },
     "special_attacks": [
       {
        "type": "gun",
        "cooldown": 2,
        "gun_type": "walker_shot",
        "ammo_type": "shot_00",
        "fake_skills": [ [ "gun", 6 ], [ "rifle", 6 ] ],
        "fake_dex": 8,
        "ranges": [ [ 0, 12, "DEFAULT" ] ],
        "require_targeting_npc": true,
        "require_targeting_monster": false,
        "laser_lock": true,
        "targeting_cost": 200,
        "targeting_timeout_extend": -10,
        "targeting_sound": "\"HOSTILE DETECTED.\"",
        "targeting_volume": 20,
        "no_ammo_sound": "a chk!"
       },
       {
        "type": "gun",
        "cooldown": 2,
        "gun_type": "walker_shot",
        "ammo_type": "shot_00",
        "fake_skills": [ [ "gun", 6 ], [ "rifle", 6 ] ],
        "fake_dex": 8,
        "ranges": [ [ 0, 12, "DEFAULT" ] ],
        "require_targeting_npc": true,
        "require_targeting_monster": false,
        "laser_lock": true,
        "targeting_cost": 200,
        "targeting_timeout_extend": -10,
        "targeting_sound": "\"HOSTILE DETECTED.\"",
        "targeting_volume": 20,
        "no_ammo_sound": "a chk!"
      },
	  [ "TAZER", 4 ]
     ],
	 "death_drops": {
		"groups": [
	  [ "robots", 4 ],
	  [ "buckshotbot", 1 ]
	 ]
	 },
	 "death_function": [ "BROKEN" ],
	 "flags": [ "SEES", "HEARS", "BASHES", "NO_BREATHE", "ELECTRONIC", "PRIORITIZE_TARGETS", "ELECTRIC" ]
	},
	{
     "id": "mon_searchlightbot",
     "type": "MONSTER",
     "name": "flare walker",
     "description": "A Northrup ATSV cobbled together from scrap.  Equipped with a flaregun and tazer, it functions as a spotter for more lethal models.  Still, you shouldn't expect the reliability and resilience of the real thing.",
     "default_faction": "military",
     "species": [ "ROBOT" ],
     "diff": 32,
     "size": "LARGE",
     "hp": 90,
     "speed": 90,
     "material": [ "steel", "superalloy" ],
     "symbol": "R",
     "color": "light_gray",
     "aggression": 100,
     "morale": 100,
     "armor_bash": 18,
     "armor_cut": 16,
     "vision_day": 35,
     "vision_night": 20,
     "revert_to_itype": "searchlightbot_packed",
     "path_settings": { "min_dist": 15 },
     "starting_ammo": { "signal_flare": 500 },
     "special_attacks": [
      {
        "type": "gun",
        "cooldown": 45,
        "gun_type": "walker_flare",
        "ammo_type": "signal_flare",
        "fake_skills": [ [ "gun", 6 ], [ "rifle", 6 ] ],
        "fake_dex": 8,
        "ranges": [ [ 0, 35, "DEFAULT" ] ],
        "require_targeting_npc": true,
        "require_targeting_monster": false,
        "laser_lock": true,
        "targeting_cost": 200,
        "targeting_timeout_extend": -10,
        "targeting_sound": "\"HOSTILE DETECTED.\"",
        "targeting_volume": 20,
        "no_ammo_sound": "a chk!"
      },
	  [ "TAZER", 4 ]
     ],
	 "death_drops": {
		"groups": [
	  [ "robots", 4 ],
	  [ "flaregunbot", 1 ]
	 ]
	 },
	 "death_function": [ "BROKEN" ],
	 "flags": [ "SEES", "HEARS", "BASHES", "NO_BREATHE", "ELECTRONIC", "PRIORITIZE_TARGETS", "ELECTRIC" ]
	},
	{
     "id": "mon_laserbot",
     "type": "MONSTER",
     "name": "laser walker",
     "description": "A Northrup ATSV cobbled together from scrap.  Armed with a trio of lasers, it is fairly deadly.  Still, you shouldn't expect the reliability and resilience of the real thing.",
     "default_faction": "military",
     "species": [ "ROBOT" ],
     "diff": 32,
     "size": "LARGE",
     "hp": 90,
     "speed": 90,
     "material": [ "steel", "superalloy" ],
     "symbol": "R",
     "color": "yellow",
     "aggression": 100,
     "morale": 100,
     "melee_skill": 3,
     "melee_dice": 3,
     "melee_dice_sides": 3,
     "melee_cut": 0,
     "armor_bash": 18,
     "armor_cut": 16,
     "vision_day": 35,
     "vision_night": 15,
     "revert_to_itype": "laserbot_packed",
     "path_settings": { "max_dist": 20 },
     "special_attacks": [
      {
        "type": "gun",
        "cooldown": 2,
        "gun_type": "walker_laser",
        "fake_skills": [ [ "gun", 6 ], [ "rifle", 6 ] ],
        "fake_dex": 8,
        "ranges": [ [ 0, 20, "DEFAULT" ] ],
        "require_targeting_npc": true,
        "require_targeting_monster": false,
        "laser_lock": true,
        "targeting_cost": 200,
        "targeting_timeout_extend": -10,
        "targeting_sound": "\"HOSTILE DETECTED.\"",
        "targeting_volume": 20,
        "no_ammo_sound": "a beep!"
      },
      {
        "type": "gun",
        "cooldown": 2,
        "gun_type": "walker_laser",
        "fake_skills": [ [ "gun", 6 ], [ "rifle", 6 ] ],
        "fake_dex": 8,
        "ranges": [ [ 0, 20, "DEFAULT" ] ],
        "require_targeting_npc": true,
        "require_targeting_monster": false,
        "laser_lock": true,
        "targeting_cost": 200,
        "targeting_timeout_extend": -10,
        "targeting_sound": "\"HOSTILE DETECTED.\"",
        "targeting_volume": 20,
        "no_ammo_sound": "a beep!"
      },
      {
        "type": "gun",
        "cooldown": 2,
        "gun_type": "walker_laser",
        "fake_skills": [ [ "gun", 6 ], [ "rifle", 6 ] ],
        "fake_dex": 8,
        "ranges": [ [ 0, 20, "DEFAULT" ] ],
        "require_targeting_npc": true,
        "require_targeting_monster": false,
        "laser_lock": true,
        "targeting_cost": 200,
        "targeting_timeout_extend": -10,
        "targeting_sound": "\"HOSTILE DETECTED.\"",
        "targeting_volume": 20,
        "no_ammo_sound": "a beep!"
      },
	  [ "TAZER", 4 ]
     ],
	 "death_drops": {
		"groups": [
	  [ "robots", 4 ],
	  [ "unarmedbot", 1 ]
	 ]
	 },
	 "death_function": [ "BROKEN" ],
	 "flags": [ "SEES", "HEARS", "BASHES", "NO_BREATHE", "ELECTRONIC", "PRIORITIZE_TARGETS", "ELECTRIC" ]
	},
	{
     "id": "mon_fusionbot",
     "type": "MONSTER",
     "name": "fusion walker",
     "description": "A Northrup ATSV cobbled together from scrap.  Armed with a pair of fusion blasters, it is extremely deadly.  Still, you shouldn't expect the reliability and resilience of the real thing.",
     "default_faction": "military",
     "species": [ "ROBOT" ],
     "diff": 32,
     "size": "LARGE",
     "hp": 90,
     "speed": 90,
     "material": [ "steel", "superalloy" ],
     "symbol": "R",
     "color": "blue",
     "aggression": 100,
     "morale": 100,
     "melee_skill": 3,
     "melee_dice": 3,
     "melee_dice_sides": 3,
     "melee_cut": 0,
     "armor_bash": 18,
     "armor_cut": 16,
     "vision_day": 35,
     "vision_night": 15,
     "revert_to_itype": "fusionbot_packed",
     "path_settings": { "max_dist": 20 },
     "special_attacks": [
      {
        "type": "gun",
        "cooldown": 2,
        "gun_type": "walker_fusion",
        "fake_skills": [ [ "gun", 6 ], [ "rifle", 6 ] ],
        "fake_dex": 8,
        "ranges": [ [ 8, 23, "DEFAULT" ] ],
        "require_targeting_npc": true,
        "require_targeting_monster": false,
        "laser_lock": true,
        "targeting_cost": 200,
        "targeting_timeout_extend": -10,
        "targeting_sound": "\"HOSTILE DETECTED.\"",
        "targeting_volume": 20,
        "no_ammo_sound": "a beep!"
      },
      {
        "type": "gun",
        "cooldown": 2,
        "gun_type": "walker_fusion",
        "fake_skills": [ [ "gun", 6 ], [ "rifle", 6 ] ],
        "fake_dex": 8,
        "ranges": [ [ 8, 23, "DEFAULT" ] ],
        "require_targeting_npc": true,
        "require_targeting_monster": false,
        "laser_lock": true,
        "targeting_cost": 200,
        "targeting_timeout_extend": -10,
        "targeting_sound": "\"HOSTILE DETECTED.\"",
        "targeting_volume": 20,
        "no_ammo_sound": "a beep!"
      },
	  [ "TAZER", 4 ]
     ],
	 "death_drops": {
		"groups": [
	  [ "robots", 4 ],
	  [ "unarmedbot", 1 ]
	 ]
	 },
	 "death_function": [ "BROKEN" ],
	 "flags": [ "SEES", "HEARS", "BASHES", "NO_BREATHE", "ELECTRONIC", "PRIORITIZE_TARGETS", "ELECTRIC" ]
	},
	{
     "id": "mon_teslabot",
     "type": "MONSTER",
     "name": "tesla walker",
     "description": "A Northrup ATSV cobbled together from scrap.  Armed with a pair of tesla coils, it is fairly deadly.  Still, you shouldn't expect the reliability and resilience of the real thing, and it may be damaged by it's own lightning.",
     "default_faction": "military",
     "species": [ "ROBOT" ],
     "diff": 32,
     "size": "LARGE",
     "hp": 90,
     "speed": 90,
     "material": [ "steel", "superalloy" ],
     "symbol": "R",
     "color": "cyan",
     "aggression": 100,
     "morale": 100,
     "melee_skill": 3,
     "melee_dice": 3,
     "melee_dice_sides": 3,
     "melee_cut": 0,
     "armor_bash": 18,
     "armor_cut": 16,
     "vision_day": 35,
     "vision_night": 15,
     "revert_to_itype": "teslabot_packed",
     "path_settings": { "max_dist": 20 },
     "special_attacks": [
      {
        "type": "gun",
        "cooldown": 2,
        "gun_type": "walker_tesla",
        "fake_skills": [ [ "gun", 6 ], [ "rifle", 6 ] ],
        "fake_dex": 8,
        "ranges": [ [ 6, 18, "DEFAULT" ] ],
        "require_targeting_npc": true,
        "require_targeting_monster": false,
        "laser_lock": true,
        "targeting_cost": 200,
        "targeting_timeout_extend": -10,
        "targeting_sound": "\"HOSTILE DETECTED.\"",
        "targeting_volume": 20,
        "no_ammo_sound": "a beep!"
      },
      {
        "type": "gun",
        "cooldown": 2,
        "gun_type": "walker_tesla",
        "fake_skills": [ [ "gun", 6 ], [ "rifle", 6 ] ],
        "fake_dex": 8,
        "ranges": [ [ 6, 18, "DEFAULT" ] ],
        "require_targeting_npc": true,
        "require_targeting_monster": false,
        "laser_lock": true,
        "targeting_cost": 200,
        "targeting_timeout_extend": -10,
        "targeting_sound": "\"HOSTILE DETECTED.\"",
        "targeting_volume": 20,
        "no_ammo_sound": "a beep!"
      },
	  [ "TAZER", 4 ]
     ],
	 "death_drops": {
		"groups": [
	  [ "robots", 4 ],
	  [ "unarmedbot", 1 ]
	 ]
	 },
	 "death_function": [ "BROKEN" ],
	 "flags": [ "SEES", "HEARS", "BASHES", "NO_BREATHE", "ELECTRONIC", "PRIORITIZE_TARGETS", "ELECTRIC" ]
	},
	{
     "id": "mon_flamerbot",
     "type": "MONSTER",
     "name": "flamer walker",
     "description": "A Northrup ATSV cobbled together from scrap.  Armed with a heavy flamethrower, it is extremely deadly.  Still, you shouldn't expect the reliability and resilience of the real thing.",
     "default_faction": "military",
     "species": [ "ROBOT" ],
     "diff": 32,
     "size": "LARGE",
     "hp": 90,
     "speed": 90,
     "material": [ "steel", "superalloy" ],
     "symbol": "R",
     "color": "red",
     "aggression": 100,
     "morale": 100,
     "melee_skill": 3,
     "melee_dice": 3,
     "melee_dice_sides": 3,
     "melee_cut": 0,
     "armor_bash": 18,
     "armor_cut": 16,
     "vision_day": 35,
     "vision_night": 15,
     "revert_to_itype": "flamerbot_packed",
     "starting_ammo": { "napalm": 10000 },
     "path_settings": { "max_dist": 10 },
     "special_attacks": [
      {
        "type": "gun",
        "cooldown": 2,
        "gun_type": "walker_flamer",
        "ammo_type": "napalm",
        "fake_skills": [ [ "gun", 6 ], [ "launcher", 6 ] ],
        "fake_dex": 8,
        "ranges": [ [ 0, 8, "DEFAULT" ] ],
        "require_targeting_npc": true,
        "require_targeting_monster": false,
        "laser_lock": true,
        "targeting_cost": 200,
        "targeting_timeout_extend": -10,
        "targeting_sound": "\"HOSTILE DETECTED.\"",
        "targeting_volume": 20,
        "no_ammo_sound": "a chk!"
      },
	  [ "TAZER", 4 ]
     ],
	 "death_drops": {
		"groups": [
	  [ "robots", 4 ],
	  [ "flamerbot", 1 ]
	 ]
	 },
	 "death_function": [ "BROKEN" ],
	 "flags": [ "SEES", "HEARS", "BASHES", "NO_BREATHE", "ELECTRONIC", "PRIORITIZE_TARGETS", "ELECTRIC" ]
	}
]
