[
	{
	 "id": "walker_schematic",
     "type": "BOOK",
     "name": "Northrup ATSV schematics",
     "name_plural": "Northrup ATSV schematics",
     "description": "A heavily classified document containing schematics for Northrups ATSV combat walker.",
     "weight": 1587,
     "volume": 6,
     "price": 12950,
     "bashing": 4,
     "material": [ "paper", "aluminum" ],
     "symbol": "?",
     "color": "blue",
     "skill": "mechanics",
     "required_level": 9,
     "max_level": 10,
     "intelligence": 9,
     "time": 30,
     "fun": -1
	},
	{
     "id": "walker_chassis",
     "type": "TOOL",
     "name": "walker chassis",
     "description": "An ATSV chassis, hand-forged from scrap.  An integral component for bootleg walkers.",
     "weight": 16650,
     "volume": 193,
     "price": 20000,
     "to_hit": -3,
     "bashing": 8,
     "material": [ "superalloy", "steel" ],
     "symbol": "R",
     "color": "dark_gray"
	},
	{
     "id": "super_chassis",
     "type": "TOOL",
     "name": "super chassis",
     "description": "An ATSV chassis, carefully crafted with the best materials and to the highest standards possible in a post-Cataclysm world.",
     "weight": 18850,
     "volume": 208,
     "price": 40000,
     "to_hit": -3,
     "bashing": 8,
     "material": [ "superalloy", "steel" ],
     "symbol": "R",
     "color": "dark_gray"
	},
	{
     "id": "chickenbot_packed",
     "type": "TOOL",
     "name": "packed chicken walker",
     "description": "An Northrup ATSV, packed for transport.  Armed with a 5.56 anti-personnel rifle, an anti-vehicle 40mm grenade launcher and a tazer.  Use this item to unpack and load with up to 1000 5.56 NATO M855A1 and 50 40mm frag rounds.",
     "weight": 140000,
     "volume": 200,
     "price": 120000,
     "to_hit": -3,
     "bashing": 8,
     "material": [ "superalloy", "steel" ],
     "symbol": ",",
     "color": "red",
     "use_action": {
       "type": "place_monster",
       "monster_id": "mon_chickenbot",
       "friendly_msg": "The walker begins scanning for hostiles.",
       "hostile_msg": "You misprogram the walker; it's IFF identifies you as hostile!",
       "difficulty": 8,
       "moves": 400,
       "place_randomly": false,
       "skill1": "electronics",
       "skill2": "computer"
     }
	},
	{
     "id": "scrapbot_packed",
     "type": "TOOL",
     "name": "packed scrap walker",
     "description": "A severely damaged Northrup ATSV, packed for transport.  Armed with a 5.56 anti-personnel rifle, an anti-vehicle 40mm grenade launcher and a tazer.  Use this item to unpack and load with up to 220 5.56 NATO M855A1 and 12 40mm frag rounds.",
     "weight": 140000,
     "volume": 200,
     "price": 120000,
     "to_hit": -3,
     "bashing": 8,
     "material": [ "superalloy", "steel" ],
     "symbol": ",",
     "color": "red",
     "use_action": {
       "type": "place_monster",
       "monster_id": "mon_scrapbot",
       "friendly_msg": "The walker begins scanning for hostiles.",
       "hostile_msg": "You misprogram the walker; it's IFF identifies you as hostile!",
       "difficulty": 8,
       "moves": 400,
       "place_randomly": false,
       "skill1": "electronics",
       "skill2": "computer"
     }
	},
	{
     "id": "unarmedbot_packed",
     "type": "TOOL",
     "name": "packed unarmed walker",
     "description": "A Northrup ATSV cobbled together from scrap, packed for transport.  Armed with a only a tazer, it is ineffective in combat, and really should have some weapons installed before activation.",
     "weight": 135000,
     "volume": 200,
     "price": 100000,
     "to_hit": -3,
     "bashing": 8,
     "material": [ "superalloy", "steel" ],
     "symbol": ",",
     "color": "dark_gray",
     "use_action": {
       "type": "place_monster",
       "monster_id": "mon_unarmedbot",
       "friendly_msg": "The walker begins scanning for hostiles.",
       "hostile_msg": "You misprogram the walker; it's IFF identifies you as hostile!",
       "difficulty": 8,
       "moves": 400,
       "place_randomly": false,
       "skill1": "electronics",
       "skill2": "computer"
     }
	},
	{
     "id": "unarmedsuper_packed",
     "type": "TOOL",
     "name": "packed unarmed super walker",
     "description": "A large combat walker based on the Northrup ATSV, packed for transport.  Though it is armed with electroshock and -magnet units alongside mechadendrite-mounted blades, you really should install its primary weapon systems before activation.",
     "weight": 160000,
     "volume": 220,
     "price": 140000,
     "to_hit": -3,
     "bashing": 8,
     "material": [ "superalloy", "steel", "ceramic" ],
     "symbol": ",",
     "color": "dark_gray",
     "use_action": {
       "type": "place_monster",
       "monster_id": "mon_superunarmed",
       "friendly_msg": "You hear \"STARTUP CHECKLIST COMPLETE.  ALL SYSTEMS GREEN.\"",
       "hostile_msg": "You misprogram the walker! Embrace Deus Machina's purification!",
       "difficulty": 10,
       "moves": 300,
       "place_randomly": false,
       "skill1": "electronics",
       "skill2": "computer"
     }
	},
	{
     "id": "superbot_packed",
     "type": "TOOL",
     "name": "packed super walker",
     "description": "A large combat walker based on the Northrup ATSV, packed for transport.  Armed with an M2 Browning .50 calibre machine gun, electroshock and -magnet units alongside six mechadendrite-mounted blades.  Use this item to unpack and load with up to 1000 .50 BMG Ball rounds.",
     "weight": 162380,
     "volume": 220,
     "price": 180000,
     "to_hit": -3,
     "bashing": 8,
     "material": [ "superalloy", "steel", "ceramic" ],
     "symbol": ",",
     "color": "dark_gray",
     "use_action": {
       "type": "place_monster",
       "monster_id": "mon_superbot",
       "friendly_msg": "You hear \"STARTUP CHECKLIST COMPLETE.  ALL SYSTEMS GREEN.\"",
       "hostile_msg": "You misprogram the walker.  Oops.",
       "difficulty": 10,
       "moves": 300,
       "place_randomly": false,
       "skill1": "electronics",
       "skill2": "computer"
     }
	},
	{
     "id": "bootlegbot_packed",
     "type": "TOOL",
     "name": "packed bootleg walker",
     "description": "An inactive bootleg walker, packed for transport.  Armed with a pair of 5.56 anti-personnel rifles and a tazer.  Use this item to unpack and load with up to 1000 5.56 NATO M855A1 rounds.",
     "weight": 140000,
     "volume": 200,
     "price": 112000,
     "to_hit": -3,
     "bashing": 8,
     "material": [ "superalloy", "steel" ],
     "symbol": ",",
     "color": "light_red",
     "use_action": {
       "type": "place_monster",
       "monster_id": "mon_bootlegbot",
       "friendly_msg": "The walker begins scanning for hostiles.",
       "hostile_msg": "You misprogram the walker; it's IFF identifies you as hostile!",
       "difficulty": 8,
       "moves": 400,
       "place_randomly": false,
       "skill1": "electronics",
       "skill2": "computer"
     }
	},
	{
     "id": "teslabot_packed",
     "type": "TOOL",
     "name": "packed tesla walker",
     "description": "An inactive tesla walker, packed for transport.  Armed with a pair of powerful tesla coils and a tazer.  Use this item to unpack.",
     "weight": 140000,
     "volume": 200,
     "price": 112000,
     "to_hit": -3,
     "bashing": 8,
     "material": [ "superalloy", "steel" ],
     "symbol": ",",
     "color": "light_red",
     "use_action": {
       "type": "place_monster",
       "monster_id": "mon_teslabot",
       "friendly_msg": "The walker begins scanning for hostiles.",
       "hostile_msg": "You misprogram the walker; it's IFF identifies you as hostile!",
       "difficulty": 8,
       "moves": 400,
       "place_randomly": false,
       "skill1": "electronics",
       "skill2": "computer"
     }
	},
	{
     "id": "fusionbot_packed",
     "type": "TOOL",
     "name": "packed fusion walker",
     "description": "An inactive fusion walker, packed for transport.  Armed with a pair of fusion blasters and a tazer.  Use this item to unpack.",
     "weight": 140000,
     "volume": 200,
     "price": 120000,
     "to_hit": -3,
     "bashing": 8,
     "material": [ "superalloy", "steel" ],
     "symbol": ",",
     "color": "blue",
     "use_action": {
       "type": "place_monster",
       "monster_id": "mon_fusionbot",
       "friendly_msg": "The walker begins scanning for hostiles.",
       "hostile_msg": "You misprogram the walker; it's IFF identifies you as hostile!",
       "difficulty": 8,
       "moves": 400,
       "place_randomly": false,
       "skill1": "electronics",
       "skill2": "computer"
     }
	},
	{
     "id": "buckshotbot_packed",
     "type": "TOOL",
     "name": "packed fusion walker",
     "description": "An inactive buckshot walker, packed for transport.  Armed with a pair of automatic shotguns and a tazer.  Use this item to unpack and load with up to 500 00 shot.",
     "weight": 140000,
     "volume": 200,
     "price": 120000,
     "to_hit": -3,
     "bashing": 8,
     "material": [ "superalloy", "steel" ],
     "symbol": ",",
     "color": "blue",
     "use_action": {
       "type": "place_monster",
       "monster_id": "mon_buckshotbot",
       "friendly_msg": "The walker begins scanning for hostiles.",
       "hostile_msg": "You misprogram the walker; it's IFF identifies you as hostile!",
       "difficulty": 8,
       "moves": 400,
       "place_randomly": false,
       "skill1": "electronics",
       "skill2": "computer"
     }
	},
	{
     "id": "searchlightbot_packed",
     "type": "TOOL",
     "name": "packed flare walker",
     "description": "An inactive flare walker, packed for transport.  Equipped with a flare launcher.  Use this item to unpack and load with up to 500 signal flares.",
     "weight": 140000,
     "volume": 200,
     "price": 120000,
     "to_hit": -3,
     "bashing": 8,
     "material": [ "superalloy", "steel" ],
     "symbol": ",",
     "color": "white",
     "use_action": {
       "type": "place_monster",
       "monster_id": "mon_searchlightbot",
       "friendly_msg": "The walker begins scanning for hostiles.",
       "hostile_msg": "You misprogram the walker; it's IFF identifies you as hostile!",
       "difficulty": 8,
       "moves": 400,
       "place_randomly": false,
       "skill1": "electronics",
       "skill2": "computer"
     }
	},
	{
     "id": "laserbot_packed",
     "type": "TOOL",
     "name": "packed laser walker",
     "description": "An inactive laser walker, packed for transport.  Armed with a trio of lasers and a tazer.  Use this item to unpack.",
     "weight": 140000,
     "volume": 200,
     "price": 120000,
     "to_hit": -3,
     "bashing": 8,
     "material": [ "superalloy", "steel" ],
     "symbol": ",",
     "color": "cyan",
     "use_action": {
       "type": "place_monster",
       "monster_id": "mon_laserbot",
       "friendly_msg": "The walker begins scanning for hostiles.",
       "hostile_msg": "You misprogram the walker; it's IFF identifies you as hostile!",
       "difficulty": 8,
       "moves": 400,
       "place_randomly": false,
       "skill1": "electronics",
       "skill2": "computer"
     }
	},
	{
     "id": "flamerbot_packed",
     "type": "TOOL",
     "name": "packed flamer walker",
     "description": "An inactive flamer walker, packed for transport.  Armed with a heavy flamethrower and a tazer.  Use this item to unpack and fuel with up to 10 litres of napalm.",
     "weight": 140000,
     "volume": 200,
     "price": 120000,
     "to_hit": -3,
     "bashing": 8,
     "material": [ "superalloy", "steel" ],
     "symbol": ",",
     "color": "red",
     "use_action": {
       "type": "place_monster",
       "monster_id": "mon_flamerbot",
       "friendly_msg": "The walker begins scanning for hostiles.",
       "hostile_msg": "You misprogram the walker; it's IFF identifies you as hostile!",
       "difficulty": 8,
       "moves": 400,
       "place_randomly": false,
       "skill1": "electronics",
       "skill2": "computer"
     }
	},
    {
     "type":"GENERIC",
     "id": "broken_superunarmed",
     "symbol": ",",
     "color": "green",
     "name": "broken unarmed super walker",
     "category": "other",
     "description": "A broken unarmed super walker.  Even without its gun, this was a force to be reckoned with.  What could have done this?  Still, you may be able to reclaim parts from the wreck.",
     "price": 30000,
     "price_postapoc": 1000,
     "material": ["steel", "superalloy"],
     "weight": 161200,
     "volume": 255,
     "bashing": 6,
     "cutting": 6,
     "to_hit": -3,
     "flags": [ "TRADER_AVOID" ]
    },
    {
     "type":"GENERIC",
     "id": "broken_unarmedbot",
     "symbol": ",",
     "color": "green",
     "name": "broken unarmed walker",
     "category": "other",
     "description": "A broken unarmed walker.  Proof that refraining from installing weaponry was foolish.  Still, you may be able to reclaim parts from the wreck.",
     "price": 30000,
     "price_postapoc": 1000,
     "material": ["steel", "superalloy"],
     "weight": 137800,
     "volume": 200,
     "bashing": 6,
     "cutting": 6,
     "to_hit": -3,
     "flags": [ "TRADER_AVOID" ]
    },
    {
     "type":"GENERIC",
     "id": "broken_superbot",
     "symbol": ",",
     "color": "green",
     "name": "broken super walker",
     "category": "other",
     "description": "A broken super walker.  What terrors could possibly do such a thing?  You shudder to think of the possibilities.  Still, you may be able to reclaim parts from the wreck.",
     "price": 30000,
     "price_postapoc": 1000,
     "material": ["steel", "superalloy"],
     "weight": 162380,
     "volume": 267,
     "bashing": 6,
     "cutting": 6,
     "to_hit": -3,
     "flags": [ "TRADER_AVOID" ]
    },
    {
     "type":"GENERIC",
     "id": "broken_flamerbot",
     "symbol": ",",
     "color": "green",
     "name": "broken flamer walker",
     "category": "other",
     "description": "A broken flamer walker.  Its lust for chaos has been extinguished.  Still, you may be able to reclaim parts from the wreck.",
     "price": 30000,
     "price_postapoc": 1000,
     "material": ["steel", "superalloy"],
     "weight": 140000,
     "volume": 200,
     "bashing": 6,
     "cutting": 6,
     "to_hit": -3,
     "flags": [ "TRADER_AVOID" ]
    },
    {
     "type":"GENERIC",
     "id": "broken_laserbot",
     "symbol": ",",
     "color": "green",
     "name": "broken laser walker",
     "category": "other",
     "description": "A broken laser walker.  No longer shall you hear the snap of superheated air, smell the burning of flesh.  Still, you may be able to reclaim parts from the wreck.",
     "price": 30000,
     "price_postapoc": 1000,
     "material": ["steel", "superalloy"],
     "weight": 140000,
     "volume": 200,
     "bashing": 6,
     "cutting": 6,
     "to_hit": -3,
     "flags": [ "TRADER_AVOID" ]
    },
    {
     "type":"GENERIC",
     "id": "broken_bootlegbot",
     "symbol": ",",
     "color": "green",
     "name": "broken bootleg walker",
     "category": "other",
     "description": "A broken bootleg walker.  Its guns are quiet now.  Still, you may be able to reclaim parts from the wreck.",
     "price": 30000,
     "price_postapoc": 1000,
     "material": ["steel", "superalloy"],
     "weight": 140000,
     "volume": 200,
     "bashing": 6,
     "cutting": 6,
     "to_hit": -3,
     "flags": [ "TRADER_AVOID" ]
    },
    {
     "type":"GENERIC",
     "id": "broken_searchlightbot",
     "symbol": ",",
     "color": "green",
     "name": "broken flare walker",
     "category": "other",
     "description": "A broken flare walker.  Its flares shall remain dark, forevermore.  Still, you may be able to reclaim parts from the wreck.",
     "price": 30000,
     "price_postapoc": 1000,
     "material": ["steel", "superalloy"],
     "weight": 140000,
     "volume": 200,
     "bashing": 6,
     "cutting": 6,
     "to_hit": -3,
     "flags": [ "TRADER_AVOID" ]
    },
    {
     "type":"GENERIC",
     "id": "broken_teslabot",
     "symbol": ",",
     "color": "green",
     "name": "broken tesla walker",
     "category": "other",
     "description": "A broken tesla walker.  The dance of lightning has ceased.  Still, you may be able to reclaim parts from the wreck.",
     "price": 30000,
     "price_postapoc": 1000,
     "material": ["steel", "superalloy"],
     "weight": 140000,
     "volume": 200,
     "bashing": 6,
     "cutting": 6,
     "to_hit": -3,
     "flags": [ "TRADER_AVOID" ]
    },
    {
     "type":"GENERIC",
     "id": "broken_fusionbot",
     "symbol": ",",
     "color": "green",
     "name": "broken fusion walker",
     "category": "other",
     "description": "A broken fusion walker.  City and forest need not fear its wrath any longer.  Still, you may be able to reclaim parts from the wreck.",
     "price": 30000,
     "price_postapoc": 1000,
     "material": ["steel", "superalloy"],
     "weight": 140000,
     "volume": 200,
     "bashing": 6,
     "cutting": 6,
     "to_hit": -3,
     "flags": [ "TRADER_AVOID" ]
    },
    {
     "type":"GENERIC",
     "id": "broken_buckshotbot",
     "symbol": ",",
     "color": "green",
     "name": "broken buckshot walker",
     "category": "other",
     "description": "A broken buckshot walker.  Deer and duck alike rejoice.  Still, you may be able to reclaim parts from the wreck.",
     "price": 30000,
     "price_postapoc": 1000,
     "material": ["steel", "superalloy"],
     "weight": 140000,
     "volume": 200,
     "bashing": 6,
     "cutting": 6,
     "to_hit": -3,
     "flags": [ "TRADER_AVOID" ]
    },
    {
     "type":"BOOK",
     "id": "broken_chickenbot",
     "symbol": ",",
     "color": "green",
     "name": "broken chicken walker",
     "category": "other",
     "description": "A broken Northrup ATSV.  It lays quiet now, though looking upon it brings memories of fire and death.  Still, you may be able to reclaim parts from the wreck.",
     "price": 30000,
     "price_postapoc": 1000,
     "material": ["steel", "superalloy"],
     "weight": 140000,
     "volume": 200,
     "bashing": 6,
     "cutting": 6,
     "to_hit": -3,
     "skill": "mechanics",
     "required_level": 5,
     "max_level": 7,
     "intelligence": 9,
     "time": 30,
     "fun": -1,
     "flags": [ "TRADER_AVOID" ]
    }
]
