[
	{
     "result": "broken_superunarmed",
     "type": "uncraft",
     "skill_used": "electronics",
     "difficulty": 8,
     "time": 450000,
     "using": [ [ "soldering_standard", 30 ], [ "welding_standard", 20 ] ],
     "qualities": [
       { "id": "GLARE", "level": 2 },
       { "id": "SCREW", "level": 1 },
       { "id": "SCREW_FINE", "level": 1 },
       { "id": "WRENCH", "level": 1 },
       { "id": "WRENCH_FINE", "level": 1 },
       { "id": "DRILL", "level": 2 },
      { "id": "SAW_M", "level": 1 }
     ],
     "components": [
       [ [ "tazer", 2 ] ],
	   [ [ "burnt_out_bionic", 4 ] ],
	   [ [ "bio_nanobots", 1 ] ],
	   [ [ "bio_ods", 1 ] ],
	   [ [ "bio_magnet", 1 ] ],
	   [ [ "bio_scent_vision", 1 ] ],
       [ [ "motor_small", 4 ] ],
       [ [ "power_supply", 8 ] ],
	   [ [ "cable", 12 ] ],
       [ [ "plut_cell", 4 ] ],
       [ [ "RAM", 2 ] ],
       [ [ "steel_chunk", 22 ] ],
       [ [ "alloy_plate", 1 ] ],
       [ [ "mil_plate", 1 ] ],
       [ [ "robot_controls", 1 ] ]
     ]
	},
	{
     "result": "broken_superbot",
     "type": "uncraft",
     "skill_used": "electronics",
     "difficulty": 8,
     "time": 450000,
     "using": [ [ "soldering_standard", 30 ], [ "welding_standard", 20 ] ],
     "qualities": [
       { "id": "GLARE", "level": 2 },
       { "id": "SCREW", "level": 1 },
       { "id": "SCREW_FINE", "level": 1 },
       { "id": "WRENCH", "level": 1 },
       { "id": "WRENCH_FINE", "level": 1 },
       { "id": "DRILL", "level": 2 },
      { "id": "SAW_M", "level": 1 }
     ],
     "components": [
       [ [ "tazer", 2 ] ],
       [ [ "m2browning", 1 ] ],
	   [ [ "burnt_out_bionic", 4 ] ],
	   [ [ "bio_nanobots", 1 ] ],
	   [ [ "bio_ods", 1 ] ],
	   [ [ "bio_magnet", 1 ] ],
	   [ [ "bio_scent_vision", 1 ] ],
	   [ [ "bio_flashbang", 1 ] ],
       [ [ "motor_small", 4 ] ],
       [ [ "power_supply", 8 ] ],
	   [ [ "cable", 12 ] ],
       [ [ "plut_cell", 4 ] ],
       [ [ "RAM", 2 ] ],
       [ [ "steel_chunk", 22 ] ],
       [ [ "alloy_plate", 1 ] ],
       [ [ "mil_plate", 1 ] ],
       [ [ "robot_controls", 1 ] ]
     ]
	},
	{
     "result": "broken_unarmedbot",
     "type": "uncraft",
     "skill_used": "electronics",
     "difficulty": 8,
     "time": 450000,
     "using": [ [ "soldering_standard", 30 ], [ "welding_standard", 20 ] ],
     "qualities": [
       { "id": "GLARE", "level": 2 },
       { "id": "SCREW", "level": 1 },
       { "id": "SCREW_FINE", "level": 1 },
       { "id": "WRENCH", "level": 1 },
       { "id": "WRENCH_FINE", "level": 1 },
       { "id": "DRILL", "level": 2 },
      { "id": "SAW_M", "level": 1 }
     ],
     "components": [
       [ [ "motor_small", 2 ] ],
       [ [ "power_supply", 3 ] ],
	   [ [ "cable", 12 ] ],
       [ [ "plut_cell", 2 ] ],
       [ [ "RAM", 2 ] ],
       [ [ "steel_chunk", 16 ] ],
       [ [ "alloy_plate", 1 ] ],
       [ [ "robot_controls", 1 ] ]
     ]
	},
	{
     "result": "broken_bootlegbot",
     "type": "uncraft",
     "skill_used": "electronics",
     "difficulty": 8,
     "time": 450000,
     "using": [ [ "soldering_standard", 30 ], [ "welding_standard", 20 ] ],
     "qualities": [
       { "id": "GLARE", "level": 2 },
       { "id": "SCREW", "level": 1 },
       { "id": "SCREW_FINE", "level": 1 },
       { "id": "WRENCH", "level": 1 },
       { "id": "WRENCH_FINE", "level": 1 },
       { "id": "DRILL", "level": 2 },
      { "id": "SAW_M", "level": 1 }
     ],
     "components": [
       [ [ "m4a1", 1 ] ],
       [ [ "motor_small", 2 ] ],
       [ [ "power_supply", 3 ] ],
	   [ [ "cable", 12 ] ],
       [ [ "plut_cell", 2 ] ],
       [ [ "RAM", 2 ] ],
       [ [ "steel_chunk", 16 ] ],
       [ [ "alloy_plate", 1 ] ],
       [ [ "robot_controls", 1 ] ]
     ]
	},
	{
     "result": "broken_laserbot",
     "type": "uncraft",
     "skill_used": "electronics",
     "difficulty": 8,
     "time": 450000,
     "using": [ [ "soldering_standard", 30 ], [ "welding_standard", 20 ] ],
     "qualities": [
       { "id": "GLARE", "level": 2 },
       { "id": "SCREW", "level": 1 },
       { "id": "SCREW_FINE", "level": 1 },
       { "id": "WRENCH", "level": 1 },
       { "id": "WRENCH_FINE", "level": 1 },
       { "id": "DRILL", "level": 2 },
      { "id": "SAW_M", "level": 1 }
     ],
     "components": [
	   [ [ "cerberus_laser", 2 ] ],
       [ [ "motor_small", 2 ] ],
       [ [ "power_supply", 3 ] ],
	   [ [ "cable", 12 ] ],
       [ [ "plut_cell", 2 ] ],
       [ [ "RAM", 2 ] ],
       [ [ "steel_chunk", 16 ] ],
       [ [ "alloy_plate", 1 ] ],
       [ [ "robot_controls", 1 ] ]
     ]
	},
	{
     "result": "broken_teslabot",
     "type": "uncraft",
     "skill_used": "electronics",
     "difficulty": 8,
     "time": 450000,
     "using": [ [ "soldering_standard", 30 ], [ "welding_standard", 20 ] ],
     "qualities": [
       { "id": "GLARE", "level": 2 },
       { "id": "SCREW", "level": 1 },
       { "id": "SCREW_FINE", "level": 1 },
       { "id": "WRENCH", "level": 1 },
       { "id": "WRENCH_FINE", "level": 1 },
       { "id": "DRILL", "level": 2 },
      { "id": "SAW_M", "level": 1 }
     ],
     "components": [
       [ [ "motor_small", 2 ] ],
	   [ [ "bio_chain_lightning", 1 ] ],
	   [ [ "burnt_out_bionic", 1 ] ],
       [ [ "power_supply", 3 ] ],
	   [ [ "cable", 12 ] ],
       [ [ "plut_cell", 2 ] ],
       [ [ "RAM", 2 ] ],
       [ [ "steel_chunk", 16 ] ],
       [ [ "alloy_plate", 1 ] ],
       [ [ "robot_controls", 1 ] ]
     ]
	},
	{
     "result": "broken_searchlightbot",
     "type": "uncraft",
     "skill_used": "electronics",
     "difficulty": 8,
     "time": 450000,
     "using": [ [ "soldering_standard", 30 ], [ "welding_standard", 20 ] ],
     "qualities": [
       { "id": "GLARE", "level": 2 },
       { "id": "SCREW", "level": 1 },
       { "id": "SCREW_FINE", "level": 1 },
       { "id": "WRENCH", "level": 1 },
       { "id": "WRENCH_FINE", "level": 1 },
       { "id": "DRILL", "level": 2 },
      { "id": "SAW_M", "level": 1 }
     ],
     "components": [
       [ [ "motor_small", 2 ] ],
	   [ [ "lightstrip", 12 ] ],
       [ [ "power_supply", 3 ] ],
	   [ [ "cable", 12 ] ],
       [ [ "plut_cell", 2 ] ],
       [ [ "RAM", 2 ] ],
       [ [ "steel_chunk", 16 ] ],
       [ [ "alloy_plate", 1 ] ],
       [ [ "robot_controls", 1 ] ]
     ]
	},
	{
     "result": "broken_chickenbot",
     "type": "uncraft",
     "skill_used": "electronics",
     "difficulty": 8,
     "time": 450000,
     "using": [ [ "soldering_standard", 30 ], [ "welding_standard", 20 ] ],
     "qualities": [
       { "id": "GLARE", "level": 2 },
       { "id": "SCREW", "level": 1 },
       { "id": "SCREW_FINE", "level": 1 },
       { "id": "WRENCH", "level": 1 },
       { "id": "WRENCH_FINE", "level": 1 },
       { "id": "DRILL", "level": 2 },
      { "id": "SAW_M", "level": 1 }
     ],
     "components": [
       [ [ "motor_small", 2 ] ],
	   [ [ "m4a1", 1 ] ],
       [ [ "power_supply", 3 ] ],
	   [ [ "cable", 12 ] ],
       [ [ "plut_cell", 2 ] ],
       [ [ "RAM", 2 ] ],
       [ [ "steel_chunk", 16 ] ],
       [ [ "alloy_plate", 1 ] ],
       [ [ "robot_controls", 1 ] ]
     ]
	},
	{
     "result": "broken_buckshotbot",
     "type": "uncraft",
     "skill_used": "electronics",
     "difficulty": 8,
     "time": 450000,
     "using": [ [ "soldering_standard", 30 ], [ "welding_standard", 20 ] ],
     "qualities": [
       { "id": "GLARE", "level": 2 },
       { "id": "SCREW", "level": 1 },
       { "id": "SCREW_FINE", "level": 1 },
       { "id": "WRENCH", "level": 1 },
       { "id": "WRENCH_FINE", "level": 1 },
       { "id": "DRILL", "level": 2 },
      { "id": "SAW_M", "level": 1 }
     ],
     "components": [
       [ [ "motor_small", 2 ] ],
	   [ [ "m1014", 1 ] ],
       [ [ "power_supply", 3 ] ],
	   [ [ "cable", 12 ] ],
       [ [ "plut_cell", 2 ] ],
       [ [ "RAM", 2 ] ],
       [ [ "steel_chunk", 16 ] ],
       [ [ "alloy_plate", 1 ] ],
       [ [ "robot_controls", 1 ] ]
     ]
	},
	{
     "result": "broken_flamerbot",
     "type": "uncraft",
     "skill_used": "electronics",
     "difficulty": 8,
     "time": 450000,
     "using": [ [ "soldering_standard", 30 ], [ "welding_standard", 20 ] ],
     "qualities": [
       { "id": "GLARE", "level": 2 },
       { "id": "SCREW", "level": 1 },
       { "id": "SCREW_FINE", "level": 1 },
       { "id": "WRENCH", "level": 1 },
       { "id": "WRENCH_FINE", "level": 1 },
       { "id": "DRILL", "level": 2 },
      { "id": "SAW_M", "level": 1 }
     ],
     "components": [
       [ [ "motor_small", 2 ] ],
	   [ [ "flamethrower", 1 ] ],
       [ [ "power_supply", 3 ] ],
	   [ [ "cable", 12 ] ],
       [ [ "plut_cell", 2 ] ],
       [ [ "RAM", 2 ] ],
       [ [ "steel_chunk", 16 ] ],
       [ [ "alloy_plate", 1 ] ],
       [ [ "robot_controls", 1 ] ]
     ]
	},
	{
     "result": "broken_fusionbot",
     "type": "uncraft",
     "skill_used": "electronics",
     "difficulty": 8,
     "time": 450000,
     "using": [ [ "soldering_standard", 30 ], [ "welding_standard", 20 ] ],
     "qualities": [
       { "id": "GLARE", "level": 2 },
       { "id": "SCREW", "level": 1 },
       { "id": "SCREW_FINE", "level": 1 },
       { "id": "WRENCH", "level": 1 },
       { "id": "WRENCH_FINE", "level": 1 },
       { "id": "DRILL", "level": 2 },
      { "id": "SAW_M", "level": 1 }
     ],
     "components": [
       [ [ "motor_small", 2 ] ],
	   [ [ "unbio_blaster_gun", 1 ] ],
       [ [ "power_supply", 3 ] ],
	   [ [ "cable", 12 ] ],
       [ [ "plut_cell", 2 ] ],
       [ [ "RAM", 2 ] ],
       [ [ "steel_chunk", 16 ] ],
       [ [ "alloy_plate", 1 ] ],
       [ [ "robot_controls", 1 ] ]
     ]
	}
]