[
	{
     "result": "walker_chassis",
     "type": "recipe",
     "category": "CC_ELECTRONICS",
     "subcategory": "CSC_ELECTRONICS_OTHER",
     "skill_used": "mechanics",
     "difficulty": 8,
     "skills_required": [ "fabrication", 8 ],
     "time": 720000,
     "batch_time_factors": [ 50, 10 ],
     "book_learn": [ [ "walker_schematic", 6 ] ],
     "qualities": [
       { "id": "GLARE", "level": 2 },
       { "id": "SCREW", "level": 1 },
       { "id": "SCREW_FINE", "level": 1 },
       { "id": "WRENCH", "level": 1 },
       { "id": "WRENCH_FINE", "level": 1 },
       { "id": "DRILL", "level": 2 },
       { "id": "CHISEL", "level": 2 }
     ],
	 "tools": [
       [ [ "tongs", -1 ] ],
       [ [ "anvil", -1 ] ],
	   [ [ "forge", 300 ], [ "oxy_torch", 60 ] ],
       [ [ "crucible", -1 ], ["crucible_clay", -1] ],
       [ [ "swage", -1 ] ],
	   [ [ "welder", 300 ], [ "welder_crude", 450 ], [ "toolset", 450 ], [ "oxy_torch", 60 ] ]
     ],
     "components": [
       [ [ "scrap", 120 ], [ "steel_chunk", 40 ], [ "steel_lump", 15 ] ],
       [ [ "alloy_plate", 1 ] ]
     ]
	},
	{
     "result": "super_chassis",
     "type": "recipe",
     "category": "CC_ELECTRONICS",
     "subcategory": "CSC_ELECTRONICS_OTHER",
     "skill_used": "mechanics",
     "difficulty": 10,
     "skills_required": [ "fabrication", 10 ],
     "time": 1080000,
     "batch_time_factors": [ 50, 10 ],
     "book_learn": [ [ "walker_schematic", 6 ] ],
     "qualities": [
       { "id": "GLARE", "level": 2 },
       { "id": "SCREW", "level": 1 },
       { "id": "SCREW_FINE", "level": 1 },
       { "id": "WRENCH", "level": 1 },
       { "id": "WRENCH_FINE", "level": 1 },
       { "id": "DRILL", "level": 2 },
       { "id": "CHISEL", "level": 2 }
     ],
	 "tools": [
       [ [ "tongs", -1 ] ],
       [ [ "anvil", -1 ] ],
	   [ [ "forge", 900 ], [ "oxy_torch", 180 ] ],
       [ [ "crucible", -1 ], ["crucible_clay", -1] ],
       [ [ "swage", -1 ] ],
	   [ [ "welder", 900 ], [ "welder_crude", 1350 ], [ "toolset", 1350 ], [ "oxy_torch", 180 ] ]
     ],
     "components": [
       [ [ "scrap", 140 ], [ "steel_chunk", 55 ], [ "steel_lump", 20 ] ],
	   [ [ "mil_plate", 2 ] ],
       [ [ "alloy_plate", 2 ] ]
     ]
	},
	{
     "result": "unarmedsuper_packed",
     "type": "recipe",
     "category": "CC_ELECTRONICS",
     "subcategory": "CSC_ELECTRONICS_OTHER",
     "skill_used": "mechanics",
     "difficulty": 10,
     "skills_required": [ "computer", 10 ],
     "time": 1080000,
     "batch_time_factors": [ 50, 10 ],
     "book_learn": [ [ "walker_schematic", 6 ] ],
     "qualities": [
       { "id": "GLARE", "level": 2 },
       { "id": "SCREW", "level": 1 },
       { "id": "SCREW_FINE", "level": 1 },
       { "id": "WRENCH", "level": 1 },
       { "id": "WRENCH_FINE", "level": 1 },
       { "id": "DRILL", "level": 2 },
       { "id": "CHISEL", "level": 2 }
     ],
	 "tools": [
	   [ [ "welder", 450 ], [ "welder_crude", 600 ], [ "toolset", 600 ], [ "oxy_torch", 90 ] ],
	   [ [ "soldering_iron", 160 ] ],
       [ [ "control_laptop", 900 ] ]
     ],
     "components": [
	   [ [ "super_chassis", 1 ] ],
       [ [ "spring", 12 ] ],
       [ [ "power_supply", 24 ] ],
       [ [ "amplifier", 8 ] ],
	   [ [ "processor", 8 ] ],
       [ [ "RAM", 8 ] ],
	   [ [ "transponder", 8 ] ],
	   [ [ "antenna", 8 ] ],
	   [ [ "receiver", 8 ] ],
	   [ [ "bio_ods", 2 ] ],
	   [ [ "bio_magnet", 2 ] ],
	   [ [ "lens", 24 ] ],
	   [ [ "e_scrap", 36 ] ],
	   [ [ "cable", 80 ] ],
	   [ [ "motor_enhanced", 1 ] ],
	   [ [ "motor_small", 14 ] ],
	   [ [ "storage_battery", 1 ] ],
	   [ [ "plut_cell", 24 ] ],
	   [ [ "solar_cell", 24 ] ],
	   [ [ "tazer", 4 ] ],
       [ [ "robot_controls", 1 ] ]
     ]
	},
	{
     "result": "scrapbot_packed",
     "type": "recipe",
     "category": "CC_ELECTRONICS",
     "subcategory": "CSC_ELECTRONICS_OTHER",
     "skill_used": "mechanics",
     "difficulty": 7,
     "time": 108000,
     "batch_time_factors": [ 50, 10 ],
     "book_learn": [ [ "broken_chickenbot", 6 ] ],
     "qualities": [
       { "id": "GLARE", "level": 2 },
       { "id": "SCREW", "level": 1 },
       { "id": "SCREW_FINE", "level": 1 },
       { "id": "WRENCH", "level": 1 },
       { "id": "WRENCH_FINE", "level": 1 }
     ],
	 "tools": [
       [ [ "misc_repairkit", 200 ] ],
	   [ [ "small_repairkit", 300 ] ],
	   [ [ "welder", 240 ], [ "welder_crude", 360 ], [ "toolset", 360 ], [ "oxy_torch", 48 ] ]
     ],
     "components": [
	   [ [ "broken_chickenbot", 1 ] ],
	   [ [ "duct_tape", 750 ] ]
     ]
	},
	{
     "result": "superbot_packed",
     "type": "recipe",
     "category": "CC_ELECTRONICS",
     "subcategory": "CSC_ELECTRONICS_OTHER",
     "skill_used": "mechanics",
     "difficulty": 10,
     "skills_required": [ "computer", 10 ],
     "time": 72000,
     "batch_time_factors": [ 50, 10 ],
     "book_learn": [ [ "walker_schematic", 6 ] ],
     "qualities": [
       { "id": "GLARE", "level": 2 },
       { "id": "SCREW", "level": 1 },
       { "id": "SCREW_FINE", "level": 1 },
       { "id": "WRENCH", "level": 1 },
       { "id": "WRENCH_FINE", "level": 1 }
     ],
	 "tools": [
       [ [ "control_laptop", 600 ] ],
	   [ [ "large_repairkit", 600 ] ],
	   [ [ "welder", 60 ], [ "welder_crude", 90 ], [ "toolset", 90 ], [ "oxy_torch", 12 ] ]
     ],
     "components": [
	   [ [ "unarmedsuper_packed", 1 ] ],
	   [ [ "m2browning", 1 ] ],
	   [ [ "spring", 4 ] ],
	   [ [ "metal_tank_little", 2 ] ]
     ]
	},
	{
     "result": "unarmedbot_packed",
     "type": "recipe",
     "category": "CC_ELECTRONICS",
     "subcategory": "CSC_ELECTRONICS_OTHER",
     "skill_used": "mechanics",
     "difficulty": 10,
     "skills_required": [ "computer", 10 ],
     "time": 720000,
     "batch_time_factors": [ 50, 10 ],
     "book_learn": [ [ "walker_schematic", 6 ] ],
     "qualities": [
       { "id": "GLARE", "level": 2 },
       { "id": "SCREW", "level": 1 },
       { "id": "SCREW_FINE", "level": 1 },
       { "id": "WRENCH", "level": 1 },
       { "id": "WRENCH_FINE", "level": 1 },
       { "id": "DRILL", "level": 2 },
       { "id": "CHISEL", "level": 2 }
     ],
	 "tools": [
	   [ [ "welder", 300 ], [ "welder_crude", 450 ], [ "toolset", 450 ], [ "oxy_torch", 60 ] ],
	   [ [ "soldering_iron", 80 ] ],
       [ [ "control_laptop", 300 ] ]
     ],
     "components": [
	   [ [ "walker_chassis", 1 ] ],
       [ [ "spring", 12 ] ],
       [ [ "power_supply", 12 ] ],
       [ [ "amplifier", 4 ] ],
	   [ [ "processor", 4 ] ],
       [ [ "RAM", 4 ] ],
	   [ [ "transponder", 4 ] ],
	   [ [ "antenna", 4 ] ],
	   [ [ "receiver", 4 ] ],
	   [ [ "lens", 12 ] ],
	   [ [ "e_scrap", 20 ] ],
	   [ [ "cable", 40 ] ],
	   [ [ "motor", 1 ] ],
	   [ [ "motor_small", 6 ] ],
	   [ [ "storage_battery", 1 ] ],
	   [ [ "plut_cell", 6 ] ],
	   [ [ "solar_cell", 12 ] ],
	   [ [ "tazer", 1 ] ],
       [ [ "robot_controls", 1 ] ]
     ]
	},
	{
     "result": "bootlegbot_packed",
     "type": "recipe",
     "category": "CC_ELECTRONICS",
     "subcategory": "CSC_ELECTRONICS_OTHER",
     "skill_used": "mechanics",
     "difficulty": 8,
     "skills_required": [ "computer", 8 ],
     "time": 72000,
     "batch_time_factors": [ 50, 10 ],
     "book_learn": [ [ "walker_schematic", 6 ] ],
     "qualities": [
       { "id": "GLARE", "level": 2 },
       { "id": "SCREW_FINE", "level": 1 },
       { "id": "WRENCH_FINE", "level": 1 }
     ],
	 "tools": [
       [ [ "control_laptop", 300 ] ],
	   [ [ "large_repairkit", 300 ] ],
	   [ [ "welder", 20 ], [ "welder_crude", 30 ], [ "toolset", 30 ], [ "oxy_torch", 5 ] ]
     ],
     "components": [
	   [ [ "unarmedbot_packed", 1 ] ],
	   [ [ "acr", 2 ], [ "ar15", 2 ], [ "h&k416a5", 2 ], [ "hk_g36", 2 ], [ "l_base_223", 2 ], [ "m249", 2 ], [ "m27iar", 2 ], [ "m4a1", 2 ], [ "scar_l", 2 ], [ "sig552", 2 ], [ "steyr_aug", 2 ] ],
	   [ [ "spring", 2 ] ],
	   [ [ "metal_tank_little", 1 ] ]
     ]
	},
	{
     "result": "buckshotbot_packed",
     "type": "recipe",
     "category": "CC_ELECTRONICS",
     "subcategory": "CSC_ELECTRONICS_OTHER",
     "skill_used": "mechanics",
     "difficulty": 8,
     "skills_required": [ "computer", 8 ],
     "time": 72000,
     "batch_time_factors": [ 50, 10 ],
     "book_learn": [ [ "walker_schematic", 6 ] ],
     "qualities": [
       { "id": "GLARE", "level": 2 },
       { "id": "SCREW_FINE", "level": 1 },
       { "id": "WRENCH_FINE", "level": 1 }
     ],
	 "tools": [
       [ [ "control_laptop", 300 ] ],
	   [ [ "large_repairkit", 300 ] ],
	   [ [ "welder", 20 ], [ "welder_crude", 30 ], [ "toolset", 30 ], [ "oxy_torch", 5 ] ]
     ],
     "components": [
	   [ [ "unarmedbot_packed", 1 ] ],
	   [ [ "ksg", 2 ], [ "m1014", 2 ], [ "saiga_12", 2 ] ],
	   [ [ "spring", 2 ] ],
	   [ [ "metal_tank_little", 1 ] ]
     ]
	},
	{
     "result": "searchlightbot_packed",
     "type": "recipe",
     "category": "CC_ELECTRONICS",
     "subcategory": "CSC_ELECTRONICS_OTHER",
     "skill_used": "mechanics",
     "difficulty": 8,
     "skills_required": [ "computer", 8 ],
     "time": 72000,
     "batch_time_factors": [ 50, 10 ],
     "book_learn": [ [ "walker_schematic", 6 ] ],
     "qualities": [
       { "id": "GLARE", "level": 2 },
       { "id": "SCREW_FINE", "level": 1 },
       { "id": "WRENCH_FINE", "level": 1 }
     ],
	 "tools": [
       [ [ "control_laptop", 300 ] ],
	   [ [ "welder", 20 ], [ "welder_crude", 30 ], [ "toolset", 30 ], [ "oxy_torch", 5 ] ]
     ],
     "components": [
	   [ [ "unarmedbot_packed", 1 ] ],
	   [ [ "lightstrip", 25 ] ],
	   [ [ "motor_small", 2 ] ]
     ]
	},
	{
     "result": "flamerbot_packed",
     "type": "recipe",
     "category": "CC_ELECTRONICS",
     "subcategory": "CSC_ELECTRONICS_OTHER",
     "skill_used": "mechanics",
     "difficulty": 8,
     "skills_required": [ "computer", 8 ],
     "time": 72000,
     "batch_time_factors": [ 50, 10 ],
     "book_learn": [ [ "walker_schematic", 6 ] ],
     "qualities": [
       { "id": "GLARE", "level": 2 },
       { "id": "SCREW_FINE", "level": 1 },
       { "id": "WRENCH_FINE", "level": 1 }
     ],
	 "tools": [
       [ [ "control_laptop", 300 ] ],
	   [ [ "large_repairkit", 300 ] ],
	   [ [ "welder", 20 ], [ "welder_crude", 30 ], [ "toolset", 30 ], [ "oxy_torch", 5 ] ]
     ],
     "components": [
	   [ [ "unarmedbot_packed", 1 ] ],
	   [ [ "flamethrower", 1 ], [ "flamethrower_simple", 1 ], [ "rm451_flamethrower", 1 ] ],
	   [ [ "hose", 2 ] ],
	   [ [ "jerrycan", 1 ] ]
     ]
	},
	{
     "result": "fusionbot_packed",
     "type": "recipe",
     "category": "CC_ELECTRONICS",
     "subcategory": "CSC_ELECTRONICS_OTHER",
     "skill_used": "mechanics",
     "difficulty": 8,
     "skills_required": [ "computer", 8 ],
     "time": 55000,
     "batch_time_factors": [ 50, 10 ],
     "book_learn": [ [ "walker_schematic", 6 ] ],
     "qualities": [
       { "id": "SCREW_FINE", "level": 1 },
       { "id": "WRENCH_FINE", "level": 1 }
     ],
	 "tools": [
       [ [ "control_laptop", 300 ] ],
	   [ [ "large_repairkit", 300 ] ]
     ],
     "components": [
	   [ [ "unarmedbot_packed", 1 ] ],
	   [ [ "unbio_blaster_gun", 2 ], [ "ftk93", 2 ] ]
     ]
	},
	{
     "result": "teslabot_packed",
     "type": "recipe",
     "category": "CC_ELECTRONICS",
     "subcategory": "CSC_ELECTRONICS_OTHER",
     "skill_used": "mechanics",
     "difficulty": 8,
     "skills_required": [ "computer", 8 ],
     "time": 55000,
     "batch_time_factors": [ 50, 10 ],
     "book_learn": [ [ "walker_schematic", 6 ] ],
     "qualities": [
       { "id": "SCREW_FINE", "level": 1 },
       { "id": "WRENCH_FINE", "level": 1 }
     ],
	 "tools": [
       [ [ "control_laptop", 300 ] ],
	   [ [ "large_repairkit", 300 ] ]
     ],
     "components": [
	   [ [ "unarmedbot_packed", 1 ] ],
	   [ [ "bio_chain_lightning", 2 ] ]
     ]
	},
	{
     "result": "laserbot_packed",
     "type": "recipe",
     "category": "CC_ELECTRONICS",
     "subcategory": "CSC_ELECTRONICS_OTHER",
     "skill_used": "mechanics",
     "difficulty": 8,
     "skills_required": [ "computer", 8 ],
     "time": 55000,
     "batch_time_factors": [ 50, 10 ],
     "book_learn": [ [ "walker_schematic", 6 ] ],
     "qualities": [
       { "id": "SCREW_FINE", "level": 1 },
       { "id": "WRENCH_FINE", "level": 1 }
     ],
	 "tools": [
       [ [ "control_laptop", 300 ] ],
	   [ [ "large_repairkit", 300 ] ]
     ],
     "components": [
	   [ [ "unarmedbot_packed", 1 ] ],
	   [ [ "laser_cannon", 3 ], [ "laser_rifle", 3 ], [ "v29", 3 ], [ "cerberus_laser", 3 ] ]
     ]
	}
]
