[
	{
     "id": "walker_556",
     "copy-from": "rifle_auto",
     "type": "GUN",
     "name": "rifle",
     "description": "The weapon occasionally tries to bite you with its many mouths, when it succeeds it purrs contentedly.",
     "weight": 1,
     "volume": 1,
     "price": 1,
     "to_hit": -1,
     "bashing": 1,
     "material": [ "flesh", "bone" ],
     "symbol": "(",
     "color": "pink",
     "ammo": "223",
     "dispersion": 200,
     "durability": 3,
     "reload": 400,
	 "clip_size": 1000
	},
	{
     "id": "walker_shot",
     "copy-from": "rifle_auto",
     "type": "GUN",
     "name": "shotgun",
     "description": "This weapon spits lead pellets at you whenever you touch its tendrils.",
     "weight": 1,
     "volume": 1,
     "price": 1,
     "to_hit": -1,
     "bashing": 1,
     "material": [ "flesh", "bone" ],
     "symbol": "(",
     "color": "pink",
     "ammo": "shot",
     "dispersion": 200,
     "durability": 3,
     "reload": 400,
	 "clip_size": 500
	},
	{
     "id": "walker_flare",
     "copy-from": "rifle_auto",
     "type": "GUN",
     "name": "flaregun",
     "description": "This small and toothsome weapon occasionally exhales smoke, and smells of burning magnesium.",
     "weight": 1,
     "volume": 1,
     "price": 1,
     "to_hit": -1,
     "bashing": 1,
     "material": [ "flesh", "bone" ],
     "symbol": "(",
     "color": "pink",
     "ammo": "signal_flare",
     "dispersion": 200,
     "durability": 3,
     "reload": 400,
	 "clip_size": 250
	},
	{
     "id": "walker_bmg",
     "copy-from": "rifle_auto",
     "type": "GUN",
     "name": "M2 Browning",
     "description": "This weapon almost constantly trembles in rage, and is too large to comfortably hold.",
     "weight": 1,
     "volume": 1,
     "price": 1,
     "to_hit": -1,
     "bashing": 1,
     "material": [ "flesh", "bone" ],
     "symbol": "(",
     "color": "pink",
     "ammo": "50",
     "dispersion": 200,
     "durability": 8,
     "reload": 400,
     "barrel_length": 5,
	 "clip_size": 1000
	},
	{
     "id": "walker_fusion",
     "type": "GUN",
     "name": "blaster",
     "description": "This weapon glows in places, and is almost painfully hot to the touch.",
     "weight": 1,
     "volume": 1,
	 "skill": "rifle",
     "price": 1,
     "to_hit": -1,
     "bashing": 1,
     "material": [ "flesh", "bone" ],
     "symbol": "(",
     "color": "pink",
     "ups_charges": 40,
     "loudness": 15,
     "dispersion": 175,
     "durability": 3,
     "reload": 400,
     "ammo_effects": [ "PLASMA", "EXPLOSIVE", "FLAME" ]
	},
	{
     "id": "walker_laser",
     "type": "GUN",
     "name": "laser",
     "description": "This weapon's many eyes constantly move, only settling for a mere moment before finding a new focus.",
     "weight": 1,
     "volume": 1,
     "price": 1,
     "to_hit": -1,
     "bashing": 4,
     "material": [ "flesh", "bone" ],
     "symbol": "(",
     "color": "pink",
     "skill": "rifle",
     "range": 24,
     "ranged_damage": 10,
     "pierce": 15,
     "dispersion": 90,
     "durability": 3,
     "loudness": 8,
     "ups_charges": 25,
     "reload": 200,
     "ammo_effects": [ "LASER", "INCENDIARY" ],
     "flags": [ "NO_UNLOAD" ]
	},
	{
     "id": "walker_flamer",
     "copy-from": "flamethrower_base",
     "type": "GUN",
     "name": "flamethrower",
     "description": "This weapon gurgles softly, and occasionally drips burning liquid.",
     "weight": 1,
     "volume": 1,
     "price": 1,
     "to_hit": -1,
     "bashing": 1,
     "material": [ "flesh", "bone" ],
	 "ammo": "flammable",
     "color": "pink",
     "range": 12,
     "dispersion": 300,
     "durability": 3,
     "clip_size": 10000,
     "burst": 4,
     "reload_noise": "slosh.",
     "reload_noise_volume": 4
	},
	{
     "id": "walker_tesla",
     "type": "GUN",
     "name": "tesla coil",
     "description": "Blue-green electricity arcs between this weapons twitching cilia.",
     "volume": 1,
     "price": 1,
     "material": [ "flesh", "bone" ],
     "symbol": "(",
     "color": "pink",
     "skill": "rifle",
     "range": 16,
     "ranged_damage": 18,
     "dispersion": 10,
     "durability": 3,
     "loudness": 35,
     "reload": 500,
     "ammo_effects": [ "LIGHTNING", "BOUNCE" ]
	}
]
