[
	{
     "type" : "item_group",
     "id" : "mil_hw",
     "items": [
       [ "chickenbot_packed", 2 ]
     ]
	},
	{
     "type" : "item_group",
     "id" : "military",
     "items": [
       [ "chickenbot_packed", 4 ]
     ]
	},
	{
     "type" : "item_group",
     "id" : "helicopter",
     "items": [
       [ "chickenbot_packed", 2 ]
     ]
	},
	{
     "type" : "item_group",
     "id" : "lab_dorm",
     "items": [
       [ "walker_schematic", 1 ]
     ]
	},
	{
     "type" : "item_group",
     "id" : "teleport",
     "items": [
       [ "walker_schematic", 5 ]
     ]
	},
	{
     "type" : "item_group",
     "id" : "science",
     "items": [
       [ "walker_schematic", 1 ]
     ]
	},
	{
     "type" : "item_group",
     "id" : "chickenbotnew",
     "items":[
       ["556", 8],
       ["steel_lump", 10],
       ["40mm_frag", 6],
       ["alloy_plate", 10],
       ["robot_controls", 5]
      ]
	},
	{
     "type" : "item_group",
     "id" : "bootlegbot",
     "items":[
       ["556", 12],
       ["steel_lump", 10],
       ["alloy_plate", 10],
       ["robot_controls", 5]
      ]
	},
	{
     "type" : "item_group",
     "id" : "buckshotbot",
     "items":[
       ["shot_00", 12],
       ["steel_lump", 10],
       ["alloy_plate", 10],
       ["robot_controls", 5]
      ]
	},
	{
     "type" : "item_group",
     "id" : "flaregunbot",
     "items":[
       ["signal_flare", 12],
       ["steel_lump", 10],
       ["alloy_plate", 10],
       ["robot_controls", 5]
      ]
	},
	{
     "type" : "item_group",
     "id" : "unarmedbot",
     "items":[
       ["steel_lump", 10],
       ["alloy_plate", 10],
       ["robot_controls", 5]
      ]
	},
	{
     "type" : "item_group",
     "id" : "unarmedsuperbot",
     "items":[
       ["steel_lump", 10],
       ["alloy_plate", 20],
       ["robot_controls", 5]
      ]
	},
	{
     "type" : "item_group",
     "id" : "superbot",
     "items":[
       ["50bmg", 12],
       ["steel_lump", 10],
       ["alloy_plate", 20],
       ["robot_controls", 5]
      ]
	},
	{
     "type" : "item_group",
     "id" : "flamerbot",
     "items":[
       ["napalm", 12],
       ["steel_lump", 10],
       ["alloy_plate", 20],
       ["robot_controls", 5]
      ]
	}
]
