[
    {
    "type" : "mapgen",
    "om_terrain" : ["s_restaurant_fast"],
    "method": "json",
    "weight": 250,
    "object": {
      "fill_ter": "t_floor",
      "rows":[
        ",_____ssssssssssss_____,",
        ",__,__#### ss ####__,__,",
        ",_,,,_#ssssssssss#__,__,",
        ",__,__#HTHssssHTH#__,__,",
        ",__,__#ssssssssss#_,,,_,",
        ",__,__|-555++555-|__,__,",
        ",_____|.HH....HH.%_____,",
        ",_____%.TT....TT.%_____,",
        ",_____%.TT....TT.%_____,",
        ",_____%.HH....HH.|_____,",
        ",_____|..........%_____,",
        ",,,,,,|g.........+_____,",
        ",_____|ccxccxc|..%_____,",
        ",_____ow=w=w=w+..|_____,",
        ",_____|ewccOwc|t-|_____,",
        ",_____|l=w=w=S|=S|_____,",
        ",_____||eercwx|P||_____,",
        ",_____#|----o---|#_____,",
        ",________,_____________,",
        ",________,_____________,",
        ",________,_____________,",
        " ,_______,____________, ",
        "  ,,,,,,,,,,,,,,,,,,,,  ",
        "   dd                   "
      ],
      "terrain":{
        "5": "t_wall_glass",
        "%": "t_wall_glass",
        ",": "t_pavement_y",
        "_": "t_pavement",
        "x": "t_console_broken",
        ".": "t_floor",
        "-": "t_wall",
        "|": "t_wall",
        "#": "t_shrub",
        "+": ["t_door_glass_c", "t_door_glass_c", "t_door_frame", "t_door_glass_c", "t_door_glass_c", "t_wall_wood", "t_door_glass_c", "t_door_glass_c", "t_wall_wood_chipped", "t_door_glass_c", "t_door_glass_c", "t_wall_wood_broken", "t_door_glass_o", "t_door_glass_o", "t_wall_log", "t_door_glass_o", "t_door_glass_o", "t_wall_log_chipped", "t_door_glass_o", "t_door_glass_o", "t_wall_log_broken"],
        "t": ["t_door_c", "t_door_c", "t_door_b", "t_door_c", "t_door_c", "t_door_frame", "t_door_c", "t_door_c", "t_wall_wood", "t_door_c", "t_door_c", "t_wall_wood_chipped", "t_door_c", "t_door_c", "t_wall_wood_broken", "t_door_o", "t_door_o", "t_wall_log", "t_door_o", "t_door_o", "t_wall_log_chipped", "t_door_o", "t_door_o", "t_wall_log_broken"],
        "s": "t_sidewalk",
        " ": ["t_grass", "t_grass", "t_grass", "t_grass", "t_grass", "t_grass", "t_dirt"],
        "o": "t_window_open",
        "=": "t_linoleum_gray",
        "w": "t_linoleum_white",
        "e": "t_linoleum_white",
        "r": "t_linoleum_gray",
        "c": "t_linoleum_white",
        "S": "t_linoleum_white",
        "P": "t_linoleum_white",
        "O": "t_linoleum_white",
        "l": "t_linoleum_white"
        },
      "furniture":{
        "d": ["f_dumpster", "f_dumpster", "f_null", "f_null", "f_null", "f_null", "f_null", "f_null", "f_dumpster", "f_dumpster", "f_rubble", "f_dumpster", "f_dumpster"],
        "T": ["f_table", "f_null", "f_null", "f_null", "f_null", "f_null", "f_null", "f_table", "f_rubble", "f_table"],
        "S": ["f_sink", "f_null", "f_null", "f_null", "f_null", "f_null", "f_null", "f_sink", "f_rubble", "f_sink"],
        "e": ["f_fridge", "f_null", "f_null", "f_null", "f_null", "f_null", "f_null", "f_fridge", "f_wreckage", "f_fridge"],
        "H": ["f_chair", "f_null", "f_null", "f_null", "f_null", "f_null", "f_null", "f_chair", "f_rubble", "f_chair"],
        "c": ["f_counter", "f_null", "f_null", "f_null", "f_null", "f_null", "f_null", "f_counter", "f_rubble", "f_counter"],
        "l": ["f_locker", "f_null", "f_null", "f_null", "f_null", "f_null", "f_null", "f_locker", "f_wreckage", "f_locker"],
        "g": ["f_trashcan", "f_null", "f_null", "f_null", "f_null", "f_null", "f_null", "f_trashcan", "f_rubble", "f_trashcan"],
        "O": ["f_woodstove", "f_null", "f_null", "f_null", "f_null", "f_null", "f_null", "f_woodstove", "f_wreckage", "f_woodstove"],
        "r": ["f_oven", "f_null", "f_null", "f_null", "f_null", "f_null", "f_null", "f_oven", "f_wreckage", "f_oven"]
        },
      "set": [
        { "point": "terrain", "x": [ 0, 23 ], "y": 23, "id": "t_dirt", "repeat": [ 5, 15 ] },
        
        { "line": "terrain", "x": 7, "y": 3, "x2": 9, "y2": 3, "id": "t_sidewalk" },
        { "line": "terrain", "x": 14, "y": 3, "x2": 16, "y2": 3, "id": "t_sidewalk" },
        
        { "line": "trap", "x": 14, "y": 13, "x2": 16, "y2": 13, "id": "tr_beartrap", "chance": 10 }
      ],
      "toilets": {
        "P": { }
      },
       "place_monsters": [
        { "monster": "GROUP_ZOMBIE", "x": 15, "y": 15, "chance": 10 },
        { "monster": "GROUP_ROACH","chance": 20, "x": [7,19],  "y": 19}
      ]
    }
  }
]
