[
    {
        "type" : "mapgen",
        "om_terrain" : ["bar"],
        "method": "json",
        "weight": 250,
        "object": {
            "fill_ter": "t_floor",
            "rows": [
                " ,    ,    ,    ,    ,  ",
                " ,    ,    ,    ,    ,  ",
                " ,    ,    ,    ,    ,  ",
                " ,    ,    ,    ,    ,  ",
                " ,    ,    ,    ,    ,  ",
                "|--'-'-'---++---'-'-'--|",
                "|......................|",
                "|...BB...BB...BB....ccc|",
                "|...##...##...##...Ccl&|",
                "|...##...##...##....cl@|",
                "'...BB...BB...BB...Ccl{|",
                "|...................cl{|",
                "|...BB...BB...BB...Ccl{|",
                "|...##...##...##....cl{|",
                "|...##...##...##...Ccll|",
                "'...BB...BB...BB....cfc|",
                "|......................|",
                "|....xxxx.....xxxx....T|",
                "|....xxxx.....xxxx....T|",
                "|......................|",
                "|--+----------------+--|",
                "|lllll|   dd     Dllll&|",
                "|tllls|          |lcccc|",
                "|-----|          |-----|"
            ],
            "terrain": {
                "'": ["t_window", "t_window_empty", "t_window", "t_window_frame", "t_window", "t_wall_wood", "t_window", "t_wall_wood_chipped", "t_window", "t_wall_wood_broken", "t_window", "t_wall_log", "t_window", "t_wall_log_chipped", "t_window", "t_wall_log_broken"],
                "+": ["t_door_c", "t_door_c", "t_door_locked_alarm", "t_door_c", "t_door_c", "t_door_locked_interior", "t_door_c", "t_door_c", "t_door_locked", "t_door_c", "t_door_c", "t_door_locked_peep", "t_door_c", "t_door_c", "t_door_b_peep", "t_door_c", "t_door_c", "t_door_boarded_damaged_peep", "t_door_c", "t_door_c", "t_rdoor_boarded_damaged", "t_door_c", "t_door_c", "t_rdoor_boarded", "t_door_c", "t_door_c", "t_door_boarded_peep", "t_door_c", "t_door_c", "t_door_boarded_damaged", "t_door_c", "t_door_c", "t_door_boarded", "t_door_c", "t_door_c", "t_rdoor_o", "t_door_c", "t_door_c", "t_rdoor_c", "t_door_c", "t_door_c", "t_door_o_peep", "t_door_c", "t_door_c", "t_door_c_peep", "t_door_c", "t_door_c", "t_door_b", "t_door_c", "t_door_c", "t_door_frame", "t_door_c", "t_door_c", "t_wall_wood", "t_door_c", "t_door_c", "t_wall_wood_chipped", "t_door_c", "t_door_c", "t_wall_wood_broken", "t_door_o", "t_door_o", "t_wall_log", "t_door_o", "t_door_o", "t_wall_log_chipped", "t_door_o", "t_door_o", "t_wall_log_broken", "t_door_o", "t_door_o", "t_door_curtain_c", "t_door_o", "t_door_o", "t_door_makeshift_c", "t_door_o", "t_door_o", "t_door_curtain_o", "t_door_o", "t_door_o", "t_door_makeshift_o", "t_door_o", "t_door_o", "t_palisade", "t_door_o", "t_door_o", "t_bars", "t_door_o", "t_door_o", "t_door_bar_o", "t_door_o", "t_door_o", "t_door_bar_c", "t_door_o", "t_door_o", "t_door_bar_locked"],
                "D": ["t_door_c", "t_door_c", "t_door_b", "t_door_c", "t_door_c", "t_door_frame", "t_door_c", "t_door_c", "t_wall_wood", "t_door_c", "t_door_c", "t_wall_wood_chipped", "t_door_c", "t_door_c", "t_wall_wood_broken", "t_door_o", "t_door_o", "t_wall_log", "t_door_o", "t_door_o", "t_wall_log_chipped", "t_door_o", "t_door_o", "t_wall_log_broken"],

                "-": "t_wall",
                "|": "t_wall",
                ".": "t_null",
                " ": "t_pavement",
                "f": ["t_fencegate_c", "t_fencegate_c", "t_fencegate_c", "t_fencegate_o"],
                ",": "t_pavement_y",
                "@": "t_console_broken",
                "l": "t_linoleum_gray",
                "d": "t_pavement",
                "c": "t_linoleum_gray",
                "t": "t_linoleum_gray",
                "s": "t_linoleum_gray",
                "{": "t_linoleum_gray",
                "&": "t_linoleum_gray"
            },
            "furniture": {
                "#": ["f_table", "f_null", "f_null", "f_null", "f_null", "f_null", "f_null", "f_table", "f_rubble", "f_table"],
                "c": ["f_counter", "f_null", "f_null", "f_null", "f_null", "f_null", "f_null", "f_counter", "f_rubble", "f_counter"],
                "x": "f_pool_table",
                "&": ["f_fridge", "f_null", "f_null", "f_null", "f_null", "f_null", "f_null", "f_fridge", "f_wreckage", "f_fridge"],
                "d": ["f_dumpster", "f_dumpster", "f_null", "f_null", "f_null", "f_null", "f_null", "f_null", "f_dumpster", "f_dumpster", "f_rubble", "f_dumpster", "f_dumpster"],
                "s": ["f_sink", "f_null", "f_null", "f_null", "f_null", "f_null", "f_null", "f_sink", "f_rubble", "f_sink"],
                "B": ["f_bench", "f_null", "f_null", "f_null", "f_null", "f_null", "f_null", "f_bench", "f_rubble", "f_bench"],
                "T": ["f_trashcan", "f_null", "f_null", "f_null", "f_null", "f_null", "f_null", "f_trashcan", "f_rubble", "f_trashcan"],
                "{": ["f_rack", "f_null", "f_null", "f_null", "f_null", "f_null", "f_null", "f_rack", "f_rubble", "f_rack"],
                "C": ["f_chair", "f_null", "f_null", "f_null", "f_null", "f_null", "f_null", "f_chair", "f_rubble", "f_chair"]
            },
            "toilets": {
                "t": { }
            },
            "//": "default fill is floor but dumpster is on pavement",
            "set": [
                { "point": "terrain", "id": "t_pavement", "x": 10, "y": 21},
                { "point": "terrain", "id": "t_pavement", "x": 11, "y": 21}
            ]
        }
    }
]
