[
    {
        "type": "mapgen",
        "om_terrain": [
            "shipwreck_river_1"
        ],
        "method": "json",
        "object": {
            "rows": [
                "........................",
                "........................",
                "........................",
                "........................",
                "........................",
                "........... ............",
                "........................",
                ".........#..............",
                "...c ##ccccccccccccc----",
                ".ccc ##             3r  ",
                "#~~~###             3r  ",
                "..~ -#   ##  6ee    3r  ",
                ".CC-CCcc~~~~  #    ~--#-",
                "~~~  ~~cc           #  .",
                "##~~~ ..cccc~~~~~ccc----",
                "~~#-.~~..~~~##~~~~~~~~~~",
                "..~~~~  ~~.##-..~~~.~~~~",
                "##---.cc.....   ~~......",
                "..........-.-##.......~.",
                "....~~...c..............",
                "........................",
                "........................",
                "........................",
                "........................"
            ],
            "terrain": {
                ".": [ "t_water_sh", { "ter": "t_water_sh" }, { "ter": "t_dirt" }, { "ter": "t_grass" }, { "ter": "t_dirt" }, { "ter": "t_dirtmound" }],
                "-": "t_wall_metal",
                "#": "t_dirt",
                "c": "t_guardrail_bg_dp",
                "C": "t_dirtmound",
                "3": "t_window_frame",
                " ": "t_metal_floor",
                "e": ["t_machinery_heavy", "t_metal_floor", "t_metal_floor", "t_metal_floor", "t_metal_floor"],
                "6": ["t_machinery_light", "t_metal_floor", "t_metal_floor", "t_metal_floor", "t_metal_floor"],
                "+": ["t_door_metal_c", "t_door_metal_c", "t_mdoor_frame", "t_door_metal_c", "t_door_metal_c", "t_wall_wood", "t_door_metal_c", "t_door_metal_c", "t_wall_wood_chipped", "t_door_metal_c", "t_door_metal_c", "t_wall_wood_broken", "t_door_metal_o", "t_door_metal_o", "t_wall_log", "t_door_metal_o", "t_door_metal_o", "t_wall_log_chipped", "t_door_metal_o", "t_door_metal_o", "t_wall_log_broken"],
                "r": ["t_console_broken", "t_metal_floor", "t_metal_floor", "t_metal_floor", "t_metal_floor"],
                "~": "t_water_sh"
            },
            "furniture": {
                "#": "f_wreckage"
            },
            "place_monsters": [
                { "monster": "GROUP_RAZORCLAW", "density": 0.4, "x": [ 2, 21 ], "y": [ 2, 21 ] }
            ]
        }
    },
    {
        "type": "mapgen",
        "om_terrain": [
            "shipwreck_river_2"
        ],
        "method": "json",
        "object": {
            "rows": [
                "........................",
                "........................",
                "........................",
                "........................",
                "........................",
                "........... ............",
                ".C........~~~~~.........",
                "..CC~~~~~~~CCC..........",
                "---------------.........",
                "A-~   ~~>-   #---.......",
                "~-~~~~~~~+ ~~###--~.....",
                " -~ ------    CCC~~.....",
                "+-+--  ~C~~~  C --.~~...",
                "~~~  ~~~~ ---##-#~......",
                "##~~~ ..---~~~~~~~C-....",
                "~~#-.~~..~~~####-C-.....",
                "..~~~~~~~~.##-.C-.......",
                "##---........----.......",
                "..........-.-##.........",
                "....~~..................",
                "........................",
                "........................",
                "........................",
                "........................"
            ],
            "terrain": {
                ".": [ "t_water_sh", { "ter": "t_water_sh" }, { "ter": "t_dirt" }, { "ter": "t_grass" }, { "ter": "t_dirt" }, { "ter": "t_dirtmound" }],
                "-": "t_wall_metal",
                "#": "t_dirt",
                "C": "t_dirtmound",
                ">": "t_stairs_down",
                " ": "t_metal_floor",
                "+": ["t_door_metal_c", "t_door_metal_c", "t_mdoor_frame", "t_door_metal_c", "t_door_metal_c", "t_wall_wood", "t_door_metal_c", "t_door_metal_c", "t_wall_wood_chipped", "t_door_metal_c", "t_door_metal_c", "t_wall_wood_broken", "t_door_metal_o", "t_door_metal_o", "t_wall_log", "t_door_metal_o", "t_door_metal_o", "t_wall_log_chipped", "t_door_metal_o", "t_door_metal_o", "t_wall_log_broken"],
                "A": "t_metal_floor",
                "~": "t_water_sh"
            },
            "furniture":
            {
                "A": ["f_safe_o", "f_null", "f_null", "f_null", "f_null", "f_null", "f_null", "f_safe_c", "f_wreckage", "f_safe_o"],
                "#": "f_wreckage"
            },
            "place_monsters": [
                { "monster": "GROUP_RAZORCLAW", "density": 0.4, "x": [ 2, 21 ], "y": [ 2, 21 ] }
            ]
        }
    },
    {
        "type": "mapgen",
        "om_terrain": [
            "shipwreck_river_3"
        ],
        "method": "json",
        "object": {
            "rows": [
                "........................",
                "........................",
                "........................",
                "........................",
                "........................",
                "........................",
                "........................",
                "........................",
                ".... -------------------",
                ".....-### ~~C~ C~#~~66e-",
                ".....--####C~~ ~~~     -",
                "... . -####C~~~ #e ~~ ~#",
                "......-###CC ~~  ~~~~~~-",
                "......--####CC~~~~666ee-",
                ".......-----------------",
                "........................",
                "........................",
                "........................",
                "........................",
                "........................",
                "........................",
                "........................",
                "........................",
                "........................"
            ],
            "terrain": {
                ".": "t_rock",
                "-": "t_wall_metal",
                "#": "t_metal_floor",
                "C": "t_dirtmound",
                " ": "t_metal_floor",
                "e": ["t_machinery_heavy", "t_metal_floor", "t_metal_floor", "t_metal_floor", "t_metal_floor"],
                "6": ["t_machinery_light", "t_metal_floor", "t_metal_floor", "t_metal_floor", "t_metal_floor"],
                "+": ["t_door_metal_c", "t_door_metal_c", "t_mdoor_frame", "t_door_metal_c", "t_door_metal_c", "t_wall_wood", "t_door_metal_c", "t_door_metal_c", "t_wall_wood_chipped", "t_door_metal_c", "t_door_metal_c", "t_wall_wood_broken", "t_door_metal_o", "t_door_metal_o", "t_wall_log", "t_door_metal_o", "t_door_metal_o", "t_wall_log_chipped", "t_door_metal_o", "t_door_metal_o", "t_wall_log_broken"],
                "~": "t_water_sh"
            },
            "furniture": {
                "#": "f_wreckage"
            },
            "place_monster": [
                { "x": 13, "y": 11, "monster":"mon_alpha_razorclaw"}
                ],
            "place_monsters": [
                { "monster": "GROUP_RAZORCLAW", "density": 0.2, "x": [ 11, 21 ], "y": [ 9, 13 ] }
            ]
        }
    },
    {
        "type": "mapgen",
        "om_terrain": [
            "shipwreck_river_4"
        ],
        "method": "json",
        "object": {
            "rows": [
                "........................",
                "........................",
                "........................",
                "........................",
                "........................",
                "........................",
                "........................",
                "........................",
                "-------------------- ...",
                "-~~~~  -<~-A~~ee666--...",
                "---##---~~-- ~  6###-...",
                "~~~~~~~~~~ +  6e6~~#-...",
                "---~-~~   C-   ~ ~~#-...",
                "-~~~-C   C -9 eee##--...",
                "--------------------....",
                "........................",
                "........................",
                "........................",
                "........................",
                "........................",
                "........................",
                "........................",
                "........................",
                "........................"
            ],
            "terrain": {
                ".": "t_rock",
                "C": "t_dirtmound",
                "-": "t_wall_metal",
                "#": "t_metal_floor",
                "<": "t_stairs_up",
                " ": "t_metal_floor",
                "e": ["t_machinery_heavy", "t_metal_floor", "t_metal_floor", "t_metal_floor", "t_metal_floor"],
                "6": ["t_machinery_light", "t_metal_floor", "t_metal_floor", "t_metal_floor", "t_metal_floor"],
                "9": "t_metal_floor",
                "+": ["t_door_metal_c", "t_door_metal_c", "t_mdoor_frame", "t_door_metal_c", "t_door_metal_c", "t_wall_wood", "t_door_metal_c", "t_door_metal_c", "t_wall_wood_chipped", "t_door_metal_c", "t_door_metal_c", "t_wall_wood_broken", "t_door_metal_o", "t_door_metal_o", "t_wall_log", "t_door_metal_o", "t_door_metal_o", "t_wall_log_chipped", "t_door_metal_o", "t_door_metal_o", "t_wall_log_broken"],
                "A": "t_metal_floor",
                "~": "t_water_sh"
            },
            "furniture": {
                "9": ["f_locker", "f_null", "f_null", "f_null", "f_null", "f_null", "f_null", "f_locker", "f_wreckage", "f_locker"],
                "A": ["f_standing_tank", "f_null", "f_null", "f_null", "f_null", "f_null", "f_null", "f_standing_tank", "f_wreckage", "f_standing_tank"],
                "#": "f_wreckage"
            },
            "place_monsters": [
                { "monster": "GROUP_RAZORCLAW", "density": 0.05, "x": [ 0, 9 ], "y": [ 9, 13 ] }
            ]
        }
    }
]