[
    {
        "type" : "mapgen",
        "om_terrain" : ["s_pizza_parlor"],
        "method": "json",
        "weight": 1000,
        "object": {
            "fill_ter": "t_floor",
            "rows": [
                "-||||||||||||||-        ",
                "-FwlwL-P#######-        ",
                "-Flwlw#..U.U.U.g        ",
                "-#wlwl@........g        ",
                "-#lwlw#........g        ",
                "-#wlwl{........g        ",
                "-Olwlw{........g        ",
                "-Owlwl{........g        ",
                "-#lwlw{........G        ",
                "-#wlwl#........g        ",
                "-wlwlw#....BB..g        ",
                "-lwlwl#....TT..g        ",
                "-##f###....BB..-        ",
                "-.............P-rfrrrrrR",
                "-..............-cccccccR",
                "-C.....BB..BB..gccccBccR",
                "-C.....TT..TT..gcccBTBcR",
                "-......BB..BB..gccccBccR",
                "-..............gcccccccR",
                "-||+-..........GccccBccR",
                "-sll-..BB..BB..gcccBTBcR",
                "-lll-..TT..TT..gccccBccR",
                "-tll-..BB..BB.PgcccccccR",
                "-||||||||||||||-rfrrrrrR"
            ],
            "terrain": {
                "-": "t_wall",
                "|": "t_wall",
                "g": "t_wall_glass",
                "G": ["t_door_glass_c", "t_door_glass_c", "t_door_frame", "t_door_glass_c", "t_door_glass_c", "t_wall_wood", "t_door_glass_c", "t_door_glass_c", "t_wall_wood_chipped", "t_door_glass_c", "t_door_glass_c", "t_wall_wood_broken", "t_door_glass_o", "t_door_glass_o", "t_wall_log", "t_door_glass_o", "t_door_glass_o", "t_wall_log_chipped", "t_door_glass_o", "t_door_glass_o", "t_wall_log_broken"],
                "r": "t_railing_h",
                "R": "t_railing_v",
                ".": "t_floor",
                "c": "t_concrete",
                "f": ["t_fencegate_c", "t_fencegate_c", "t_fencegate_c", "t_fencegate_o"],
                "+": ["t_door_c", "t_door_c", "t_door_locked_alarm", "t_door_c", "t_door_c", "t_door_locked_interior", "t_door_c", "t_door_c", "t_door_locked", "t_door_c", "t_door_c", "t_door_locked_peep", "t_door_c", "t_door_c", "t_door_b_peep", "t_door_c", "t_door_c", "t_door_boarded_damaged_peep", "t_door_c", "t_door_c", "t_rdoor_boarded_damaged", "t_door_c", "t_door_c", "t_rdoor_boarded", "t_door_c", "t_door_c", "t_door_boarded_peep", "t_door_c", "t_door_c", "t_door_boarded_damaged", "t_door_c", "t_door_c", "t_door_boarded", "t_door_c", "t_door_c", "t_rdoor_o", "t_door_c", "t_door_c", "t_rdoor_c", "t_door_c", "t_door_c", "t_door_o_peep", "t_door_c", "t_door_c", "t_door_c_peep", "t_door_c", "t_door_c", "t_door_b", "t_door_c", "t_door_c", "t_door_frame", "t_door_c", "t_door_c", "t_wall_wood", "t_door_c", "t_door_c", "t_wall_wood_chipped", "t_door_c", "t_door_c", "t_wall_wood_broken", "t_door_o", "t_door_o", "t_wall_log", "t_door_o", "t_door_o", "t_wall_log_chipped", "t_door_o", "t_door_o", "t_wall_log_broken", "t_door_o", "t_door_o", "t_door_curtain_c", "t_door_o", "t_door_o", "t_door_makeshift_c", "t_door_o", "t_door_o", "t_door_curtain_o", "t_door_o", "t_door_o", "t_door_makeshift_o", "t_door_o", "t_door_o", "t_palisade", "t_door_o", "t_door_o", "t_bars", "t_door_o", "t_door_o", "t_door_bar_o", "t_door_o", "t_door_o", "t_door_bar_c", "t_door_o", "t_door_o", "t_door_bar_locked"],
                " ": "t_sidewalk",
                "@": "t_console_broken",
                "w": "t_linoleum_white",
                "l": "t_linoleum_gray",
                "t": "t_linoleum_gray",
                "s": "t_linoleum_gray",
                "F": "t_linoleum_white",
                "#": "t_linoleum_white",
                "O": "t_linoleum_white",
                "{": "t_linoleum_white",
                "L": "t_linoleum_white"
            },
            "furniture": {
                "s": ["f_sink", "f_null", "f_null", "f_null", "f_null", "f_null", "f_null", "f_sink", "f_rubble", "f_sink"],
                "B": ["f_bench", "f_null", "f_null", "f_null", "f_null", "f_null", "f_null", "f_bench", "f_rubble", "f_bench"],
                "T": ["f_table", "f_null", "f_null", "f_null", "f_null", "f_null", "f_null", "f_table", "f_rubble", "f_table"],
                "P": ["f_indoor_plant", "f_null", "f_null", "f_null", "f_null", "f_null", "f_null", "f_null"],
                "C": ["f_trashcan", "f_null", "f_null", "f_null", "f_null", "f_null", "f_null", "f_trashcan", "f_rubble", "f_trashcan"],
                "#": ["f_counter", "f_null", "f_null", "f_null", "f_null", "f_null", "f_null", "f_counter", "f_rubble", "f_counter"],
                "O": ["f_woodstove", "f_null", "f_null", "f_null", "f_null", "f_null", "f_null", "f_woodstove", "f_wreckage", "f_woodstove"],
                "{": ["f_rack", "f_null", "f_null", "f_null", "f_null", "f_null", "f_null", "f_rack", "f_rubble", "f_rack"],
                "F": ["f_fridge", "f_null", "f_null", "f_null", "f_null", "f_null", "f_null", "f_fridge", "f_wreckage", "f_fridge"],
                "H": ["f_chair", "f_null", "f_null", "f_null", "f_null", "f_null", "f_null", "f_chair", "f_rubble", "f_chair"],
                "L": ["f_locker", "f_null", "f_null", "f_null", "f_null", "f_null", "f_null", "f_locker", "f_wreckage", "f_locker"],
                "U": ["f_chair", "f_null", "f_null", "f_null", "f_null", "f_null", "f_null", "f_chair", "f_rubble", "f_chair"]
            },
            "toilets": {
                "t": { }
            },
            "//": "Default terrain is floor but some things are outside (tables)",
            "set": [
                { "line": "terrain", "x": 20, "y": 15, "x2": 20, "y2": 17, "id": "t_concrete" },
                { "point": "terrain", "id": "t_concrete", "x": 21, "y": 16},
                { "point": "terrain", "id": "t_concrete", "x": 19, "y": 16},

                { "line": "terrain", "x": 20, "y": 19, "x2": 20, "y2": 21, "id": "t_concrete" },
                { "point": "terrain", "id": "t_concrete", "x": 21, "y": 20},
                { "point": "terrain", "id": "t_concrete", "x": 19, "y": 20}
            ]
        }
    }
]
