[
    {
        "type": "mapgen",
        "om_terrain": [
            "warehouse"
        ],
        "method": "json",
        "weight": 500,
        "object": {
            "rows":
            [
                "....S.SSSSSSSSSSSS......",
                "zzzzSzSSSSSSSSSSSSzzzzzz",
                ".---3-MMMMMMMMMMMM-----.",
                ".|11 6            w111|.",
                ".|11               1 1|.",
                ".|1  1               1|.",
                ".|11                11|.",
                ".|1                 11|.",
                ".|111                1|.",
                ".|1 1              1  |.",
                ".|1111               @|.",
                ".|1111                |.",
                ".|111               1 |.",
                ".|111                 |.",
                ".|11   1            61|.",
                ".|--3---            11|.",
                ".|55   |@        1  11|.",
                ".|4    |1          111|.",
                ".O2   9|1 11  111  111|.",
                ".|5 6 9|1 111  611 111|.",
                "z|5@788|11111111111111|z",
                "z---O------------------z",
                "z^^zzzz^^zz^^zz^^zzzz^^z",
                "zzzz..zzzzzzzzzzzz..zzzz"
            ],
            "terrain": {
                "." : ["t_grass", "t_grass", "t_grass", "t_grass", "t_grass", "t_grass", "t_dirt"],
                "-": "t_wall",
                "|": "t_wall",
                "S" : "t_sidewalk",
                "M": ["t_door_metal_c", "t_door_metal_c", "t_mdoor_frame", "t_door_metal_c", "t_door_metal_c", "t_wall_wood", "t_door_metal_c", "t_door_metal_c", "t_wall_wood_chipped", "t_door_metal_c", "t_door_metal_c", "t_wall_wood_broken", "t_door_metal_o", "t_door_metal_o", "t_wall_log", "t_door_metal_o", "t_door_metal_o", "t_wall_log_chipped", "t_door_metal_o", "t_door_metal_o", "t_wall_log_broken"],
                "O": ["t_window", "t_window_taped", "t_window", "t_window_empty", "t_window", "t_window_frame", "t_window", "t_wall_wood", "t_window", "t_wall_wood_chipped", "t_window", "t_wall_wood_broken", "t_window", "t_wall_log", "t_window", "t_wall_log_chipped", "t_window", "t_wall_log_broken"],
                "w": "t_gates_mech_control",
                "z": "t_shrub",
                "^": "t_tree_pine",
                " ": "t_floor",
                "1": "t_floor",
                "2": "t_floor",
                "3": ["t_door_c", "t_door_c", "t_door_b", "t_door_c", "t_door_c", "t_door_frame", "t_door_c", "t_door_c", "t_wall_wood", "t_door_c", "t_door_c", "t_wall_wood_chipped", "t_door_c", "t_door_c", "t_wall_wood_broken", "t_door_o", "t_door_o", "t_wall_log", "t_door_o", "t_door_o", "t_wall_log_chipped", "t_door_o", "t_door_o", "t_wall_log_broken"],
                "4": "t_floor",
                "5": "t_floor",
                "6": "t_floor",
                "7": "t_floor",
                "8": "t_floor",
                "9": "t_floor",
                "@": "t_floor"
            },
            "furniture": {
                "1" : ["f_crate_c", "f_null", "f_null", "f_null", "f_null", "f_null", "f_null", "f_crate_c", "f_rubble", "f_crate_c"],
                "2" : ["f_sink", "f_null", "f_null", "f_null", "f_null", "f_null", "f_null", "f_sink", "f_rubble", "f_sink"],
                "5" : ["f_counter", "f_null", "f_null", "f_null", "f_null", "f_null", "f_null", "f_counter", "f_rubble", "f_counter"],
                "6" : ["f_chair", "f_null", "f_null", "f_null", "f_null", "f_null", "f_null", "f_chair", "f_rubble", "f_chair"],
                "7" : ["f_desk", "f_null", "f_null", "f_null", "f_null", "f_null", "f_null", "f_desk", "f_rubble", "f_desk"],
                "8" : ["f_bookcase", "f_null", "f_null", "f_null", "f_null", "f_null", "f_null", "f_bookcase", "f_rubble", "f_bookcase"],
                "9" : ["f_sofa", "f_null", "f_null", "f_null", "f_null", "f_null", "f_null", "f_sofa", "f_rubble", "f_sofa"],
                "@": ["f_trashcan", "f_null", "f_null", "f_null", "f_null", "f_null", "f_null", "f_trashcan", "f_rubble", "f_trashcan"]
            },
            "toilets" : {
                "4" : { }
            },
            "set": [
                { "point": "terrain", "id": "t_dirt",      "x": 23,        "y": [ 0,23 ], "repeat": [ 5,10 ] },
                { "point": "terrain", "id": "t_dirt",      "x": [ 0,23 ],  "y": 23,       "repeat": [ 5,8 ] },
                { "point": "terrain", "id": "t_tree_pine", "x": [ 0,5 ],   "y": 0,        "repeat": [ 0,1 ] },
                { "point": "terrain", "id": "t_tree_pine", "x": [ 18,23 ], "y": 0,        "repeat": [ 0,1 ] },
                { "point": "terrain", "id": "t_shrub", "x": 0,             "y": [ 2,19 ], "repeat": [ 1,4 ] },
                { "point": "terrain", "id": "t_shrub", "x": 23,            "y": [ 2,19 ], "repeat": [ 1,4 ] },
                { "point": "terrain", "id": "t_tree_pine", "x": 0,         "y": [ 2,19 ], "repeat": [ 0,2 ] },
                { "point": "terrain", "id": "t_tree_pine", "x": 23,        "y": [ 2,19 ], "repeat": [ 0,2 ] }
            ],
            "place_monsters": [
                { "monster": "GROUP_ZOMBIE",  "chance": 2,  "x": [ 2,21 ],  "y": [ 2,21 ] }
            ],
        "comment": "end of mapgen json definition ---v"
        },
    "comment": "end of mapgen entry ---v"
    }
]
