[
    {
        "type" : "mapgen",
        "om_terrain" : ["house"],
        "method" : "json",
        "weight" : 300,
        "object" : {
            "fill_ter" : "t_floor",
            "rows" : [
                "............ss..........",
                "............ss..........",
                "............ss..........",
                "..|-vv--vv-|ss......#...",
                "..|        |ss..........",
                "..v  hnnh  vsssssss.....",
                "..v  hnnh  |sssssss.....",
                "..|  hnnh  |;;-|-vvv-|..",
                "..|           P|    d|..",
                "..|--| ----|   |   @@v..",
                "..v  +         +   @@v..",
                "..|tS|c       ?|     |..",
                "..|--|c   nn  ?|+|-+-|..",
                "..|r +    nn  ?|r|c t|..",
                "..|--|o       ?|-|S B|..",
                ".....v         |r|c B|..",
                ".....vc     f|+|+|-+-|..",
                "#....vc     c|       |..",
                ".....|c ccOcc|       v..",
                ".....|-;-vvv-|  @@   v..",
                ".....ssssssssw  @@d  |..",
                ".....ssssssss|-v---v-|..",
                "........................",
                "........................"
            ],
            "terrain" : {
                "|" : "t_wall",
                "-" : "t_wall",
                "." : ["t_grass", "t_grass", "t_grass", "t_grass", "t_grass", "t_grass", "t_dirt"],
                "#" : "t_shrub",
                "+": ["t_door_c", "t_door_c", "t_door_locked_alarm", "t_door_c", "t_door_c", "t_door_locked_interior", "t_door_c", "t_door_c", "t_door_locked", "t_door_c", "t_door_c", "t_door_locked_peep", "t_door_c", "t_door_c", "t_door_b_peep", "t_door_c", "t_door_c", "t_door_boarded_damaged_peep", "t_door_c", "t_door_c", "t_rdoor_boarded_damaged", "t_door_c", "t_door_c", "t_rdoor_boarded", "t_door_c", "t_door_c", "t_door_boarded_peep", "t_door_c", "t_door_c", "t_door_boarded_damaged", "t_door_c", "t_door_c", "t_door_boarded", "t_door_c", "t_door_c", "t_rdoor_o", "t_door_c", "t_door_c", "t_rdoor_c", "t_door_c", "t_door_c", "t_door_o_peep", "t_door_c", "t_door_c", "t_door_c_peep", "t_door_c", "t_door_c", "t_door_b", "t_door_c", "t_door_c", "t_door_frame", "t_door_c", "t_door_c", "t_wall_wood", "t_door_c", "t_door_c", "t_wall_wood_chipped", "t_door_c", "t_door_c", "t_wall_wood_broken", "t_door_o", "t_door_o", "t_wall_log", "t_door_o", "t_door_o", "t_wall_log_chipped", "t_door_o", "t_door_o", "t_wall_log_broken", "t_door_o", "t_door_o", "t_door_curtain_c", "t_door_o", "t_door_o", "t_door_makeshift_c", "t_door_o", "t_door_o", "t_door_curtain_o", "t_door_o", "t_door_o", "t_door_makeshift_o", "t_door_o", "t_door_o", "t_palisade", "t_door_o", "t_door_o", "t_bars", "t_door_o", "t_door_o", "t_door_bar_o", "t_door_o", "t_door_o", "t_door_bar_c", "t_door_o", "t_door_o", "t_door_bar_locked"],
                ";": ["t_door_c", "t_door_c", "t_door_b", "t_door_c", "t_door_c", "t_door_frame", "t_door_c", "t_door_c", "t_wall_wood", "t_door_c", "t_door_c", "t_wall_wood_chipped", "t_door_c", "t_door_c", "t_wall_wood_broken", "t_door_o", "t_door_o", "t_wall_log", "t_door_o", "t_door_o", "t_wall_log_chipped", "t_door_o", "t_door_o", "t_wall_log_broken"],
                "?" : "t_floor",
                "@" : "t_floor",
                "B" : "t_floor",
                "c" : "t_floor",
                "d" : "t_floor",
                "f" : "t_floor",
                "h" : "t_floor",
                "k" : "t_floor",
                "n" : "t_floor",
                "O" : "t_floor",
                "o" : "t_floor",
                "P" : "t_floor",
                "r" : "t_floor",
                "S" : "t_floor",
                "s" : "t_sidewalk",
                "v": ["t_window_domestic", "t_window_boarded", "t_window_domestic", "t_curtains", "t_window_domestic", "t_window_domestic_taped", "t_window_domestic", "t_window_open", "t_window_domestic", "t_window_empty", "t_window_domestic", "t_window_frame", "t_window_domestic", "t_wall_wood", "t_window_domestic", "t_wall_wood_chipped", "t_window_domestic", "t_wall_wood_broken", "t_window_domestic", "t_wall_log", "t_window_domestic", "t_wall_log_chipped", "t_window_domestic", "t_wall_log_broken"],
                "w": ["t_window", "t_window_taped", "t_window", "t_window_empty", "t_window", "t_window_frame", "t_window", "t_wall_wood", "t_window", "t_wall_wood_chipped", "t_window", "t_wall_wood_broken", "t_window", "t_wall_log", "t_window", "t_wall_log_chipped", "t_window", "t_wall_log_broken"]
            },
            "furniture" : {
                "?" : ["f_sofa", "f_null", "f_null", "f_null", "f_null", "f_null", "f_null", "f_sofa", "f_rubble", "f_sofa"],
                "@" : ["f_bed", "f_null", "f_null", "f_null", "f_null", "f_null", "f_null", "f_bed", "f_rubble", "f_bed"],
                "B" : ["f_bathtub", "f_null", "f_null", "f_null", "f_null", "f_null", "f_null", "f_bathtub", "f_wreckage", "f_bathtub"],
                "c" : ["f_counter", "f_null", "f_null", "f_null", "f_null", "f_null", "f_null", "f_counter", "f_rubble", "f_counter"],
                "d" : ["f_dresser", "f_null", "f_null", "f_null", "f_null", "f_null", "f_null", "f_dresser", "f_rubble", "f_dresser"],
                "f" : ["f_fridge", "f_null", "f_null", "f_null", "f_null", "f_null", "f_null", "f_fridge", "f_wreckage", "f_fridge"],
                "h" : ["f_chair", "f_null", "f_null", "f_null", "f_null", "f_null", "f_null", "f_chair", "f_rubble", "f_chair"],
                "k" : ["f_desk", "f_null", "f_null", "f_null", "f_null", "f_null", "f_null", "f_desk", "f_rubble", "f_desk"],
                "n" : ["f_table", "f_null", "f_null", "f_null", "f_null", "f_null", "f_null", "f_table", "f_rubble", "f_table"],
                "O" : ["f_oven", "f_null", "f_null", "f_null", "f_null", "f_null", "f_null", "f_oven", "f_wreckage", "f_oven"],
                "o" : ["f_bookcase", "f_null", "f_null", "f_null", "f_null", "f_null", "f_null", "f_bookcase", "f_rubble", "f_bookcase"],
                "P" : ["f_indoor_plant", "f_null", "f_null", "f_null", "f_null", "f_null", "f_null", "f_null"],
                "r" : ["f_rack", "f_null", "f_null", "f_null", "f_null", "f_null", "f_null", "f_rack", "f_rubble", "f_rack"],
                "S" : ["f_sink", "f_null", "f_null", "f_null", "f_null", "f_null", "f_null", "f_sink", "f_rubble", "f_sink"]
            },
            "toilets" : {
                "t" : { }
            },
            "set" : [
                { "point" : "terrain", "id" : "t_dirt", "x" : [ 0,23], "y" : [22,23], "repeat" : [10,20] },
                { "point" : "terrain", "id" : "t_dirt", "x" : [ 0, 1], "y" : [ 0,23], "repeat" : [10,20] },
                { "point" : "terrain", "id" : "t_dirt", "x" : [22,23], "y" : [ 0,23], "repeat" : [10,20] }
            ],
            "place_monsters" : [
                { "monster" : "GROUP_ZOMBIE", "chance" : 2, "x" : [2,21], "y" : [2,21] }
            ]
        }
    }
]
