[
    {
        "type": "mapgen",
        "om_terrain": [
            "cabin"
        ],
        "method": "json",
        "weight": 500,
        "object": {
            "fill_ter": "t_floor",
            "rows": [
                "|----------------------|",
                "|......................|",
                "|...#######............|",
                "|...#LCCCL#............|",
                "|...W     W............|",
                "|...#     #............|",
                "|...###+###............|",
                "|......................|",
                "|......................|",
                "|..######+###ww######..|",
                "|..# RRR        DBBD#..|",
                "|..# RSR         BB #..|",
                "|..# rrr            #..|",
                "|..#                #..|",
                "|..w      cttc      w..|",
                "|..w      cttc      w..|",
                "|..# OOO            #..|",
                "|..#                #..|",
                "|..#                #..|",
                "|..#                #..|",
                "|..####ww###+###ww###..|",
                "|......................|",
                "|......................|",
                "-----------GG-----------"
            ],
            "terrain": {
                "W": ["t_window_domestic", "t_window_boarded", "t_window_domestic", "t_curtains", "t_window_domestic", "t_window_domestic_taped", "t_window_domestic", "t_window_open", "t_window_domestic", "t_window_empty", "t_window_domestic", "t_window_frame", "t_window_domestic", "t_wall_wood", "t_window_domestic", "t_wall_wood_chipped", "t_window_domestic", "t_wall_wood_broken", "t_window_domestic", "t_wall_log", "t_window_domestic", "t_wall_log_chipped", "t_window_domestic", "t_wall_log_broken"],
                "w": ["t_window_domestic", "t_window_boarded", "t_window_domestic", "t_curtains", "t_window_domestic", "t_window_domestic_taped", "t_window_domestic", "t_window_open", "t_window_domestic", "t_window_empty", "t_window_domestic", "t_window_frame", "t_window_domestic", "t_wall_wood", "t_window_domestic", "t_wall_wood_chipped", "t_window_domestic", "t_wall_wood_broken", "t_window_domestic", "t_wall_log", "t_window_domestic", "t_wall_log_chipped", "t_window_domestic", "t_wall_log_broken"],
                "+": ["t_door_c", "t_door_c", "t_door_locked_alarm", "t_door_c", "t_door_c", "t_door_locked_interior", "t_door_c", "t_door_c", "t_door_locked", "t_door_c", "t_door_c", "t_door_locked_peep", "t_door_c", "t_door_c", "t_door_b_peep", "t_door_c", "t_door_c", "t_door_boarded_damaged_peep", "t_door_c", "t_door_c", "t_rdoor_boarded_damaged", "t_door_c", "t_door_c", "t_rdoor_boarded", "t_door_c", "t_door_c", "t_door_boarded_peep", "t_door_c", "t_door_c", "t_door_boarded_damaged", "t_door_c", "t_door_c", "t_door_boarded", "t_door_c", "t_door_c", "t_rdoor_o", "t_door_c", "t_door_c", "t_rdoor_c", "t_door_c", "t_door_c", "t_door_o_peep", "t_door_c", "t_door_c", "t_door_c_peep", "t_door_c", "t_door_c", "t_door_b", "t_door_c", "t_door_c", "t_door_frame", "t_door_c", "t_door_c", "t_wall_wood", "t_door_c", "t_door_c", "t_wall_wood_chipped", "t_door_c", "t_door_c", "t_wall_wood_broken", "t_door_o", "t_door_o", "t_wall_log", "t_door_o", "t_door_o", "t_wall_log_chipped", "t_door_o", "t_door_o", "t_wall_log_broken", "t_door_o", "t_door_o", "t_door_curtain_c", "t_door_o", "t_door_o", "t_door_makeshift_c", "t_door_o", "t_door_o", "t_door_curtain_o", "t_door_o", "t_door_o", "t_door_makeshift_o", "t_door_o", "t_door_o", "t_palisade", "t_door_o", "t_door_o", "t_bars", "t_door_o", "t_door_o", "t_door_bar_o", "t_door_o", "t_door_o", "t_door_bar_c", "t_door_o", "t_door_o", "t_door_bar_locked"],

                ".": ["t_grass", "t_grass", "t_grass", "t_grass", "t_grass", "t_grass", "t_dirt"],
                "#": "t_wall_log",
                "-": "t_fence_h",
                "|": "t_fence_v",
                "G": ["t_fencegate_c", "t_fencegate_c", "t_fencegate_c", "t_fencegate_o"],
                "R": "t_rock",
                "r": "t_rock_floor"
            },
            "furniture": {
                "L": ["f_locker", "f_null", "f_null", "f_null", "f_null", "f_null", "f_null", "f_locker", "f_wreckage", "f_locker"],
                "C": ["f_counter", "f_null", "f_null", "f_null", "f_null", "f_null", "f_null", "f_counter", "f_rubble", "f_counter"],
                "D": ["f_dresser", "f_null", "f_null", "f_null", "f_null", "f_null", "f_null", "f_dresser", "f_rubble", "f_dresser"],
                "B": ["f_bed", "f_null", "f_null", "f_null", "f_null", "f_null", "f_null", "f_bed", "f_rubble", "f_bed"],
                "O": ["f_sofa", "f_null", "f_null", "f_null", "f_null", "f_null", "f_null", "f_sofa", "f_rubble", "f_sofa"],
                "c": ["f_chair", "f_null", "f_null", "f_null", "f_null", "f_null", "f_null", "f_chair", "f_rubble", "f_chair"],
                "t": ["f_table", "f_null", "f_null", "f_null", "f_null", "f_null", "f_null", "f_table", "f_rubble", "f_table"]
            },
            "mapping": {
                "S": {
                    "terrain": "t_rock_floor",
                    "furniture": ["f_woodstove", "f_null", "f_null", "f_null", "f_null", "f_null", "f_null", "f_woodstove", "f_wreckage", "f_woodstove"]
                }
            },
            "place_monsters": [
                { "monster": "GROUP_ZOMBIE", "x": 7, "y": 4 }
            ]
        }
    },
    {
        "type": "mapgen",
        "om_terrain": [
            "cabin"
        ],
        "method": "json",
        "weight": 500,
        "object": {
            "fill_ter": "t_floor",
            "rows": [
                "........................",
                "........................",
                "........................",
                "..######w##++#########..",
                "..#R  d# T#  #  DBBD #..",
                "..#R  c#4 #  #   BB  #..",
                "..wR   #  +  +       0..",
                "..wR   #~~#  #       0..",
                "..#R   ####  #       #..",
                "..#R   L###  #AAAA   #..",
                "..####+####  ######+##..",
                "..#ttb    #  #6 OOO  #..",
                "..wttb    #  #       w..",
                "..wbb     +  +    rrrw..",
                "..#       #  #    rSr#..",
                "..#23452  #  #    rrr#..",
                "..###WW####++####WW###..",
                "..1 bbbb             1..",
                "..|                  |..",
                "..|                  |..",
                "..1-------1GG1-------1..",
                "........................",
                "........................",
                "........................"
            ],
            "terrain": {
                "W": ["t_window_domestic", "t_window_boarded", "t_window_domestic", "t_curtains", "t_window_domestic", "t_window_domestic_taped", "t_window_domestic", "t_window_open", "t_window_domestic", "t_window_empty", "t_window_domestic", "t_window_frame", "t_window_domestic", "t_wall_wood", "t_window_domestic", "t_wall_wood_chipped", "t_window_domestic", "t_wall_wood_broken", "t_window_domestic", "t_wall_log", "t_window_domestic", "t_wall_log_chipped", "t_window_domestic", "t_wall_log_broken"],
                "w": ["t_window_domestic", "t_window_boarded", "t_window_domestic", "t_curtains", "t_window_domestic", "t_window_domestic_taped", "t_window_domestic", "t_window_open", "t_window_domestic", "t_window_empty", "t_window_domestic", "t_window_frame", "t_window_domestic", "t_wall_wood", "t_window_domestic", "t_wall_wood_chipped", "t_window_domestic", "t_wall_wood_broken", "t_window_domestic", "t_wall_log", "t_window_domestic", "t_wall_log_chipped", "t_window_domestic", "t_wall_log_broken"],
                "+": ["t_door_c", "t_door_c", "t_door_locked_alarm", "t_door_c", "t_door_c", "t_door_locked_interior", "t_door_c", "t_door_c", "t_door_locked", "t_door_c", "t_door_c", "t_door_locked_peep", "t_door_c", "t_door_c", "t_door_b_peep", "t_door_c", "t_door_c", "t_door_boarded_damaged_peep", "t_door_c", "t_door_c", "t_rdoor_boarded_damaged", "t_door_c", "t_door_c", "t_rdoor_boarded", "t_door_c", "t_door_c", "t_door_boarded_peep", "t_door_c", "t_door_c", "t_door_boarded_damaged", "t_door_c", "t_door_c", "t_door_boarded", "t_door_c", "t_door_c", "t_rdoor_o", "t_door_c", "t_door_c", "t_rdoor_c", "t_door_c", "t_door_c", "t_door_o_peep", "t_door_c", "t_door_c", "t_door_c_peep", "t_door_c", "t_door_c", "t_door_b", "t_door_c", "t_door_c", "t_door_frame", "t_door_c", "t_door_c", "t_wall_wood", "t_door_c", "t_door_c", "t_wall_wood_chipped", "t_door_c", "t_door_c", "t_wall_wood_broken", "t_door_o", "t_door_o", "t_wall_log", "t_door_o", "t_door_o", "t_wall_log_chipped", "t_door_o", "t_door_o", "t_wall_log_broken", "t_door_o", "t_door_o", "t_door_curtain_c", "t_door_o", "t_door_o", "t_door_makeshift_c", "t_door_o", "t_door_o", "t_door_curtain_o", "t_door_o", "t_door_o", "t_door_makeshift_o", "t_door_o", "t_door_o", "t_palisade", "t_door_o", "t_door_o", "t_bars", "t_door_o", "t_door_o", "t_door_bar_o", "t_door_o", "t_door_o", "t_door_bar_c", "t_door_o", "t_door_o", "t_door_bar_locked"],

                ".": ["t_grass", "t_grass", "t_grass", "t_grass", "t_grass", "t_grass", "t_dirt"],
                "#": "t_wall_log",
                "1": "t_column",
                "-": "t_fence_h",
                "|": "t_fence_v",
                "G": ["t_fencegate_c", "t_fencegate_c", "t_fencegate_c", "t_fencegate_o"],
                "0": "t_window_empty",
                "r": "t_rock_floor"
            },
            "furniture": {
                "L": ["f_locker", "f_null", "f_null", "f_null", "f_null", "f_null", "f_null", "f_locker", "f_wreckage", "f_locker"],
                "R": ["f_rack", "f_null", "f_null", "f_null", "f_null", "f_null", "f_null", "f_rack", "f_rubble", "f_rack"],
                "d": ["f_desk", "f_null", "f_null", "f_null", "f_null", "f_null", "f_null", "f_desk", "f_rubble", "f_desk"],
                "c": ["f_chair", "f_null", "f_null", "f_null", "f_null", "f_null", "f_null", "f_chair", "f_rubble", "f_chair"],
                "t": ["f_table", "f_null", "f_null", "f_null", "f_null", "f_null", "f_null", "f_table", "f_rubble", "f_table"],
                "b": ["f_bench", "f_null", "f_null", "f_null", "f_null", "f_null", "f_null", "f_bench", "f_rubble", "f_bench"],
                "2": ["f_cupboard", "f_null", "f_null", "f_null", "f_null", "f_null", "f_null", "f_cupboard", "f_rubble", "f_cupboard"],
                "3": ["f_fridge", "f_null", "f_null", "f_null", "f_null", "f_null", "f_null", "f_fridge", "f_wreckage", "f_fridge"],
                "4": ["f_sink", "f_null", "f_null", "f_null", "f_null", "f_null", "f_null", "f_sink", "f_rubble", "f_sink"],
                "5": ["f_oven", "f_null", "f_null", "f_null", "f_null", "f_null", "f_null", "f_oven", "f_wreckage", "f_oven"],
                "6": ["f_armchair", "f_null", "f_null", "f_null", "f_null", "f_null", "f_null", "f_armchair", "f_rubble", "f_armchair"],
                "O": ["f_sofa", "f_null", "f_null", "f_null", "f_null", "f_null", "f_null", "f_sofa", "f_rubble", "f_sofa"],
                "A": ["f_bookcase", "f_null", "f_null", "f_null", "f_null", "f_null", "f_null", "f_bookcase", "f_rubble", "f_bookcase"],
                "~": ["f_bathtub", "f_null", "f_null", "f_null", "f_null", "f_null", "f_null", "f_bathtub", "f_wreckage", "f_bathtub"],
                "D": ["f_dresser", "f_null", "f_null", "f_null", "f_null", "f_null", "f_null", "f_dresser", "f_rubble", "f_dresser"],
                "B": ["f_bed", "f_null", "f_null", "f_null", "f_null", "f_null", "f_null", "f_bed", "f_rubble", "f_bed"]
            },
            "mapping": {
                "S": {
                    "terrain": "t_rock_floor",
                    "furniture": ["f_woodstove", "f_null", "f_null", "f_null", "f_null", "f_null", "f_null", "f_woodstove", "f_wreckage", "f_woodstove"]
                }
            },
            "toilets": {
                "T": { }
            },
            "place_rubble": [
                { "x": 20, "y": 17, "items": true },
                { "x": 19, "y": 18, "items": true },
                { "x": 20, "y": 18, "items": true },
                { "x": 18, "y": 19, "items": true },
                { "x": 19, "y": 19, "items": true },
                { "x": 20, "y": 19, "items": true },
                { "x": 19, "y": 3, "items": true },
                { "x": 20, "y": 3, "items": true },
                { "x": 21, "y": 3, "items": true },
                { "x": 20, "y": 4, "items": true },
                { "x": 21, "y": 4, "items": true },
                { "x": 21, "y": 5, "items": true }
            ],
            "place_monsters": [
                { "monster": "GROUP_ZOMBIE", "x": 11, "y": 12 }
            ]
        }
    }
]
