[
    {
        "type" : "mapgen",
        "om_terrain" : ["house"],
        "method" : "json",
        "weight" : 200,
        "object" : {
            "fill_ter" : "t_floor",
            "rows" : [
                "......###ssssss###......",
                ".....#''''''''''''#.....",
                "....#''''''''''''''#....",
                "...#''''''''''''''''#...",
                "..#'''''########'''''#..",
                ".#'''''#gggggggg#'''''#.",
                ".#''''#X|vvvvvv|X#''''#.",
                ".#'''#X||??????||X#'''#.",
                ".#'''x||K      K||x'''#.",
                ".|v;v-|Kn nnnn nK|-v;v|.",
                ".|k  P|   nnnn       c|.",
                ".|h @@|o             S|.",
                ".|  @@|o  P00P  hnnh O|.",
                ".|   d|  ------ hnnh f|.",
                ".| P  +              D|.",
                ".|+--+|--+-+--+---+---|.",
                ".| |B |   | S|   |  + |.",
                ".|d|St| @ | t| @ |WY|jv.",
                ".|--v-|P@d| $|d@P|-v--|.",
                "......|-v-|%---v-|......",
                "........................",
                "........................",
                "........................",
                "........................"
            ],
            "terrain" : {
                "|" : "t_wall",
                "-" : "t_wall",
                "." : ["t_grass", "t_grass", "t_grass", "t_grass", "t_grass", "t_grass", "t_dirt"],
                "0" : "t_floor",
                "#" : "t_shrub",
                "+": ["t_door_c", "t_door_c", "t_door_locked_alarm", "t_door_c", "t_door_c", "t_door_locked_interior", "t_door_c", "t_door_c", "t_door_locked", "t_door_c", "t_door_c", "t_door_locked_peep", "t_door_c", "t_door_c", "t_door_b_peep", "t_door_c", "t_door_c", "t_door_boarded_damaged_peep", "t_door_c", "t_door_c", "t_rdoor_boarded_damaged", "t_door_c", "t_door_c", "t_rdoor_boarded", "t_door_c", "t_door_c", "t_door_boarded_peep", "t_door_c", "t_door_c", "t_door_boarded_damaged", "t_door_c", "t_door_c", "t_door_boarded", "t_door_c", "t_door_c", "t_rdoor_o", "t_door_c", "t_door_c", "t_rdoor_c", "t_door_c", "t_door_c", "t_door_o_peep", "t_door_c", "t_door_c", "t_door_c_peep", "t_door_c", "t_door_c", "t_door_b", "t_door_c", "t_door_c", "t_door_frame", "t_door_c", "t_door_c", "t_wall_wood", "t_door_c", "t_door_c", "t_wall_wood_chipped", "t_door_c", "t_door_c", "t_wall_wood_broken", "t_door_o", "t_door_o", "t_wall_log", "t_door_o", "t_door_o", "t_wall_log_chipped", "t_door_o", "t_door_o", "t_wall_log_broken", "t_door_o", "t_door_o", "t_door_curtain_c", "t_door_o", "t_door_o", "t_door_makeshift_c", "t_door_o", "t_door_o", "t_door_curtain_o", "t_door_o", "t_door_o", "t_door_makeshift_o", "t_door_o", "t_door_o", "t_palisade", "t_door_o", "t_door_o", "t_bars", "t_door_o", "t_door_o", "t_door_bar_o", "t_door_o", "t_door_o", "t_door_bar_c", "t_door_o", "t_door_o", "t_door_bar_locked"],
                ";": ["t_door_c", "t_door_c", "t_door_b", "t_door_c", "t_door_c", "t_door_frame", "t_door_c", "t_door_c", "t_wall_wood", "t_door_c", "t_door_c", "t_wall_wood_chipped", "t_door_c", "t_door_c", "t_wall_wood_broken", "t_door_o", "t_door_o", "t_wall_log", "t_door_o", "t_door_o", "t_wall_log_chipped", "t_door_o", "t_door_o", "t_wall_log_broken"],
                "$" : "t_floor",
                "%" : ["t_window_domestic", "t_window_boarded", "t_window_domestic", "t_curtains", "t_window_domestic", "t_window_domestic_taped", "t_window_domestic", "t_window_open", "t_window_domestic", "t_window_empty", "t_window_domestic", "t_window_frame", "t_window_domestic", "t_wall_wood", "t_window_domestic", "t_wall_wood_chipped", "t_window_domestic", "t_wall_wood_broken", "t_window_domestic", "t_wall_log", "t_window_domestic", "t_wall_log_chipped", "t_window_domestic", "t_wall_log_broken"],
                "'" : "t_concrete",
                "?" : "t_floor",
                "@" : "t_floor",
                "B" : "t_floor",
                "c" : "t_floor",
                "D" : "t_floor",
                "d" : "t_floor",
                "f" : "t_floor",
                "g" : ["t_dirt", "t_dirt", "t_dirt", "t_dirt", "t_dirt", "t_dirt", "t_grass"],
                "h" : "t_floor",
                "j" : "t_floor",
                "K" : "t_floor",
                "k" : "t_floor",
                "n" : "t_floor",
                "O" : "t_floor",
                "o" : "t_floor",
                "P" : "t_floor",
                "S" : "t_floor",
                "s" : "t_sidewalk",
                "v": ["t_window_domestic", "t_window_boarded", "t_window_domestic", "t_curtains", "t_window_domestic", "t_window_domestic_taped", "t_window_domestic", "t_window_open", "t_window_domestic", "t_window_empty", "t_window_domestic", "t_window_frame", "t_window_domestic", "t_wall_wood", "t_window_domestic", "t_wall_wood_chipped", "t_window_domestic", "t_wall_wood_broken", "t_window_domestic", "t_wall_log", "t_window_domestic", "t_wall_log_chipped", "t_window_domestic", "t_wall_log_broken"],
                "W" : "t_floor",
                "X" : ["t_underbrush", "t_grass", "t_grass", "t_grass", "t_grass", "t_grass", "t_grass", "t_grass", "t_grass", "t_shrub_blueberry", "t_underbrush", "t_grass", "t_grass", "t_grass", "t_grass", "t_grass", "t_grass", "t_grass", "t_grass", "t_shrub_strawberry", "t_underbrush", "t_grass", "t_grass", "t_grass", "t_grass", "t_grass", "t_grass", "t_grass", "t_grass", "t_tree_apple", "t_underbrush", "t_grass", "t_grass", "t_grass", "t_grass", "t_grass", "t_grass", "t_grass", "t_grass", "t_tree_pear", "t_underbrush", "t_dirt", "t_dirt", "t_dirt", "t_dirt", "t_dirt", "t_dirt", "t_dirt", "t_dirtmound", "t_tree_cherry", "t_underbrush", "t_grass", "t_grass", "t_grass", "t_grass", "t_grass", "t_grass", "t_grass", "t_grass", "t_tree_peach", "t_underbrush", "t_grass", "t_grass", "t_grass", "t_grass", "t_grass", "t_grass", "t_grass", "t_grass", "t_tree_apricot", "t_underbrush", "t_grass", "t_grass", "t_grass", "t_grass", "t_grass", "t_grass", "t_grass", "t_grass", "t_tree_plum", "t_underbrush", "t_grass", "t_grass", "t_grass", "t_grass", "t_grass", "t_grass", "t_grass", "t_grass", "t_tree_pine", "t_underbrush", "t_dirt", "t_dirt", "t_dirt", "t_dirt", "t_dirt", "t_dirt", "t_dirt", "t_dirtmound", "t_tree_birch", "t_underbrush", "t_grass", "t_grass", "t_grass", "t_grass", "t_grass", "t_grass", "t_grass", "t_grass", "t_tree_willow", "t_underbrush", "t_grass", "t_grass", "t_grass", "t_grass", "t_grass", "t_grass", "t_grass", "t_grass", "t_tree_maple", "t_underbrush", "t_grass", "t_grass", "t_grass", "t_grass", "t_grass", "t_grass", "t_grass", "t_grass", "t_tree_hickory", "t_underbrush", "t_grass", "t_grass", "t_grass", "t_grass", "t_grass", "t_grass", "t_grass", "t_grass", "t_shrub", "t_underbrush", "t_dirt", "t_dirt", "t_dirt", "t_dirt", "t_dirt", "t_dirt", "t_dirt", "t_dirtmound", "t_trunk", "t_underbrush", "t_grass", "t_grass", "t_grass", "t_grass", "t_grass", "t_grass", "t_grass", "t_grass", "t_tree_blackjack", "t_underbrush", "t_grass", "t_grass", "t_grass", "t_grass", "t_grass", "t_grass", "t_grass", "t_grass", "t_tree", "t_underbrush", "t_grass", "t_grass", "t_grass", "t_grass", "t_grass", "t_grass", "t_grass", "t_grass", "t_tree_dead", "t_underbrush", "t_grass", "t_grass", "t_grass", "t_grass", "t_grass", "t_grass", "t_grass", "t_grass", "t_tree_young", "t_underbrush", "t_dirt", "t_dirt", "t_dirt", "t_dirt", "t_dirt", "t_dirt", "t_dirt", "t_dirtmound", "t_shrub"],
                "x" : ["t_underbrush", "t_grass", "t_grass", "t_grass", "t_grass", "t_grass", "t_grass", "t_grass", "t_grass", "t_shrub_blueberry", "t_underbrush", "t_grass", "t_grass", "t_grass", "t_grass", "t_grass", "t_grass", "t_grass", "t_grass", "t_shrub_strawberry", "t_underbrush", "t_grass", "t_grass", "t_grass", "t_grass", "t_grass", "t_grass", "t_grass", "t_grass", "t_tree_apple", "t_underbrush", "t_grass", "t_grass", "t_grass", "t_grass", "t_grass", "t_grass", "t_grass", "t_grass", "t_tree_pear", "t_underbrush", "t_dirt", "t_dirt", "t_dirt", "t_dirt", "t_dirt", "t_dirt", "t_dirt", "t_dirtmound", "t_tree_cherry", "t_underbrush", "t_grass", "t_grass", "t_grass", "t_grass", "t_grass", "t_grass", "t_grass", "t_grass", "t_tree_peach", "t_underbrush", "t_grass", "t_grass", "t_grass", "t_grass", "t_grass", "t_grass", "t_grass", "t_grass", "t_tree_apricot", "t_underbrush", "t_grass", "t_grass", "t_grass", "t_grass", "t_grass", "t_grass", "t_grass", "t_grass", "t_tree_plum", "t_underbrush", "t_grass", "t_grass", "t_grass", "t_grass", "t_grass", "t_grass", "t_grass", "t_grass", "t_tree_pine", "t_underbrush", "t_dirt", "t_dirt", "t_dirt", "t_dirt", "t_dirt", "t_dirt", "t_dirt", "t_dirtmound", "t_tree_birch", "t_underbrush", "t_grass", "t_grass", "t_grass", "t_grass", "t_grass", "t_grass", "t_grass", "t_grass", "t_tree_willow", "t_underbrush", "t_grass", "t_grass", "t_grass", "t_grass", "t_grass", "t_grass", "t_grass", "t_grass", "t_tree_maple", "t_underbrush", "t_grass", "t_grass", "t_grass", "t_grass", "t_grass", "t_grass", "t_grass", "t_grass", "t_tree_hickory", "t_underbrush", "t_grass", "t_grass", "t_grass", "t_grass", "t_grass", "t_grass", "t_grass", "t_grass", "t_shrub", "t_underbrush", "t_dirt", "t_dirt", "t_dirt", "t_dirt", "t_dirt", "t_dirt", "t_dirt", "t_dirtmound", "t_trunk", "t_underbrush", "t_grass", "t_grass", "t_grass", "t_grass", "t_grass", "t_grass", "t_grass", "t_grass", "t_tree_blackjack", "t_underbrush", "t_grass", "t_grass", "t_grass", "t_grass", "t_grass", "t_grass", "t_grass", "t_grass", "t_tree", "t_underbrush", "t_grass", "t_grass", "t_grass", "t_grass", "t_grass", "t_grass", "t_grass", "t_grass", "t_tree_dead", "t_underbrush", "t_grass", "t_grass", "t_grass", "t_grass", "t_grass", "t_grass", "t_grass", "t_grass", "t_tree_young", "t_underbrush", "t_dirt", "t_dirt", "t_dirt", "t_dirt", "t_dirt", "t_dirt", "t_dirt", "t_dirtmound", "t_shrub"],
                "T" : ["t_tree", "t_tree_young", "t_tree_dead", "t_trunk", "t_shrub", "t_tree_apple", "t_tree_pear", "t_tree_cherry", "t_tree_hickory", "t_tree_pine", "t_tree_apricot", "t_tree_peach", "t_tree_birch", "t_tree_maple", "t_tree_willow", "t_tree_plum", "t_tree_blackjack"],
                "Y" : "t_floor"
            },
            "furniture" : {
                "0" : ["f_fireplace", "f_null", "f_null", "f_null", "f_null", "f_null", "f_null", "f_fireplace", "f_rubble_rock", "f_fireplace"],
                "$" : ["f_shower", "f_null", "f_null", "f_null", "f_null", "f_null", "f_null", "f_shower", "f_wreckage", "f_shower"],
                "?" : ["f_sofa", "f_null", "f_null", "f_null", "f_null", "f_null", "f_null", "f_sofa", "f_rubble", "f_sofa"],
                "@" : ["f_bed", "f_null", "f_null", "f_null", "f_null", "f_null", "f_null", "f_bed", "f_rubble", "f_bed"],
                "B" : ["f_bathtub", "f_null", "f_null", "f_null", "f_null", "f_null", "f_null", "f_bathtub", "f_wreckage", "f_bathtub"],
                "c" : ["f_counter", "f_null", "f_null", "f_null", "f_null", "f_null", "f_null", "f_counter", "f_rubble", "f_counter"],
                "D" : ["f_trashcan", "f_null", "f_null", "f_null", "f_null", "f_null", "f_null", "f_trashcan", "f_rubble", "f_trashcan"],
                "d" : ["f_dresser", "f_null", "f_null", "f_null", "f_null", "f_null", "f_null", "f_dresser", "f_rubble", "f_dresser"],
                "f" : ["f_fridge", "f_null", "f_null", "f_null", "f_null", "f_null", "f_null", "f_fridge", "f_wreckage", "f_fridge"],
                "g" : ["f_bluebell", "f_null", "f_null", "f_null", "f_null", "f_null", "f_null", "f_dahlia", "f_null", "f_null", "f_null", "f_null", "f_null", "f_null", "f_datura", "f_null", "f_null", "f_null", "f_null", "f_null", "f_null", "f_dandelion", "f_null", "f_null", "f_null", "f_null", "f_null", "f_null", "f_chamomile", "f_null", "f_null", "f_null", "f_null", "f_null", "f_null", "f_mutpoppy"],
                "h" : ["f_chair", "f_null", "f_null", "f_null", "f_null", "f_null", "f_null", "f_chair", "f_rubble", "f_chair"],
                "j" : ["f_treadmill", "f_null", "f_null", "f_null", "f_null", "f_null", "f_null", "f_treadmill", "f_wreckage", "f_treadmill"],
                "K" : ["f_armchair", "f_null", "f_null", "f_null", "f_null", "f_null", "f_null", "f_armchair", "f_rubble", "f_armchair"], 
                "k" : ["f_desk", "f_null", "f_null", "f_null", "f_null", "f_null", "f_null", "f_desk", "f_rubble", "f_desk"],
                "n" : ["f_table", "f_null", "f_null", "f_null", "f_null", "f_null", "f_null", "f_table", "f_rubble", "f_table"],
                "O" : ["f_oven", "f_null", "f_null", "f_null", "f_null", "f_null", "f_null", "f_oven", "f_wreckage", "f_oven"],
                "o" : ["f_bookcase", "f_null", "f_null", "f_null", "f_null", "f_null", "f_null", "f_bookcase", "f_rubble", "f_bookcase"],
                "P" : ["f_indoor_plant", "f_null", "f_null", "f_null", "f_null", "f_null", "f_null", "f_null"],
                "S" : ["f_sink", "f_null", "f_null", "f_null", "f_null", "f_null", "f_null", "f_sink", "f_rubble", "f_sink"],
                "W" : ["f_washer", "f_null", "f_null", "f_null", "f_null", "f_null", "f_null", "f_washer", "f_wreckage", "f_washer"],
                "Y" : ["f_dryer", "f_null", "f_null", "f_null", "f_null", "f_null", "f_null", "f_dryer", "f_wreckage", "f_dryer"]
            },
            "toilets" : {
                "t" : { }
            },
            "set" : [
                { "point" : "terrain", "id" : "t_dirt", "x" : [ 0, 0], "y" : [ 0,23], "repeat" : [5, 8] },
                { "point" : "terrain", "id" : "t_dirt", "x" : [ 1, 1], "y" : [ 0, 4], "repeat" : [0, 1] },
                { "point" : "terrain", "id" : "t_dirt", "x" : [ 1, 5], "y" : [19,23], "repeat" : [6, 9] },
                { "point" : "terrain", "id" : "t_dirt", "x" : [ 2, 2], "y" : [ 0, 3], "repeat" : [0, 1] },
                { "point" : "terrain", "id" : "t_dirt", "x" : [ 3, 3], "y" : [ 0, 2], "repeat" : [0, 1] },
                { "point" : "terrain", "id" : "t_dirt", "x" : [ 4, 4], "y" : [ 0, 1], "repeat" : [0, 1] },
                { "point" : "terrain", "id" : "t_dirt", "x" : [ 5, 5], "y" : [ 0, 0], "repeat" : [0, 1] },
                { "point" : "terrain", "id" : "t_dirt", "x" : [ 6,23], "y" : [20,23], "repeat" : [8,14] },
                { "point" : "terrain", "id" : "t_dirt", "x" : [18,23], "y" : [ 0, 0], "repeat" : [0, 1] },
                { "point" : "terrain", "id" : "t_dirt", "x" : [18,23], "y" : [19,19], "repeat" : [0, 1] },
                { "point" : "terrain", "id" : "t_dirt", "x" : [19,23], "y" : [ 1, 1], "repeat" : [0, 1] },
                { "point" : "terrain", "id" : "t_dirt", "x" : [20,23], "y" : [ 2, 2], "repeat" : [0, 1] },
                { "point" : "terrain", "id" : "t_dirt", "x" : [21,23], "y" : [ 3, 3], "repeat" : [0, 1] },
                { "point" : "terrain", "id" : "t_dirt", "x" : [22,23], "y" : [ 4, 4], "repeat" : [0, 1] },
                { "point" : "terrain", "id" : "t_dirt", "x" : [23,23], "y" : [ 5,18], "repeat" : [3, 4] }
            ],
            "place_monsters" : [
                { "monster" : "GROUP_ZOMBIE", "chance" : 5, "x" : [1,22],  "y" : [2,21] }
            ]
        }
    }
]
