[
    {
        "type" : "mapgen",
        "om_terrain" : ["house"],
        "method" : "json",
        "weight" : 100,
        "object" : {
            "fill_ter" : "t_carpet_red",
            "rows" : [
                "..............sssssss...",
                ".--yy--;--yy--=======--.",
                ".|oooo   o  o|'''''''e|.",
                ".|           |r'''''''|.",
                ".|           |r''''''D|.",
                ".|0   nn     |r'''''''|.",
                ".|    nn     |r''''''c|.",
                ".y           |'''''''c|.",
                ".y     h     |'nn''''c|.",
                ".|          ?|'nn''h c|.",
                ".|S         ?|'''''''c|.",
                ".|COfC     ??|ccc cccc|.",
                ".|------5--------;----|.",
                ".|B((U|    rrrr     kk|.",
                ".|B((t|              k|.",
                ".|((((|            h 6|.",
                ".|((((+               |.",
                ".--JJ-|------------+--|.",
                "......J               |.",
                "......J               |.",
                "....T.|      @@       |.",
                "......|     d@@      d|.",
                "......-----------------.",
                "........................"
            ],
            "terrain" : {
                "|" : "t_wall",
                "-" : "t_wall",
                "." : ["t_grass", "t_grass", "t_grass", "t_grass", "t_grass", "t_grass", "t_dirt"],
                "5": ["t_door_c", "t_door_c", "t_door_b", "t_door_c", "t_door_c", "t_door_frame", "t_door_c", "t_door_c", "t_wall_wood", "t_door_c", "t_door_c", "t_wall_wood_chipped", "t_door_c", "t_door_c", "t_wall_wood_broken", "t_door_o", "t_door_o", "t_wall_log", "t_door_o", "t_door_o", "t_wall_log_chipped", "t_door_o", "t_door_o", "t_wall_log_broken"],
                "6" : "t_console_broken",
                "0" : "t_carpet_red",
                "=": ["t_door_metal_c", "t_door_metal_c", "t_mdoor_frame", "t_door_metal_c", "t_door_metal_c", "t_wall_wood", "t_door_metal_c", "t_door_metal_c", "t_wall_wood_chipped", "t_door_metal_c", "t_door_metal_c", "t_wall_wood_broken", "t_door_metal_o", "t_door_metal_o", "t_wall_log", "t_door_metal_o", "t_door_metal_o", "t_wall_log_chipped", "t_door_metal_o", "t_door_metal_o", "t_wall_log_broken"],
                "+": ["t_door_c", "t_door_c", "t_door_locked_alarm", "t_door_c", "t_door_c", "t_door_locked_interior", "t_door_c", "t_door_c", "t_door_locked", "t_door_c", "t_door_c", "t_door_locked_peep", "t_door_c", "t_door_c", "t_door_b_peep", "t_door_c", "t_door_c", "t_door_boarded_damaged_peep", "t_door_c", "t_door_c", "t_rdoor_boarded_damaged", "t_door_c", "t_door_c", "t_rdoor_boarded", "t_door_c", "t_door_c", "t_door_boarded_peep", "t_door_c", "t_door_c", "t_door_boarded_damaged", "t_door_c", "t_door_c", "t_door_boarded", "t_door_c", "t_door_c", "t_rdoor_o", "t_door_c", "t_door_c", "t_rdoor_c", "t_door_c", "t_door_c", "t_door_o_peep", "t_door_c", "t_door_c", "t_door_c_peep", "t_door_c", "t_door_c", "t_door_b", "t_door_c", "t_door_c", "t_door_frame", "t_door_c", "t_door_c", "t_wall_wood", "t_door_c", "t_door_c", "t_wall_wood_chipped", "t_door_c", "t_door_c", "t_wall_wood_broken", "t_door_o", "t_door_o", "t_wall_log", "t_door_o", "t_door_o", "t_wall_log_chipped", "t_door_o", "t_door_o", "t_wall_log_broken", "t_door_o", "t_door_o", "t_door_curtain_c", "t_door_o", "t_door_o", "t_door_makeshift_c", "t_door_o", "t_door_o", "t_door_curtain_o", "t_door_o", "t_door_o", "t_door_makeshift_o", "t_door_o", "t_door_o", "t_palisade", "t_door_o", "t_door_o", "t_bars", "t_door_o", "t_door_o", "t_door_bar_o", "t_door_o", "t_door_o", "t_door_bar_c", "t_door_o", "t_door_o", "t_door_bar_locked"],
                ";": ["t_door_c", "t_door_c", "t_door_b", "t_door_c", "t_door_c", "t_door_frame", "t_door_c", "t_door_c", "t_wall_wood", "t_door_c", "t_door_c", "t_wall_wood_chipped", "t_door_c", "t_door_c", "t_wall_wood_broken", "t_door_o", "t_door_o", "t_wall_log", "t_door_o", "t_door_o", "t_wall_log_chipped", "t_door_o", "t_door_o", "t_wall_log_broken"],
                "'" : "t_thconc_floor",
                "(" : "t_linoleum_gray",
                "?" : "t_carpet_red",
                "@" : "t_carpet_red",
                "B" : "t_linoleum_white",
                "C" : "t_carpet_red",
                "c" : "t_carpet_red",
                "D" : "t_thconc_floor",
                "d" : "t_carpet_red",
                "e" : "t_gates_mech_control",
                "f" : "t_carpet_red",
                "h" : "t_carpet_red",
                "J": ["t_window_domestic", "t_window_boarded", "t_window_domestic", "t_curtains", "t_window_domestic", "t_window_domestic_taped", "t_window_domestic", "t_window_open", "t_window_domestic", "t_window_empty", "t_window_domestic", "t_window_frame", "t_window_domestic", "t_wall_wood", "t_window_domestic", "t_wall_wood_chipped", "t_window_domestic", "t_wall_wood_broken", "t_window_domestic", "t_wall_log", "t_window_domestic", "t_wall_log_chipped", "t_window_domestic", "t_wall_log_broken"],
                "k" : "t_carpet_red",
                "n" : "t_carpet_red",
                "O" : "t_carpet_red",
                "o" : "t_carpet_red",
                "r" : "t_thconc_floor",
                "S" : "t_carpet_red",
                "s" : "t_sidewalk",
                "T" : ["t_tree", "t_tree", "t_tree", "t_tree_young", "t_tree_dead"],
                "t" : "t_linoleum_white",
                "U" : "t_linoleum_white",
                "y": ["t_window_domestic", "t_window_boarded", "t_window_domestic", "t_curtains", "t_window_domestic", "t_window_domestic_taped", "t_window_domestic", "t_window_open", "t_window_domestic", "t_window_empty", "t_window_domestic", "t_window_frame", "t_window_domestic", "t_wall_wood", "t_window_domestic", "t_wall_wood_chipped", "t_window_domestic", "t_wall_wood_broken", "t_window_domestic", "t_wall_log", "t_window_domestic", "t_wall_log_chipped", "t_window_domestic", "t_wall_log_broken"]
            },
            "furniture" : {
                "0" : ["f_fireplace", "f_null", "f_null", "f_null", "f_null", "f_null", "f_null", "f_fireplace", "f_rubble_rock", "f_fireplace"],
                "?" : ["f_sofa", "f_null", "f_null", "f_null", "f_null", "f_null", "f_null", "f_sofa", "f_rubble", "f_sofa"],
                "@" : ["f_bed", "f_null", "f_null", "f_null", "f_null", "f_null", "f_null", "f_bed", "f_rubble", "f_bed"],
                "B" : ["f_bathtub", "f_null", "f_null", "f_null", "f_null", "f_null", "f_null", "f_bathtub", "f_wreckage", "f_bathtub"],
                "C" : ["f_cupboard", "f_null", "f_null", "f_null", "f_null", "f_null", "f_null", "f_cupboard", "f_rubble", "f_cupboard"],
                "c" : ["f_counter", "f_null", "f_null", "f_null", "f_null", "f_null", "f_null", "f_counter", "f_rubble", "f_counter"],
                "D" : ["f_trashcan", "f_null", "f_null", "f_null", "f_null", "f_null", "f_null", "f_trashcan", "f_rubble", "f_trashcan"],
                "d" : ["f_dresser", "f_null", "f_null", "f_null", "f_null", "f_null", "f_null", "f_dresser", "f_rubble", "f_dresser"],
                "f" : ["f_fridge", "f_null", "f_null", "f_null", "f_null", "f_null", "f_null", "f_fridge", "f_wreckage", "f_fridge"],
                "h" : ["f_chair", "f_null", "f_null", "f_null", "f_null", "f_null", "f_null", "f_chair", "f_rubble", "f_chair"],
                "k" : ["f_desk", "f_null", "f_null", "f_null", "f_null", "f_null", "f_null", "f_desk", "f_rubble", "f_desk"],
                "n" : ["f_table", "f_null", "f_null", "f_null", "f_null", "f_null", "f_null", "f_table", "f_rubble", "f_table"],
                "O" : ["f_oven", "f_null", "f_null", "f_null", "f_null", "f_null", "f_null", "f_oven", "f_wreckage", "f_oven"],
                "o" : ["f_bookcase", "f_null", "f_null", "f_null", "f_null", "f_null", "f_null", "f_bookcase", "f_rubble", "f_bookcase"],
                "r" : ["f_rack", "f_null", "f_null", "f_null", "f_null", "f_null", "f_null", "f_rack", "f_rubble", "f_rack"],
                "S" : ["f_sink", "f_null", "f_null", "f_null", "f_null", "f_null", "f_null", "f_sink", "f_rubble", "f_sink"],
                "U" : ["f_sink", "f_null", "f_null", "f_null", "f_null", "f_null", "f_null", "f_sink", "f_rubble", "f_sink"]
            },
            "toilets" : {
                "t" : { }
            },
            "set" : [
                { "point" : "terrain", "id" : "t_dirt",             "x" : [ 0, 0], "y" : [ 0,23], "repeat" : [5,10] },
                { "point" : "terrain", "id" : "t_dirt",             "x" : [23,23], "y" : [ 0,23], "repeat" : [5,10] },
                { "point" : "terrain", "id" : "t_dirt",             "x" : [ 0,23], "y" : [23,23], "repeat" : [5, 8] },
                { "point" : "terrain", "id" : "t_dirt",             "x" : [ 0,14], "y" : [ 0, 0], "repeat" : [5, 8] },
                { "point" : "trap",    "id" : "tr_beartrap",        "x" : [10,11], "y" : [ 2, 2], "repeat" : [1, 2] },
                { "point" : "trap",    "id" : "tr_beartrap",        "x" : [ 2, 2], "y" : [ 7, 8], "repeat" : [1, 2] },
                { "point" : "trap",    "id" : "tr_landmine_buried", "x" : [ 5, 8], "y" : [ 4, 7], "repeat" : [5,12] },
                { "point" : "trap",    "id" : "tr_landmine",        "x" : [ 5, 5], "y" : [14,14] },
                { "point" : "trap",    "id" : "tr_shotgun_2",       "x" : [ 8, 8], "y" : [14,14] },
                { "point" : "trap",    "id" : "tr_shotgun_2",       "x" : [ 7, 7], "y" : [ 2, 2] }
            ],
            "place_monsters" : [
                { "monster" : "GROUP_PREPPER_HOUSE", "chance" : 2, "x" : [2,21], "y" : [2,21] }
            ]
        }
    }
]
