[
    {
        "comment": "automated gas station",
        "type": "mapgen",
        "om_terrain": [
            "s_gas"
        ],
        "method": "json",
        "weight": 350,
        "object": {
            "rows": [
                "........................",
                "........................",
                "........................",
                ".-----..................",
                ".|...|..........sss.....",
                ".|.Q.|...........&s.....",
                ".|...|...........1s.....",
                ".|...|P..........2s.....",
                ".--+--..........sss.....",
                "........................",
                "...s9s...........s9s....",
                "........................",
                "....5.............5.....",
                "........................",
                "........................",
                "........................",
                "....5.............5.....",
                "........................",
                "........................",
                "........................",
                "....5.............5.....",
                "........................",
                "...s9s...........s9s....",
                "........................"
            ],
            "terrain": {
                ".": "t_pavement",

                "Q": "t_pavement",

                "P": "t_pavement",

                "-": "t_chainfence_h",
                "|": "t_chainfence_v",
                "+": ["t_chaingate_c", "t_chaingate_c", "t_chaingate_c", "t_chaingate_o"],

                "&": ["t_atm", "t_console_broken", "t_console_broken"],
                "1": "t_pavement",
                "2": "t_pavement",

                "5": "t_gas_pump",
                "s": "t_little_column",


                "9": "t_pavement"

            },
            "furniture": {
                "9": "f_aut_gas_console"
            },
            "signs": {
                "P": { "signage": "Danger! Do not smoke! Risk of explosion!" }
            },
            "place_terrain": [
                { "ter": "t_gas_tank", "x": 3, "y": 5}
            ]
        }
    }
]
