[
    {
        "type": "mapgen",
        "om_terrain": [
            "roadstop"
        ],
        "method": "json",
        "weight": 333,
        "object": {
            "rows": [
                "........................",
                ".........222222.........",
                "........22222222........",
                ".......2222222222.......",
                ".......2222222222.......",
                ".......2222..2222.......",
                "......S2222..2222S......",
                "......S2222..2222S......",
                "######S2222##2222S######",
                "#73  3S2222662222S3..37#",
                "### A#S2222##2222S#A.###",
                "#73 A#S2222882222S#A.37#",
                "### A#S2222##2222S#A.###",
                "#73 A#S2222662222S#A.37#",
                "######S2222##2222S######",
                "......S2222..2222S......",
                "......S2222..2222S......",
                ".......2222..2222.......",
                ".......2222..2222.......",
                ".......2222..2222.......",
                ".......2222..2222.......",
                ".......2222..2222.......",
                ".......2222..2222.......",
                ".......2222..2222......."
            ],
            "terrain": {
                ".": ["t_grass", "t_grass", "t_grass", "t_grass", "t_grass", "t_grass", "t_dirt"],
                "#": "t_wall_log",
                "2": ["t_dirt", "t_dirt", "t_dirt", "t_dirt", "t_dirt", "t_dirt", "t_grass"],
                "3": ["t_door_c", "t_door_c", "t_door_b", "t_door_c", "t_door_c", "t_door_frame", "t_door_c", "t_door_c", "t_wall_wood", "t_door_c", "t_door_c", "t_wall_wood_chipped", "t_door_c", "t_door_c", "t_wall_wood_broken", "t_door_o", "t_door_o", "t_wall_log", "t_door_o", "t_door_o", "t_wall_log_chipped", "t_door_o", "t_door_o", "t_wall_log_broken"],
                " ": "t_floor",
                "6": "t_floor",
                "7": "t_floor",
                "8": ["t_dirt", "t_dirt", "t_dirt", "t_dirt", "t_dirt", "t_dirt", "t_grass"],
                "A": "t_floor",
                "S": "t_sidewalk"
            },
            "furniture": {
                "6": ["f_table", "f_null", "f_null", "f_null", "f_null", "f_null", "f_null", "f_table", "f_rubble", "f_table"],
                "7": ["f_toilet", "f_null", "f_null", "f_null", "f_null", "f_null", "f_null", "f_toilet", "f_rubble", "f_toilet"],
                "A": ["f_sink", "f_null", "f_null", "f_null", "f_null", "f_null", "f_null", "f_sink", "f_rubble", "f_sink"],
                "8": ["f_trashcan", "f_null", "f_null", "f_null", "f_null", "f_null", "f_null", "f_trashcan", "f_rubble", "f_trashcan"]
            },
            "toilets": {
                "7": { }
            },
        "rotation": 2
        }
    }
]