[
    {
    "type" : "overmap_terrain",
    "id" : "gym_fitness",
    "name" : "fitness gym",
    "rotate" : true,
    "sym" : [94, 62, 118, 60],
    "color" : "i_ltcyan",
    "see_cost" : 5,
    "extras" : "build",
    "mondensity" : 2,
    "sidewalk" : true
    },
    {
        "type": "mapgen",
        "om_terrain": [
            "gym_fitness"
        ],
        "method": "json",
        "weight": 500,
        "object": {
            "rows": [
            "..........,,,,..........",
            "..........,,,,..........",
            "........|--++--|........",
            "........8      8........",
            "........8##    8........",
            "........8 #    8........",
            "........8 #    8........",
            "........8      8........",
            "..|55555|      |55555|..",
            "..|                  |..",
            "..| ! ! c      c @ @ |..",
            "..|     c      c     |..",
            "..| ! ! c      c @ @ |..",
            "..|     c      c     |..",
            "..| ! ! c      c @ @ |..",
            "..|                  |..",
            "..|      VVVVVV      |..",
            "..|                  |..",
            "..|-+----------|---+-|..",
            "..|  OOOOOOOOOO|     |..",
            "..|            |=|=|=|..",
            "..|  cccccccccc|*|*|*|..",
            "..|------------|-----|..",
            "........................"
            ],
            "terrain": {
                "+": ["t_door_c", "t_door_c", "t_door_locked_alarm", "t_door_c", "t_door_c", "t_door_locked_interior", "t_door_c", "t_door_c", "t_door_locked", "t_door_c", "t_door_c", "t_door_locked_peep", "t_door_c", "t_door_c", "t_door_b_peep", "t_door_c", "t_door_c", "t_door_boarded_damaged_peep", "t_door_c", "t_door_c", "t_rdoor_boarded_damaged", "t_door_c", "t_door_c", "t_rdoor_boarded", "t_door_c", "t_door_c", "t_door_boarded_peep", "t_door_c", "t_door_c", "t_door_boarded_damaged", "t_door_c", "t_door_c", "t_door_boarded", "t_door_c", "t_door_c", "t_rdoor_o", "t_door_c", "t_door_c", "t_rdoor_c", "t_door_c", "t_door_c", "t_door_o_peep", "t_door_c", "t_door_c", "t_door_c_peep", "t_door_c", "t_door_c", "t_door_b", "t_door_c", "t_door_c", "t_door_frame", "t_door_c", "t_door_c", "t_wall_wood", "t_door_c", "t_door_c", "t_wall_wood_chipped", "t_door_c", "t_door_c", "t_wall_wood_broken", "t_door_o", "t_door_o", "t_wall_log", "t_door_o", "t_door_o", "t_wall_log_chipped", "t_door_o", "t_door_o", "t_wall_log_broken", "t_door_o", "t_door_o", "t_door_curtain_c", "t_door_o", "t_door_o", "t_door_makeshift_c", "t_door_o", "t_door_o", "t_door_curtain_o", "t_door_o", "t_door_o", "t_door_makeshift_o", "t_door_o", "t_door_o", "t_palisade", "t_door_o", "t_door_o", "t_bars", "t_door_o", "t_door_o", "t_door_bar_o", "t_door_o", "t_door_o", "t_door_bar_c", "t_door_o", "t_door_o", "t_door_bar_locked"],
                "L": ["t_door_c", "t_door_c", "t_door_b", "t_door_c", "t_door_c", "t_door_frame", "t_door_c", "t_door_c", "t_wall_wood", "t_door_c", "t_door_c", "t_wall_wood_chipped", "t_door_c", "t_door_c", "t_wall_wood_broken", "t_door_o", "t_door_o", "t_wall_log", "t_door_o", "t_door_o", "t_wall_log_chipped", "t_door_o", "t_door_o", "t_wall_log_broken"],
                "M": ["t_door_metal_c", "t_door_metal_c", "t_mdoor_frame", "t_door_metal_c", "t_door_metal_c", "t_wall_wood", "t_door_metal_c", "t_door_metal_c", "t_wall_wood_chipped", "t_door_metal_c", "t_door_metal_c", "t_wall_wood_broken", "t_door_metal_o", "t_door_metal_o", "t_wall_log", "t_door_metal_o", "t_door_metal_o", "t_wall_log_chipped", "t_door_metal_o", "t_door_metal_o", "t_wall_log_broken"],
                "=": ["t_door_glass_c", "t_door_glass_c", "t_door_frame", "t_door_glass_c", "t_door_glass_c", "t_wall_wood", "t_door_glass_c", "t_door_glass_c", "t_wall_wood_chipped", "t_door_glass_c", "t_door_glass_c", "t_wall_wood_broken", "t_door_glass_o", "t_door_glass_o", "t_wall_log", "t_door_glass_o", "t_door_glass_o", "t_wall_log_chipped", "t_door_glass_o", "t_door_glass_o", "t_wall_log_broken"],

            ".": ["t_grass", "t_grass", "t_grass", "t_grass", "t_grass", "t_grass", "t_dirt"],
            "_": "t_pavement",
            ",": "t_sidewalk",
            " ": "t_floor",
            "-": "t_wall",
            "|": "t_wall",
            "O": "t_floor",
            "@": "t_floor",
            "w": "t_gates_mech_control",
            "x": "t_console_broken",
            "c": "t_floor",
            "#": "t_floor",
            "r": "t_floor",
            "^": "t_floor",
            "t": "t_floor",
            "F": "t_floor",
            "H": "t_floor",
            ":": "t_floor",
            "T": "t_floor",
            "l": "t_floor",
            "G": "t_floor",
            "f": "t_floor",
            "B": "t_palisade",
            "!": "t_floor",
            "V": "t_floor",
            "5": "t_wall_glass",
            "8": "t_wall_glass",
            "*": "t_floor"
            },
            "furniture": {
            ".": "f_null",
            "_": "f_null",
            ",": "f_null",
            " ": "f_null",
            "-": "f_null",
            "|": "f_null",
            "O": ["f_locker", "f_null", "f_null", "f_null", "f_null", "f_null", "f_null", "f_locker", "f_wreckage", "f_locker"],
            "L": "f_null",
            "+": "f_null",
            "=": "f_null",
            "w": "f_null",
            "x": "f_null",
            "c": ["f_bench", "f_null", "f_null", "f_null", "f_null", "f_null", "f_null", "f_bench", "f_rubble", "f_bench"],
            "#": ["f_counter", "f_null", "f_null", "f_null", "f_null", "f_null", "f_null", "f_counter", "f_rubble", "f_counter"],
            "&": ["f_counter", "f_null", "f_null", "f_null", "f_null", "f_null", "f_null", "f_counter", "f_rubble", "f_counter"],
            "r": ["f_rack", "f_null", "f_null", "f_null", "f_null", "f_null", "f_null", "f_rack", "f_rubble", "f_rack"],
            "^": ["f_indoor_plant", "f_null", "f_null", "f_null", "f_null", "f_null", "f_null", "f_null"],
            "t": ["f_table", "f_null", "f_null", "f_null", "f_null", "f_null", "f_null", "f_table", "f_rubble", "f_table"],
            "F": ["f_fridge", "f_null", "f_null", "f_null", "f_null", "f_null", "f_null", "f_fridge", "f_wreckage", "f_fridge"],
            ":": ["f_locker", "f_null", "f_null", "f_null", "f_null", "f_null", "f_null", "f_locker", "f_wreckage", "f_locker"],
            "T": ["f_toilet", "f_null", "f_null", "f_null", "f_null", "f_null", "f_null", "f_toilet", "f_rubble", "f_toilet"],
            "l": ["f_vending_c", "f_null", "f_null", "f_null", "f_null", "f_null", "f_null", "f_vending_c", "f_wreckage", "f_vending_c"],
            "S": "f_null",
            "G": ["f_desk", "f_null", "f_null", "f_null", "f_null", "f_null", "f_null", "f_desk", "f_rubble", "f_desk"],
            "f": ["f_glass_fridge", "f_null", "f_null", "f_null", "f_null", "f_null", "f_null", "f_glass_fridge", "f_wreckage", "f_glass_fridge"],
            "@": ["f_treadmill", "f_null", "f_null", "f_null", "f_null", "f_null", "f_null", "f_treadmill", "f_wreckage", "f_treadmill"],
            "!": ["f_ergometer", "f_null", "f_null", "f_null", "f_null", "f_null", "f_null", "f_ergometer", "f_wreckage", "f_ergometer"],
            "V": ["f_exercise", "f_null", "f_null", "f_null", "f_null", "f_null", "f_null", "f_exercise", "f_wreckage", "f_exercise"],
            "5": "f_null",
            "8": "f_null",
            "*": ["f_shower", "f_null", "f_null", "f_null", "f_null", "f_null", "f_null", "f_shower", "f_wreckage", "f_shower"]
            }
        }
    }
]
