[
    {
        "type": "mapgen",
        "om_terrain": [
          "s_music"
        ],
        "method": "json",
        "weight": 180, "comment": "<-- Real decent place for a quick morale boost, relatively rare.",
        "object": {
            "rows": [
                "_s______,______,______s_",
                "_s______,______,______s_",
                "_s______,______,______s_",
                "_s______,______,______s_",
                "_s______,______,______s_",
                "zs______,______,______sz",
                "ssssssssssssssssssssssss",
                "_--5555--5555-++--55555_",
                "_|^.CC....CC.....#.EcC8_",
                "_8...............#....|_",
                "_8E..###rr...rr..#....8_",
                "_8c..###rr...rr..####.8_",
                "_|...........rr.......|_",
                "_|...######..........C|_",
                "_|...######...........|_",
                "_8...........|+-|+-|+-|_",
                "_8E..rrrrrr..|..|..|..8_",
                "_8c..rrrrrr..|..|..|..8_",
                "_|...........|Ec|Ec|Ec|_",
                "_|D---D|D-55----------|_",
                "_|.S|S.|ssssssszz_z_____",
                "_|T#|#T|________________",
                "_-H---H-________________",
                "________________________"
            ],
            "terrain": {
                "_": "t_pavement",
                ",": "t_pavement_y",
                "s": "t_sidewalk",
                "-": "t_wall",
                "|": "t_wall",
                "5": "t_wall_glass",
                "8": "t_wall_glass",
                ".": "t_linoleum_gray",
                "+": ["t_door_glass_c", "t_door_glass_c", "t_door_frame", "t_door_glass_c", "t_door_glass_c", "t_wall_wood", "t_door_glass_c", "t_door_glass_c", "t_wall_wood_chipped", "t_door_glass_c", "t_door_glass_c", "t_wall_wood_broken", "t_door_glass_o", "t_door_glass_o", "t_wall_log", "t_door_glass_o", "t_door_glass_o", "t_wall_log_chipped", "t_door_glass_o", "t_door_glass_o", "t_wall_log_broken"],
                "D": ["t_door_c", "t_door_c", "t_door_b", "t_door_c", "t_door_c", "t_door_frame", "t_door_c", "t_door_c", "t_wall_wood", "t_door_c", "t_door_c", "t_wall_wood_chipped", "t_door_c", "t_door_c", "t_wall_wood_broken", "t_door_o", "t_door_o", "t_wall_log", "t_door_o", "t_door_o", "t_wall_log_chipped", "t_door_o", "t_door_o", "t_wall_log_broken"],
                "L": ["t_door_c", "t_door_c", "t_door_b", "t_door_c", "t_door_c", "t_door_frame", "t_door_c", "t_door_c", "t_wall_wood", "t_door_c", "t_door_c", "t_wall_wood_chipped", "t_door_c", "t_door_c", "t_wall_wood_broken", "t_door_o", "t_door_o", "t_wall_log", "t_door_o", "t_door_o", "t_wall_log_chipped", "t_door_o", "t_door_o", "t_wall_log_broken"],
                "H": ["t_window_domestic", "t_window_boarded", "t_window_domestic", "t_curtains", "t_window_domestic", "t_window_domestic_taped", "t_window_domestic", "t_window_open", "t_window_domestic", "t_window_empty", "t_window_domestic", "t_window_frame", "t_window_domestic", "t_wall_wood", "t_window_domestic", "t_wall_wood_chipped", "t_window_domestic", "t_wall_wood_broken", "t_window_domestic", "t_wall_log", "t_window_domestic", "t_wall_log_chipped", "t_window_domestic", "t_wall_log_broken"],
                "w": "t_linoleum_gray",
                "y": "t_linoleum_gray",
                "%": "t_shrub",
                "^": "t_linoleum_gray",
                "r": "t_linoleum_gray",
                "l": "t_linoleum_gray",
                "#": "t_linoleum_gray",
                "E": "t_linoleum_gray",
                "t": "t_linoleum_gray",
                "C": "t_linoleum_gray",
                "c": "t_linoleum_gray",
                "F": "t_linoleum_gray",
                "S": "t_linoleum_gray",
                "T": "t_linoleum_gray",
                "d": "t_pavement",
                "z": "t_shrub"
            },
            "furniture": {
                "_": "f_null",
                ",": "f_null",
                "s": "f_null",
                "-": "f_null",
                "|": "f_null",
                "5": "f_null",
                "8": "f_null",
                ".": "f_null",
                "+": "f_null",
                "D": "f_null",
                "L": "f_null",
                "H": "f_null",
                "W": "f_null",
                "%": "f_null",
                "x": "f_null",
                "^": ["f_indoor_plant", "f_null", "f_null", "f_null", "f_null", "f_null", "f_null", "f_null"],
                "r": ["f_rack", "f_null", "f_null", "f_null", "f_null", "f_null", "f_null", "f_rack", "f_rubble", "f_rack"],
                "#": ["f_counter", "f_null", "f_null", "f_null", "f_null", "f_null", "f_null", "f_counter", "f_rubble", "f_counter"],
                "E": ["f_desk", "f_null", "f_null", "f_null", "f_null", "f_null", "f_null", "f_desk", "f_rubble", "f_desk"],
                "C": ["f_displaycase", "f_null", "f_null", "f_null", "f_null", "f_null", "f_null", "f_displaycase", "f_rubble", "f_displaycase"],
                "c": ["f_chair", "f_null", "f_null", "f_null", "f_null", "f_null", "f_null", "f_chair", "f_rubble", "f_chair"],
                "S": ["f_sink", "f_null", "f_null", "f_null", "f_null", "f_null", "f_null", "f_sink", "f_rubble", "f_sink"],
                "d": ["f_dumpster", "f_dumpster", "f_null", "f_null", "f_null", "f_null", "f_null", "f_null", "f_dumpster", "f_dumpster", "f_rubble", "f_dumpster", "f_dumpster"],
                "z": "f_null"
            },
            "toilets": {
                "T": { }
            }
        },
    "comment": "end of mapgen entry ---v"
    }
]
