[
  {
    "type" : "mapgen",
    "om_terrain" : [
    "s_gun"
    ],
    "method" : "json",
    "weight" : 300,
    "object" :{
        "rows" : [
        "_ssssssssssssssssssssss_",
        "_s@@@@@@@_ssss_@@@@@@@s_",
        "_s||555||_ssss_||555||s_",
        "_s|#####5_ssss_5#####|s_",
        "_s|.....5_ssss_5.....|s_",
        "_s|.....5_ssss_5.....|s_",
        "_s|.....|55++55|.....|s_",
        "_s|..................|s_",
        "_s|..................|s_",
        "_s|....rrr....rrr....|s_",
        "_s|u...rrr....rrr...u|s_",
        "_s|^................^|s_",
        "_||u...rrr....rrr...u|s_",
        "_A|....rrr....rrr....|s_",
        "_||..................|s_",
        "_s|..................|s_",
        "_s||D|||&&&&&&&&||L|||s_",
        "_s|....|..####..|..cE|s_",
        "_s|....|........D...E|s_",
        "_s|S..;|lll##lll|l...|s_",
        "_s|||||||||||||||||L||s_",
        "_ssssssssssssssssssssss_",
        "________________________",
        "________________________"
      ],
      "terrain": {
                "5": ["t_window_bars", "t_window_taped", "t_window_bars", "t_window_empty", "t_window_bars", "t_window_frame", "t_window_bars", "t_wall_wood", "t_window_bars", "t_wall_wood_chipped", "t_window_bars", "t_wall_wood_broken", "t_window_bars", "t_wall_log", "t_window_bars", "t_wall_log_chipped", "t_window_bars", "t_wall_log_broken"],
                "D": ["t_door_c", "t_door_c", "t_door_b", "t_door_c", "t_door_c", "t_door_frame", "t_door_c", "t_door_c", "t_wall_wood", "t_door_c", "t_door_c", "t_wall_wood_chipped", "t_door_c", "t_door_c", "t_wall_wood_broken", "t_door_o", "t_door_o", "t_wall_log", "t_door_o", "t_door_o", "t_wall_log_chipped", "t_door_o", "t_door_o", "t_wall_log_broken"],
                "*": ["t_door_c", "t_door_c", "t_door_b", "t_door_c", "t_door_c", "t_door_frame", "t_door_c", "t_door_c", "t_wall_wood", "t_door_c", "t_door_c", "t_wall_wood_chipped", "t_door_c", "t_door_c", "t_wall_wood_broken", "t_door_o", "t_door_o", "t_wall_log", "t_door_o", "t_door_o", "t_wall_log_chipped", "t_door_o", "t_door_o", "t_wall_log_broken"],
                "+": ["t_door_metal_c", "t_door_metal_c", "t_mdoor_frame", "t_door_metal_c", "t_door_metal_c", "t_wall_wood", "t_door_metal_c", "t_door_metal_c", "t_wall_wood_chipped", "t_door_metal_c", "t_door_metal_c", "t_wall_wood_broken", "t_door_metal_o", "t_door_metal_o", "t_wall_log", "t_door_metal_o", "t_door_metal_o", "t_wall_log_chipped", "t_door_metal_o", "t_door_metal_o", "t_wall_log_broken"],
                "L": ["t_door_metal_c", "t_door_metal_c", "t_mdoor_frame", "t_door_metal_c", "t_door_metal_c", "t_wall_wood", "t_door_metal_c", "t_door_metal_c", "t_wall_wood_chipped", "t_door_metal_c", "t_door_metal_c", "t_wall_wood_broken", "t_door_metal_o", "t_door_metal_o", "t_wall_log", "t_door_metal_o", "t_door_metal_o", "t_wall_log_chipped", "t_door_metal_o", "t_door_metal_o", "t_wall_log_broken"],

        "_": "t_pavement",
        "s": "t_sidewalk",
        "|": "t_wall",
        ".": "t_floor",
        "@": "t_shrub",
        "^": "t_floor",
        "u": "t_floor",
        "r": "t_floor",
        "l": "t_floor",
        "#": "t_floor",
        "E": "t_floor",
        "c": "t_floor",
        "A": ["t_atm", "t_console_broken", "t_console_broken"],
        "S": "t_floor",
        ";": "t_floor",
        "&": "t_bars"
      },
      "furniture": {
        "^": ["f_indoor_plant", "f_null", "f_null", "f_null", "f_null", "f_null", "f_null", "f_null"],
        "r": ["f_rack", "f_null", "f_null", "f_null", "f_null", "f_null", "f_null", "f_rack", "f_rubble", "f_rack"],
        "l": ["f_locker", "f_null", "f_null", "f_null", "f_null", "f_null", "f_null", "f_locker", "f_wreckage", "f_locker"],
        "#": ["f_counter", "f_null", "f_null", "f_null", "f_null", "f_null", "f_null", "f_counter", "f_rubble", "f_counter"],
        "E": ["f_desk", "f_null", "f_null", "f_null", "f_null", "f_null", "f_null", "f_desk", "f_rubble", "f_desk"],
        "c": ["f_chair", "f_null", "f_null", "f_null", "f_null", "f_null", "f_null", "f_chair", "f_rubble", "f_chair"],
        "S": ["f_sink", "f_null", "f_null", "f_null", "f_null", "f_null", "f_null", "f_sink", "f_rubble", "f_sink"],
        "u": ["f_vending_reinforced", "f_null", "f_null", "f_null", "f_null", "f_null", "f_null", "f_vending_reinforced", "f_wreckage", "f_vending_reinforced"]
        },

        "toilets": {
                ";": { }
        }
        }
    }
]