[
    {
        "type": "mapgen",
        "om_terrain": [
          "s_electronics"
        ],
        "method": "json",
        "weight": 150, "comment": "<-- It's not as valuable as the gunsmithing shops are, but it's based on the same model and should be a figurative silver mine, if not a gold mine.",
        "object": {
            "rows": [
                "zs______,______,______sz",
                "zs______,______,______sz",
                "zs______,______,______sz",
                "zs______,______,______sz",
                "zs______,______,______sz",
                "zs______,______,______sz",
                "ssssssssssssssssssssssss",
                "_--5555--5555--+--55555_",
                "_|.CCCC..CCCC.^.^|rrrr8_",
                "_8r.............r|L---|_",
                "_8r..CCCCrr......x....8_",
                "_8r..###rr1......#....8_",
                "_|r..............#...r|_",
                "_|...######......#c..r|_",
                "_|r..######..-------I-|_",
                "_8r..........|EEEEt..F|_",
                "_8r..xxxwyw..|E.c...cE8_",
                "_8r..xxxywy..I.......E8_",
                "_|...........|.##llll^|_",
                "_|D---D|------L----55-|_",
                "_|.S|S.|sssssssddd______",
                "_|T#|#T|_______ddd______",
                "_-------________________",
                "________________________"
            ],
            "terrain": {
                "5": ["t_window_bars", "t_window_taped", "t_window_bars", "t_window_empty", "t_window_bars", "t_window_frame", "t_window_bars", "t_wall_wood", "t_window_bars", "t_wall_wood_chipped", "t_window_bars", "t_wall_wood_broken", "t_window_bars", "t_wall_log", "t_window_bars", "t_wall_log_chipped", "t_window_bars", "t_wall_log_broken"],
                "8": ["t_window_bars", "t_window_taped", "t_window_bars", "t_window_empty", "t_window_bars", "t_window_frame", "t_window_bars", "t_wall_wood", "t_window_bars", "t_wall_wood_chipped", "t_window_bars", "t_wall_wood_broken", "t_window_bars", "t_wall_log", "t_window_bars", "t_wall_log_chipped", "t_window_bars", "t_wall_log_broken"],
                "+": ["t_door_metal_c", "t_door_metal_c", "t_mdoor_frame", "t_door_metal_c", "t_door_metal_c", "t_wall_wood", "t_door_metal_c", "t_door_metal_c", "t_wall_wood_chipped", "t_door_metal_c", "t_door_metal_c", "t_wall_wood_broken", "t_door_metal_o", "t_door_metal_o", "t_wall_log", "t_door_metal_o", "t_door_metal_o", "t_wall_log_chipped", "t_door_metal_o", "t_door_metal_o", "t_wall_log_broken"],
                "L": ["t_door_metal_c", "t_door_metal_c", "t_mdoor_frame", "t_door_metal_c", "t_door_metal_c", "t_wall_wood", "t_door_metal_c", "t_door_metal_c", "t_wall_wood_chipped", "t_door_metal_c", "t_door_metal_c", "t_wall_wood_broken", "t_door_metal_o", "t_door_metal_o", "t_wall_log", "t_door_metal_o", "t_door_metal_o", "t_wall_log_chipped", "t_door_metal_o", "t_door_metal_o", "t_wall_log_broken"],
                "I": ["t_door_c", "t_door_c", "t_door_b", "t_door_c", "t_door_c", "t_door_frame", "t_door_c", "t_door_c", "t_wall_wood", "t_door_c", "t_door_c", "t_wall_wood_chipped", "t_door_c", "t_door_c", "t_wall_wood_broken", "t_door_o", "t_door_o", "t_wall_log", "t_door_o", "t_door_o", "t_wall_log_chipped", "t_door_o", "t_door_o", "t_wall_log_broken"],
                "D": ["t_door_c", "t_door_c", "t_door_b", "t_door_c", "t_door_c", "t_door_frame", "t_door_c", "t_door_c", "t_wall_wood", "t_door_c", "t_door_c", "t_wall_wood_chipped", "t_door_c", "t_door_c", "t_wall_wood_broken", "t_door_o", "t_door_o", "t_wall_log", "t_door_o", "t_door_o", "t_wall_log_chipped", "t_door_o", "t_door_o", "t_wall_log_broken"],

                "_": "t_pavement",
                ",": "t_pavement_y",
                "s": "t_sidewalk",
                "-": "t_wall",
                "|": "t_wall",
                "1": "t_column",
                ".": "t_linoleum_gray",
                "H": "t_window",
                "w": "t_linoleum_gray",
                "y": "t_linoleum_gray",
                "W": "t_curtains",
                "%": "t_shrub",
                "x": "t_console_broken",
                "^": "t_linoleum_gray",
                "r": "t_linoleum_gray",
                "l": "t_linoleum_gray",
                "#": "t_linoleum_gray",
                "E": "t_linoleum_gray",
                "t": "t_linoleum_gray",
                "C": "t_linoleum_gray",
                "c": "t_linoleum_gray",
                "F": "t_linoleum_gray",
                "S": "t_linoleum_gray",
                "T": "t_linoleum_gray",
                "d": "t_pavement",
                "z": "t_shrub"
            },
            "furniture": {
                "_": "f_null",
                ",": "f_null",
                "s": "f_null",
                "-": "f_null",
                "|": "f_null",
                "5": "f_null",
                "8": "f_null",
                ".": "f_null",
                "+": "f_null",
                "D": "f_null",
                "L": "f_null",
                "H": "f_null",
                "w": ["f_washer", "f_null", "f_null", "f_null", "f_null", "f_null", "f_null", "f_washer", "f_wreckage", "f_washer"],
                "y": ["f_dryer", "f_null", "f_null", "f_null", "f_null", "f_null", "f_null", "f_dryer", "f_wreckage", "f_dryer"],
                "W": "f_null",
                "%": "f_null",
                "x": "f_null",
                "^": ["f_indoor_plant", "f_null", "f_null", "f_null", "f_null", "f_null", "f_null", "f_null"],
                "r": ["f_rack", "f_null", "f_null", "f_null", "f_null", "f_null", "f_null", "f_rack", "f_rubble", "f_rack"],
                "l": ["f_locker", "f_null", "f_null", "f_null", "f_null", "f_null", "f_null", "f_locker", "f_wreckage", "f_locker"],
                "#": ["f_counter", "f_null", "f_null", "f_null", "f_null", "f_null", "f_null", "f_counter", "f_rubble", "f_counter"],
                "E": ["f_desk", "f_null", "f_null", "f_null", "f_null", "f_null", "f_null", "f_desk", "f_rubble", "f_desk"],
                "t": ["f_trashcan", "f_null", "f_null", "f_null", "f_null", "f_null", "f_null", "f_trashcan", "f_rubble", "f_trashcan"],
                "C": ["f_displaycase", "f_null", "f_null", "f_null", "f_null", "f_null", "f_null", "f_displaycase", "f_rubble", "f_displaycase"],
                "c": ["f_chair", "f_null", "f_null", "f_null", "f_null", "f_null", "f_null", "f_chair", "f_rubble", "f_chair"],
                "F": ["f_fridge", "f_null", "f_null", "f_null", "f_null", "f_null", "f_null", "f_fridge", "f_wreckage", "f_fridge"],
                "S": ["f_sink", "f_null", "f_null", "f_null", "f_null", "f_null", "f_null", "f_sink", "f_rubble", "f_sink"],
                "d": ["f_dumpster", "f_dumpster", "f_null", "f_null", "f_null", "f_null", "f_null", "f_null", "f_dumpster", "f_dumpster", "f_rubble", "f_dumpster", "f_dumpster"],
                "z": "f_null"
            },
            "toilets": {
                "T": { }
            }
        },
    "comment": "end of mapgen entry ---v"
    }
]
