[
  {
    "type":"monstergroup",
    "name" : "GROUP_ARCADE",
    "default" : "mon_null",
    "monsters" : [
      { "monster" : "mon_zombie_child", "freq" : 600, "cost_multiplier" : 1, "pack_size": [2,5] }
                 ]
      },{
        "type" : "overmap_terrain",
        "id" : "s_arcade",
        "name" : "arcade",
        "rotate" : true,
        "sym" : 65,
        "color" : "cyan",
        "see_cost" : 5,
        "mondensity" : 2,
        "sidewalk" : true,
        "mapgen": [
            { "weight": 250,
            "method": "json",
            "object": {
                "rows":[
            ".______________________.",
            ".______________________.",
            ".______________________.",
            ".______________________.",
            ".______________________.",
            ".ssssssssssssssssssssss.",
            ".ssssssssssssssssssssss.",
            ".ssssssssssssssssssssss.",
            ".ssssssssssssssssssllss.",
            ".|---++-OOO-++--------|.",
            ".|F                   |.",
            ".|F                   |.",
            ".|F  FF     FF        |.",
            ".|F  FF  F  FF    ##  |.",
            ".|F  FF  F  FF    #  T|.",
            ".|F  FF     FF    #  T|.",
            ".|F               #  T|.",
            ".|F    x x x      #  T|.",
            ".|FFFFFx x xFFFF  #  T|.",
            ".|--------------------|.",
            "........................",
            "........................",
            "........................",
            "........................"
            ],
            "terrain": {
                "O": ["t_window", "t_window_empty", "t_window", "t_window_frame", "t_window", "t_wall_wood", "t_window", "t_wall_wood_chipped", "t_window", "t_wall_wood_broken", "t_window", "t_wall_log", "t_window", "t_wall_log_chipped", "t_window", "t_wall_log_broken"],
                "+": ["t_door_c", "t_door_c", "t_door_locked_alarm", "t_door_c", "t_door_c", "t_door_locked_interior", "t_door_c", "t_door_c", "t_door_locked", "t_door_c", "t_door_c", "t_door_locked_peep", "t_door_c", "t_door_c", "t_door_b_peep", "t_door_c", "t_door_c", "t_door_boarded_damaged_peep", "t_door_c", "t_door_c", "t_rdoor_boarded_damaged", "t_door_c", "t_door_c", "t_rdoor_boarded", "t_door_c", "t_door_c", "t_door_boarded_peep", "t_door_c", "t_door_c", "t_door_boarded_damaged", "t_door_c", "t_door_c", "t_door_boarded", "t_door_c", "t_door_c", "t_rdoor_o", "t_door_c", "t_door_c", "t_rdoor_c", "t_door_c", "t_door_c", "t_door_o_peep", "t_door_c", "t_door_c", "t_door_c_peep", "t_door_c", "t_door_c", "t_door_b", "t_door_c", "t_door_c", "t_door_frame", "t_door_c", "t_door_c", "t_wall_wood", "t_door_c", "t_door_c", "t_wall_wood_chipped", "t_door_c", "t_door_c", "t_wall_wood_broken", "t_door_o", "t_door_o", "t_wall_log", "t_door_o", "t_door_o", "t_wall_log_chipped", "t_door_o", "t_door_o", "t_wall_log_broken", "t_door_o", "t_door_o", "t_door_curtain_c", "t_door_o", "t_door_o", "t_door_makeshift_c", "t_door_o", "t_door_o", "t_door_curtain_o", "t_door_o", "t_door_o", "t_door_makeshift_o", "t_door_o", "t_door_o", "t_palisade", "t_door_o", "t_door_o", "t_bars", "t_door_o", "t_door_o", "t_door_bar_o", "t_door_o", "t_door_o", "t_door_bar_c", "t_door_o", "t_door_o", "t_door_bar_locked"],

            ".": ["t_grass", "t_grass", "t_grass", "t_grass", "t_grass", "t_grass", "t_dirt"],
            "_": "t_pavement",
            ",": "t_pavement_y",
            " ": "t_floor",
            "-": "t_wall",
            "|": "t_wall",
            "L": ["t_door_c", "t_door_c", "t_door_b", "t_door_c", "t_door_c", "t_door_frame", "t_door_c", "t_door_c", "t_wall_wood", "t_door_c", "t_door_c", "t_wall_wood_chipped", "t_door_c", "t_door_c", "t_wall_wood_broken", "t_door_o", "t_door_o", "t_wall_log", "t_door_o", "t_door_o", "t_wall_log_chipped", "t_door_o", "t_door_o", "t_wall_log_broken"],
            "M": ["t_door_metal_c", "t_door_metal_c", "t_mdoor_frame", "t_door_metal_c", "t_door_metal_c", "t_wall_wood", "t_door_metal_c", "t_door_metal_c", "t_wall_wood_chipped", "t_door_metal_c", "t_door_metal_c", "t_wall_wood_broken", "t_door_metal_o", "t_door_metal_o", "t_wall_log", "t_door_metal_o", "t_door_metal_o", "t_wall_log_chipped", "t_door_metal_o", "t_door_metal_o", "t_wall_log_broken"],
            "w": "t_gates_mech_control",
            "c": "t_floor",
            "#": "t_floor",
            "r": "t_floor",
            "^": "t_floor",
            "l": "t_sidewalk",
            "F": "t_floor",
            "@": "t_floor",
            ":": "t_floor",
            "T": "t_floor",
            "x": "t_floor",
            "G": "t_floor",
            "f": "t_floor",
            "S": "t_floor",
            "&": ["t_door_c", "t_door_c", "t_door_b", "t_door_c", "t_door_c", "t_door_frame", "t_door_c", "t_door_c", "t_wall_wood", "t_door_c", "t_door_c", "t_wall_wood_chipped", "t_door_c", "t_door_c", "t_wall_wood_broken", "t_door_o", "t_door_o", "t_wall_log", "t_door_o", "t_door_o", "t_wall_log_chipped", "t_door_o", "t_door_o", "t_wall_log_broken"],
            "s": "t_sidewalk"
            },
            "furniture": {
            ".": "f_null",
            "_": "f_null",
            ",": "f_null",
            " ": "f_null",
            "-": "f_null",
            "|": "f_null",
            "O": "f_null",
            "L": "f_null",
            "+": "f_null",
            "M": "f_null",
            "w": "f_null",
            "x": ["f_pinball_machine", "f_null", "f_null", "f_null", "f_null", "f_null", "f_null", "f_pinball_machine", "f_wreckage", "f_pinball_machine"],
            "c": ["f_chair", "f_null", "f_null", "f_null", "f_null", "f_null", "f_null", "f_chair", "f_rubble", "f_chair"],
            "#": ["f_counter", "f_null", "f_null", "f_null", "f_null", "f_null", "f_null", "f_counter", "f_rubble", "f_counter"],
            "&": ["f_counter", "f_null", "f_null", "f_null", "f_null", "f_null", "f_null", "f_counter", "f_rubble", "f_counter"],
            "r": ["f_rack", "f_null", "f_null", "f_null", "f_null", "f_null", "f_null", "f_rack", "f_rubble", "f_rack"],
            "^": ["f_indoor_plant", "f_null", "f_null", "f_null", "f_null", "f_null", "f_null", "f_null"],
            "t": ["f_table", "f_null", "f_null", "f_null", "f_null", "f_null", "f_null", "f_table", "f_rubble", "f_table"],
            "F": ["f_arcade_machine", "f_null", "f_null", "f_null", "f_null", "f_null", "f_null", "f_arcade_machine", "f_wreckage", "f_arcade_machine"],
            "@": ["f_bed", "f_null", "f_null", "f_null", "f_null", "f_null", "f_null", "f_bed", "f_rubble", "f_bed"],
            ":": ["f_dresser", "f_null", "f_null", "f_null", "f_null", "f_null", "f_null", "f_dresser", "f_rubble", "f_dresser"],
            "l": ["f_vending_c", "f_null", "f_null", "f_null", "f_null", "f_null", "f_null", "f_vending_c", "f_wreckage", "f_vending_c"],
            "S": ["f_sink", "f_null", "f_null", "f_null", "f_null", "f_null", "f_null", "f_sink", "f_rubble", "f_sink"],
            "T": ["f_locker", "f_null", "f_null", "f_null", "f_null", "f_null", "f_null", "f_locker", "f_wreckage", "f_locker"]
            },
            "place_monsters": [
                { "monster": "GROUP_ARCADE", "x": [ 3, 17 ], "y": [ 13, 15 ], "chance": 1}
            ]
            }
        }
        ]
    }
]
