[
    {
        "comment" : "dual tenant dwelling. assumed single people or couples dwelled here.",
        "type" : "mapgen",
        "om_terrain" : ["house"],
        "method" : "json",
        "weight" : 200,
        "object" : {
            "fill_ter" : "t_floor",
            "rows" : [
                "....s###############s...",
                "...ss--v---------v--ss..",
                ".Msss;     0|0 nP  ;sssM",
                ".------  K n|      ---|D",
                ".|          |      |tS|.",
                ".|o         |K     |  |.",
                ".|         o|  ??  --+|.",
                ".|P        o|o        |.",
                ".vk         |o        |.",
                ".vk     cccc|-------  |.",
                ".|P        F|O c     P|.",
                ".|  hn     S|c c  h   v.",
                ".|   h      |S c hnh  v.",
                ".|      ccOC|C c  h   |.",
                "T|  --------|C        |.",
                ".|  +    + d|f        |.",
                ".|  |    |--|-------  |.",
                ".|  |   @|S +  @@|:|  |.",
                ".|  |   @|  |  @@|+|  |.",
                ".|- |-+--|  |    |   -|.",
                ".|W |   $|  |    |   W|.",
                ".|Y |SS t|t$|    +   Y|.",
                ".-------v-v------------.",
                ".......................T"
            ],
            "terrain" : {
                "|" : "t_wall",
                "-" : "t_wall",
                "." : ["t_grass", "t_grass", "t_grass", "t_grass", "t_grass", "t_grass", "t_dirt"],
                "0" : "t_floor",
                "#" : "t_shrub",
                "+": ["t_door_c", "t_door_c", "t_door_locked_alarm", "t_door_c", "t_door_c", "t_door_locked_interior", "t_door_c", "t_door_c", "t_door_locked", "t_door_c", "t_door_c", "t_door_locked_peep", "t_door_c", "t_door_c", "t_door_b_peep", "t_door_c", "t_door_c", "t_door_boarded_damaged_peep", "t_door_c", "t_door_c", "t_rdoor_boarded_damaged", "t_door_c", "t_door_c", "t_rdoor_boarded", "t_door_c", "t_door_c", "t_door_boarded_peep", "t_door_c", "t_door_c", "t_door_boarded_damaged", "t_door_c", "t_door_c", "t_door_boarded", "t_door_c", "t_door_c", "t_rdoor_o", "t_door_c", "t_door_c", "t_rdoor_c", "t_door_c", "t_door_c", "t_door_o_peep", "t_door_c", "t_door_c", "t_door_c_peep", "t_door_c", "t_door_c", "t_door_b", "t_door_c", "t_door_c", "t_door_frame", "t_door_c", "t_door_c", "t_wall_wood", "t_door_c", "t_door_c", "t_wall_wood_chipped", "t_door_c", "t_door_c", "t_wall_wood_broken", "t_door_o", "t_door_o", "t_wall_log", "t_door_o", "t_door_o", "t_wall_log_chipped", "t_door_o", "t_door_o", "t_wall_log_broken", "t_door_o", "t_door_o", "t_door_curtain_c", "t_door_o", "t_door_o", "t_door_makeshift_c", "t_door_o", "t_door_o", "t_door_curtain_o", "t_door_o", "t_door_o", "t_door_makeshift_o", "t_door_o", "t_door_o", "t_palisade", "t_door_o", "t_door_o", "t_bars", "t_door_o", "t_door_o", "t_door_bar_o", "t_door_o", "t_door_o", "t_door_bar_c", "t_door_o", "t_door_o", "t_door_bar_locked"],
                ";": ["t_door_c", "t_door_c", "t_door_b", "t_door_c", "t_door_c", "t_door_frame", "t_door_c", "t_door_c", "t_wall_wood", "t_door_c", "t_door_c", "t_wall_wood_chipped", "t_door_c", "t_door_c", "t_wall_wood_broken", "t_door_o", "t_door_o", "t_wall_log", "t_door_o", "t_door_o", "t_wall_log_chipped", "t_door_o", "t_door_o", "t_wall_log_broken"],
                "$" : "t_floor",
                "?" : "t_floor",
                "@" : "t_floor",
                "C" : "t_floor",
                "c" : "t_floor",
                "D" : ["t_grass", "t_grass", "t_grass", "t_grass", "t_grass", "t_grass", "t_dirt"],
                "d" : "t_floor",
                "F" : "t_floor",
                "f" : "t_floor",
                "h" : "t_floor",
                "K" : "t_floor",
                "k" : "t_floor",
                "M" : ["t_grass", "t_grass", "t_grass", "t_grass", "t_grass", "t_grass", "t_dirt"],
                "n" : "t_floor",
                "O" : "t_floor",
                "o" : "t_floor",
                "P" : "t_floor",
                "S" : "t_floor",
                "s" : "t_sidewalk",
                "T" : "t_tree_young",
                "v": ["t_window_domestic", "t_window_boarded", "t_window_domestic", "t_curtains", "t_window_domestic", "t_window_domestic_taped", "t_window_domestic", "t_window_open", "t_window_domestic", "t_window_empty", "t_window_domestic", "t_window_frame", "t_window_domestic", "t_wall_wood", "t_window_domestic", "t_wall_wood_chipped", "t_window_domestic", "t_wall_wood_broken", "t_window_domestic", "t_wall_log", "t_window_domestic", "t_wall_log_chipped", "t_window_domestic", "t_wall_log_broken"]
            },
            "furniture" : {
                "0" : ["f_fireplace", "f_null", "f_null", "f_null", "f_null", "f_null", "f_null", "f_fireplace", "f_rubble_rock", "f_fireplace"],
                "$" : ["f_shower", "f_null", "f_null", "f_null", "f_null", "f_null", "f_null", "f_shower", "f_wreckage", "f_shower"],
                "?" : ["f_sofa", "f_null", "f_null", "f_null", "f_null", "f_null", "f_null", "f_sofa", "f_rubble", "f_sofa"],
                "@" : ["f_bed", "f_null", "f_null", "f_null", "f_null", "f_null", "f_null", "f_bed", "f_rubble", "f_bed"],
                "C" : ["f_cupboard", "f_null", "f_null", "f_null", "f_null", "f_null", "f_null", "f_cupboard", "f_rubble", "f_cupboard"],
                "c" : ["f_counter", "f_null", "f_null", "f_null", "f_null", "f_null", "f_null", "f_counter", "f_rubble", "f_counter"],
                "D" : ["f_trashcan", "f_null", "f_null", "f_null", "f_null", "f_null", "f_null", "f_trashcan", "f_rubble", "f_trashcan"],
                "d" : ["f_dresser", "f_null", "f_null", "f_null", "f_null", "f_null", "f_null", "f_dresser", "f_rubble", "f_dresser"],
                "F" : ["f_glass_fridge", "f_null", "f_null", "f_null", "f_null", "f_null", "f_null", "f_glass_fridge", "f_wreckage", "f_glass_fridge"],
                "f" : ["f_fridge", "f_null", "f_null", "f_null", "f_null", "f_null", "f_null", "f_fridge", "f_wreckage", "f_fridge"],
                "h" : ["f_chair", "f_null", "f_null", "f_null", "f_null", "f_null", "f_null", "f_chair", "f_rubble", "f_chair"],
                "K" : ["f_armchair", "f_null", "f_null", "f_null", "f_null", "f_null", "f_null", "f_armchair", "f_rubble", "f_armchair"],
                "k" : ["f_desk", "f_null", "f_null", "f_null", "f_null", "f_null", "f_null", "f_desk", "f_rubble", "f_desk"],
                "M" : "f_sign",
                "n" : ["f_table", "f_null", "f_null", "f_null", "f_null", "f_null", "f_null", "f_table", "f_rubble", "f_table"],
                "O" : ["f_oven", "f_null", "f_null", "f_null", "f_null", "f_null", "f_null", "f_oven", "f_wreckage", "f_oven"],
                "o" : ["f_bookcase", "f_null", "f_null", "f_null", "f_null", "f_null", "f_null", "f_bookcase", "f_rubble", "f_bookcase"],
                "P" : ["f_indoor_plant", "f_null", "f_null", "f_null", "f_null", "f_null", "f_null", "f_null"],
                "S" : ["f_sink", "f_null", "f_null", "f_null", "f_null", "f_null", "f_null", "f_sink", "f_rubble", "f_sink"],
                "W" : ["f_washer", "f_null", "f_null", "f_null", "f_null", "f_null", "f_null", "f_washer", "f_wreckage", "f_washer"],
                "Y" : ["f_dryer", "f_null", "f_null", "f_null", "f_null", "f_null", "f_null", "f_dryer", "f_wreckage", "f_dryer"]
            },
            "toilets" : {
                "t" : { }
            },
            "place_signs" : [
                { "x" :  1, "y" : 2, "signage" : "the address has been defaced" },
                { "x" : 23, "y" : 2, "signage" : "the address is unreadable" }
            ]
        }
    }
]
