[
    {
        "type" : "mapgen",
        "om_terrain" : ["sai"],
        "method": "json",
        "weight": 10,
        "object": {
            "rows": [
            "........................",
            "........................",
            "........................",
            "........................",
            "........................",
            "........................",
            "......------------......",
            "......|          |......",
            "......|  ###     |......",
            "......|       #  |......",
            "......|          |......",
            "......|          |......",
            "......|       #  |......",
            "......|       #  |......",
            "......|          |......",
            "......+          |......",
            "......|          |......",
            "......------------......",
            "........................",
            "........................",
            "........................",
            "........................",
            "........................",
            "........................"
            ],
            "terrain": {
            ".": ["t_grass", "t_grass", "t_grass", "t_grass", "t_grass", "t_grass", "t_dirt"],
            " ": "t_concrete",
            "-": "t_chainfence_h",
            "|": "t_chainfence_v",
            "x": "t_chainfence_posts",
            "#": "t_sai_box",
            "+": ["t_chaingate_c", "t_chaingate_c", "t_chaingate_c", "t_chaingate_c", "t_chaingate_o"]
            },
            "furniture": {
            ".": "f_null",
            " ": "f_null",
            "_": "f_null",
            "|": "f_null",
            "#": "f_null",
            "+": "f_null"
            }
        }
    }
]
