[
   {
    "type" : "overmap_terrain",
    "id" : "s_laundromat",
    "name" : "laundromat",
    "rotate" : true,
    "sym" : [94, 62, 118, 60],
    "color" : "white_white",
    "see_cost" : 5,
    "extras" : "build",
    "mondensity" : 2,
    "sidewalk" : true,
    "mapgen": [ {
            "method": "json",
            "weight": 400,
            "object": {
            "rows": [
                    "ssssssssssssssssssssssss",
                    "ssssssssssssssssssssssss",
                    "ssssssssssssssssssssssss",
                    "ssssssssssssssssssssssss",
                    "_|===========-[[-===|___",
                    "_|^..........^..^...|___",
                    "_|t..#.............&|___",
                    "_|C.ct.............D|___",
                    "_|ttt#....rrrr.....D|___",
                    "_|WWWWWWWWWWWt.....D|___",
                    "_|.................D|%__",
                    "_|WWWWWWWWWWWt.....D|%__",
                    "_|.................D|___",
                    "_|WWWWWWWWWWWt.....D|___",
                    "_|t................D|___",
                    "_|c...DDD####t.....D|___",
                    "_|c...-------......|--|_",
                    "_|c...WWWWWWWt.....|lS|_",
                    "_|6................+lT|_",
                    "_|6...rrrrrrrr.....|--|_",
                    "_|V...rrrrrrrr.....|lS|_",
                    "_|V................+lT|_",
                    "_|------------++------|_",
                    "________________________"
            ],
            "terrain": {
                "_": "t_pavement",
                "%": "t_pavement",
                ".": "t_linoleum_white",
                "-": "t_wall",
                "=": "t_wall_glass",
                "|": "t_wall",
                "[": ["t_door_glass_c", "t_door_glass_c", "t_door_frame", "t_door_glass_c", "t_door_glass_c", "t_wall_wood", "t_door_glass_c", "t_door_glass_c", "t_wall_wood_chipped", "t_door_glass_c", "t_door_glass_c", "t_wall_wood_broken", "t_door_glass_o", "t_door_glass_o", "t_wall_log", "t_door_glass_o", "t_door_glass_o", "t_wall_log_chipped", "t_door_glass_o", "t_door_glass_o", "t_wall_log_broken"],
                "+": "t_door_c",
                "l": "t_linoleum_gray",
                "]": "t_floor",
                "r": "t_floor",
                "W": "t_floor",
                "D": "t_floor",
                "6": "t_floor",
                "#": "t_floor",
                "c": "t_floor",
                "V": "t_floor",
                "t": "t_floor",
                "&": "t_floor",
                "s": "t_sidewalk",
                "C": "t_console_broken",
                "A": ["t_atm", "t_console_broken", "t_console_broken"],
                "^": "t_linoleum_white",
                "S": "t_linoleum_white",
                "y": "t_linoleum_white",
                "~": "t_linoleum_white",
                "T": "t_linoleum_white",
                "w": "t_linoleum_white"
            },
            "furniture": {
         "W": ["f_washer", "f_null", "f_null", "f_null", "f_null", "f_null", "f_null", "f_washer", "f_wreckage", "f_washer"],
              "6": ["f_arcade_machine", "f_null", "f_null", "f_null", "f_null", "f_null", "f_null", "f_arcade_machine", "f_wreckage", "f_arcade_machine"],
         "V": ["f_vending_c", "f_null", "f_null", "f_null", "f_null", "f_null", "f_null", "f_vending_c", "f_wreckage", "f_vending_c"],
         "c": ["f_chair", "f_null", "f_null", "f_null", "f_null", "f_null", "f_null", "f_chair", "f_rubble", "f_chair"],
         "D": ["f_dryer", "f_null", "f_null", "f_null", "f_null", "f_null", "f_null", "f_dryer", "f_wreckage", "f_dryer"],
                "T": ["f_toilet", "f_null", "f_null", "f_null", "f_null", "f_null", "f_null", "f_toilet", "f_rubble", "f_toilet"],
                "S": ["f_sink", "f_null", "f_null", "f_null", "f_null", "f_null", "f_null", "f_sink", "f_rubble", "f_sink"],
                "^": ["f_indoor_plant", "f_null", "f_null", "f_null", "f_null", "f_null", "f_null", "f_null"],
                "t": ["f_table", "f_null", "f_null", "f_null", "f_null", "f_null", "f_null", "f_table", "f_rubble", "f_table"],
                "r": ["f_rack", "f_null", "f_null", "f_null", "f_null", "f_null", "f_null", "f_rack", "f_rubble", "f_rack"],
                "%": ["f_trashcan", "f_null", "f_null", "f_null", "f_null", "f_null", "f_null", "f_trashcan", "f_rubble", "f_trashcan"],
                "&": ["f_trashcan", "f_null", "f_null", "f_null", "f_null", "f_null", "f_null", "f_trashcan", "f_rubble", "f_trashcan"],
                "#": ["f_counter", "f_null", "f_null", "f_null", "f_null", "f_null", "f_null", "f_counter", "f_rubble", "f_counter"]
            },
            "toilets": {
                "T": { }
            },
       "place_vehicles": [
           { "vehicle": "shopping_cart", "chance": 10,  "x": 14,      "y": 9 },
                { "vehicle": "shopping_cart", "chance": 10,  "x": 14,       "y": 13 },
                { "vehicle": "shopping_cart", "chance": 10,  "x": 15,       "y": 12 },
                { "vehicle": "shopping_cart", "chance": 10,  "x": 17,       "y": 18 },
                { "vehicle": "shopping_cart", "chance": 10,  "x": 17,       "y": 21 }
      ]
            }
        }
        ]
    }
]
