[
    {
        "type": "mapgen",
        "om_terrain": [
            "s_liquor"
        ],
        "method": "json",
        "weight": 1000,
        "object": {
            "rows": [
                "                        ",
                "                        ",
                "   --:--------+---:--   ",
                "   |#..#####....c...|   ",
                "   |#..##.......c...|   ",
                "   |#..##..##...ccc.|   ",
                "   |#..##..##.......|   ",
                "   |#..##..........&|   ",
                "   |.......#####...&|   ",
                "   |-+--...#####...&|   ",
                "   |...|...........&|   ",
                "   |...|.........&&&|   ",
                "   -----------+------   ",
                "   __{{{_____________   ",
                "   __{{{_____________   ",
                "   _______________{{_   ",
                "   _______________{{_   ",
                "   _______________{{_   ",
                "   __________________   ",
                "   __________________   ",
                "   __________________   ",
                "   __________________   ",
                "   __________________   ",
                "   __________________   "
            ],
            "terrain": {
                ":": ["t_window", "t_window_taped", "t_window", "t_window_empty", "t_window", "t_window_frame", "t_window", "t_wall_wood", "t_window", "t_wall_wood_chipped", "t_window", "t_wall_wood_broken", "t_window", "t_wall_log", "t_window", "t_wall_log_chipped", "t_window", "t_wall_log_broken"],
                "+": ["t_door_c", "t_door_c", "t_door_locked_alarm", "t_door_c", "t_door_c", "t_door_locked_interior", "t_door_c", "t_door_c", "t_door_locked", "t_door_c", "t_door_c", "t_door_locked_peep", "t_door_c", "t_door_c", "t_door_b_peep", "t_door_c", "t_door_c", "t_door_boarded_damaged_peep", "t_door_c", "t_door_c", "t_rdoor_boarded_damaged", "t_door_c", "t_door_c", "t_rdoor_boarded", "t_door_c", "t_door_c", "t_door_boarded_peep", "t_door_c", "t_door_c", "t_door_boarded_damaged", "t_door_c", "t_door_c", "t_door_boarded", "t_door_c", "t_door_c", "t_rdoor_o", "t_door_c", "t_door_c", "t_rdoor_c", "t_door_c", "t_door_c", "t_door_o_peep", "t_door_c", "t_door_c", "t_door_c_peep", "t_door_c", "t_door_c", "t_door_b", "t_door_c", "t_door_c", "t_door_frame", "t_door_c", "t_door_c", "t_wall_wood", "t_door_c", "t_door_c", "t_wall_wood_chipped", "t_door_c", "t_door_c", "t_wall_wood_broken", "t_door_o", "t_door_o", "t_wall_log", "t_door_o", "t_door_o", "t_wall_log_chipped", "t_door_o", "t_door_o", "t_wall_log_broken", "t_door_o", "t_door_o", "t_door_curtain_c", "t_door_o", "t_door_o", "t_door_makeshift_c", "t_door_o", "t_door_o", "t_door_curtain_o", "t_door_o", "t_door_o", "t_door_makeshift_o", "t_door_o", "t_door_o", "t_palisade", "t_door_o", "t_door_o", "t_bars", "t_door_o", "t_door_o", "t_door_bar_o", "t_door_o", "t_door_o", "t_door_bar_c", "t_door_o", "t_door_o", "t_door_bar_locked"],
                "|": "t_wall",
                "-": "t_wall",
                "#": "t_floor",
                "c": "t_floor",
                "&": "t_floor",
                ".": "t_floor",
                "_": "t_pavement",
                "{": "t_pavement",
                " ": [ "t_grass", "t_grass", "t_grass", "t_dirt" ]
            },
            "furniture": {
                "#": ["f_rack", "f_null", "f_null", "f_null", "f_null", "f_null", "f_null", "f_rack", "f_rubble", "f_rack"],
                "c": ["f_counter", "f_null", "f_null", "f_null", "f_null", "f_null", "f_null", "f_counter", "f_rubble", "f_counter"],
                "&": ["f_glass_fridge", "f_null", "f_null", "f_null", "f_null", "f_null", "f_null", "f_glass_fridge", "f_wreckage", "f_glass_fridge"],
                "{": ["f_dumpster", "f_dumpster", "f_null", "f_null", "f_null", "f_null", "f_null", "f_null", "f_dumpster", "f_dumpster", "f_rubble", "f_dumpster", "f_dumpster"]
            },
            "vehicles": {
                ".": { "vehicle": "shopping_cart", "chance": 1, "status": 1 }
            },
            "place_monsters": [
                { "monster": "GROUP_ZOMBIE", "chance": 2, "x": [0,0], "y": [23,23], "repeat": [2,3] }
            ]
        }
    }
]
