[
    {
        "type": "mapgen",
        "om_terrain": [
            "s_grocery"
        ],
        "method": "json",
        "weight": 500,
        "object": {
            "rows": [
                    "ssssssssssssssssssssssss",
                    "ssWWWWWWWWssssssssssssss",
                    "sswsssssssssssssssssssss",
                    "sswsssssssssssssssssssss",
                    "__|====-====-=[[=-====|_",
                    "__|tttt^ttttt^RR^#    |_",
                    "__|t             #%## |_",
                    "__|t  rrr  rrr        |_",
                    "__|r  r|r  r|r  f|rrr |_",
                    "__|r  r|r  r|r  f|777 |_",
                    "__|r  r|r  r|r  f|7   |_",
                    "__|r  r|r  r|r  f|7   |_",
                    "__|r  r|r  r|r  f|t   |_",
                    "|---                  |_",
                    "|ll+   |r  r|t  t|r  r|_",
                    "|TS|^  |r  r|t  t|r  r|_",
                    "|---   |r  r|t  t|r  r|_",
                    "|TS|^ A|r  r|t  t|r  r|_",
                    "|ll+  A|r  r|t  t|r  r|_",
                    "|--|-I--              |_",
                    "___|**C|[[[[-[[[[-[[[[|_",
                    "___|**C|]]]]]]]]]]]]]]|_",
                    "___L***+**************|_",
                    "___|------------------|_"
            ],
            "terrain": {
                "+": ["t_door_c", "t_door_c", "t_door_locked_alarm", "t_door_c", "t_door_c", "t_door_locked_interior", "t_door_c", "t_door_c", "t_door_locked", "t_door_c", "t_door_c", "t_door_locked_peep", "t_door_c", "t_door_c", "t_door_b_peep", "t_door_c", "t_door_c", "t_door_boarded_damaged_peep", "t_door_c", "t_door_c", "t_rdoor_boarded_damaged", "t_door_c", "t_door_c", "t_rdoor_boarded", "t_door_c", "t_door_c", "t_door_boarded_peep", "t_door_c", "t_door_c", "t_door_boarded_damaged", "t_door_c", "t_door_c", "t_door_boarded", "t_door_c", "t_door_c", "t_rdoor_o", "t_door_c", "t_door_c", "t_rdoor_c", "t_door_c", "t_door_c", "t_door_o_peep", "t_door_c", "t_door_c", "t_door_c_peep", "t_door_c", "t_door_c", "t_door_b", "t_door_c", "t_door_c", "t_door_frame", "t_door_c", "t_door_c", "t_wall_wood", "t_door_c", "t_door_c", "t_wall_wood_chipped", "t_door_c", "t_door_c", "t_wall_wood_broken", "t_door_o", "t_door_o", "t_wall_log", "t_door_o", "t_door_o", "t_wall_log_chipped", "t_door_o", "t_door_o", "t_wall_log_broken", "t_door_o", "t_door_o", "t_door_curtain_c", "t_door_o", "t_door_o", "t_door_makeshift_c", "t_door_o", "t_door_o", "t_door_curtain_o", "t_door_o", "t_door_o", "t_door_makeshift_o", "t_door_o", "t_door_o", "t_palisade", "t_door_o", "t_door_o", "t_bars", "t_door_o", "t_door_o", "t_door_bar_o", "t_door_o", "t_door_o", "t_door_bar_c", "t_door_o", "t_door_o", "t_door_bar_locked"],
                "I": ["t_door_c", "t_door_c", "t_door_b", "t_door_c", "t_door_c", "t_door_frame", "t_door_c", "t_door_c", "t_wall_wood", "t_door_c", "t_door_c", "t_wall_wood_chipped", "t_door_c", "t_door_c", "t_wall_wood_broken", "t_door_o", "t_door_o", "t_wall_log", "t_door_o", "t_door_o", "t_wall_log_chipped", "t_door_o", "t_door_o", "t_wall_log_broken"],
                "L": ["t_door_c", "t_door_c", "t_door_b", "t_door_c", "t_door_c", "t_door_frame", "t_door_c", "t_door_c", "t_wall_wood", "t_door_c", "t_door_c", "t_wall_wood_chipped", "t_door_c", "t_door_c", "t_wall_wood_broken", "t_door_o", "t_door_o", "t_wall_log", "t_door_o", "t_door_o", "t_wall_log_chipped", "t_door_o", "t_door_o", "t_wall_log_broken"],
                "[": ["t_door_glass_c", "t_door_glass_c", "t_door_frame", "t_door_glass_c", "t_door_glass_c", "t_wall_wood", "t_door_glass_c", "t_door_glass_c", "t_wall_wood_chipped", "t_door_glass_c", "t_door_glass_c", "t_wall_wood_broken", "t_door_glass_o", "t_door_glass_o", "t_wall_log", "t_door_glass_o", "t_door_glass_o", "t_wall_log_chipped", "t_door_glass_o", "t_door_glass_o", "t_wall_log_broken"],

                "_": "t_pavement",
                " ": "t_linoleum_white",
                "-": "t_wall",
                "=": "t_wall_glass",
                "|": "t_wall",
                "W": "t_chainfence_h",
                "w": "t_chainfence_v",
                "R": "t_carpet_red",
                "l": "t_linoleum_gray",
                "T": "t_linoleum_gray",
                "S": "t_linoleum_gray",
                "*": "t_floor",
                "C": "t_floor",
                "]": "t_floor",
                "s": "t_sidewalk",
                "%": "t_console_broken",
                "A": ["t_atm", "t_console_broken", "t_console_broken"],
                "^": "t_linoleum_white",
                "t": "t_linoleum_white",
                "r": "t_linoleum_white",
                "#": "t_linoleum_white",
                "7": "t_linoleum_white",
                "f": "t_linoleum_white"
            },
            "furniture": {
                "S": ["f_sink", "f_null", "f_null", "f_null", "f_null", "f_null", "f_null", "f_sink", "f_rubble", "f_sink"],
                "C": ["f_crate_c", "f_null", "f_null", "f_null", "f_null", "f_null", "f_null", "f_crate_c", "f_rubble", "f_crate_c"],
                "]": ["f_rack", "f_null", "f_null", "f_null", "f_null", "f_null", "f_null", "f_rack", "f_rubble", "f_rack"],
                "^": ["f_indoor_plant", "f_null", "f_null", "f_null", "f_null", "f_null", "f_null", "f_null"],
                "t": ["f_table", "f_null", "f_null", "f_null", "f_null", "f_null", "f_null", "f_table", "f_rubble", "f_table"],
                "r": ["f_rack", "f_null", "f_null", "f_null", "f_null", "f_null", "f_null", "f_rack", "f_rubble", "f_rack"],
                "#": ["f_counter", "f_null", "f_null", "f_null", "f_null", "f_null", "f_null", "f_counter", "f_rubble", "f_counter"],
                "7": ["f_bookcase", "f_null", "f_null", "f_null", "f_null", "f_null", "f_null", "f_bookcase", "f_rubble", "f_bookcase"],
                "f": ["f_glass_fridge", "f_null", "f_null", "f_null", "f_null", "f_null", "f_null", "f_glass_fridge", "f_wreckage", "f_glass_fridge"]
            },
            "toilets": {
                "T": { }
            },
            "place_vehicles": [
                { "vehicle": "shopping_cart", "chance": 10,  "x": 3,       "y": 2 },
                { "vehicle": "shopping_cart", "chance": 10,  "x": 4,       "y": 2 },
                { "vehicle": "shopping_cart", "chance": 10,  "x": 5,       "y": 2 },
                { "vehicle": "shopping_cart", "chance": 10,  "x": 6,       "y": 2 },
                { "vehicle": "shopping_cart", "chance": 10,  "x": 7,       "y": 2 },
                { "vehicle": "shopping_cart", "chance": 10,  "x": 8,       "y": 2 }
            ],
            "comment": "end of mapgen json definition ---v"
        },
        "comment": "end of mapgen entry ---v"
    }
]
