[
  {
    "type": "mapgen",
    "om_terrain": [
      "s_gun"
    ],
    "method": "json",
    "weight": 300,
    "object": {
      "rows": [
        "__________________sss___",
        "_,___,___,___,___,sss_%_",
        "_,___,___,___,___,sss_%_",
        "_,___,___,___,___,sss_%_",
        "_,___,___,___,___,sss_%_",
        "_,___,___,___,___,sss___",
        "ssssssssssssssssssssssss",
        "s--5555--5555--+--55555s",
        "s|r..rrrrrr...^.^|rrrr8s",
        "s8r..............L...r8s",
        "s8r..rrrrrr...###|----|_",
        "s8r..rrrrrr...x..rrrrr|_",
        "s8r...........#......r|_",
        "s|r..rrrrrr...#......r|_",
        "s|---------D--------+-|_",
        "s|#######|...|tccEc..^|_",
        "s|#.c..c#|...|t.xEc...w_",
        "sL...c...L...D........w_",
        "_|l.###.l|..^|##FCC...|_",
        "_|l.rrr.l|-L-------D-D|_",
        "_|l.rrr.l|ssss____WS|SW_",
        "_|l.....l|s__,_dd_|T|T|_",
        "_--WW-WW--s__,_dd_-----_",
        "__________s__,_dd_______"
      ],
      "terrain": {
                "w": ["t_window_bars", "t_window_taped", "t_window_bars", "t_window_empty", "t_window_bars", "t_window_frame", "t_window_bars", "t_wall_wood", "t_window_bars", "t_wall_wood_chipped", "t_window_bars", "t_wall_wood_broken", "t_window_bars", "t_wall_log", "t_window_bars", "t_wall_log_chipped", "t_window_bars", "t_wall_log_broken"],
                "W": ["t_window_bars", "t_window_taped", "t_window_bars", "t_window_empty", "t_window_bars", "t_window_frame", "t_window_bars", "t_wall_wood", "t_window_bars", "t_wall_wood_chipped", "t_window_bars", "t_wall_wood_broken", "t_window_bars", "t_wall_log", "t_window_bars", "t_wall_log_chipped", "t_window_bars", "t_wall_log_broken"],
                "5": ["t_window_bars", "t_window_taped", "t_window_bars", "t_window_empty", "t_window_bars", "t_window_frame", "t_window_bars", "t_wall_wood", "t_window_bars", "t_wall_wood_chipped", "t_window_bars", "t_wall_wood_broken", "t_window_bars", "t_wall_log", "t_window_bars", "t_wall_log_chipped", "t_window_bars", "t_wall_log_broken"],
                "8": ["t_window_bars", "t_window_taped", "t_window_bars", "t_window_empty", "t_window_bars", "t_window_frame", "t_window_bars", "t_wall_wood", "t_window_bars", "t_wall_wood_chipped", "t_window_bars", "t_wall_wood_broken", "t_window_bars", "t_wall_log", "t_window_bars", "t_wall_log_chipped", "t_window_bars", "t_wall_log_broken"],
                "D": ["t_door_c", "t_door_c", "t_door_b", "t_door_c", "t_door_c", "t_door_frame", "t_door_c", "t_door_c", "t_wall_wood", "t_door_c", "t_door_c", "t_wall_wood_chipped", "t_door_c", "t_door_c", "t_wall_wood_broken", "t_door_o", "t_door_o", "t_wall_log", "t_door_o", "t_door_o", "t_wall_log_chipped", "t_door_o", "t_door_o", "t_wall_log_broken"],
                "+": ["t_door_metal_c", "t_door_metal_c", "t_mdoor_frame", "t_door_metal_c", "t_door_metal_c", "t_wall_wood", "t_door_metal_c", "t_door_metal_c", "t_wall_wood_chipped", "t_door_metal_c", "t_door_metal_c", "t_wall_wood_broken", "t_door_metal_o", "t_door_metal_o", "t_wall_log", "t_door_metal_o", "t_door_metal_o", "t_wall_log_chipped", "t_door_metal_o", "t_door_metal_o", "t_wall_log_broken"],
                "L": ["t_door_metal_c", "t_door_metal_c", "t_mdoor_frame", "t_door_metal_c", "t_door_metal_c", "t_wall_wood", "t_door_metal_c", "t_door_metal_c", "t_wall_wood_chipped", "t_door_metal_c", "t_door_metal_c", "t_wall_wood_broken", "t_door_metal_o", "t_door_metal_o", "t_wall_log", "t_door_metal_o", "t_door_metal_o", "t_wall_log_chipped", "t_door_metal_o", "t_door_metal_o", "t_wall_log_broken"],

        "_": "t_pavement",
        ",": "t_pavement_y",
        "s": "t_sidewalk",
        "-": "t_wall",
        "|": "t_wall",
        ".": "t_floor",
        "%": "t_shrub",
        "x": "t_console_broken",
        "^": "t_floor",
        "r": "t_floor",
        "l": "t_floor",
        "#": "t_floor",
        "E": "t_floor",
        "t": "t_floor",
        "c": "t_floor",
        "C": "t_floor",
        "F": "t_floor",
        "S": "t_floor",
        "T": "t_floor",
        "d": "t_pavement"
      },
      "furniture": {
        "_": "f_null",
        ",": "f_null",
        "s": "f_null",
        "-": "f_null",
        "|": "f_null",
        "5": "f_null",
        "8": "f_null",
        ".": "f_null",
        "+": "f_null",
        "D": "f_null",
        "L": "f_null",
        "w": "f_null",
        "W": "f_null",
        "%": "f_null",
        "x": "f_null",
        "^": ["f_indoor_plant", "f_null", "f_null", "f_null", "f_null", "f_null", "f_null", "f_null"],
        "r": ["f_rack", "f_null", "f_null", "f_null", "f_null", "f_null", "f_null", "f_rack", "f_rubble", "f_rack"],
        "l": ["f_locker", "f_null", "f_null", "f_null", "f_null", "f_null", "f_null", "f_locker", "f_wreckage", "f_locker"],
        "#": ["f_counter", "f_null", "f_null", "f_null", "f_null", "f_null", "f_null", "f_counter", "f_rubble", "f_counter"],
        "E": ["f_desk", "f_null", "f_null", "f_null", "f_null", "f_null", "f_null", "f_desk", "f_rubble", "f_desk"],
        "t": ["f_table", "f_null", "f_null", "f_null", "f_null", "f_null", "f_null", "f_table", "f_rubble", "f_table"],
        "c": ["f_chair", "f_null", "f_null", "f_null", "f_null", "f_null", "f_null", "f_chair", "f_rubble", "f_chair"],
        "C": ["f_sofa", "f_null", "f_null", "f_null", "f_null", "f_null", "f_null", "f_sofa", "f_rubble", "f_sofa"],
        "F": ["f_fridge", "f_null", "f_null", "f_null", "f_null", "f_null", "f_null", "f_fridge", "f_wreckage", "f_fridge"],
        "S": ["f_sink", "f_null", "f_null", "f_null", "f_null", "f_null", "f_null", "f_sink", "f_rubble", "f_sink"],
        "d": ["f_dumpster", "f_dumpster", "f_null", "f_null", "f_null", "f_null", "f_null", "f_null", "f_dumpster", "f_dumpster", "f_rubble", "f_dumpster", "f_dumpster"]
      },
      "toilets": {
        "T": { }
      },
      "set": [
        { "point": "terrain", "id": "t_tree_young",
          "x": 22, "y": [ 1, 4 ], "chance": 10, "repeat" : [ 1, 3 ] },
        { "point": "terrain", "id": "t_tree_apple",
           "x": 22, "y": [ 1, 4 ], "chance": 30, "repeat": [ 1, 2 ] }
      ]
    }
  }
]
