[
    {
        "type" : "mapgen",
        "om_terrain" : ["pwr_large_entrance"],
        "method": "json",
        "weight": 10,
        "object": {
        "fill_ter": "t_concrete",
            "rows": [
            "  |     ---------------|",
            "  |     |              |",
            " T|  T  |  ThB         |",
            "  |     |         {Bh} |",
            "  |     |     T  s8    |",
            "  |     |              |", 
            "  |     |         {Bh} |",
            "  |     |     T  s8    |",
            "  |     |              |",
            "  |     |         {Bh} |",
            "  |     |     T  s8    |",
            "  |     |              |",
            "  +     -----------+---|",
            "  |                    |",
            "  |                    |",
            "  |                    |",
            "wwwwWWWWwwww           |",
            "CCCCCccccccv           |",
            "***********d           |",
            "***********v       --+-|",
            "***********v       |   |",
            "wwwwWWWWwwww       |   |",
            "  |                |   |",
            "---------------------+--"
            ],
            "terrain": {
            " ": "t_concrete",
            "-": "t_chainfence_h",
            "|": "t_chainfence_v",
            "x": "t_chainfence_posts",
            "+": ["t_chaingate_c", "t_chaingate_c", "t_chaingate_c", "t_chaingate_c", "t_chaingate_o"],
            "T": "t_support_l",
            "B": "t_oil_circ_brkr_l",
            "s": "t_switchgear_s",
            "w": "t_wall",
            "v": "t_wall",
            "d": ["t_door_c", "t_door_c", "t_door_b", "t_door_c", "t_door_c", "t_door_frame", "t_door_c", "t_door_c", "t_wall_wood", "t_door_c", "t_door_c", "t_wall_wood_chipped", "t_door_c", "t_door_c", "t_wall_wood_broken", "t_door_o", "t_door_o", "t_wall_log", "t_door_o", "t_door_o", "t_wall_log_chipped", "t_door_o", "t_door_o", "t_wall_log_broken"],
            "C": "t_console_broken",
            "*": "t_floor",
            "c": "t_floor",
            "}": "t_lgtn_arrest",
            "h": "t_station_disc",
            "{": "t_current_trans",
            "8": "t_potential_trans",
            "W": ["t_window", "t_window_taped", "t_window", "t_window_empty", "t_window", "t_window_frame", "t_window", "t_wall_wood", "t_window", "t_wall_wood_chipped", "t_window", "t_wall_wood_broken", "t_window", "t_wall_log", "t_window", "t_wall_log_chipped", "t_window", "t_wall_log_broken"]
            },
            "furniture": {
            "c": ["f_counter", "f_null", "f_null", "f_null", "f_null", "f_null", "f_null", "f_counter", "f_rubble", "f_counter"]
            }
        }
    },{
        "type" : "mapgen",
        "om_terrain" : ["pwr_large_2"],
        "method": "json",
        "weight": 10,
        "object": {
        "fill_ter": "t_concrete",
            "rows": [
            "|         |             ",
            "|         |         888 ",
            "|       T | T   hST 888 ",
            "|         |         888 ",
            "|         |             ",
            "|         |             ",
            "|         |             ",
            "|         |             ",
            "|         |             ",
            "|         |             ",
            "|         |             ",
            "|         |             ",
            "|         |             ",
            "|         |             ",
            "|         |             ",
            "|         |             ",
            "|         |     wwwwWWWW",
            "|         |     vccccccC",
            "|         +     d*******",
            "|         |     v*******",
            "|         |     v*******",
            "|         |     wwwwWWWW",
            "|         |             ",
            "------------------------"
            ],
            "terrain": {
            " ": "t_concrete",
            "-": "t_chainfence_h",
            "|": "t_chainfence_v",
            "x": "t_chainfence_posts",
            "+": ["t_chaingate_c", "t_chaingate_c", "t_chaingate_c", "t_chaingate_c", "t_chaingate_o"],
            "T": "t_support_l",
            "S": "t_switchgear_l",
            "w": "t_wall",
            "v": "t_wall",
            "d": ["t_door_c", "t_door_c", "t_door_b", "t_door_c", "t_door_c", "t_door_frame", "t_door_c", "t_door_c", "t_wall_wood", "t_door_c", "t_door_c", "t_wall_wood_chipped", "t_door_c", "t_door_c", "t_wall_wood_broken", "t_door_o", "t_door_o", "t_wall_log", "t_door_o", "t_door_o", "t_wall_log_chipped", "t_door_o", "t_door_o", "t_wall_log_broken"],
            "C": "t_console_broken",
            "*": "t_floor",
            "c": "t_floor",
            "h": "t_station_disc",
            "8": "t_potential_trans",
            "W": ["t_window", "t_window_taped", "t_window", "t_window_empty", "t_window", "t_window_frame", "t_window", "t_wall_wood", "t_window", "t_wall_wood_chipped", "t_window", "t_wall_wood_broken", "t_window", "t_wall_log", "t_window", "t_wall_log_chipped", "t_window", "t_wall_log_broken"]
            },
            "furniture": {
            "c": ["f_counter", "f_null", "f_null", "f_null", "f_null", "f_null", "f_null", "f_counter", "f_rubble", "f_counter"]
            }
        }
    },{
        "type" : "mapgen",
        "om_terrain" : ["pwr_large_3"],
        "method": "json",
        "weight": 10,
        "object": {
        "fill_ter": "t_concrete",
            "rows": [
            "------------------------",
            "|         |             ",
            "|    }    |             ",
            "|    h    |             ",
            "|    B    |             ",
            "|    {    |             ",
            "|    h    |             ",
            "|    T    |             ",
            "|         |             ",
            "|         |             ",
            "|         |             ",
            "|    T    |             ",
            "|    {B   |             ",
            "|   S8    |             ",
            "|         |             ",
            "|    T    |             ",
            "|         |             ",
            "|         |         888 ",
            "|       T | T   hST 888 ",
            "|         |         888 ",
            "|         |             ",
            "|         |             ",
            "|       T |             ",
            "|         |             "
            ],
            "terrain": {
            " ": "t_concrete",
            "-": "t_chainfence_h",
            "|": "t_chainfence_v",
            "x": "t_chainfence_posts",
            "T": "t_support_l",
            "B": "t_oil_circ_brkr_l",
            "S": "t_switchgear_l",
            "}": "t_lgtn_arrest",
            "h": "t_station_disc",
            "{": "t_current_trans",
            "8": "t_potential_trans"
            }
        }
    },{
        "type" : "mapgen",
        "om_terrain" : ["pwr_large_4"],
        "method": "json",
        "weight": 10,
        "object": {
        "fill_ter": "t_concrete",
            "rows": [
            "------------------------",
            "  |     |              |",
            "  |     |  }    }   }  |",
            "  |     |  h    h   h  |",
            "  |     |  B    B   B  |",
            "  |     |  {8  8{  8{  |",
            "  |     |   s  s   s   |",
            "  |     |              |",
            "  |     |   T      T   |",
            "  |     |      hB      |",
            "  |     |      T       |",
            "  |     |              |",
            "  |     -----------+---|",
            "  |                    |",
            "  |            T       |",
            "  |                    |",
            "  |                    |",
            "  |                    |",
            " T|  T    T    T       |",
            "  |                    |",
            "  |                    |",
            "  |                    |",
            "  |                    |",
            "  |                    |"
            ],
            "terrain": {
            " ": "t_concrete",
            "-": "t_chainfence_h",
            "|": "t_chainfence_v",
            "x": "t_chainfence_posts",
            "+": ["t_chaingate_c", "t_chaingate_c", "t_chaingate_c", "t_chaingate_c", "t_chaingate_o"],
            "T": "t_support_l",
            "B": "t_oil_circ_brkr_l",
            "s": "t_switchgear_s",
            "}": "t_lgtn_arrest",
            "h": "t_station_disc",
            "{": "t_current_trans",
            "8": "t_potential_trans"
            }
        }
    }
]
