[
    {
        "type": "mapgen",
        "om_terrain": [
            "s_hardware"
        ],
        "method": "json",
        "weight": 500,
        "object": {
            "rows": [
                    "~~~~~~~~~~~~~~~~~~~~~~~~",
                    "~~~WWWWWWWWW^^WWWWWWW~~~",
                    "***w~~~~~~~~~~~~~~~~w***",
                    "***w~~~~~~~~~~~~~~~~w***",
                    "***w~~~~~~~~~~~~~~~~w***",
                    "***-=----===-++---=--***",
                    "***|...............]|***",
                    "***|.]]]..[[...[[..]|***",
                    "***|...............]|***",
                    "***|...........]]..]|***",
                    "***|.]]].###.......]|***",
                    "***|.......#...]]..]|***",
                    "***|.....#.%.......]|***",
                    "***|.]]].###...]]..]|***",
                    "***|...............]|***",
                    "***|...............]|***",
                    "***|.]]]]]...]..]..]|***",
                    "***|.........]..]..]|***",
                    "***|----------------|***",
                    "************************",
                    "************************",
                    "************************",
                    "************************",
                    "************************"
            ],
            "terrain": {
                "+": ["t_door_c", "t_door_c", "t_door_locked_alarm", "t_door_c", "t_door_c", "t_door_locked_interior", "t_door_c", "t_door_c", "t_door_locked", "t_door_c", "t_door_c", "t_door_locked_peep", "t_door_c", "t_door_c", "t_door_b_peep", "t_door_c", "t_door_c", "t_door_boarded_damaged_peep", "t_door_c", "t_door_c", "t_rdoor_boarded_damaged", "t_door_c", "t_door_c", "t_rdoor_boarded", "t_door_c", "t_door_c", "t_door_boarded_peep", "t_door_c", "t_door_c", "t_door_boarded_damaged", "t_door_c", "t_door_c", "t_door_boarded", "t_door_c", "t_door_c", "t_rdoor_o", "t_door_c", "t_door_c", "t_rdoor_c", "t_door_c", "t_door_c", "t_door_o_peep", "t_door_c", "t_door_c", "t_door_c_peep", "t_door_c", "t_door_c", "t_door_b", "t_door_c", "t_door_c", "t_door_frame", "t_door_c", "t_door_c", "t_wall_wood", "t_door_c", "t_door_c", "t_wall_wood_chipped", "t_door_c", "t_door_c", "t_wall_wood_broken", "t_door_o", "t_door_o", "t_wall_log", "t_door_o", "t_door_o", "t_wall_log_chipped", "t_door_o", "t_door_o", "t_wall_log_broken", "t_door_o", "t_door_o", "t_door_curtain_c", "t_door_o", "t_door_o", "t_door_makeshift_c", "t_door_o", "t_door_o", "t_door_curtain_o", "t_door_o", "t_door_o", "t_door_makeshift_o", "t_door_o", "t_door_o", "t_palisade", "t_door_o", "t_door_o", "t_bars", "t_door_o", "t_door_o", "t_door_bar_o", "t_door_o", "t_door_o", "t_door_bar_c", "t_door_o", "t_door_o", "t_door_bar_locked"],

                ".": "t_floor",
                "*": ["t_grass", "t_grass", "t_grass", "t_grass", "t_grass", "t_grass", "t_dirt"],
                "~": "t_sidewalk",
                "-": "t_wall",
                "|": "t_wall",
                "W": "t_chainfence_h",
                "w": "t_chainfence_v",
                "^": ["t_chaingate_c", "t_chaingate_c", "t_chaingate_c", "t_chaingate_c", "t_chaingate_o"],
                "=": "t_wall_glass",
                "#": "t_floor",
                "]": "t_floor",
                "[": "t_floor",
                "%": "t_console_broken"
            },
            "furniture": {
                "#": ["f_counter", "f_null", "f_null", "f_null", "f_null", "f_null", "f_null", "f_counter", "f_rubble", "f_counter"],
                "]": ["f_rack", "f_null", "f_null", "f_null", "f_null", "f_null", "f_null", "f_rack", "f_rubble", "f_rack"],
                "[": ["f_table", "f_null", "f_null", "f_null", "f_null", "f_null", "f_null", "f_table", "f_rubble", "f_table"]
            },
            "place_signs": [
                { "x": 15, "y": 4, "signage": "the name is gone but a slogan remains: 'We'll repair you all the way'" }
            ],
            "place_vehicles": [
                { "vehicle": "wheelbarrow", "chance": 5,  "x": 4,       "y": 2 },
                { "vehicle": "wheelbarrow", "chance": 5,  "x": 5,       "y": 2 },
                { "vehicle": "wheelbarrow", "chance": 5,  "x": 6,       "y": 2 },
                { "vehicle": "wheelbarrow", "chance": 5,  "x": 7,       "y": 2 },
                { "vehicle": "wheelbarrow", "chance": 5,  "x": 8,       "y": 2 }
            ],
            "comment": "end of mapgen json definition ---v"
        },
        "comment": "end of mapgen entry ---v"
    }
]

