[
    {
        "type": "mapgen",
        "om_terrain": [
            "s_gun"
        ],
        "method": "json",
        "weight": 1000,
        "object": {
            "rows": [
                "  ____________________  ",
                "  *___*___*______*___*  ",
                "  *___*___*______*___*  ",
                "  *___*___*______*___*  ",
                "  *___*___*______*___*  ",
                "  *___*___*______*___*  ",
                "  ---:::---+----:::---  ",
                "  |{....#...........{|  ",
                "  |{....#...........{|  ",
                "  |{....#...{{..{...{|  ",
                "  |{....#...{{..{...{|  ",
                "  |{....#...{{..{...{|  ",
                "  |{....#...........{|  ",
                "  |{............{{{{{|  ",
                "  |-:::::+:::::------|  ",
                "  |..................|  ",
                "  |--#--#--#--#--#--+|  ",
                "  |..................|  ",
                "  |..................|  ",
                "  |..................|  ",
                "  |..................|  ",
                "  |..................|  ",
                "  |..................|  ",
                "  --------------------  "
            ],
            "terrain": {
                ":": ["t_window_bars", "t_window_taped", "t_window_bars", "t_window_empty", "t_window_bars", "t_window_frame", "t_window_bars", "t_wall_wood", "t_window_bars", "t_wall_wood_chipped", "t_window_bars", "t_wall_wood_broken", "t_window_bars", "t_wall_log", "t_window_bars", "t_wall_log_chipped", "t_window_bars", "t_wall_log_broken"],
                "|": "t_wall",
                "-": "t_wall",
                "+": ["t_door_metal_c", "t_door_metal_c", "t_mdoor_frame", "t_door_metal_c", "t_door_metal_c", "t_wall_wood", "t_door_metal_c", "t_door_metal_c", "t_wall_wood_chipped", "t_door_metal_c", "t_door_metal_c", "t_wall_wood_broken", "t_door_metal_o", "t_door_metal_o", "t_wall_log", "t_door_metal_o", "t_door_metal_o", "t_wall_log_chipped", "t_door_metal_o", "t_door_metal_o", "t_wall_log_broken"],
                "_": "t_pavement",
                "*": "t_pavement_y",
                "#": "t_floor",
                "{": "t_floor",
                ".": "t_floor",
                " ": [ "t_grass", "t_grass", "t_grass", "t_dirt" ]
            },
            "furniture": {
                "#": ["f_counter", "f_null", "f_null", "f_null", "f_null", "f_null", "f_null", "f_counter", "f_rubble", "f_counter"],
                "{": ["f_rack", "f_null", "f_null", "f_null", "f_null", "f_null", "f_null", "f_rack", "f_rubble", "f_rack"]
            },
            "place_monsters": [
                { "monster": "GROUP_ZOMBIE", "chance": 2, "x": [0,0], "y": [23,23], "repeat": [2,3] }
            ]
        }
    }
]
