[
    {
        "type" : "mapgen",
        "om_terrain" : ["hdwr_large_entrance"],
        "method": "json",
        "weight": 100,
        "object": {
            "rows":[
            ".|s....................|",
            ".|t.............rrrrrrr|",
            ".......................|",
            ".................ccc...|",
            ".---.....r|r...........|",
            ".|CT.....r|r.....ccc...|", 
            ".|s......r|r...........|",
            ".|t......r|r.....ccc...|",
            ".........r|r...........|",
            ".........r|r.....ccc...|",
            ".......................|",
            "...rrrrr.......^..^...&|",
            "+---------------++------",
            "..........|.............",
            "..........|_____________",
            "________________________",
            "________________________",
            "________________________",
            "________________________",
            "________________________",
            "________________________",
            "..........|_____________",
            "..........|_____________",
            "-----------_____________"
            ],
            "place_monsters": [
                { "monster": "GROUP_MALL", "x": [ 2, 23 ], "y": [ 2, 23 ], "density": 1 }
            ],
            "terrain": {
                "W": ["t_window", "t_window_taped", "t_window", "t_window_empty", "t_window", "t_window_frame", "t_window", "t_wall_wood", "t_window", "t_wall_wood_chipped", "t_window", "t_wall_wood_broken", "t_window", "t_wall_log", "t_window", "t_wall_log_chipped", "t_window", "t_wall_log_broken"],
                "+": ["t_door_glass_c", "t_door_glass_c", "t_door_frame", "t_door_glass_c", "t_door_glass_c", "t_wall_wood", "t_door_glass_c", "t_door_glass_c", "t_wall_wood_chipped", "t_door_glass_c", "t_door_glass_c", "t_wall_wood_broken", "t_door_glass_o", "t_door_glass_o", "t_wall_log", "t_door_glass_o", "t_door_glass_o", "t_wall_log_chipped", "t_door_glass_o", "t_door_glass_o", "t_wall_log_broken"],

            "_": "t_pavement",
            ".": "t_floor",
            ",": "t_pavement_y",
            "-": "t_wall",
            "|": "t_wall",
            "C": "t_floor",
            "r": "t_floor",
            "c": "t_floor",
            "s": "t_floor",
            "T": "t_floor",
            "t": "t_floor",
            "^": "t_floor",
            "&": "t_floor",
            "$": "t_floor"
            },
            "furniture": {
            "c": ["f_counter", "f_null", "f_null", "f_null", "f_null", "f_null", "f_null", "f_counter", "f_rubble", "f_counter"],
            "r": ["f_rack", "f_null", "f_null", "f_null", "f_null", "f_null", "f_null", "f_rack", "f_rubble", "f_rack"],
            "^": ["f_indoor_plant", "f_null", "f_null", "f_null", "f_null", "f_null", "f_null", "f_null"],
            "T": ["f_table", "f_null", "f_null", "f_null", "f_null", "f_null", "f_null", "f_table", "f_rubble", "f_table"],
            "t": ["f_toilet", "f_null", "f_null", "f_null", "f_null", "f_null", "f_null", "f_toilet", "f_rubble", "f_toilet"],
            "C": ["f_chair", "f_null", "f_null", "f_null", "f_null", "f_null", "f_null", "f_chair", "f_rubble", "f_chair"],
            "s": ["f_sink", "f_null", "f_null", "f_null", "f_null", "f_null", "f_null", "f_sink", "f_rubble", "f_sink"],
            "$": ["f_vending_c", "f_null", "f_null", "f_null", "f_null", "f_null", "f_null", "f_vending_c", "f_wreckage", "f_vending_c"]
            }
        }
    },{
        "type" : "mapgen",
        "om_terrain" : ["hdwr_large_SW"],
        "method": "json",
        "weight": 10,
        "object": {
            "rows":[
            "|rrrrrrr............|s..",
            "|...................|t..",
            "|rrrrrrr................",
            "|.......................",
            "|...................---.",
            "|..ccc..............|CT.", 
            "|...................|s..",
            "|..ccc..............|t..",
            "|........|..............",
            "|..ccc...|.CT.CT........",
            "|........|$.......|.....",
            "|..^..^..|.CT.CT.&|.....",
            "----++-----------------+",
            "...........|............",
            "___________|............",
            "________________________",
            "________________________",
            "________________________",
            "________________________",
            "________________________",
            "________________________",
            "___________|............",
            "___________|............",
            "___________-------------"
            ],
            "place_monsters": [
                { "monster": "GROUP_MALL", "x": [ 2, 23 ], "y": [ 2, 23 ], "density": 1 }
            ],
            "terrain": {
                "W": ["t_window", "t_window_taped", "t_window", "t_window_empty", "t_window", "t_window_frame", "t_window", "t_wall_wood", "t_window", "t_wall_wood_chipped", "t_window", "t_wall_wood_broken", "t_window", "t_wall_log", "t_window", "t_wall_log_chipped", "t_window", "t_wall_log_broken"],
                "+": ["t_door_glass_c", "t_door_glass_c", "t_door_frame", "t_door_glass_c", "t_door_glass_c", "t_wall_wood", "t_door_glass_c", "t_door_glass_c", "t_wall_wood_chipped", "t_door_glass_c", "t_door_glass_c", "t_wall_wood_broken", "t_door_glass_o", "t_door_glass_o", "t_wall_log", "t_door_glass_o", "t_door_glass_o", "t_wall_log_chipped", "t_door_glass_o", "t_door_glass_o", "t_wall_log_broken"],

            "_": "t_pavement",
            ".": "t_floor",
            ",": "t_pavement_y",
            "-": "t_wall",
            "|": "t_wall",
            "C": "t_floor",
            "r": "t_floor",
            "c": "t_floor",
            "s": "t_floor",
            "T": "t_floor",
            "t": "t_floor",
            "^": "t_floor",
            "&": "t_floor",
            "$": "t_floor"
            },
            "furniture": {
            "c": ["f_counter", "f_null", "f_null", "f_null", "f_null", "f_null", "f_null", "f_counter", "f_rubble", "f_counter"],
            "r": ["f_rack", "f_null", "f_null", "f_null", "f_null", "f_null", "f_null", "f_rack", "f_rubble", "f_rack"],
            "^": ["f_indoor_plant", "f_null", "f_null", "f_null", "f_null", "f_null", "f_null", "f_null"],
            "T": ["f_table", "f_null", "f_null", "f_null", "f_null", "f_null", "f_null", "f_table", "f_rubble", "f_table"],
            "t": ["f_toilet", "f_null", "f_null", "f_null", "f_null", "f_null", "f_null", "f_toilet", "f_rubble", "f_toilet"],
            "&": ["f_trashcan", "f_null", "f_null", "f_null", "f_null", "f_null", "f_null", "f_trashcan", "f_rubble", "f_trashcan"],
            "C": ["f_chair", "f_null", "f_null", "f_null", "f_null", "f_null", "f_null", "f_chair", "f_rubble", "f_chair"],
            "s": ["f_sink", "f_null", "f_null", "f_null", "f_null", "f_null", "f_null", "f_sink", "f_rubble", "f_sink"],
            "$": ["f_vending_c", "f_null", "f_null", "f_null", "f_null", "f_null", "f_null", "f_vending_c", "f_wreckage", "f_vending_c"]
            }
        }
    },{
        "type" : "mapgen",
        "om_terrain" : ["hdwr_large_NW"],
        "method": "json",
        "weight": 10,
        "object": {
            "rows": [
            "---------------------##-",
            "|t|t|t|t||..=...........",
            "|...........|...........",
            "|ssssss.....|...........",
            "|-----------|...........",
            "|ssssss.....|...........",
            "|...........|...........",
            "|t|t|t|t||..=...........",
            "|------------...........",
            "~^```````|........r|..r|",
            "~cccccc``|........r|..r|",
            "~^```````|........r|..r|",
            "~cccccc``|........r|..r|",
            "~^```````+..............",
            "~cccccc``|........r|..r|",
            "~^```````|........r|..r|",
            "~cccccc``|........r|..r|",
            "~^```````|..rrrrrrr|..r|",
            "|--------|..--------....",   
            "|rrrrrrr................",
            "|.......................",
            "|rrrrrrr................",
            "|...................---.",
            "|rrrrrrr............|CT."
            ],
            "place_monsters": [
                { "monster": "GROUP_MALL", "x": [ 2, 23 ], "y": [ 2, 23 ], "density": 1 }
            ],
            "terrain": {
                "W": ["t_window", "t_window_taped", "t_window", "t_window_empty", "t_window", "t_window_frame", "t_window", "t_wall_wood", "t_window", "t_wall_wood_chipped", "t_window", "t_wall_wood_broken", "t_window", "t_wall_log", "t_window", "t_wall_log_chipped", "t_window", "t_wall_log_broken"],
                "+": ["t_door_glass_c", "t_door_glass_c", "t_door_frame", "t_door_glass_c", "t_door_glass_c", "t_wall_wood", "t_door_glass_c", "t_door_glass_c", "t_wall_wood_chipped", "t_door_glass_c", "t_door_glass_c", "t_wall_wood_broken", "t_door_glass_o", "t_door_glass_o", "t_wall_log", "t_door_glass_o", "t_door_glass_o", "t_wall_log_chipped", "t_door_glass_o", "t_door_glass_o", "t_wall_log_broken"],
                "#": ["t_door_c", "t_door_c", "t_door_b", "t_door_c", "t_door_c", "t_door_frame", "t_door_c", "t_door_c", "t_wall_wood", "t_door_c", "t_door_c", "t_wall_wood_chipped", "t_door_c", "t_door_c", "t_wall_wood_broken", "t_door_o", "t_door_o", "t_wall_log", "t_door_o", "t_door_o", "t_wall_log_chipped", "t_door_o", "t_door_o", "t_wall_log_broken"],
                "=": ["t_door_c", "t_door_c", "t_door_b", "t_door_c", "t_door_c", "t_door_frame", "t_door_c", "t_door_c", "t_wall_wood", "t_door_c", "t_door_c", "t_wall_wood_chipped", "t_door_c", "t_door_c", "t_wall_wood_broken", "t_door_o", "t_door_o", "t_wall_log", "t_door_o", "t_door_o", "t_wall_log_chipped", "t_door_o", "t_door_o", "t_wall_log_broken"],

            "_": "t_pavement",
            ".": "t_floor",
            ",": "t_pavement_y",
            "-": "t_wall",
            "|": "t_wall",
            "C": "t_floor",
            "r": "t_floor",
            "~": "t_chainfence_v",
            "c": "t_thconc_floor",
            "`": "t_thconc_floor",
            "s": "t_floor",
            "^": "t_thconc_floor",
            "T": "t_floor",
            "t": "t_floor",
            "&": "t_floor",
            "$": "t_floor"
            },
            "furniture": {
            "c": ["f_counter", "f_null", "f_null", "f_null", "f_null", "f_null", "f_null", "f_counter", "f_rubble", "f_counter"],
            "r": ["f_rack", "f_null", "f_null", "f_null", "f_null", "f_null", "f_null", "f_rack", "f_rubble", "f_rack"],
            "^": ["f_indoor_plant", "f_null", "f_null", "f_null", "f_null", "f_null", "f_null", "f_null"],
            "T": ["f_table", "f_null", "f_null", "f_null", "f_null", "f_null", "f_null", "f_table", "f_rubble", "f_table"],
            "C": ["f_chair", "f_null", "f_null", "f_null", "f_null", "f_null", "f_null", "f_chair", "f_rubble", "f_chair"],
            "s": ["f_sink", "f_null", "f_null", "f_null", "f_null", "f_null", "f_null", "f_sink", "f_rubble", "f_sink"],
            "$": ["f_vending_c", "f_null", "f_null", "f_null", "f_null", "f_null", "f_null", "f_vending_c", "f_wreckage", "f_vending_c"]
            },
            "toilets": {
                "t": { }
            }
        }
    },{
        "type" : "mapgen",
        "om_terrain" : ["hdwr_large_NE"],
        "method": "json",
        "weight": 10,
        "object": {
            "rows": [
            "------------------------",
            ".......&|cccccccccccccc|",
            "..CT....|c.............|",
            "........|c..cc.....cc..|",
            "..CT....|c..cc.....cc..|",
            "........|c.............|",
            "........|c..cc.....cc..|",
            "........|c..cc.....cc..|",
            ".......................|",
            "r..|r..................|",
            "r..|r..................|",
            "r..|r..................|",
            "r..|r........rr..rr....|",
            ".............rr..rr....|",
            "r..|r..................|",
            "r..|r..................|",
            "r..|r........rr..rr....|",
            "r..|rrrrrrr..rr..rr....|",
            "...--------............|",
            ".......................|",
            ".........rr..rr........|",
            ".........rr..rr........|",
            ".|--...................|",
            ".|CT...................|"
            ],
            "place_monsters": [
                { "monster": "GROUP_MALL", "x": [ 2, 23 ], "y": [ 2, 23 ], "density": 1 }
            ],
            "terrain": {
                "W": ["t_window", "t_window_taped", "t_window", "t_window_empty", "t_window", "t_window_frame", "t_window", "t_wall_wood", "t_window", "t_wall_wood_chipped", "t_window", "t_wall_wood_broken", "t_window", "t_wall_log", "t_window", "t_wall_log_chipped", "t_window", "t_wall_log_broken"],
                "+": ["t_door_c", "t_door_c", "t_door_locked_alarm", "t_door_c", "t_door_c", "t_door_locked_interior", "t_door_c", "t_door_c", "t_door_locked", "t_door_c", "t_door_c", "t_door_locked_peep", "t_door_c", "t_door_c", "t_door_b_peep", "t_door_c", "t_door_c", "t_door_boarded_damaged_peep", "t_door_c", "t_door_c", "t_rdoor_boarded_damaged", "t_door_c", "t_door_c", "t_rdoor_boarded", "t_door_c", "t_door_c", "t_door_boarded_peep", "t_door_c", "t_door_c", "t_door_boarded_damaged", "t_door_c", "t_door_c", "t_door_boarded", "t_door_c", "t_door_c", "t_rdoor_o", "t_door_c", "t_door_c", "t_rdoor_c", "t_door_c", "t_door_c", "t_door_o_peep", "t_door_c", "t_door_c", "t_door_c_peep", "t_door_c", "t_door_c", "t_door_b", "t_door_c", "t_door_c", "t_door_frame", "t_door_c", "t_door_c", "t_wall_wood", "t_door_c", "t_door_c", "t_wall_wood_chipped", "t_door_c", "t_door_c", "t_wall_wood_broken", "t_door_o", "t_door_o", "t_wall_log", "t_door_o", "t_door_o", "t_wall_log_chipped", "t_door_o", "t_door_o", "t_wall_log_broken", "t_door_o", "t_door_o", "t_door_curtain_c", "t_door_o", "t_door_o", "t_door_makeshift_c", "t_door_o", "t_door_o", "t_door_curtain_o", "t_door_o", "t_door_o", "t_door_makeshift_o", "t_door_o", "t_door_o", "t_palisade", "t_door_o", "t_door_o", "t_bars", "t_door_o", "t_door_o", "t_door_bar_o", "t_door_o", "t_door_o", "t_door_bar_c", "t_door_o", "t_door_o", "t_door_bar_locked"],

            "_": "t_pavement",
            ".": "t_floor",
            ",": "t_pavement_y",
            "-": "t_wall",
            "|": "t_wall",
            "C": "t_floor",
            "r": "t_floor",
            "c": "t_floor",
            "s": "t_floor",
            "^": "t_floor",
            "&": "t_floor",
            "T": "t_floor",
            "t": "t_floor",
            "$": "t_floor"
            },
            "furniture": {
            "c": ["f_counter", "f_null", "f_null", "f_null", "f_null", "f_null", "f_null", "f_counter", "f_rubble", "f_counter"],
            "r": ["f_rack", "f_null", "f_null", "f_null", "f_null", "f_null", "f_null", "f_rack", "f_rubble", "f_rack"],
            "^": ["f_indoor_plant", "f_null", "f_null", "f_null", "f_null", "f_null", "f_null", "f_null"],
            "T": ["f_table", "f_null", "f_null", "f_null", "f_null", "f_null", "f_null", "f_table", "f_rubble", "f_table"],
            "t": ["f_toilet", "f_null", "f_null", "f_null", "f_null", "f_null", "f_null", "f_toilet", "f_rubble", "f_toilet"],
            "C": ["f_chair", "f_null", "f_null", "f_null", "f_null", "f_null", "f_null", "f_chair", "f_rubble", "f_chair"],
            "s": ["f_sink", "f_null", "f_null", "f_null", "f_null", "f_null", "f_null", "f_sink", "f_rubble", "f_sink"],
            "&": ["f_trashcan", "f_null", "f_null", "f_null", "f_null", "f_null", "f_null", "f_trashcan", "f_rubble", "f_trashcan"],
            "$": ["f_vending_c", "f_null", "f_null", "f_null", "f_null", "f_null", "f_null", "f_vending_c", "f_wreckage", "f_vending_c"]
            }
        }
    },{
        "type" : "mapgen",
        "om_terrain" : ["hdwr_large_backroom"],
        "method": "json",
        "weight": 10,
        "object": {
            "rows": [
            ",,,,,,,,,,,,,,,,,,,,,,,,",
            ",,,,,,,,,,,,,,,,,,,,,,,,",
            ",,,,,,,,,,,,,,,,,,,,,,,,",
            "________________________",
            "________________________",
            "________________________",
            "________________________",
            "________________________",
            "________________________",
            "________________________",
            "|-----------------------",
            "|xx.......xx...........|",
            "|xx.......xx...........|",
            "|................xx....|",
            "|xx....xx...xx...xx....|",
            "|xx....xx...xx.x.xx....|",
            "|.....................x|",
            "|..........xx.........x|",
            "|xx........xx..........+",   
            "|xx....................+",
            "|......................|",
            "|........CTC...........|",
            "|$...........C.....&---|",
            "|CTC...................|"
            ],
            "place_monsters": [
                { "monster": "GROUP_MALL", "x": [ 2, 23 ], "y": [ 2, 23 ], "density": 1 }
            ],
            "terrain": {
                "W": ["t_window", "t_window_taped", "t_window", "t_window_empty", "t_window", "t_window_frame", "t_window", "t_wall_wood", "t_window", "t_wall_wood_chipped", "t_window", "t_wall_wood_broken", "t_window", "t_wall_log", "t_window", "t_wall_log_chipped", "t_window", "t_wall_log_broken"],
                "+": ["t_door_c", "t_door_c", "t_door_locked_alarm", "t_door_c", "t_door_c", "t_door_locked_interior", "t_door_c", "t_door_c", "t_door_locked", "t_door_c", "t_door_c", "t_door_locked_peep", "t_door_c", "t_door_c", "t_door_b_peep", "t_door_c", "t_door_c", "t_door_boarded_damaged_peep", "t_door_c", "t_door_c", "t_rdoor_boarded_damaged", "t_door_c", "t_door_c", "t_rdoor_boarded", "t_door_c", "t_door_c", "t_door_boarded_peep", "t_door_c", "t_door_c", "t_door_boarded_damaged", "t_door_c", "t_door_c", "t_door_boarded", "t_door_c", "t_door_c", "t_rdoor_o", "t_door_c", "t_door_c", "t_rdoor_c", "t_door_c", "t_door_c", "t_door_o_peep", "t_door_c", "t_door_c", "t_door_c_peep", "t_door_c", "t_door_c", "t_door_b", "t_door_c", "t_door_c", "t_door_frame", "t_door_c", "t_door_c", "t_wall_wood", "t_door_c", "t_door_c", "t_wall_wood_chipped", "t_door_c", "t_door_c", "t_wall_wood_broken", "t_door_o", "t_door_o", "t_wall_log", "t_door_o", "t_door_o", "t_wall_log_chipped", "t_door_o", "t_door_o", "t_wall_log_broken", "t_door_o", "t_door_o", "t_door_curtain_c", "t_door_o", "t_door_o", "t_door_makeshift_c", "t_door_o", "t_door_o", "t_door_curtain_o", "t_door_o", "t_door_o", "t_door_makeshift_o", "t_door_o", "t_door_o", "t_palisade", "t_door_o", "t_door_o", "t_bars", "t_door_o", "t_door_o", "t_door_bar_o", "t_door_o", "t_door_o", "t_door_bar_c", "t_door_o", "t_door_o", "t_door_bar_locked"],

            "_": "t_pavement",
            ".": "t_floor",
            ",": ["t_grass", "t_grass", "t_grass", "t_grass", "t_grass", "t_grass", "t_dirt"],
            "-": "t_wall",
            "|": "t_wall",
            "C": "t_floor",
            "r": "t_floor",
            "c": "t_floor",
            "s": "t_floor",
            "^": "t_floor",
            "T": "t_floor",
            "t": "t_floor",
            "&": "t_floor",
            "x": "t_floor",
            "$": "t_floor"
            },
            "furniture": {
            "c": ["f_counter", "f_null", "f_null", "f_null", "f_null", "f_null", "f_null", "f_counter", "f_rubble", "f_counter"],
            "r": ["f_rack", "f_null", "f_null", "f_null", "f_null", "f_null", "f_null", "f_rack", "f_rubble", "f_rack"],
            "^": ["f_indoor_plant", "f_null", "f_null", "f_null", "f_null", "f_null", "f_null", "f_null"],
            "T": ["f_table", "f_null", "f_null", "f_null", "f_null", "f_null", "f_null", "f_table", "f_rubble", "f_table"],
            "x": ["f_crate_c", "f_null", "f_null", "f_null", "f_null", "f_null", "f_null", "f_crate_c", "f_rubble", "f_crate_c"],
            "t": ["f_toilet", "f_null", "f_null", "f_null", "f_null", "f_null", "f_null", "f_toilet", "f_rubble", "f_toilet"],
            "C": ["f_chair", "f_null", "f_null", "f_null", "f_null", "f_null", "f_null", "f_chair", "f_rubble", "f_chair"],
            "s": ["f_sink", "f_null", "f_null", "f_null", "f_null", "f_null", "f_null", "f_sink", "f_rubble", "f_sink"],
            "&": ["f_trashcan", "f_null", "f_null", "f_null", "f_null", "f_null", "f_null", "f_trashcan", "f_rubble", "f_trashcan"],
            "$": ["f_vending_c", "f_null", "f_null", "f_null", "f_null", "f_null", "f_null", "f_vending_c", "f_wreckage", "f_vending_c"]
            }
        }
    },{
        "type" : "mapgen",
        "om_terrain" : ["hdwr_large_loadingbay"],
        "method": "json",
        "weight": 10,
        "object": {
            "rows": [
            ",,,,,,,,,,,,,,,,,,,,,,,,",
            ",,,,,,,,,,,,,,,,,,,,,,,,",
            ",,,,,,,,,,,,,,,,,,,,,,,,",
            "________________________",
            "________________________",
            "________________________",
            "________________________",
            "________________________",
            "________________________",
            "________________________",
            "XX______________________",
            "XX______________________",
            "________________________",
            "________________________",
            "________________________",
            "________________________",
            "________________________",
            "________________________",
            "_____|_____|_____|_____|",   
            "_____|_____|_____|_____|",
            "_____|_____|_____|_____|",
            "_____|_____|_____|_____|",
            "_____|_____|_____|_____|",
            "_____|_____|_____|_____|"
            ],
            "place_monsters": [
                { "monster": "GROUP_MALL", "x": [ 2, 23 ], "y": [ 2, 23 ], "density": 0.5 }
            ],
            "terrain": {
                "W": ["t_window", "t_window_taped", "t_window", "t_window_empty", "t_window", "t_window_frame", "t_window", "t_wall_wood", "t_window", "t_wall_wood_chipped", "t_window", "t_wall_wood_broken", "t_window", "t_wall_log", "t_window", "t_wall_log_chipped", "t_window", "t_wall_log_broken"],
                "+": ["t_door_c", "t_door_c", "t_door_locked_alarm", "t_door_c", "t_door_c", "t_door_locked_interior", "t_door_c", "t_door_c", "t_door_locked", "t_door_c", "t_door_c", "t_door_locked_peep", "t_door_c", "t_door_c", "t_door_b_peep", "t_door_c", "t_door_c", "t_door_boarded_damaged_peep", "t_door_c", "t_door_c", "t_rdoor_boarded_damaged", "t_door_c", "t_door_c", "t_rdoor_boarded", "t_door_c", "t_door_c", "t_door_boarded_peep", "t_door_c", "t_door_c", "t_door_boarded_damaged", "t_door_c", "t_door_c", "t_door_boarded", "t_door_c", "t_door_c", "t_rdoor_o", "t_door_c", "t_door_c", "t_rdoor_c", "t_door_c", "t_door_c", "t_door_o_peep", "t_door_c", "t_door_c", "t_door_c_peep", "t_door_c", "t_door_c", "t_door_b", "t_door_c", "t_door_c", "t_door_frame", "t_door_c", "t_door_c", "t_wall_wood", "t_door_c", "t_door_c", "t_wall_wood_chipped", "t_door_c", "t_door_c", "t_wall_wood_broken", "t_door_o", "t_door_o", "t_wall_log", "t_door_o", "t_door_o", "t_wall_log_chipped", "t_door_o", "t_door_o", "t_wall_log_broken", "t_door_o", "t_door_o", "t_door_curtain_c", "t_door_o", "t_door_o", "t_door_makeshift_c", "t_door_o", "t_door_o", "t_door_curtain_o", "t_door_o", "t_door_o", "t_door_makeshift_o", "t_door_o", "t_door_o", "t_palisade", "t_door_o", "t_door_o", "t_bars", "t_door_o", "t_door_o", "t_door_bar_o", "t_door_o", "t_door_o", "t_door_bar_c", "t_door_o", "t_door_o", "t_door_bar_locked"],

            "_": "t_pavement",
            "X": "t_pavement",
            ".": "t_floor",
            ",": ["t_grass", "t_grass", "t_grass", "t_grass", "t_grass", "t_grass", "t_dirt"],
            "-": "t_wall",
            "|": "t_pavement_y",
            "C": "t_floor",
            "r": "t_floor",
            "c": "t_floor",
            "s": "t_floor",
            "^": "t_floor",
            "T": "t_floor",
            "t": "t_floor",
            "&": "t_floor",
            "x": "t_floor",
            "$": "t_floor"
            },
            "furniture": {
            "c": ["f_counter", "f_null", "f_null", "f_null", "f_null", "f_null", "f_null", "f_counter", "f_rubble", "f_counter"],
            "r": ["f_rack", "f_null", "f_null", "f_null", "f_null", "f_null", "f_null", "f_rack", "f_rubble", "f_rack"],
            "^": ["f_indoor_plant", "f_null", "f_null", "f_null", "f_null", "f_null", "f_null", "f_null"],
            "T": ["f_table", "f_null", "f_null", "f_null", "f_null", "f_null", "f_null", "f_table", "f_rubble", "f_table"],
            "x": ["f_crate_c", "f_null", "f_null", "f_null", "f_null", "f_null", "f_null", "f_crate_c", "f_rubble", "f_crate_c"],
            "t": ["f_toilet", "f_null", "f_null", "f_null", "f_null", "f_null", "f_null", "f_toilet", "f_rubble", "f_toilet"],
            "C": ["f_chair", "f_null", "f_null", "f_null", "f_null", "f_null", "f_null", "f_chair", "f_rubble", "f_chair"],
            "s": ["f_sink", "f_null", "f_null", "f_null", "f_null", "f_null", "f_null", "f_sink", "f_rubble", "f_sink"],
            "X": ["f_dumpster", "f_dumpster", "f_null", "f_null", "f_null", "f_null", "f_null", "f_null", "f_dumpster", "f_dumpster", "f_rubble", "f_dumpster", "f_dumpster"],
            "$": ["f_vending_c", "f_null", "f_null", "f_null", "f_null", "f_null", "f_null", "f_vending_c", "f_wreckage", "f_vending_c"]
            }
        }
    }
]
