[
    {
        "type": "monstergroup",
        "name": "GROUP_COFFEE_SHOP_SPITTER",
        "default": "mon_null",
        "monsters": [
            { "monster": "mon_zombie_spitter", "freq": 65, "cost_multiplier": 5 }
        ]
    },
    {
        "type": "mapgen",
        "om_terrain": [ "s_restaurant_coffee" ],
        "method": "json",
        "weight": 250,
        "object": {
            "fill_ter": "t_floor",
            "rows": [
                "S___________SSzzzzzzzzzS",
                "S_____,_____SSzMbMbMbMzS",
                "S_____,_____SSSSSSSS/MzS",
                "S_____,_____SSSSSSSS/MzS",
                "S_____,_____SSzzzSSS/MzS",
                "S_____,_____SS||V{{{V||S",
                "S_____,_____SS|D      |S",
                "SSSSSSSSSSSSSS|r      OS",
                "SSSSSSSSSSSSSS|r      |S",
                "SVVVVVVVz./Mzz|   #W##|S",
                "SVD>>>>Vz./bMzV   #ww%|S",
                "SV BBB>Vz.b/..{   xwwF|S",
                "SV   B>Vz.Mb..{   flwl|S",
                "SV   B>Vz....zV   flwU|S",
                "SV   B>Vzbbbzz|X  #wwG|S",
                "S|B ^||||||||||^  ||I||S",
                "SO6  B|=;|;=|99  r|FwC|S",
                "S|B  6|=A|A=|9   r|Fwc|S",
                "S|   B|+|||+|9   D|!ww|S",
                "S|B               |Lwl|S",
                "SO6   6 6 6   B66B|Lwl|S",
                "S|B ^???????^ B66B|Lwl|S",
                "S|||||||||||||||||||3||S",
                "SSSSSSSSSSSSSSSSSSSSSSSS"
            ],
            "terrain": {
                "O": ["t_window", "t_window_taped", "t_window", "t_window_empty", "t_window", "t_window_frame", "t_window", "t_wall_wood", "t_window", "t_wall_wood_chipped", "t_window", "t_wall_wood_broken", "t_window", "t_wall_log", "t_window", "t_wall_log_chipped", "t_window", "t_wall_log_broken"],
                "+": ["t_door_c", "t_door_c", "t_door_locked_alarm", "t_door_c", "t_door_c", "t_door_locked_interior", "t_door_c", "t_door_c", "t_door_locked", "t_door_c", "t_door_c", "t_door_locked_peep", "t_door_c", "t_door_c", "t_door_b_peep", "t_door_c", "t_door_c", "t_door_boarded_damaged_peep", "t_door_c", "t_door_c", "t_rdoor_boarded_damaged", "t_door_c", "t_door_c", "t_rdoor_boarded", "t_door_c", "t_door_c", "t_door_boarded_peep", "t_door_c", "t_door_c", "t_door_boarded_damaged", "t_door_c", "t_door_c", "t_door_boarded", "t_door_c", "t_door_c", "t_rdoor_o", "t_door_c", "t_door_c", "t_rdoor_c", "t_door_c", "t_door_c", "t_door_o_peep", "t_door_c", "t_door_c", "t_door_c_peep", "t_door_c", "t_door_c", "t_door_b", "t_door_c", "t_door_c", "t_door_frame", "t_door_c", "t_door_c", "t_wall_wood", "t_door_c", "t_door_c", "t_wall_wood_chipped", "t_door_c", "t_door_c", "t_wall_wood_broken", "t_door_o", "t_door_o", "t_wall_log", "t_door_o", "t_door_o", "t_wall_log_chipped", "t_door_o", "t_door_o", "t_wall_log_broken", "t_door_o", "t_door_o", "t_door_curtain_c", "t_door_o", "t_door_o", "t_door_makeshift_c", "t_door_o", "t_door_o", "t_door_curtain_o", "t_door_o", "t_door_o", "t_door_makeshift_o", "t_door_o", "t_door_o", "t_palisade", "t_door_o", "t_door_o", "t_bars", "t_door_o", "t_door_o", "t_door_bar_o", "t_door_o", "t_door_o", "t_door_bar_c", "t_door_o", "t_door_o", "t_door_bar_locked"],
                "I": ["t_door_c", "t_door_c", "t_door_b", "t_door_c", "t_door_c", "t_door_frame", "t_door_c", "t_door_c", "t_wall_wood", "t_door_c", "t_door_c", "t_wall_wood_chipped", "t_door_c", "t_door_c", "t_wall_wood_broken", "t_door_o", "t_door_o", "t_wall_log", "t_door_o", "t_door_o", "t_wall_log_chipped", "t_door_o", "t_door_o", "t_wall_log_broken"],
                "3": ["t_door_c", "t_door_c", "t_door_b", "t_door_c", "t_door_c", "t_door_frame", "t_door_c", "t_door_c", "t_wall_wood", "t_door_c", "t_door_c", "t_wall_wood_chipped", "t_door_c", "t_door_c", "t_wall_wood_broken", "t_door_o", "t_door_o", "t_wall_log", "t_door_o", "t_door_o", "t_wall_log_chipped", "t_door_o", "t_door_o", "t_wall_log_broken"],
                "{": ["t_door_glass_c", "t_door_glass_c", "t_door_frame", "t_door_glass_c", "t_door_glass_c", "t_wall_wood", "t_door_glass_c", "t_door_glass_c", "t_wall_wood_chipped", "t_door_glass_c", "t_door_glass_c", "t_wall_wood_broken", "t_door_glass_o", "t_door_glass_o", "t_wall_log", "t_door_glass_o", "t_door_glass_o", "t_wall_log_chipped", "t_door_glass_o", "t_door_glass_o", "t_wall_log_broken"],

                " ": "t_floor",
                "_": "t_pavement",
                ".": ["t_grass", "t_grass", "t_grass", "t_grass", "t_grass", "t_grass", "t_dirt"],
                "c": "t_linoleum_white",
                "A": "t_linoleum_white",
                "S": "t_sidewalk",
                "b": ["t_dirt", "t_dirt", "t_dirt", "t_dirt", "t_dirt", "t_dirt", "t_grass"],
                "=": "t_linoleum_white",
                "%": "t_linoleum_white",
                ",": "t_pavement_y",
                "F": "t_linoleum_white",
                "M": ["t_dirt", "t_dirt", "t_dirt", "t_dirt", "t_dirt", "t_dirt", "t_grass"],
                "l": "t_linoleum_white",
                "V": "t_wall_glass",
                "x": "t_console_broken",
                "w": "t_linoleum_white",
                "G": "t_linoleum_white",
                "!": "t_linoleum_white",
                "C": "t_linoleum_white",
                "/": ["t_dirt", "t_dirt", "t_dirt", "t_dirt", "t_dirt", "t_dirt", "t_grass"],
                "U": "t_linoleum_white",
                "z": "t_shrub",
                "|": "t_wall",
                "f": "t_linoleum_white",
                "W": ["t_fencegate_c", "t_fencegate_c", "t_fencegate_c", "t_fencegate_o"],
                "#": "t_linoleum_white",
                ";": "t_linoleum_white",
                "L": "t_linoleum_white"
            },
            "furniture": {
                "X": ["f_rack", "f_null", "f_null", "f_null", "f_null", "f_null", "f_null", "f_rack", "f_rubble", "f_rack"],
                "A": ["f_sink", "f_null", "f_null", "f_null", "f_null", "f_null", "f_null", "f_sink", "f_rubble", "f_sink"],
                "b": ["f_bluebell", "f_null", "f_null", "f_null", "f_null", "f_null", "f_null", "f_dahlia", "f_null", "f_null", "f_null", "f_null", "f_null", "f_null", "f_datura", "f_null", "f_null", "f_null", "f_null", "f_null", "f_null", "f_dandelion", "f_null", "f_null", "f_null", "f_null", "f_null", "f_null", "f_chamomile", "f_null", "f_null", "f_null", "f_null", "f_null", "f_null", "f_mutpoppy"],
                "^": ["f_indoor_plant", "f_null", "f_null", "f_null", "f_null", "f_null", "f_null", "f_null"],
                "D": ["f_trashcan", "f_null", "f_null", "f_null", "f_null", "f_null", "f_null", "f_trashcan", "f_rubble", "f_trashcan"],
                "?": ["f_sofa", "f_null", "f_null", "f_null", "f_null", "f_null", "f_null", "f_sofa", "f_rubble", "f_sofa"],
                ">": ["f_counter", "f_null", "f_null", "f_null", "f_null", "f_null", "f_null", "f_counter", "f_rubble", "f_counter"],
                "%": ["f_trashcan", "f_null", "f_null", "f_null", "f_null", "f_null", "f_null", "f_trashcan", "f_rubble", "f_trashcan"],
                "F": ["f_fridge", "f_null", "f_null", "f_null", "f_null", "f_null", "f_null", "f_fridge", "f_wreckage", "f_fridge"],
                "M": ["f_bluebell", "f_null", "f_null", "f_null", "f_null", "f_null", "f_null", "f_dahlia", "f_null", "f_null", "f_null", "f_null", "f_null", "f_null", "f_datura", "f_null", "f_null", "f_null", "f_null", "f_null", "f_null", "f_dandelion", "f_null", "f_null", "f_null", "f_null", "f_null", "f_null", "f_chamomile", "f_null", "f_null", "f_null", "f_null", "f_null", "f_null", "f_mutpoppy"],
                "l": ["f_rack", "f_null", "f_null", "f_null", "f_null", "f_null", "f_null", "f_rack", "f_rubble", "f_rack"],
                "9": ["f_rack", "f_null", "f_null", "f_null", "f_null", "f_null", "f_null", "f_rack", "f_rubble", "f_rack"],
                "G": ["f_oven", "f_null", "f_null", "f_null", "f_null", "f_null", "f_null", "f_oven", "f_wreckage", "f_oven"],
                "C": ["f_desk", "f_null", "f_null", "f_null", "f_null", "f_null", "f_null", "f_desk", "f_rubble", "f_desk"],
                "/": ["f_bluebell", "f_null", "f_null", "f_null", "f_null", "f_null", "f_null", "f_dahlia", "f_null", "f_null", "f_null", "f_null", "f_null", "f_null", "f_datura", "f_null", "f_null", "f_null", "f_null", "f_null", "f_null", "f_dandelion", "f_null", "f_null", "f_null", "f_null", "f_null", "f_null", "f_chamomile", "f_null", "f_null", "f_null", "f_null", "f_null", "f_null", "f_mutpoppy"],
                "U": ["f_sink", "f_null", "f_null", "f_null", "f_null", "f_null", "f_null", "f_sink", "f_rubble", "f_sink"],
                "B": ["f_chair", "f_null", "f_null", "f_null", "f_null", "f_null", "f_null", "f_chair", "f_rubble", "f_chair"],
                "f": ["f_glass_fridge", "f_null", "f_null", "f_null", "f_null", "f_null", "f_null", "f_glass_fridge", "f_wreckage", "f_glass_fridge"],
                "6": ["f_table", "f_null", "f_null", "f_null", "f_null", "f_null", "f_null", "f_table", "f_rubble", "f_table"],
                "r": ["f_rack", "f_null", "f_null", "f_null", "f_null", "f_null", "f_null", "f_rack", "f_rubble", "f_rack"],
                "#": ["f_counter", "f_null", "f_null", "f_null", "f_null", "f_null", "f_null", "f_counter", "f_rubble", "f_counter"],
                "L": ["f_locker", "f_null", "f_null", "f_null", "f_null", "f_null", "f_null", "f_locker", "f_wreckage", "f_locker"]
            },
            "monsters": {
                "!": { "monster": "GROUP_COFFEE_SHOP_SPITTER", "chance": 1 }
            },
            "place_monsters": [
                { "monster": "GROUP_ZOMBIE", "x": [ 3, 17 ], "y": [ 13, 18 ], "chance": 1}
            ],
            "toilets": {
                ";": { }
            },
            "vehicles": {
                "c": { "vehicle": "swivel_chair", "chance": 10, "status": 1 }
            }
        }
    }
]
