[
 {"type": "uncraft",
  "//": "                                                                  |burret         |casing                 |primer                   |gunpowder            |jacket           |contens",
  "//": "                                                                  |---------------+-----------------------+-------------------------+---------------------+-----------------+------------------------",
                     "result": "reloaded_10mm"             , "components": [ [["lead",  8]], [["40_casing"    , 1]], [["lgpistol_primer", 1]], [["gunpowder",   4]]                                           ], "skill_used": "gun", "difficulty": 5, "time": 500, "flags": ["UNCRAFT_SINGLE_CHARGE" ], "tools": [[["puller",-1]]] }
,{"type": "uncraft", "result": "reloaded_22_fmj"           , "components": [ [["lead",  2]], [["22_casing_new", 1]],                           [["gunpowder",   1]], [["copper",  2]]                         ], "skill_used": "gun", "difficulty": 5, "time": 500, "flags": ["UNCRAFT_SINGLE_CHARGE" ], "tools": [[["puller",-1]]] }
,{"type": "uncraft", "result": "reloaded_22_lr"            , "components": [ [["lead",  2]], [["22_casing_new", 1]],                           [["gunpowder",   1]]                                           ], "skill_used": "gun", "difficulty": 5, "time": 500, "flags": ["UNCRAFT_SINGLE_CHARGE" ], "tools": [[["puller",-1]]] }
,{"type": "uncraft", "result": "reloaded_223"              , "components": [ [["lead",  2]], [["223_casing"   , 1]], [["smrifle_primer" , 1]], [["gunpowder",   2]], [["copper",  2]]                         ], "skill_used": "gun", "difficulty": 5, "time": 500, "flags": ["UNCRAFT_SINGLE_CHARGE" ], "tools": [[["puller",-1]]] }
,{"type": "uncraft", "result": "reloaded_270"              , "components": [ [["lead",  5]], [["3006_casing"  , 1]], [["lgrifle_primer" , 1]], [["gunpowder",   5]], [["copper",  5]]                         ], "skill_used": "gun", "difficulty": 5, "time": 500, "flags": ["UNCRAFT_SINGLE_CHARGE" ], "tools": [[["puller",-1]]] }
,{"type": "uncraft", "result": "reloaded_300_winmag"       , "components": [ [["lead",  8]], [["300_casing"   , 1]], [["lgrifle_primer" , 1]], [["gunpowder",   8]], [["copper", 21]]                         ], "skill_used": "gun", "difficulty": 5, "time": 500, "flags": ["UNCRAFT_SINGLE_CHARGE" ], "tools": [[["puller",-1]]] }
,{"type": "uncraft", "result": "reloaded_3006"             , "components": [ [["lead",  6]], [["3006_casing"  , 1]], [["lgrifle_primer" , 1]], [["gunpowder",   4]], [["copper",  6]]                         ], "skill_used": "gun", "difficulty": 5, "time": 500, "flags": ["UNCRAFT_SINGLE_CHARGE" ], "tools": [[["puller",-1]]] }
,{"type": "uncraft", "result": "reloaded_3006_incendiary"  , "components": [                 [["3006_casing"  , 1]], [["lgrifle_primer" , 1]], [["gunpowder",   4]], [["copper",  6]], [["incendiary",    6]] ], "skill_used": "gun", "difficulty": 5, "time": 500, "flags": ["UNCRAFT_SINGLE_CHARGE" ], "tools": [[["puller",-1]]] }
,{"type": "uncraft", "result": "reloaded_3006fmj"          , "components": [ [["lead",  6]], [["3006_casing"  , 1]], [["lgrifle_primer" , 1]], [["gunpowder",   4]], [["copper",  6]]                         ], "skill_used": "gun", "difficulty": 5, "time": 500, "flags": ["UNCRAFT_SINGLE_CHARGE" ], "tools": [[["puller",-1]]] }
,{"type": "uncraft", "result": "reloaded_308"              , "components": [ [["lead",  6]], [["308_casing"   , 1]], [["lgrifle_primer" , 1]], [["gunpowder",   5]], [["copper",  6]]                         ], "skill_used": "gun", "difficulty": 5, "time": 500, "flags": ["UNCRAFT_SINGLE_CHARGE" ], "tools": [[["puller",-1]]] }
,{"type": "uncraft", "result": "reloaded_32_acp"           , "components": [ [["lead",  5]], [["38_casing"    , 1]], [["smpistol_primer", 1]], [["gunpowder",   2]]                                           ], "skill_used": "gun", "difficulty": 5, "time": 500, "flags": ["UNCRAFT_SINGLE_CHARGE" ], "tools": [[["puller",-1]]] }
,{"type": "uncraft", "result": "reloaded_38_fmj"           , "components": [ [["lead",  5]], [["38_casing"    , 1]], [["smpistol_primer", 1]], [["gunpowder",   2]], [["copper",  5]]                         ], "skill_used": "gun", "difficulty": 5, "time": 500, "flags": ["UNCRAFT_SINGLE_CHARGE" ], "tools": [[["puller",-1]]] }
,{"type": "uncraft", "result": "reloaded_38_special"       , "components": [ [["lead",  5]], [["38_casing"    , 1]], [["smpistol_primer", 1]], [["gunpowder",   2]]                                           ], "skill_used": "gun", "difficulty": 5, "time": 500, "flags": ["UNCRAFT_SINGLE_CHARGE" ], "tools": [[["puller",-1]]] }
,{"type": "uncraft", "result": "reloaded_38_super"         , "components": [ [["lead",  5]], [["38_casing"    , 1]], [["smpistol_primer", 1]], [["gunpowder",   3]]                                           ], "skill_used": "gun", "difficulty": 5, "time": 500, "flags": ["UNCRAFT_SINGLE_CHARGE" ], "tools": [[["puller",-1]]] }
,{"type": "uncraft", "result": "reloaded_40fmj"            , "components": [ [["lead",  6]], [["40_casing"    , 1]], [["smpistol_primer", 1]], [["gunpowder",   3]], [["copper",  6]]                         ], "skill_used": "gun", "difficulty": 5, "time": 500, "flags": ["UNCRAFT_SINGLE_CHARGE" ], "tools": [[["puller",-1]]] }
,{"type": "uncraft", "result": "reloaded_40sw"             , "components": [ [["lead",  6]], [["40_casing"    , 1]], [["smpistol_primer", 1]], [["gunpowder",   3]]                                           ], "skill_used": "gun", "difficulty": 5, "time": 500, "flags": ["UNCRAFT_SINGLE_CHARGE" ], "tools": [[["puller",-1]]] }
,{"type": "uncraft", "result": "reloaded_44fmj"            , "components": [ [["lead",  7]], [["44_casing"    , 1]], [["lgpistol_primer", 1]], [["gunpowder",   5]], [["copper",  7]]                         ], "skill_used": "gun", "difficulty": 5, "time": 500, "flags": ["UNCRAFT_SINGLE_CHARGE" ], "tools": [[["puller",-1]]] }
,{"type": "uncraft", "result": "reloaded_44magnum"         , "components": [ [["lead", 10]], [["44_casing"    , 1]], [["lgpistol_primer", 1]], [["gunpowder",   5]]                                           ], "skill_used": "gun", "difficulty": 5, "time": 500, "flags": ["UNCRAFT_SINGLE_CHARGE" ], "tools": [[["puller",-1]]] }
,{"type": "uncraft", "result": "reloaded_45_acp"           , "components": [ [["lead",  8]], [["45_casing"    , 1]], [["lgpistol_primer", 1]], [["gunpowder",   5]]                                           ], "skill_used": "gun", "difficulty": 5, "time": 500, "flags": ["UNCRAFT_SINGLE_CHARGE" ], "tools": [[["puller",-1]]] }
,{"type": "uncraft", "result": "reloaded_45_jhp"           , "components": [ [["lead",  7]], [["45_casing"    , 1]], [["lgpistol_primer", 1]], [["gunpowder",   5]], [["copper",  7]]                         ], "skill_used": "gun", "difficulty": 5, "time": 500, "flags": ["UNCRAFT_SINGLE_CHARGE" ], "tools": [[["puller",-1]]] }
,{"type": "uncraft", "result": "reloaded_45_super"         , "components": [ [["lead", 10]], [["45_casing"    , 1]], [["lgpistol_primer", 1]], [["gunpowder",   6]]                                           ], "skill_used": "gun", "difficulty": 5, "time": 500, "flags": ["UNCRAFT_SINGLE_CHARGE" ], "tools": [[["puller",-1]]] }
,{"type": "uncraft", "result": "reloaded_454_Casull"       , "components": [ [["lead", 20]], [["454_casing"   , 1]], [["smrifle_primer" , 1]], [["gunpowder",  10]], [["copper", 20]]                         ], "skill_used": "gun", "difficulty": 5, "time": 500, "flags": ["UNCRAFT_SINGLE_CHARGE" ], "tools": [[["puller",-1]]] }
,{"type": "uncraft", "result": "reloaded_46mm"             , "components": [ [["lead",  2]], [["46mm_casing"  , 1]], [["smpistol_primer", 1]], [["gunpowder",   2]]                                           ], "skill_used": "gun", "difficulty": 5, "time": 500, "flags": ["UNCRAFT_SINGLE_CHARGE" ], "tools": [[["puller",-1]]] }
,{"type": "uncraft", "result": "reloaded_50_incendiary"    , "components": [ [["lead", 20]], [["50_casing"    , 1]], [["lgrifle_primer" , 1]], [["gunpowder",  50]], [["copper", 27]], [["incendiary",   30]] ], "skill_used": "gun", "difficulty": 5, "time": 500, "flags": ["UNCRAFT_SINGLE_CHARGE" ], "tools": [[["puller",-1]]] }
,{"type": "uncraft", "result": "reloaded_500_Magnum"       , "components": [ [["lead", 24]], [["500_casing"   , 1]], [["lgpistol_primer", 1]], [["gunpowder",  12]], [["copper", 24]]                         ], "skill_used": "gun", "difficulty": 5, "time": 500, "flags": ["UNCRAFT_SINGLE_CHARGE" ], "tools": [[["puller",-1]]] }
,{"type": "uncraft", "result": "reloaded_50bmg"            , "components": [ [["lead", 12]], [["50_casing"    , 1]], [["lgrifle_primer" , 1]], [["gunpowder",  16]], [["copper",  9]]                         ], "skill_used": "gun", "difficulty": 5, "time": 500, "flags": ["UNCRAFT_SINGLE_CHARGE" ], "tools": [[["puller",-1]]] }
,{"type": "uncraft", "result": "reloaded_50ss"             , "components": [                 [["50_casing"    , 1]], [["lgrifle_primer" , 1]], [["gunpowder",  50]], [["copper", 27]], [["combatnail",    5]] ], "skill_used": "gun", "difficulty": 5, "time": 500, "flags": ["UNCRAFT_SINGLE_CHARGE" ], "tools": [[["puller",-1]]] }
,{"type": "uncraft", "result": "reloaded_545"              , "components": [ [["lead",  2]], [["545_casing"   , 1]], [["smrifle_primer" , 1]], [["gunpowder",   2]], [["copper",  2]]                         ], "skill_used": "gun", "difficulty": 5, "time": 500, "flags": ["UNCRAFT_SINGLE_CHARGE" ], "tools": [[["puller",-1]]] }
,{"type": "uncraft", "result": "reloaded_545_ap"           , "components": [ [["lead",  3]], [["545_casing"   , 1]], [["smrifle_primer" , 1]], [["gunpowder",   2]], [["copper",  3]]                         ], "skill_used": "gun", "difficulty": 5, "time": 500, "flags": ["UNCRAFT_SINGLE_CHARGE" ], "tools": [[["puller",-1]]] }
,{"type": "uncraft", "result": "reloaded_556"              , "components": [ [["lead",  2]], [["223_casing"   , 1]], [["smrifle_primer" , 1]], [["gunpowder",   3]], [["copper",  2]]                         ], "skill_used": "gun", "difficulty": 5, "time": 500, "flags": ["UNCRAFT_SINGLE_CHARGE" ], "tools": [[["puller",-1]]] }
,{"type": "uncraft", "result": "reloaded_556_incendiary"   , "components": [                 [["223_casing"   , 1]], [["smrifle_primer" , 1]], [["gunpowder",   3]], [["copper",  2]], [["incendiary",    2]] ], "skill_used": "gun", "difficulty": 5, "time": 500, "flags": ["UNCRAFT_SINGLE_CHARGE" ], "tools": [[["puller",-1]]] }
,{"type": "uncraft", "result": "reloaded_57mm"             , "components": [ [["lead",  2]], [["57mm_casing"  , 1]], [["smrifle_primer" , 1]], [["gunpowder",   2]]                                           ], "skill_used": "gun", "difficulty": 5, "time": 500, "flags": ["UNCRAFT_SINGLE_CHARGE" ], "tools": [[["puller",-1]]] }
,{"type": "uncraft", "result": "reloaded_5x50dart"         , "components": [ [["lead",  2]], [["5x50_hull"    , 1]], [["smrifle_primer" , 1]], [["gunpowder",   1]]                                           ], "skill_used": "gun", "difficulty": 5, "time": 500, "flags": ["UNCRAFT_SINGLE_CHARGE" ], "tools": [[["puller",-1]]] }
,{"type": "uncraft", "result": "reloaded_700nx"            , "components": [ [["lead", 14]], [["700nx_casing" , 1]], [["lgrifle_primer" , 1]], [["gunpowder",  19]], [["copper",  9]]                         ], "skill_used": "gun", "difficulty": 5, "time": 500, "flags": ["UNCRAFT_SINGLE_CHARGE" ], "tools": [[["puller",-1]]] }
,{"type": "uncraft", "result": "reloaded_762_51"           , "components": [ [["lead",  6]], [["308_casing"   , 1]], [["lgrifle_primer" , 1]], [["gunpowder",   5]], [["copper",  6]]                         ], "skill_used": "gun", "difficulty": 5, "time": 500, "flags": ["UNCRAFT_SINGLE_CHARGE" ], "tools": [[["puller",-1]]] }
,{"type": "uncraft", "result": "reloaded_762_51_incendiary", "components": [                 [["308_casing"   , 1]], [["lgrifle_primer" , 1]], [["gunpowder",   5]], [["copper",  6]], [["incendiary",    6]] ], "skill_used": "gun", "difficulty": 5, "time": 500, "flags": ["UNCRAFT_SINGLE_CHARGE" ], "tools": [[["puller",-1]]] }
,{"type": "uncraft", "result": "reloaded_762_54R"          , "components": [ [["lead",  3]], [["762_casing"   , 1]], [["lgrifle_primer" , 1]], [["gunpowder",   4]], [["copper", 10]]                         ], "skill_used": "gun", "difficulty": 5, "time": 500, "flags": ["UNCRAFT_SINGLE_CHARGE" ], "tools": [[["puller",-1]]] }
,{"type": "uncraft", "result": "reloaded_762_m43"          , "components": [ [["lead",  5]], [["762_casing"   , 1]], [["lgrifle_primer" , 1]], [["gunpowder",   3]], [["copper",  5]]                         ], "skill_used": "gun", "difficulty": 5, "time": 500, "flags": ["UNCRAFT_SINGLE_CHARGE" ], "tools": [[["puller",-1]]] }
,{"type": "uncraft", "result": "reloaded_762_m87"          , "components": [ [["lead",  5]], [["762_casing"   , 1]], [["lgrifle_primer" , 1]], [["gunpowder",   4]], [["copper",  5]]                         ], "skill_used": "gun", "difficulty": 5, "time": 500, "flags": ["UNCRAFT_SINGLE_CHARGE" ], "tools": [[["puller",-1]]] }
,{"type": "uncraft", "result": "reloaded_9mm"              , "components": [ [["lead",  4]], [["9mm_casing"   , 1]], [["smpistol_primer", 1]], [["gunpowder",   2]]                                           ], "skill_used": "gun", "difficulty": 5, "time": 500, "flags": ["UNCRAFT_SINGLE_CHARGE" ], "tools": [[["puller",-1]]] }
,{"type": "uncraft", "result": "reloaded_9mmfmj"           , "components": [ [["lead",  4]], [["9mm_casing"   , 1]], [["smpistol_primer", 1]], [["gunpowder",   3]], [["copper",  4]]                         ], "skill_used": "gun", "difficulty": 5, "time": 500, "flags": ["UNCRAFT_SINGLE_CHARGE" ], "tools": [[["puller",-1]]] }
,{"type": "uncraft", "result": "reloaded_9mmP"             , "components": [ [["lead",  4]], [["9mm_casing"   , 1]], [["smpistol_primer", 1]], [["gunpowder",   2]]                                           ], "skill_used": "gun", "difficulty": 5, "time": 500, "flags": ["UNCRAFT_SINGLE_CHARGE" ], "tools": [[["puller",-1]]] }
,{"type": "uncraft", "result": "reloaded_9mmP2"            , "components": [ [["lead",  4]], [["9mm_casing"   , 1]], [["smpistol_primer", 1]], [["gunpowder",   3]]                                           ], "skill_used": "gun", "difficulty": 5, "time": 500, "flags": ["UNCRAFT_SINGLE_CHARGE" ], "tools": [[["puller",-1]]] }
,{"type": "uncraft", "result": "reloaded_9x18mm"           , "components": [ [["lead",  4]], [["9x18mm_casing", 1]], [["smpistol_primer", 1]], [["gunpowder",   1]]                                           ], "skill_used": "gun", "difficulty": 5, "time": 500, "flags": ["UNCRAFT_SINGLE_CHARGE" ], "tools": [[["puller",-1]]] }
,{"type": "uncraft", "result": "reloaded_9x18mmfmj"        , "components": [ [["lead",  4]], [["9x18mm_casing", 1]], [["smpistol_primer", 1]], [["gunpowder",   1]], [["copper",  2]]                         ], "skill_used": "gun", "difficulty": 5, "time": 500, "flags": ["UNCRAFT_SINGLE_CHARGE" ], "tools": [[["puller",-1]]] }
,{"type": "uncraft", "result": "reloaded_9x18mmP2"         , "components": [ [["lead",  4]], [["9x18mm_casing", 1]], [["smpistol_primer", 1]], [["gunpowder",   2]]                                           ], "skill_used": "gun", "difficulty": 5, "time": 500, "flags": ["UNCRAFT_SINGLE_CHARGE" ], "tools": [[["puller",-1]]] }
,{"type": "uncraft", "result": "reloaded_laser_pack"       , "components": [                                                                                                           [["plut_cell"  ,   1]] ], "skill_used": "gun", "difficulty": 5, "time": 500, "flags": ["UNCRAFT_SINGLE_CHARGE" ]                             }
,{"type": "uncraft", "result": "reloaded_shot_00"          , "components": [ [["lead", 16]], [["shot_hull"    , 1]], [["shotgun_primer" , 1]], [["gunpowder",  10]]                                           ], "skill_used": "gun", "difficulty": 5, "time": 500, "flags": ["UNCRAFT_SINGLE_CHARGE" ], "tools": [[["puller",-1]]] }
,{"type": "uncraft", "result": "reloaded_shot_bird"        , "components": [ [["lead", 16]], [["shot_hull"    , 1]], [["shotgun_primer" , 1]], [["gunpowder",   6]]                                           ], "skill_used": "gun", "difficulty": 5, "time": 500, "flags": ["UNCRAFT_SINGLE_CHARGE" ], "tools": [[["puller",-1]]] }
,{"type": "uncraft", "result": "reloaded_shot_flechette"   , "components": [                 [["shot_hull"    , 1]], [["shotgun_primer" , 1]], [["gunpowder",  10]],                   [["combatnail",    8]] ], "skill_used": "gun", "difficulty": 5, "time": 500, "flags": ["UNCRAFT_SINGLE_CHARGE" ], "tools": [[["puller",-1]]] }
,{"type": "uncraft", "result": "reloaded_shot_slug"        , "components": [ [["lead", 16]], [["shot_hull"    , 1]], [["shotgun_primer" , 1]], [["gunpowder",  10]]                                           ], "skill_used": "gun", "difficulty": 5, "time": 500, "flags": ["UNCRAFT_SINGLE_CHARGE" ], "tools": [[["puller",-1]]] }
]
