[
    {
        "type" : "overmap_special",
        "id" : "factory",
        "overmaps" :
        [
            { "point":[0,0,0], "overmap": "factory_tlc_north"},
            { "point":[1,0,0], "overmap": "factory_te_north"},
            { "point":[2,0,0], "overmap": "factory_te_north"},
            { "point":[3,0,0], "overmap": "factory_te_north"},
            { "point":[4,0,0], "overmap": "factory_trc_north"},

            { "point":[0,1,0], "overmap": "factory_le_north"},
            { "point":[1,1,0], "overmap": "factory_mid_north"},
            { "point":[2,1,0], "overmap": "factory_mid_north"},
            { "point":[3,1,0], "overmap": "factory_mid_north"},
            { "point":[4,1,0], "overmap": "factory_re_north"},

            { "point":[0,2,0], "overmap": "factory_le_north"},
            { "point":[1,2,0], "overmap": "factory_mid_north"},
            { "point":[2,2,0], "overmap": "factory_mid_north"},
            { "point":[3,2,0], "overmap": "factory_mid_north"},
            { "point":[4,2,0], "overmap": "factory_re_north"},

            { "point":[0,3,0], "overmap": "factory_le_north"},
            { "point":[1,3,0], "overmap": "factory_mid_north"},
            { "point":[2,3,0], "overmap": "factory_mid_north"},
            { "point":[3,3,0], "overmap": "factory_mid_north"},
            { "point":[4,3,0], "overmap": "factory_re_north"},

            { "point":[0,4,0], "overmap": "factory_blc_north"},
            { "point":[1,4,0], "overmap": "factory_be_north"},
            { "point":[2,4,0], "overmap": "factory_be_gate_north"},
            { "point":[3,4,0], "overmap": "factory_be_north"},
            { "point":[4,4,0], "overmap": "factory_brc_north"}
        ],
        "connections" : [
            { "point" : [2,5,0], "terrain" : "road" }
        ],
        "locations" : [ "wilderness" ],
        "city_distance" : [35, -1],
        "city_sizes" : [1, 20],
        "occurrences" : [0, 1],
        "rotate" : true
    },
    {
        "type" : "overmap_special",
        "id" : "mil_outpost",
        "overmaps" :
        [
            { "point":[0,0,0], "overmap": "mil_outpost_ytlc_north"},
            { "point":[1,0,0], "overmap": "mil_outpost_yte_north"},
            { "point":[2,0,0], "overmap": "mil_outpost_yte_north"},
            { "point":[3,0,0], "overmap": "mil_outpost_yte_north"},
            { "point":[4,0,0], "overmap": "mil_outpost_ytrc_north"},

            { "point":[0,1,0], "overmap": "mil_outpost_yle_north"},
            { "point":[1,1,0], "overmap": "mil_outpost_1tlc_north"},
            { "point":[2,1,0], "overmap": "mil_outpost_1te_north"},
            { "point":[3,1,0], "overmap": "mil_outpost_1trc_north"},
            { "point":[4,1,0], "overmap": "mil_outpost_yre_north"},

            { "point":[0,2,0], "overmap": "mil_outpost_yle_north"},
            { "point":[1,2,0], "overmap": "mil_outpost_1le_north"},
            { "point":[2,2,0], "overmap": "mil_outpost_1mid_north"},
            { "point":[3,2,0], "overmap": "mil_outpost_1re_north"},
            { "point":[4,2,0], "overmap": "mil_outpost_yre_north"},

            { "point":[0,3,0], "overmap": "mil_outpost_yle_north"},
            { "point":[1,3,0], "overmap": "mil_outpost_1blc_north"},
            { "point":[2,3,0], "overmap": "mil_outpost_1be_north"},
            { "point":[3,3,0], "overmap": "mil_outpost_1brc_north"},
            { "point":[4,3,0], "overmap": "mil_outpost_yre_north"},

            { "point":[0,4,0], "overmap": "mil_outpost_yblc_north"},
            { "point":[1,4,0], "overmap": "mil_outpost_ybe_north"},
            { "point":[2,4,0], "overmap": "mil_outpost_ybe_gate_north"},
            { "point":[3,4,0], "overmap": "mil_outpost_ybe_north"},
            { "point":[4,4,0], "overmap": "mil_outpost_ybrc_north"},
            
            { "point":[1,1,1], "overmap": "mil_outpost_2tlc_north"},
            { "point":[2,1,1], "overmap": "mil_outpost_2te_north"},
            { "point":[3,1,1], "overmap": "mil_outpost_2trc_north"},

            { "point":[1,2,1], "overmap": "mil_outpost_2le_north"},
            { "point":[3,2,1], "overmap": "mil_outpost_2re_north"},

            { "point":[1,3,1], "overmap": "mil_outpost_2blc_north"},
            { "point":[2,3,1], "overmap": "mil_outpost_2be_north"},
            { "point":[3,3,1], "overmap": "mil_outpost_2brc_north"},
            
            { "point":[1,1,2], "overmap": "mil_outpost_3c_north"},
            { "point":[3,1,2], "overmap": "mil_outpost_3c_north"},
            { "point":[1,3,2], "overmap": "mil_outpost_3c_north"},
            { "point":[3,3,2], "overmap": "mil_outpost_3c_north"},
            
            { "point":[1,1,-1], "overmap": "mil_outpost_utlc_north"},
            { "point":[2,1,-1], "overmap": "mil_outpost_ute_north"},
            { "point":[3,1,-1], "overmap": "mil_outpost_utrc_north"},

            { "point":[1,2,-1], "overmap": "mil_outpost_ule_north"},
            { "point":[2,2,-1], "overmap": "mil_outpost_umid_north"},
            { "point":[3,2,-1], "overmap": "mil_outpost_ure_north"},

            { "point":[1,3,-1], "overmap": "mil_outpost_ublc_north"},
            { "point":[2,3,-1], "overmap": "mil_outpost_ube_north"},
            { "point":[3,3,-1], "overmap": "mil_outpost_ubrc_north"},
            
            { "point":[1,1,-2], "overmap": "mil_outpost_utlc_north"},
            { "point":[2,1,-2], "overmap": "mil_outpost_ute_north"},
            { "point":[3,1,-2], "overmap": "mil_outpost_utrc_north"},

            { "point":[1,2,-2], "overmap": "mil_outpost_ule_north"},
            { "point":[2,2,-2], "overmap": "mil_outpost_umid_north"},
            { "point":[3,2,-2], "overmap": "mil_outpost_ure_north"},

            { "point":[1,3,-2], "overmap": "mil_outpost_ublc_north"},
            { "point":[2,3,-2], "overmap": "mil_outpost_ube_north"},
            { "point":[3,3,-2], "overmap": "mil_outpost_ubrc_north"},
            
            { "point":[1,1,-3], "overmap": "mil_outpost_utlc_north"},
            { "point":[2,1,-3], "overmap": "mil_outpost_ute_north"},
            { "point":[3,1,-3], "overmap": "mil_outpost_utrc_north"},

            { "point":[1,2,-3], "overmap": "mil_outpost_ule_north"},
            { "point":[2,2,-3], "overmap": "mil_outpost_umid_north"},
            { "point":[3,2,-3], "overmap": "mil_outpost_ure_north"},

            { "point":[1,3,-3], "overmap": "mil_outpost_ublc_north"},
            { "point":[2,3,-3], "overmap": "mil_outpost_ube_north"},
            { "point":[3,3,-3], "overmap": "mil_outpost_ubrc_north"},
            
            { "point":[1,1,-4], "overmap": "mil_outpost_utlc_north"},
            { "point":[2,1,-4], "overmap": "mil_outpost_ute_north"},
            { "point":[3,1,-4], "overmap": "mil_outpost_utrc_north"},

            { "point":[1,2,-4], "overmap": "mil_outpost_ule_north"},
            { "point":[2,2,-4], "overmap": "mil_outpost_umid_finale_north"},
            { "point":[3,2,-4], "overmap": "mil_outpost_ure_north"},

            { "point":[1,3,-4], "overmap": "mil_outpost_ublc_north"},
            { "point":[2,3,-4], "overmap": "mil_outpost_ube_north"},
            { "point":[3,3,-4], "overmap": "mil_outpost_ubrc_north"}
        ],
        "connections" : [
            { "point" : [2,5,0], "terrain" : "road" }
        ],
        "locations" : [ "wilderness" ],
        "city_distance" : [35, -1],
        "city_sizes" : [1, 20],
        "occurrences" : [0, 1],
        "rotate" : true
    },
    {
        "type" : "overmap_special",
        "id" : "3storyA",
        "overmaps" :
        [
            { "point":[0,0,0], "overmap": "3storyA_first_north" },
            { "point":[0,0,1], "overmap": "3storyA_second_north" },
            { "point":[0,0,2], "overmap": "3storyA_third_north" },
            { "point":[0,0,3], "overmap": "3storyA_roof_north" },
            { "point":[0,0,-1], "overmap": "3storyA_basement_north" }
        ],
        "connections" : [
            { "point" : [0,-1,0], "terrain" : "road", "existing" : true }
        ],
        "locations" : [ "land" ],
        "city_distance" : [-1, 14],
        "city_sizes" : [1, 20],
        "occurrences" : [0, 1],
        "rotate" : true,
        "flags" : [ "CLASSIC" ]
     },{
        "type" : "overmap_special",
        "id" : "3storyB",
        "overmaps" :
        [
            { "point":[0,0,0], "overmap": "3storyB_first_north" },
            { "point":[0,0,1], "overmap": "3storyB_second_north" },
            { "point":[0,0,2], "overmap": "3storyB_third_north" },
            { "point":[0,0,3], "overmap": "3storyB_roof_north" },
            { "point":[0,0,-1], "overmap": "3storyB_basement_north" }
        ],
        "connections" : [
            { "point" : [0,-1,0], "terrain" : "road", "existing" : true }
        ],
        "locations" : [ "land" ],
        "city_distance" : [-1, 14],
        "city_sizes" : [1, 20],
        "occurrences" : [0, 1],
        "rotate" : true,
        "flags" : [ "CLASSIC" ]
    },{
        "type" : "overmap_special",
        "id" : "3storyC",
        "overmaps" :
        [
            { "point":[0,0,0], "overmap": "3storyC_first_north" },
            { "point":[0,0,1], "overmap": "3storyC_second_north" },
            { "point":[0,0,2], "overmap": "3storyC_third_north" },
            { "point":[0,0,3], "overmap": "3storyC_roof_north" },
            { "point":[0,0,-1], "overmap": "3storyC_basement_north" }
        ],
        "connections" : [
            { "point" : [0,-1,0], "terrain" : "road", "existing" : true }
        ],
        "locations" : [ "land" ],
        "city_distance" : [-1, 14],
        "city_sizes" : [1, 20],
        "occurrences" : [0, 1],
        "rotate" : true,
        "flags" : [ "CLASSIC" ]
    },{
        "type" : "overmap_special",
        "id" : "3storyD",
        "overmaps" :
        [
            { "point":[0,0,0], "overmap": "3storyD_first_north" },
            { "point":[0,0,1], "overmap": "3storyD_second_north" },
            { "point":[0,0,2], "overmap": "3storyD_third_north" },
            { "point":[0,0,3], "overmap": "3storyD_roof_north" },
            { "point":[0,0,-1], "overmap": "3storyD_basement_north" }
        ],
        "connections" : [
            { "point" : [0,-1,0], "terrain" : "road", "existing" : true }
        ],
        "locations" : [ "land" ],
        "city_distance" : [-1, 14],
        "city_sizes" : [1, 20],
        "occurrences" : [0, 1],
        "rotate" : true,
        "flags" : [ "CLASSIC" ]
    },{
        "type" : "overmap_special",
        "id" : "3storyE",
        "overmaps" :
        [
            { "point":[0,0,0], "overmap": "3storyE_first_north" },
            { "point":[0,0,1], "overmap": "3storyE_second_north" },
            { "point":[0,0,2], "overmap": "3storyE_third_north" },
            { "point":[0,0,3], "overmap": "3storyE_roof_north" },
            { "point":[0,0,-1], "overmap": "3storyE_basement_north" }
        ],
        "connections" : [
            { "point" : [0,-1,0], "terrain" : "road", "existing" : true }
        ],
        "locations" : [ "land" ],
        "city_distance" : [-1, 14],
        "city_sizes" : [1, 20],
        "occurrences" : [0, 1],
        "rotate" : true,
        "flags" : [ "CLASSIC" ]
    },{
        "type" : "overmap_special",
        "id" : "3storyF",
        "overmaps" :
        [
            { "point":[0,0,0], "overmap": "3storyF_first_north" },
            { "point":[0,0,1], "overmap": "3storyF_second_north" },
            { "point":[0,0,2], "overmap": "3storyF_third_north" },
            { "point":[0,0,3], "overmap": "3storyF_roof_north" },
            { "point":[0,0,-1], "overmap": "3storyF_basement_north" }
        ],
        "connections" : [
            { "point" : [0,-1,0], "terrain" : "road", "existing" : true }
        ],
        "locations" : [ "land" ],
        "city_distance" : [-1, 14],
        "city_sizes" : [1, 20],
        "occurrences" : [0, 1],
        "rotate" : true,
        "flags" : [ "CLASSIC" ]
    },{
        "type" : "overmap_special",
        "id" : "2storyA",
        "overmaps" :
        [
            { "point":[0,0,0], "overmap": "2storyA_first_north" },
            { "point":[0,0,1], "overmap": "2storyA_second_north" },
            { "point":[0,0,2], "overmap": "2storyA_roof_north" },
            { "point":[0,0,-1], "overmap": "2storyA_basement_north" }
        ],
        "connections" : [
            { "point" : [0,-1,0], "terrain" : "road", "existing" : true }
        ],
        "locations" : [ "land" ],
        "city_distance" : [-1, 14],
        "city_sizes" : [1, 20],
        "occurrences" : [0, 1],
        "rotate" : true,
        "flags" : [ "CLASSIC" ]
     },{
        "type" : "overmap_special",
        "id" : "2storyB",
        "overmaps" :
        [
            { "point":[0,0,0], "overmap": "2storyB_first_north" },
            { "point":[0,0,1], "overmap": "2storyB_second_north" },
            { "point":[0,0,2], "overmap": "2storyB_roof_north" },
            { "point":[0,0,-1], "overmap": "2storyB_basement_north" }
        ],
        "connections" : [
            { "point" : [0,-1,0], "terrain" : "road", "existing" : true }
        ],
        "locations" : [ "land" ],
        "city_distance" : [-1, 14],
        "city_sizes" : [1, 20],
        "occurrences" : [0, 1],
        "rotate" : true,
        "flags" : [ "CLASSIC" ]
    },{
        "type" : "overmap_special",
        "id" : "2storyC",
        "overmaps" :
        [
            { "point":[0,0,0], "overmap": "2storyC_first_north" },
            { "point":[0,0,1], "overmap": "2storyC_second_north" },
            { "point":[0,0,2], "overmap": "2storyC_roof_north" },
            { "point":[0,0,-1], "overmap": "2storyC_basement_north" }
        ],
        "connections" : [
            { "point" : [0,-1,0], "terrain" : "road", "existing" : true }
        ],
        "locations" : [ "land" ],
        "city_distance" : [-1, 14],
        "city_sizes" : [1, 20],
        "occurrences" : [0, 1],
        "rotate" : true,
        "flags" : [ "CLASSIC" ]
    },{
        "type" : "overmap_special",
        "id" : "2storyD",
        "overmaps" :
        [
            { "point":[0,0,0], "overmap": "2storyD_first_north" },
            { "point":[0,0,1], "overmap": "2storyD_second_north" },
            { "point":[0,0,2], "overmap": "2storyD_roof_north" },
            { "point":[0,0,-1], "overmap": "2storyD_basement_north" }
        ],
        "connections" : [
            { "point" : [0,-1,0], "terrain" : "road", "existing" : true }
        ],
        "locations" : [ "land" ],
        "city_distance" : [-1, 14],
        "city_sizes" : [1, 20],
        "occurrences" : [0, 1],
        "rotate" : true,
        "flags" : [ "CLASSIC" ]
    },{
        "type" : "overmap_special",
        "id" : "2storyE",
        "overmaps" :
        [
            { "point":[0,0,0], "overmap": "2storyE_first_north" },
            { "point":[0,0,1], "overmap": "2storyE_second_north" },
            { "point":[0,0,2], "overmap": "2storyE_roof_north" },
            { "point":[0,0,-1], "overmap": "2storyE_basement_north" }
        ],
        "connections" : [
            { "point" : [0,-1,0], "terrain" : "road", "existing" : true }
        ],
        "locations" : [ "land" ],
        "city_distance" : [-1, 14],
        "city_sizes" : [1, 20],
        "occurrences" : [0, 1],
        "rotate" : true,
        "flags" : [ "CLASSIC" ]
    },{
        "type" : "overmap_special",
        "id" : "2storyF",
        "overmaps" :
        [
            { "point":[0,0,0], "overmap": "2storyF_first_north" },
            { "point":[0,0,1], "overmap": "2storyF_second_north" },
            { "point":[0,0,2], "overmap": "2storyF_roof_north" },
            { "point":[0,0,-1], "overmap": "2storyF_basement_north" }
        ],
        "connections" : [
            { "point" : [0,-1,0], "terrain" : "road", "existing" : true }
        ],
        "locations" : [ "land" ],
        "city_distance" : [-1, 14],
        "city_sizes" : [1, 20],
        "occurrences" : [0, 1],
        "rotate" : true,
        "flags" : [ "CLASSIC" ]
    },{
        "type" : "overmap_special",
        "id" : "combohouseA",
        "overmaps" :
        [
            { "point":[0,0,0], "overmap": "combohouseA_first_north"},
            { "point":[1,0,0], "overmap": "combogarageA_first_north" },
            { "point":[0,0,1], "overmap": "combohouseA_second_north" },
            { "point":[1,0,1], "overmap": "combogarageA_second_north" },
            { "point":[0,0,2], "overmap": "combohouseA_roof_north" },
            { "point":[1,0,2], "overmap": "combogarageA_roof_north" },
            { "point":[0,0,-1], "overmap": "combohouseA_basement_north" }
        ],
        "connections" : [
            { "point" : [1,-1,0], "terrain" : "road", "existing" : true }
        ],
        "locations" : [ "land" ],
        "city_distance" : [-1, 14],
        "city_sizes" : [1, 20],
        "occurrences" : [0, 1],
        "rotate" : true,
        "flags" : [ "CLASSIC" ]
    },{
        "type" : "overmap_special",
        "id" : "combohouseB",
        "overmaps" :
        [
            { "point":[0,0,0], "overmap": "combohouseB_first_north"},
            { "point":[1,0,0], "overmap": "combogarageB_first_north" },
            { "point":[0,0,1], "overmap": "combohouseB_second_north" },
            { "point":[1,0,1], "overmap": "combogarageB_second_north" },
            { "point":[0,0,2], "overmap": "combohouseB_roof_north" },
            { "point":[1,0,2], "overmap": "combogarageB_roof_north" },
            { "point":[0,0,-1], "overmap": "combohouseB_basement_north" }
        ],
        "connections" : [
            { "point" : [1,-1,0], "terrain" : "road", "existing" : true }
        ],
        "locations" : [ "land" ],
        "city_distance" : [-1, 14],
        "city_sizes" : [1, 20],
        "occurrences" : [0, 1],
        "rotate" : true,
        "flags" : [ "CLASSIC" ]
    },{
        "type" : "overmap_special",
        "id" : "combohouseC",
        "overmaps" :
        [
            { "point":[0,0,0], "overmap": "combohouseC_first_north"},
            { "point":[1,0,0], "overmap": "combogarageC_first_north" },
            { "point":[0,0,1], "overmap": "combohouseC_second_north" },
            { "point":[1,0,1], "overmap": "combogarageC_second_north" },
            { "point":[0,0,2], "overmap": "combohouseC_roof_north" },
            { "point":[1,0,2], "overmap": "combogarageC_roof_north" },
            { "point":[0,0,-1], "overmap": "combohouseC_basement_north" }
        ],
        "connections" : [
            { "point" : [1,-1,0], "terrain" : "road", "existing" : true }
        ],
        "locations" : [ "land" ],
        "city_distance" : [-1, 14],
        "city_sizes" : [1, 20],
        "occurrences" : [0, 1],
        "rotate" : true,
        "flags" : [ "CLASSIC" ]
    },{
        "type" : "overmap_special",
        "id" : "combohouseA_far",
        "overmaps" :
        [
            { "point":[0,0,0], "overmap": "combohouseA_first_north"},
            { "point":[1,0,0], "overmap": "combogarageA_first_north" },
            { "point":[0,0,1], "overmap": "combohouseA_second_north" },
            { "point":[1,0,1], "overmap": "combogarageA_second_north" },
            { "point":[0,0,2], "overmap": "combohouseA_roof_north" },
            { "point":[1,0,2], "overmap": "combogarageA_roof_north" },
            { "point":[0,0,-1], "overmap": "combohouseA_basement_north" }
        ],
        "connections" : [
            { "point" : [1,-1,0], "terrain" : "road", "existing" : true }
        ],
        "locations" : [ "wilderness" ],
        "city_distance" : [10, -1],
        "city_sizes" : [1, 20],
        "occurrences" : [0, 1],
        "rotate" : true,
        "flags" : [ "CLASSIC" ]
    },{
        "type" : "overmap_special",
        "id" : "combohouseB_far",
        "overmaps" :
        [
            { "point":[0,0,0], "overmap": "combohouseB_first_north"},
            { "point":[1,0,0], "overmap": "combogarageB_first_north" },
            { "point":[0,0,1], "overmap": "combohouseB_second_north" },
            { "point":[1,0,1], "overmap": "combogarageB_second_north" },
            { "point":[0,0,2], "overmap": "combohouseB_roof_north" },
            { "point":[1,0,2], "overmap": "combogarageB_roof_north" },
            { "point":[0,0,-1], "overmap": "combohouseB_basement_north" }
        ],
        "connections" : [
            { "point" : [1,-1,0], "terrain" : "road", "existing" : true }
        ],
        "locations" : [ "wilderness" ],
        "city_distance" : [10, -1],
        "city_sizes" : [1, 20],
        "occurrences" : [0, 1],
        "rotate" : true,
        "flags" : [ "CLASSIC" ]
    },{
        "type" : "overmap_special",
        "id" : "combohouseC_far",
        "overmaps" :
        [
            { "point":[0,0,0], "overmap": "combohouseC_first_north"},
            { "point":[1,0,0], "overmap": "combogarageC_first_north" },
            { "point":[0,0,1], "overmap": "combohouseC_second_north" },
            { "point":[1,0,1], "overmap": "combogarageC_second_north" },
            { "point":[0,0,2], "overmap": "combohouseC_roof_north" },
            { "point":[1,0,2], "overmap": "combogarageC_roof_north" },
            { "point":[0,0,-1], "overmap": "combohouseC_basement_north" }
        ],
        "connections" : [
            { "point" : [1,-1,0], "terrain" : "road", "existing" : true }
        ],
        "locations" : [ "wilderness" ],
        "city_distance" : [10, -1],
        "city_sizes" : [1, 20],
        "occurrences" : [0, 1],
        "rotate" : true,
        "flags" : [ "CLASSIC" ]
    }
]
