[
    {
        "type" : "mapgen",
        "om_terrain" : ["bank"],
        "method": "json",
        "weight": 200,
        "object": {
            "fill_ter": "t_dirt",
            "rows": [
                "___m___m__MMMM___m______",
                "_________MMMMMM_____m___",
                "____m___MMMmmMMM________",
                "_m_____MMMmmmmMMM_m_____",
                "______MMMmmmmmmMMM___m__",
                "__m__MMMmmm]]mmmMMM_____",
                "____MMMmmm]]]]mmmMMM___m",
                "___MMMmmm]]]]]]mmmMMM___",
                "__MMMmmm]]]]]]]]mmmMMM__",
                "_MMMmmm]]]]]]]]]]mmmMMM_",
                "MMMmmm]]]]]]]]]]]]mmmMMM",
                "MMmmm]]]]]]]]]]]]]]mmmMM",
                "MMmmm]]]]]]]]]]]]]]mmmMM",
                "MMMmmm]]]]]]]]]]]]mmmMMM",
                "_MMMmmm]]]]]]]]]]mmmMMM_",
                "__MMMmmm]]]]]]]]mmmMMM__",
                "_m_MMMmmm]]]]]]mmmMMM___",
                "____MMMmmm]]]]mmmMMM__m_",
                "_m___MMMmmm]]mmmMMM_____",
                "____m_MMMmmmmmmMMM__m___",
                "__m____MMMmmmmMMM_______",
                "________MMMmmMMM_m__m___",
                "____m____MMMMMM_________",
                "_______m__MMMM___m______"
            ],
            "place_items": [
                { "item": "building_rubble", "chance": 65, "x": [ 1,22 ], "y": [ 1,22 ], "repeat": [ 2,10 ]}
            ],
            "terrain": {
                "_": ["t_dirt", "t_dirt", "t_dirt", "t_grass", "t_pavement", "t_dirt", "t_dirt", "t_dirt", "t_grass", "t_rock", "t_dirt", "t_dirt", "t_dirt", "t_grass", "t_dirtmound", "t_dirt", "t_dirt", "t_dirt", "t_grass", "t_sidewalk", "t_dirt", "t_dirt", "t_dirt", "t_grass", "t_sand"],
                "M": ["t_dirt", "t_dirt", "t_dirt", "t_rock", "t_pavement", "t_dirt", "t_dirt", "t_dirt", "t_rock", "t_pavement", "t_dirt", "t_dirt", "t_dirt", "t_dirtmound", "t_sidewalk", "t_dirt", "t_dirt", "t_dirt", "t_dirtmound", "t_sidewalk", "t_dirt", "t_dirt", "t_dirt", "t_sand", "t_sand"],
                "m": [ "t_dirtmound", "t_dirtmound", "t_dirtmound", "t_dirtmound", "t_dirt"],
                "]": "t_rock_floor"
            },
            "furniture": {
                "]": "f_ash",
                "m": ["f_rubble", "f_rubble", "f_rubble", "f_rubble", "f_wreckage", "f_rubble", "f_rubble", "f_rubble", "f_rubble", "f_rubble_rock", "f_rubble", "f_rubble", "f_rubble", "f_rubble", "f_rubble_rock", "f_rubble", "f_rubble", "f_rubble", "f_rubble", "f_ash", "f_rubble", "f_rubble", "f_rubble", "f_rubble", "f_ash"]
            },
            "place_monsters": [
                { "monster": "GROUP_ZOMBIE", "x": [ 1,22 ], "y": [ 1,22 ], "chance": 15, "repeat": [ 1,3 ]},
                { "monster": "GROUP_MAYBE_ZOMBIE", "x": [ 1,22 ], "y": [ 1,22 ], "chance": 5, "repeat": [ 1,2 ]}
            ]
        }
    },
    {
        "type" : "mapgen",
        "om_terrain" : ["bank"],
        "method": "json",
        "weight": 100,
        "object": {
            "fill_ter": "t_dirt",
            "rows": [
                "______m__MMMM_m_________",
                "________MMmmMM___m______",
                "____m__MMmmmmMM_________",
                "______MMmm]]mmMM__m_____",
                "_____MMmm]]]]mmMM_______",
                "____MMmm]]]]]]mmMM_m____",
                "___MMmm]]]]]]]]mmMM_____",
                "__MMmm]]]]]]]]]]mmMM____",
                "_MMmm]]]]]]]]]]]]mmMM___",
                "_MMmm]]]]]]]]]]]]mmMM___",
                "__MMmm]]]]]]]]]]mmMM____",
                "___MMmm]]]]]]]]]mmMM____",
                "____MMmm]]]]]]]]]mmMM___",
                "____MMmm]]]]]]]]]]mmMM__",
                "___MMmm]]]]]]]]]]]]mmMM_",
                "___MMmm]]]]]]]]]]]]mmMM_",
                "____MMmm]]]]]]]]]]mmMM__",
                "___m_MMmm]]]]]]]]mmMM___",
                "_____mMMmm]]]]]]mmMM____",
                "_______MMmm]]]]mmMM__m__",
                "____m___MMmm]]mmMM______",
                "______m__MMmmmmMM_m_____",
                "_________mMMmmMM________",
                "___________MMMM___m_____"
            ],
            "place_items": [
                { "item": "building_rubble", "chance": 35, "x": [ 0,23 ], "y": [ 0,23 ], "repeat": [ 2,20 ]}
            ],
            "terrain": {
                "_": ["t_dirt", "t_dirt", "t_dirt", "t_grass", "t_pavement", "t_dirt", "t_dirt", "t_dirt", "t_grass", "t_rock", "t_dirt", "t_dirt", "t_dirt", "t_grass", "t_dirtmound", "t_dirt", "t_dirt", "t_dirt", "t_grass", "t_sidewalk", "t_dirt", "t_dirt", "t_dirt", "t_grass", "t_sand"],
                "M": ["t_dirt", "t_dirt", "t_dirt", "t_rock", "t_pavement", "t_dirt", "t_dirt", "t_dirt", "t_rock", "t_pavement", "t_dirt", "t_dirt", "t_dirt", "t_dirtmound", "t_sidewalk", "t_dirt", "t_dirt", "t_dirt", "t_dirtmound", "t_sidewalk", "t_dirt", "t_dirt", "t_dirt", "t_sand", "t_sand"],
                "m": [ "t_dirtmound", "t_dirtmound", "t_dirtmound", "t_dirtmound", "t_dirt"],
                "]": "t_rock_floor"
            },
            "furniture": {
                "]": "f_ash",
                "m": ["f_rubble", "f_rubble", "f_rubble", "f_rubble", "f_wreckage", "f_rubble", "f_rubble", "f_rubble", "f_rubble", "f_rubble_rock", "f_rubble", "f_rubble", "f_rubble", "f_rubble", "f_rubble_rock", "f_rubble", "f_rubble", "f_rubble", "f_rubble", "f_ash", "f_rubble", "f_rubble", "f_rubble", "f_rubble", "f_ash"]
            },
            "place_monsters": [
                { "monster": "GROUP_ZOMBIE", "x": [ 1,22 ], "y": [ 1,22 ], "chance": 20, "repeat": [ 1,3 ]},
                { "monster": "GROUP_MAYBE_ZOMBIE", "x": [ 1,22 ], "y": [ 1,22 ], "chance": 10, "repeat": [ 1,2 ]}
            ]
        }
    },
    {
        "type" : "mapgen",
        "om_terrain" : ["bank"],
        "method": "json",
        "weight": 200,
        "object": {
            "fill_ter": "t_dirt",
            "rows": [
                "_______m_____m__________",
                "________________m_______",
                "__-------______-------__",
                "__|_______MMMM______m|__",
                "__|______MmmmmM___m__|__",
                "__|_m___MmmmmmmM_____|__",
                "__|____Mmm]]]]mmM___m|__",
                "__|___Mmm]]]]]]mmM___|__",
                "__|__Mmm]]]]]]]]mmM__|__",
                "____Mmm]]]]]]]]]]mmM____",
                "___Mmm]]]]]]]]]]]]mmM___",
                "___Mmm]]]]]]]]]]]]mmM___",
                "___Mmm]]]]]]]]]]]]mmM___",
                "___Mmm]]]]]]]]]]]]mmM___",
                "____Mmm]]]]]]]]]]mmM____",
                "__|__Mmm]]]]]]]]mmM__|__",
                "__|_m_Mmm]]]]]]mmM___|__",
                "__|____Mmm]]]]mmM__m_|__",
                "__|__m__MmmmmmmM_____|__",
                "__|____m_MmmmmM__m___|__",
                "__|_m_____MMMM_______|__",
                "__-------____m_-------__",
                "________m_______________",
                "____________m____m______"
            ],
            "place_items": [
                { "item": "building_rubble", "chance": 65, "x": [ 1,22 ], "y": [ 1,22 ], "repeat": [ 2,10 ]}
            ],
            "terrain": {
                "_": ["t_dirt", "t_dirt", "t_dirt", "t_grass", "t_pavement", "t_dirt", "t_dirt", "t_dirt", "t_grass", "t_rock", "t_dirt", "t_dirt", "t_dirt", "t_grass", "t_dirtmound", "t_dirt", "t_dirt", "t_dirt", "t_grass", "t_sidewalk", "t_dirt", "t_dirt", "t_dirt", "t_grass", "t_sand"],
                "M": ["t_dirt", "t_dirt", "t_dirt", "t_rock", "t_pavement", "t_dirt", "t_dirt", "t_dirt", "t_rock", "t_pavement", "t_dirt", "t_dirt", "t_dirt", "t_dirtmound", "t_sidewalk", "t_dirt", "t_dirt", "t_dirt", "t_dirtmound", "t_sidewalk", "t_dirt", "t_dirt", "t_dirt", "t_sand", "t_sand"],
                "m": [ "t_dirtmound", "t_dirtmound", "t_dirtmound", "t_dirtmound", "t_dirt"],
                "]": "t_rock_floor",
                "|": ["t_dirtmound", "t_wall", "t_dirtmound", "t_wall", "t_dirt", "t_wall", "t_wall", "t_dirtmound", "t_wall", "t_rock", "t_wall", "t_wall", "t_dirt", "t_wall", "t_dirt"],
                "-": ["t_dirtmound", "t_wall", "t_dirtmound", "t_wall", "t_dirt", "t_wall", "t_wall", "t_dirtmound", "t_wall", "t_rock", "t_wall", "t_wall", "t_dirt", "t_wall", "t_dirt"]
            },
            "furniture": {
                "]": "f_ash",
                "m": ["f_rubble", "f_rubble", "f_rubble", "f_rubble", "f_wreckage", "f_rubble", "f_rubble", "f_rubble", "f_rubble", "f_rubble_rock", "f_rubble", "f_rubble", "f_rubble", "f_rubble", "f_rubble_rock", "f_rubble", "f_rubble", "f_rubble", "f_rubble", "f_ash", "f_rubble", "f_rubble", "f_rubble", "f_rubble", "f_ash"]
            },
            "place_monsters": [
                { "monster": "GROUP_ZOMBIE", "x": [ 1,22 ], "y": [ 1,22 ], "chance": 15, "repeat": [ 1,3 ]},
                { "monster": "GROUP_MAYBE_ZOMBIE", "x": [ 1,22 ], "y": [ 1,22 ], "chance": 5, "repeat": [ 1,2 ]}
            ]
        }
    },
    {
        "type" : "mapgen",
        "om_terrain" : ["bank"],
        "method": "json",
        "weight": 100,
        "object": {
            "fill_ter": "t_dirt",
            "rows": [
                "______m_______m_________",
                "__-----__MMMM__-------__",
                "__|_m___MmmmmM_______|__",
                "__|____MmmmmmmM__m___|__",
                "__|___Mmm]]]]mmM_____|m_",
                "_____Mmm]]]]]]mmM_m__|__",
                "____Mmm]]]]]]]]mmM___|__",
                "___Mmm]]]]]]]]]]mmM__|__",
                "___Mmm]]]]]]]]]]mmM__|__",
                "___Mmm]]]]]]]]]]mmM__|__",
                "___Mmm]]]]]]]]]]mmM__|__",
                "____Mmm]]]]]]]]]mmM_____",
                "_____Mmm]]]]]]]]]mmM____",
                "__|__Mmm]]]]]]]]]]mmM___",
                "__|__Mmm]]]]]]]]]]mmM___",
                "__|__Mmm]]]]]]]]]]mmM___",
                "__|__Mmm]]]]]]]]]]mmM___",
                "__|m__Mmm]]]]]]]]mmM____",
                "__|____Mmm]]]]]]mmM_____",
                "__|_____Mmm]]]]mmM___|__",
                "__|_m____MmmmmmmM____|__",
                "__|___m___MmmmmM_m___|__",
                "__-------__MMMM__-----__",
                "________________m_______"
            ],
            "place_items": [
                { "item": "building_rubble", "chance": 35, "x": [ 0,23 ], "y": [ 0,23 ], "repeat": [ 2,20 ]}
            ],
            "terrain": {
                "_": ["t_dirt", "t_dirt", "t_dirt", "t_grass", "t_pavement", "t_dirt", "t_dirt", "t_dirt", "t_grass", "t_rock", "t_dirt", "t_dirt", "t_dirt", "t_grass", "t_dirtmound", "t_dirt", "t_dirt", "t_dirt", "t_grass", "t_sidewalk", "t_dirt", "t_dirt", "t_dirt", "t_grass", "t_sand"],
                "M": ["t_dirt", "t_dirt", "t_dirt", "t_rock", "t_pavement", "t_dirt", "t_dirt", "t_dirt", "t_rock", "t_pavement", "t_dirt", "t_dirt", "t_dirt", "t_dirtmound", "t_sidewalk", "t_dirt", "t_dirt", "t_dirt", "t_dirtmound", "t_sidewalk", "t_dirt", "t_dirt", "t_dirt", "t_sand", "t_sand"],
                "m": [ "t_dirtmound", "t_dirtmound", "t_dirtmound", "t_dirtmound", "t_dirt"],
                "]": "t_rock_floor",
                "|": ["t_dirtmound", "t_wall", "t_dirtmound", "t_wall", "t_dirt", "t_dirtmound", "t_wall", "t_dirtmound", "t_wall", "t_rock", "t_wall", "t_wall", "t_dirt", "t_wall", "t_dirt"],
                "-": ["t_dirtmound", "t_wall", "t_dirtmound", "t_wall", "t_dirt", "t_dirtmound", "t_wall", "t_dirtmound", "t_wall", "t_rock", "t_wall", "t_wall", "t_dirt", "t_wall", "t_dirt"]
            },
            "furniture": {
                "]": "f_ash",
                "m": ["f_rubble", "f_rubble", "f_rubble", "f_rubble", "f_wreckage", "f_rubble", "f_rubble", "f_rubble", "f_rubble", "f_rubble_rock", "f_rubble", "f_rubble", "f_rubble", "f_rubble", "f_rubble_rock", "f_rubble", "f_rubble", "f_rubble", "f_rubble", "f_ash", "f_rubble", "f_rubble", "f_rubble", "f_rubble", "f_ash"]
            },
            "place_monsters": [
                { "monster": "GROUP_ZOMBIE", "x": [ 1,22 ], "y": [ 1,22 ], "chance": 20, "repeat": [ 1,3 ]},
                { "monster": "GROUP_MAYBE_ZOMBIE", "x": [ 1,22 ], "y": [ 1,22 ], "chance": 10, "repeat": [ 1,2 ]}
            ]
        }
    }
]