[
  {
    "type": "AMMO",
    "id": "h_cell",
    "category": "spare_parts",
    "price": 500,
    "name": "Power Pack",
    "name_plural": "Power Packs",
    "symbol": "+",
    "color": "yellow",
    "description": "The common Power Pack is typically the size of a pistol's grip, making it easy to store. While it provides enough of a charge for most electronic devices, it will be quickly drained after only a few shots from most energy weapons.",
    "material": "iron",
    "volume": 1,
    "weight": 250,
    "ammo_type": "battery",
    "count": 1,
    "fuel": { "energy": 310 }
  },
  {
    "type": "AMMO",
    "id": "h_microcell",
    "category": "spare_parts",
    "price": 1000,
    "name": "Micro Power Pack",
    "name_plural": "Micro Power Packs",
    "symbol": "+",
    "color": "yellow",
    "description": "Micro Power Packs are much smaller, roughly the size of a coin, making them ideal for hand-held devices; however they carry less charge and are more expensive than standard packs.",
    "material": "iron",
    "volume": 0.01,
    "weight": 15,
    "ammo_type": "battery",
    "count": 1,
    "fuel": { "energy": 232 }
  },
  {
    "type": "AMMO",
    "id": "h_satchelcell",
    "category": "spare_parts",
    "price": 500,
    "name": "Satchel Battery",
    "name_plural": "Satchel Batteries",
    "symbol": "+",
    "color": "yellow",
    "description": "A Satchel Battery provides a greater charge than standard packs, but is the weight and size of a full canteen, requiring it to be attached to a belt or combat webbing.",
    "material": "iron",
    "volume": 3,
    "weight": 2000,
    "ammo_type": "battery",
    "count": 1,
    "fuel": { "energy": 1550 }
  }
]
