[
  {
    "type": "overmap_special",
    "id": "Ninja Tower",
    "overmaps": [
      { "point": [ 0, 0, 0 ], "overmap": "ninja_tower_1" },
      { "point": [ 1, 0, 0 ], "overmap": "ninja_tower_2" },
      { "point": [ 0, 1, 0 ], "overmap": "ninja_tower_3", "connect": "road" },
      { "point": [ 1, 1, 0 ], "overmap": "ninja_tower_4", "connect": "road" },
      { "point": [ 0, 0, 1 ], "overmap": "ninja_tower_5" },
      { "point": [ 1, 0, 1 ], "overmap": "ninja_tower_6" },
      { "point": [ 0, 1, 1 ], "overmap": "ninja_tower_7" },
      { "point": [ 1, 1, 1 ], "overmap": "ninja_tower_8" },
      { "point": [ 0, 0, 2 ], "overmap": "ninja_tower_9" },
      { "point": [ 1, 0, 2 ], "overmap": "ninja_tower_10" },
      { "point": [ 0, 1, 2 ], "overmap": "ninja_tower_11" },
      { "point": [ 1, 1, 2 ], "overmap": "ninja_tower_12" },
      { "point": [ 0, 0, 3 ], "overmap": "ninja_tower_13" },
      { "point": [ 1, 0, 3 ], "overmap": "ninja_tower_14" },
      { "point": [ 0, 1, 3 ], "overmap": "ninja_tower_15" },
      { "point": [ 1, 1, 3 ], "overmap": "ninja_tower_16" }
    ],
    "locations": [ "wilderness" ],
    "city_distance": [ -1, 4 ],
    "city_sizes": [ 4, 12 ],
    "occurrences": [ 0, 1 ],
    "unique": true,
    "required": false,
    "rotate": false,
    "flags": [ "CLASSIC" ]
  },
  {
    "type": "overmap_special",
    "id": "Ninja Cabin",
    "overmaps": [ { "point": [ 0, 0, 0 ], "overmap": "ninja_cabin_1" }, { "point": [ 0, 0, -1 ], "overmap": "ninja_cabin_b1" } ],
    "locations": [ "forest" ],
    "city_distance": [ 20, -1 ],
    "city_sizes": [ 1, 12 ],
    "occurrences": [ 0, 3 ],
    "rotate": false,
    "flags": [ "CLASSIC" ]
  },
  {
    "type": "overmap_special",
    "id": "Ninja Mansion",
    "overmaps": [
      { "point": [ 0, 0, 0 ], "overmap": "ninja_mansion_1f_nw" },
      { "point": [ 1, 0, 0 ], "overmap": "ninja_mansion_1f_north_entrance", "connect": "road" },
      { "point": [ 2, 0, 0 ], "overmap": "ninja_mansion_1f_ne" },
      { "point": [ 0, 1, 0 ], "overmap": "ninja_mansion_1f_west" },
      { "point": [ 1, 1, 0 ], "overmap": "ninja_mansion_1f_center" },
      { "point": [ 2, 1, 0 ], "overmap": "ninja_mansion_1f_east" },
      { "point": [ 0, 2, 0 ], "overmap": "ninja_mansion_1f_sw" },
      { "point": [ 1, 2, 0 ], "overmap": "ninja_mansion_1f_south" },
      { "point": [ 2, 2, 0 ], "overmap": "ninja_mansion_1f_se" },
      { "point": [ 1, 0, 1 ], "overmap": "ninja_mansion_2f_north" },
      { "point": [ 1, 1, 1 ], "overmap": "ninja_mansion_2f_center" },
      { "point": [ 0, 1, 1 ], "overmap": "ninja_mansion_2f_west" },
      { "point": [ 1, 1, 2 ], "overmap": "ninja_mansion_3f_center" },
      { "point": [ 0, 1, 2 ], "overmap": "ninja_mansion_3f_west" }
    ],
    "locations": [ "forest" ],
    "city_distance": [ 15, -1 ],
    "city_sizes": [ 4, 12 ],
    "occurrences": [ 0, 1 ],
    "unique": true,
    "rotate": false,
    "flags": [ "CLASSIC" ]
  },
  {
    "type": "overmap_special",
    "id": "Ninja Trailer Home",
    "overmaps": [ { "point": [ 0, 0, 0 ], "overmap": "ninja_blaze_trailer_home" } ],
    "locations": [ "wilderness" ],
    "city_distance": [ 1, 5 ],
    "city_sizes": [ 4, 12 ],
    "occurrences": [ 0, 1 ],
    "unique": true,
    "required": false,
    "rotate": false,
    "flags": [ "CLASSIC" ]
  }
]
