[
  {
    "type": "mapgen",
    "method": "json",
    "om_terrain": [ "ninja_cabin_1" ],
    "weight": 100,
    "object": {
      "fill_ter": "t_dirt",
      "rows": [
        "4w4w    6         w4 4w4",
        "w4w  ////;;;/////  w4w4w",
        "4ww  /**6   ****/    4w4",
        "w  oo/***   ****/oo   w4",
        "w  o^/***   ****/^o    w",
        " ooo^/***   ****/^ooooo ",
        " o^^^/          /^^^^ o ",
        "wo^|--,,----++---++-|^o ",
        " o^|a,,,a..#########|^o ",
        "wo^|P,,,,..#########|^o ",
        "wo^+S,,,,..#########|^o ",
        "wo^|O,,,,..###,,,###|^o ",
        " o^|a,,,,..###,&,###|^o ",
        " o^|.......###,,,###|^o ",
        " o^|.......#########|^o ",
        "wo^|.......#########|^o ",
        "wo^|.......####@B@B#|^ow",
        " o^|>,,,,..#####B#B#|^o ",
        " o^|--,,--++--------|^o4",
        "4oo/b               /oo4",
        "4w /b  mmmmmmm    | | w4",
        "4 4/P~ mmmmmmm  C |t| 4 ",
        "w4 ///////////////|-|4 4",
        "4w4 4w   w  ww w   w4 4 "
      ],
      "terrain": {
        " ": [ "t_grass", "t_grass", "t_grass", "t_grass", "t_grass", "t_grass", "t_dirt" ],
        "#": "t_floor",
        "+": "t_window_boarded",
        ",": "t_dirtfloor",
        "-": "t_wall_log",
        ".": "t_floor",
        "/": "t_palisade",
        "4": "t_tree_willow",
        "6": "t_palisade_pulley",
        ";": "t_palisade_gate",
        ">": "t_stairs_down",
        "B": "t_floor",
        "C": "t_dirt",
        "O": "t_dirtfloor",
        "P": "t_water_pump",
        "S": "t_dirtfloor",
        "a": "t_dirtfloor",
        "b": "t_floor",
        "m": "t_dirtmound",
        "w": "t_shrub",
        "|": "t_wall_log",
        "~": "t_water_dp"
      },
      "furniture": {
        "#": "f_tatami",
        ">": "f_tatami",
        "@": "f_tatami",
        "B": "f_bed",
        "C": "f_kiln_empty",
        "O": "f_oven",
        "S": "f_sink",
        "a": "f_table",
        "b": "f_bench",
        "&": "f_brazier"
      },
      "traps": {
        "*": "tr_landmine_buried",
        ">": "tr_shotgun_2",
        "^": "tr_caltrops",
        "o": "tr_spike_pit",
        "t": "tr_shotgun_2"
      },
      "fields": {
        "&": { "field": "fd_fire", "density": 1, "age": 1 }
      },
      "toilets": {
        "t": {}
      },
      "place_loot": [
        { "item": "2x4", "x": 15, "y": 12, "chance": 100, "repeat": [ 20, 30 ] },
        { "item": "pillow", "x": 16, "y": 16, "chance": 100, "repeat": [ 1, 1 ] },
        { "item": "pillow", "x": 18, "y": 16, "chance": 100, "repeat": [ 1, 1 ] },
        { "item": "blanket", "x": 16, "y": 17, "chance": 100, "repeat": [ 1, 1 ] },
        { "item": "blanket", "x": 18, "y": 17, "chance": 100, "repeat": [ 1, 1 ] },
        { "item": "fishing_rod_professional", "x": 8, "y": 8, "chance": 100, "repeat": [ 1, 1 ] },
        { "item": "fishing_waders", "x": 8, "y": 8, "chance": 100, "repeat": [ 1, 1 ] },
        { "item": "fish_trap", "x": 8, "y": 8, "chance": 100, "repeat": [ 3, 5 ] },
        { "item": "fish_bait", "x": 8, "y": 8, "chance": 100, "repeat": [ 5, 8 ] },
        { "item": "fish_bowl", "x": 4, "y": 8, "chance": 100, "repeat": [ 1, 1 ] },
        { "item": "can_sealer", "x": 4, "y": 12, "chance": 20, "repeat": [ 1, 1 ] },
        { "item": "can_food_unsealed", "x": 4, "y": 12, "chance": 100, "repeat": [ 12, 18 ] },
        { "item": "fish_canned", "x": 4, "y": 12, "chance": 100, "repeat": [ 5, 10 ] },
        { "item": "fish_smoked", "x": 4, "y": 12, "chance": 100, "repeat": [ 12, 18 ] },
        { "item": "salted_fish", "x": 4, "y": 12, "chance": 100, "repeat": [ 5, 10 ] },
        { "item": "soap", "x": 4, "y": 19, "chance": 100, "repeat": [ 10, 15 ] },
        { "item": "washboard", "x": 4, "y": 20, "chance": 100, "repeat": [ 1, 1 ] },
        { "item": "charcoal", "x": 17, "y": 21, "chance": 100, "repeat": [ 80, 120 ] }
      ],
      "npcs": {
        "@": { "class": "ninja_npc_ninja" }
      },
      "monster": {
        "r": { "monster": "mon_ninja_spring_floor" }
      }
    }
  },
  {
    "type": "mapgen",
    "method": "json",
    "om_terrain": [ "ninja_cabin_b1" ],
    "weight": 100,
    "object": {
      "fill_ter": "t_rock_floor",
      "rows": [
        "////////////////////////",
        "/|--------------------|/",
        "/|U   ######%........U|/",
        "/|P   ######?..htth...|/",
        "/|S  H######?..htth...|/",
        "/|O   ######?........b|/",
        "/|F   ######|---------|/",
        "/|%                   |/",
        "/|????????????????????|/",
        "/|%                   |/",
        "/|  ???%--------------|/",
        "/|  |  |              |/",
        "/|  |  %  2   2   2   |/",
        "/| @|  ?______________?/",
        "/|  |  |    ^LLL^     |/",
        "/%  |  |    ^^^^^     |/",
        "/???---|--D????????%--|/",
        "/%B < T|              |/",
        "/|L    | ### ### ###  |/",
        "/|L    | ### ### ###  |/",
        "/|**   | ### ### ###  |/",
        "/|**   +  r           |/",
        "/|--------------------|/",
        "////////////////////////"
      ],
      "terrain": {
        "#": "t_rock_floor",
        "%": "t_ninja_secret_gate_control",
        "*": "t_rock_floor",
        "+": "t_door_c",
        "-": "t_wall",
        ".": "t_floor",
        "2": "t_rock_floor",
        "<": "t_stairs_up",
        "?": "t_ninja_secret_wall",
        "B": "t_rock_floor",
        "D": "t_door_metal_c_peep",
        "L": "t_rock_floor",
        "P": "t_water_pump",
        "T": "t_rock_floor",
        "U": "t_utility_light",
        "^": "t_rock_floor",
        "_": "t_ninja_secret_rock_floor",
        "b": "t_floor",
        "h": "t_floor",
        "t": "t_floor",
        "|": "t_wall"
      },
      "furniture": {
        "#": "f_tatami",
        "B": "f_bookcase",
        "F": "f_fridge",
        "L": "f_locker",
        "O": "f_oven",
        "S": "f_sink",
        "h": "f_chair",
        "t": "f_table"
      },
      "traps": {
        "*": "tr_landmine_buried",
        "^": "tr_caltrops"
      },
      "signs": {
        "T": { "snippet": "ninja_snippet_dojo" }
      },
      "place_loot": [
        { "item": "ninja_map_cosplaypt", "x": 16, "y": 3, "chance": 100, "repeat": [ 1, 1 ] },
        { "item": "television", "x": 21, "y": 5, "chance": 100, "repeat": [ 1, 1 ] },
        { "group": "ninja_rare_ammo", "x": 13, "y": 14, "chance": 70, "repeat": [ 4, 6 ] },
        { "group": "ninja_rare_enagy", "x": 14, "y": 14, "chance": 70, "repeat": [ 8, 10 ] },
        { "group": "ninja_rare_ammo", "x": 15, "y": 14, "chance": 70, "repeat": [ 4, 6 ] },
        { "group": "fridge", "x": 2, "y": 6, "chance": 100, "repeat": [ 10, 20 ] }
      ],
      "npcs": {
        "@": { "class": "ninja_npc_ninja" },
        "H": { "class": "ninja_npc_high_ninja" }
      },
      "monster": {
        "2": { "monster": "mon_turret_rifle" },
        "r": { "monster": "mon_ninja_spring_floor" }
      }
    }
  }
]
