[
  {
    "type": "mapgen",
    "method": "json",
    "om_terrain": [ "basement" ],
    "weight": 200,
    "//": "Ninja Dojo",
    "object": {
      "fill_ter": "t_rock",
      "rows": [
        " -----------------_..2- ",
        " |----------------....| ",
        " |-------------------!| ",
        " |^Y^..............^y^| ",
        " |^^^...&######&...^^^| ",
        " |......#@####@#......| ",
        " |......########......| ",
        " |......###@####......| ",
        " |......####@###......| ",
        " |......########......| ",
        " |......#@####@#......| ",
        " |^^^...&######&...^^^| ",
        " |^Y^..............^Y^| ",
        " |^^^.....^^^^.....^^^| ",
        " |.........<<.........| ",
        " -+-------------------- ",
        " |.|.e.e.e.UT.$.$.$|t.| ",
        " |.|...............--+| ",
        " |....................| ",
        " |---------..---------| ",
        " |fkP.hh.U|..|].b.b.b.| ",
        " |.[..__..+..+..b.b.b.| ",
        " |g...hh..|..|........| ",
        " ---------------------- "
      ],
      "terrain": {
        "!": "t_ninja_secret_door_c",
        "#": "t_rock_floor",
        "$": "t_rock_floor",
        "&": "t_rock_floor",
        "+": "t_door_c",
        "-": "t_wall",
        ".": "t_rock_floor",
        "2": "t_rock_floor",
        "<": "t_stairs_up",
        "@": "t_rock_floor",
        "P": "t_water_pump",
        "T": "t_rock_floor",
        "U": "t_utility_light",
        "Y": "t_rock_floor",
        "[": "t_rock_floor",
        "]": "t_rock_floor",
        "^": "t_rock_floor",
        "_": "t_rock_floor",
        "b": "t_rock_floor",
        "e": "t_rock_floor",
        "f": "t_rock_floor",
        "g": "t_rock_floor",
        "h": "t_rock_floor",
        "k": "t_rock_floor",
        "t": "t_rock_floor",
        "y": "t_rock_floor",
        "|": "t_wall"
      },
      "furniture": {
        "&": "f_brazier",
        "Y": "f_brazier",
        "y": "f_brazier",
        "#": "f_tatami",
        "$": "f_floor_canvas",
        "@": "f_tatami",
        "]": "f_bookcase",
        "_": "f_table",
        "b": "f_bed",
        "e": "f_exercise",
        "f": "f_fridge",
        "g": "f_oven",
        "h": "f_chair",
        "k": "f_sink"
      },
      "traps": {
        "[": "tr_shotgun_2",
        "^": "tr_caltrops",
        "t": "tr_shotgun_2"
      },
      "fields": {
        "&": { "field": "fd_fire", "density": 1, "age": 1 },
        "Y": { "field": "fd_fire", "density": 1, "age": 1 }
      },
      "signs": {
        "T": { "snippet": "ninja_snippet_dojo" }
      },
      "toilets": {
        "t": {}
      },
      "place_loot": [
        { "group": "fridge", "x": 2, "y": 20, "chance": 100, "repeat": [ 10, 20 ] },
        { "group": "cannedfood", "x": 6, "y": 21, "chance": 100, "repeat": [ 5, 10 ] },
        { "group": "cannedfood", "x": 7, "y": 21, "chance": 100, "repeat": [ 5, 10 ] },
        { "group": "book_martial", "x": 14, "y": 20, "chance": 100 },
        { "item": "2x4", "x": 3, "y": 3, "chance": 100, "repeat": [ 20, 30 ] },
        { "item": "2x4", "x": 3, "y": 3, "chance": 100, "repeat": [ 20, 30 ] },
        { "item": "2x4", "x": 3, "y": 12, "chance": 100, "repeat": [ 20, 30 ] },
        { "item": "2x4", "x": 20, "y": 12, "chance": 100, "repeat": [ 20, 30 ] },
        { "item": "2x4", "x": 8, "y": 4, "chance": 100, "repeat": [ 20, 30 ] },
        { "item": "2x4", "x": 8, "y": 11, "chance": 100, "repeat": [ 20, 30 ] },
        { "item": "2x4", "x": 15, "y": 4, "chance": 100, "repeat": [ 20, 30 ] },
        { "item": "2x4", "x": 15, "y": 11, "chance": 100, "repeat": [ 20, 30 ] },
        { "item": "pillow", "x": 16, "y": 20, "chance": 100 },
        { "item": "pillow", "x": 18, "y": 20, "chance": 100 },
        { "item": "pillow", "x": 20, "y": 20, "chance": 100 },
        { "item": "blanket", "x": 16, "y": 21, "chance": 100 },
        { "item": "blanket", "x": 18, "y": 21, "chance": 100 },
        { "item": "blanket", "x": 20, "y": 21, "chance": 100 },
        { "group": "ninja_rare_enagy", "x": 18, "y": 0, "chance": 100, "repeat": [ 8, 10 ] },
        { "group": "ninja_rare_chem", "x": 18, "y": 0, "chance": 100, "repeat": [ 4, 8 ] }
      ],
      "npcs": {
        "@": { "class": "ninja_npc_ninja" }
      },
      "monster": {
        "2": { "monster": "mon_turret" }
      }
    }
  },
  {
    "type": "mapgen",
    "method": "json",
    "om_terrain": [ "basement" ],
    "weight": 200,
    "//": "Ninja Food Factory",
    "object": {
      "fill_ter": "t_rock",
      "rows": [
        " ---------------------- ",
        " |.......@...........@| ",
        " |.--------..--------.| ",
        " |.|~~~~~~|..|^^^^^^|.| ",
        " |.|~~~~~~|..|^^^^^^|.| ",
        " |.|//oo//|..|//oo//|.| ",
        " |.|U.....+..+.....U|.| ",
        " |.|//oo//|..|//oo//|.| ",
        " |.|~~~~~~|+-|^^^^^^|.| ",
        " |.|~~~~~~|__|^^^^^^|.| ",
        " |.|----------------|.| ",
        " |.|-2.....{{......-|.| ",
        " |.|-.............2-|.| ",
        " |.|-------!--------|.| ",
        " |.|D..###|t.|ffPkkg|.| ",
        " |.|W..###|-+|[[[...|.| ",
        " |.|{..##&|..|......|.| ",
        " |.|U.....+..+@hhh.U|.| ",
        " |.|-+---+|..|.___.T|.| ",
        " |.|].b.b.|..|.___..|.| ",
        " |.|].b.b.|..|.hhh..|.| ",
        " |.--------..--------.| ",
        " |<.......@...........| ",
        " ---------------------- "
      ],
      "terrain": {
        "!": "t_ninja_secret_door_c",
        "#": "t_rock_floor",
        "&": "t_rock_floor",
        "+": "t_door_c",
        "-": "t_wall",
        ".": "t_rock_floor",
        "/": "t_reinforced_glass",
        "2": "t_rock_floor",
        "<": "t_stairs_up",
        "@": "t_rock_floor",
        "D": "t_rock_floor",
        "P": "t_water_pump",
        "T": "t_rock_floor",
        "U": "t_utility_light",
        "W": "t_rock_floor",
        "[": "t_rock_floor",
        "]": "t_rock_floor",
        "^": "t_dirt",
        "_": "t_rock_floor",
        "b": "t_rock_floor",
        "f": "t_rock_floor",
        "g": "t_rock_floor",
        "h": "t_rock_floor",
        "k": "t_rock_floor",
        "o": "t_door_metal_c_peep",
        "t": "t_rock_floor",
        "{": "t_rock_floor",
        "|": "t_wall",
        "~": "t_water_sh"
      },
      "furniture": {
        "#": "f_tatami",
        "&": "f_tatami",
        "D": "f_dryer",
        "W": "f_washer",
        "]": "f_bookcase",
        "^": "f_egg_sackbw",
        "_": "f_table",
        "b": "f_bed",
        "f": "f_fridge",
        "g": "f_oven",
        "h": "f_chair",
        "k": "f_sink",
        "{": "f_rack"
      },
      "traps": {
        "[": "tr_shotgun_2",
        "t": "tr_shotgun_2"
      },
      "signs": {
        "T": { "snippet": "ninja_snippet_kitchen" }
      },
      "toilets": {
        "t": {}
      },
      "place_loot": [
        { "group": "fridge", "x": 14, "y": 14, "chance": 100, "repeat": [ 5, 10 ] },
        { "group": "fridge", "x": 15, "y": 14, "chance": 100, "repeat": [ 5, 10 ] },
        { "group": "book_martial", "x": 4, "y": 19, "chance": 100 },
        { "group": "book_survival", "x": 4, "y": 20, "chance": 100 },
        { "item": "pillow", "x": 6, "y": 19, "chance": 100 },
        { "item": "pillow", "x": 8, "y": 19, "chance": 100 },
        { "item": "blanket", "x": 6, "y": 20, "chance": 100 },
        { "item": "blanket", "x": 8, "y": 20, "chance": 100 },
        { "item": "fishing_rod_professional", "x": 11, "y": 9, "chance": 100 },
        { "item": "fish_bait", "x": 12, "y": 9, "chance": 100, "repeat": [ 5, 10 ] },
        { "group": "ninja_rare_ammo", "x": 11, "y": 11, "chance": 100, "repeat": [ 5, 8 ] },
        { "group": "ninja_rare_gunmod", "x": 11, "y": 11, "chance": 100, "repeat": [ 1, 3 ] },
        { "group": "ninja_rare_chem", "x": 12, "y": 11, "chance": 100, "repeat": [ 8, 10 ] },
        { "item": "can_sealer", "x": 17, "y": 14, "chance": 50 },
        { "item": "can_food_unsealed", "x": 17, "y": 14, "chance": 100, "repeat": [ 15, 20 ] },
        { "item": "soap", "x": 4, "y": 16, "chance": 100, "repeat": [ 20, 30 ] },
        { "group": "cleaning", "x": 4, "y": 16, "chance": 100, "repeat": [ 5, 10 ] },
        { "item": "washboard", "x": 4, "y": 16, "chance": 100, "repeat": [ 1, 1 ] }
      ],
      "npcs": {
        "@": { "class": "ninja_npc_ninja" }
      },
      "monster": {
        "&": { "monster": "mon_ninja_decoy" },
        "2": { "monster": "mon_turret" }
      },
      "place_monster": [
        { "monster": "mon_spider_widow_giant", "x": [ 19, 19 ], "y": [ 3, 3 ], "repeat": [ 1, 1 ] },
        { "monster": "mon_spider_widow_giant", "x": [ 14, 14 ], "y": [ 8, 8 ], "repeat": [ 1, 1 ] },
        { "monster": "mon_fish_bluegill", "x": [ 4, 9 ], "y": [ 3, 4 ], "repeat": [ 5, 10 ] },
        { "monster": "mon_fish_bluegill", "x": [ 4, 9 ], "y": [ 8, 9 ], "repeat": [ 5, 10 ] }
      ]
    }
  },
  {
    "type": "mapgen",
    "method": "json",
    "om_terrain": [ "basement" ],
    "weight": 150,
    "//": "Ninja Vehicle Factory",
    "object": {
      "fill_ter": "t_rock",
      "rows": [
        " ---------------------- ",
        " |U{{{{{{{{{{{|.|r|//t| ",
        " |............+.+.|+--| ",
        " |.___........|-?.....| ",
        " |.___........|-|**...| ",
        " |.___........|2|**...| ",
        " !............|.|----&| ",
        " $............|.|2??.?| ",
        " $........FBBB|.|?????| ",
        " $-$!---------|.|?.???| ",
        " $.,2..........2|????2| ",
        " $.,-------------!$$--| ",
        " $.,|......,.........R| ",
        " $.,-----o!$-!$$------| ",
        " $.,2,..........?.....| ",
        " $--!$-------------!$$| ",
        " $####@...h.h......DW_| ",
        " $####....___.........| ",
        " $####....___.........| ",
        " $####@...___......@..| ",
        " $........h.h........F| ",
        " $...................S| ",
        " |U.........<........P| ",
        " ---------------------- "
      ],
      "terrain": {
        "!": "t_ninja_secret_gate_control",
        "#": "t_rock_floor",
        "$": "t_ninja_secret_wall",
        "&": "t_rock_floor",
        "*": "t_rock_floor",
        "+": "t_door_c",
        ",": "t_ninja_secret_rock_floor",
        "-": "t_wall",
        ".": "t_rock_floor",
        "/": "t_linoleum_white",
        "2": "t_rock_floor",
        "<": "t_stairs_up",
        "?": "t_ninja_secret_door_c",
        "@": "t_rock_floor",
        "B": "t_rock_floor",
        "D": "t_rock_floor",
        "F": "t_rock_floor",
        "P": "t_water_pump",
        "R": "t_rock_floor",
        "S": "t_rock_floor",
        "U": "t_utility_light",
        "W": "t_rock_floor",
        "_": "t_rock_floor",
        "h": "t_rock_floor",
        "o": "t_door_metal_c_peep",
        "r": "t_rock_floor",
        "t": "t_linoleum_white",
        "{": "t_rock_floor",
        "|": "t_wall"
      },
      "furniture": {
        "#": "f_tatami",
        "B": "f_bookcase",
        "D": "f_dryer",
        "F": "f_fridge",
        "S": "f_sink",
        "W": "f_washer",
        "_": "f_table",
        "h": "f_chair",
        "{": "f_rack"
      },
      "traps": {
        "*": "tr_landmine_buried",
        "t": "tr_shotgun_2"
      },
      "toilets": {
        "t": {}
      },
      "place_loot": [
        { "group": "fridge", "x": 21, "y": 20, "chance": 100, "repeat": [ 5, 10 ] },
        { "group": "fridge", "x": 10, "y": 8, "chance": 100, "repeat": [ 3, 5 ] },
        { "group": "magazines", "x": [ 11, 13 ], "y": 8, "chance": 100, "repeat": [ 5, 8 ] },
        { "group": "supplies_fuel", "x": [ 3, 3 ], "y": 1, "chance": 100, "repeat": [ 3, 5 ] },
        { "group": "supplies_spares_vehicle", "x": [ 3, 3 ], "y": 1, "chance": 100, "repeat": [ 10, 20 ] },
        { "group": "supplies_electronics", "x": [ 4, 4 ], "y": 1, "chance": 100, "repeat": [ 15, 30 ] },
        { "group": "mechanics", "x": [ 5, 13 ], "y": 1, "chance": 100, "repeat": [ 30, 60 ] },
        { "item": "toolbox", "x": 4, "y": 4, "chance": 100, "repeat": [ 1, 1 ] },
        { "item": "duct_tape", "x": 5, "y": 4, "chance": 100, "repeat": [ 3, 5 ] },
        { "item": "soap", "x": 21, "y": 16, "chance": 100, "repeat": [ 20, 30 ] },
        { "group": "cleaning", "x": 21, "y": 16, "chance": 100, "repeat": [ 5, 8 ] },
        { "item": "washboard", "x": 21, "y": 16, "chance": 100, "repeat": [ 1, 1 ] }
      ],
      "npcs": {
        "@": { "class": "ninja_npc_ninja" }
      },
      "monster": {
        "&": { "monster": "mon_ninja_decoy" },
        "2": { "monster": "mon_turret" },
        "R": { "monster": "mon_secubot" },
        "r": { "monster": "mon_ninja_spring_floor" }
      },
      "place_vehicles": [
        { "vehicle": "swivel_chair", "x": 4, "y": 6, "chance": 100, "rotation": -90 },
        { "vehicle": "engine_crane", "x": 7, "y": 3, "chance": 100, "rotation": 0 },
        { "vehicle": "welding_cart", "x": 7, "y": 5, "chance": 50, "rotation": 0 },
        { "vehicle": "portable_generator", "x": 7, "y": 7, "chance": 20, "rotation": 0 }
      ]
    }
  },
  {
    "type": "mapgen",
    "method": "json",
    "om_terrain": [ "basement" ],
    "weight": 150,
    "//": "Ninja Laboratory",
    "object": {
      "fill_ter": "t_rock",
      "rows": [
        " ---------------------- ",
        " |U....hC|aah......Y$U| ",
        " |RRR...@|h...........| ",
        " |<......D....@|--D|+-| ",
        " |RRR...T|..PSF|[..|_t| ",
        " |----------------D---| ",
        " |U...........[[[[...U| ",
        " |.s.ooooooo..........| ",
        " |..o///////oo....oo..| ",
        " |.o/============D=/o.| ",
        " |.o/=AcCCCVVVV...=//.| ",
        " |./%=..hhh.......=%/.| ",
        " |./%=U...........=%/.| ",
        " |./%====HHHHHH==D=%%.| ",
        " |./%=.emf...yu.=D=%%.| ",
        " |./%=g.y.e....mgg=%%.| ",
        " |./%=..u.pC[....m=%%.| ",
        " |./%=.y.f.y.e.y.f=%%.| ",
        " |./%=U.ug.ug.ue.U=%%.| ",
        " |./%==============%%.| ",
        " |./%%%%%%%%%%%%%%%%%.| ",
        " |.///%%%%%%%%%%%%%%%.| ",
        " |U..................U| ",
        " ---------------------- "
      ],
      "terrain": {
        "$": "t_rock_floor",
        "%": "t_strconc_wall",
        "+": "t_door_c",
        "-": "t_wall",
        ".": "t_rock_floor",
        "/": "t_strconc_wall_halfway",
        "<": "t_stairs_up",
        "=": "t_wall_metal",
        "@": "t_rock_floor",
        "A": "t_rock_floor",
        "C": "t_console_broken",
        "D": "t_door_metal_c",
        "F": "t_rock_floor",
        "H": "t_reinforced_glass_shutter",
        "P": "t_water_pump",
        "R": "t_railing_v",
        "S": "t_rock_floor",
        "T": "t_rock_floor",
        "U": "t_utility_light",
        "V": "t_vat",
        "Y": "t_rock_floor",
        "[": "t_rock_floor",
        "_": "t_linoleum_white",
        "a": "t_rock_floor",
        "c": "t_centrifuge",
        "e": "t_rock_floor",
        "f": "t_rock_floor",
        "g": "t_rock_floor",
        "h": "t_rock_floor",
        "m": "t_rock_floor",
        "o": "t_reb_cage",
        "p": "t_rock_floor",
        "s": "t_rock_floor",
        "t": "t_linoleum_white",
        "u": "t_rock_floor",
        "y": "t_rock_floor",
        "|": "t_wall"
      },
      "furniture": {
        "$": "f_safe_l",
        "A": "f_robotic_arm",
        "F": "f_fridge",
        "S": "f_sink",
        "[": "f_rack",
        "a": "f_table",
        "h": "f_chair"
      },
      "traps": {
        "p": "tr_portal"
      },
      "signs": {
        "T": { "snippet": "ninja_snippet_lab1" },
        "Y": { "snippet": "ninja_snippet_lab2" }
      },
      "toilets": {
        "t": {}
      },
      "place_loot": [
        { "item": "metal_smoother", "x": 14, "y": 6, "chance": 100, "repeat": [ 4, 8 ] },
        { "item": "concrete", "x": 14, "y": 6, "chance": 100, "repeat": [ 500, 600 ] },
        { "item": "concrete", "x": 15, "y": 6, "chance": 100, "repeat": [ 500, 600 ] },
        { "item": "2x4", "x": 16, "y": 6, "chance": 100, "repeat": [ 200, 300 ] },
        { "item": "rebar", "x": 17, "y": 6, "chance": 100, "repeat": [ 100, 200 ] },
        { "group": "fridge", "x": 14, "y": 4, "chance": 100, "repeat": [ 5, 10 ] },
        { "item": "anbc_suit", "x": 16, "y": 4, "chance": 100, "repeat": [ 1, 1 ] },
        { "item": "cleansuit", "x": 16, "y": 4, "chance": 100, "repeat": [ 2, 4 ] },
        { "group": "toxic_dump_equipment", "x": 16, "y": 4, "chance": 100, "repeat": [ 8, 12 ] },
        { "item": "mininuke", "x": 20, "y": 1, "chance": 100, "repeat": [ 3, 5 ] },
        { "item": "teleporter", "x": 12, "y": 16, "chance": 100, "repeat": [ 1, 1 ] },
        { "item": "portal", "x": 12, "y": 16, "chance": 10, "repeat": [ 1, 1 ] }
      ],
      "npcs": {
        "@": { "class": "ninja_npc_ninja" }
      },
      "monster": {
        "e": { "monster": "mon_flaming_eye" },
        "f": { "monster": "mon_flying_polyp" },
        "g": { "monster": "mon_gozu" },
        "m": { "monster": "mon_mi_go" },
        "s": { "monster": "mon_shoggoth" },
        "u": { "monster": "mon_hunting_horror" },
        "y": { "monster": "mon_yugg" }
      }
    }
  }
]
