[
  {
    "type": "mapgen",
    "method": "json",
    "om_terrain": [ "basement" ],
    "weight": 0,
    "//": "for mod image screen shot.",
    "object": {
      "fill_ter": "t_rock",
      "rows": [
        " ---------------------- ",
        " |....................| ",
        " |...--------------...| ",
        " |...|............|...| ",
        " |...|..&######&..|...| ",
        " |...|..#@@@@@@#..|...| ",
        " |...|..#@####@#..|...| ",
        " |...|..#@####@#..|...| ",
        " |...|..#@####@#..|...| ",
        " |...|..#@####@#..|...| ",
        " |...|..#@@@@@@#..|...| ",
        " |...|..&######&..|...| ",
        " |...|............|...| ",
        " |...--------------...| ",
        " |....................| ",
        " |....................| ",
        " |....................| ",
        " |....................| ",
        " |....................| ",
        " |....................| ",
        " |....................| ",
        " |....................| ",
        " |....................| ",
        " ---------------------- "
      ],
      "terrain": {
        "#": "t_rock_floor",
        "&": "t_rock_floor",
        "-": "t_wall",
        ".": "t_rock_floor",
        "<": "t_stairs_up",
        "@": "t_rock_floor",
        "A": "t_rock_floor",
        "|": "t_wall"
      },
      "furniture": {
        "&": "f_brazier",
        "#": "f_tatami",
        "@": "f_tatami",
        "A": "f_tatami"
      },
      "fields": {
        "&": { "field": "fd_fire", "density": 1, "age": 1 }
      },
      "place_loot": [
        { "item": "ninja_katana", "x": 9, "y": 11, "chance": 100 },
        { "item": "ninja_diamond_katana", "x": 10, "y": 11, "chance": 100 },
        { "item": "ninja_kusari_gama", "x": 11, "y": 11, "chance": 100 },
        { "item": "ninja_nunchuk", "x": 12, "y": 11, "chance": 100 },
        { "item": "ninja_shuriken", "x": 13, "y": 11, "chance": 100 },
        { "item": "ninja_shuriken_star", "x": 14, "y": 11, "chance": 100 },
        { "item": "ninja_scroll_lightning", "x": 9, "y": 4, "chance": 100 },
        { "item": "ninja_scroll_fire", "x": 10, "y": 4, "chance": 100 },
        { "item": "ninja_scroll_afterimage", "x": 11, "y": 4, "chance": 100 },
        { "item": "ninja_ration", "x": 12, "y": 4, "chance": 100 },
        { "item": "ninja_decoy", "x": 13, "y": 4, "chance": 100 },
        { "item": "ninja_tengu_mask", "x": 14, "y": 4, "chance": 100 }
      ],
      "npcs": {
        "@": { "class": "ninja_npc_ninja" }
      },
      "monster": {
        "A": { "monster": "mon_ninja_afterimage" }
      }
    }
  }
]
