[
  {
    "type": "mapgen",
    "method": "json",
    "om_terrain": [ "house" ],
    "weight": 200,
    "object": {
      "fill_ter": "t_floor",
      "rows": [
        "%%%%%%%/%%%%%%.........%",
        "%............%.sssssss.%",
        "%##HH##;##HH##=======##%",
        "%#L  rrrrr  L|       e#%",
        "%#L  rrrrr   +        #%",
        "%#-----+-----|        #%",
        "%#F         C|        #%",
        "%H          C|        #%",
        "%Hm aah      |        #%",
        "%#m aah     b|        #%",
        "%#m         b|        #%",
        "%#mmmmm     b|        #%",
        "%#-----+-----|--------#%",
        "%HO$__| |LLLL|U      vH%",
        "%HO__t| |    | haah  SH%",
        "%#--+-| ----;| haah  SH%",
        "%H    +              fH%",
        "%####;#+--------------#%",
        "%.....H      +       d#%",
        "%.P...#+-----| BB BB d#%",
        "%.....#   B B| BB BB  #%",
        "%4....#   B B|        #%",
        "%4o...#HH###########HH#%",
        "%%%%%%%%%%%%%%%%%%%%%%%%"
      ],
      "terrain": {
        "#": "t_brick_wall",
        "$": "t_linoleum_white",
        "%": "t_chainfence_h",
        "+": "t_door_c",
        "-": "t_wall",
        ".": "t_grass",
        "/": "t_chaingate_c",
        "4": "t_tree_pine",
        ";": "t_door_metal_pickable",
        "=": "t_door_metal_locked",
        "C": "t_floor",
        "F": "t_floor",
        "H": "t_reinforced_glass_shutter",
        "L": "t_floor",
        "O": "t_linoleum_white",
        "P": "t_water_pump",
        "S": "t_floor",
        "U": "t_utility_light",
        "_": "t_linoleum_white",
        "a": "t_floor",
        "b": "t_floor",
        "d": "t_floor",
        "e": "t_gates_mech_control",
        "f": "t_floor",
        "h": "t_floor",
        "m": "t_floor",
        "n": "t_floor",
        "o": "t_pit_covered",
        "r": "t_carpet_red",
        "s": "t_sidewalk",
        "t": "t_linoleum_white",
        "v": "t_floor",
        "|": "t_wall"
      },
      "furniture": {
        "$": "f_shower",
        "B": "f_bed",
        "C": "f_cupboard",
        "F": "f_fireplace",
        "L": "f_locker",
        "O": "f_bathtub",
        "S": "f_sink",
        "a": "f_table",
        "b": "f_bench",
        "d": "f_dresser",
        "f": "f_fridge",
        "h": "f_chair",
        "m": "f_sofa",
        "n": "f_trashcan",
        "v": "f_oven"
      },
      "toilets": {
        "t": {}
      },
      "place_loot": [
        { "group": "guns_pistol_common", "x": [ 10, 12 ], "y": [ 13, 13 ], "chance": 50, "repeat": [ 3, 5 ], "ammo": 100, "magazine": 100 },
        { "item": "reloaded_9mmP2", "x": [ 10, 12 ], "y": [ 13, 13 ], "chance": 60, "repeat": [ 8, 10 ] },
        { "item": "ninja_gun_ay893", "x": [ 10, 12 ], "y": [ 13, 13 ], "chance": 5, "repeat": [ 1, 1 ], "ammo": 100, "magazine": 100 },
        { "item": "chem_rocket_fuel", "x": [ 9, 9 ], "y": [ 13, 13 ], "chance": 100, "repeat": [ 5, 10 ] },
        { "group": "softdrugs", "x": [ 4, 5 ], "y": [ 8, 9 ], "chance": 100, "repeat": [ 1, 3 ] },
        { "group": "bed", "x": [ 15, 16 ], "y": [ 19, 20 ], "chance": 100, "repeat": [ 1, 3 ] },
        { "group": "bed", "x": [ 18, 19 ], "y": [ 19, 20 ], "chance": 100, "repeat": [ 1, 3 ] },
        { "group": "bed", "x": [ 10, 10 ], "y": [ 20, 21 ], "chance": 100, "repeat": [ 1, 3 ] },
        { "group": "bed", "x": [ 12, 12 ], "y": [ 20, 21 ], "chance": 100, "repeat": [ 1, 3 ] },
        { "group": "dresser", "x": [ 21, 21 ], "y": [ 18, 19 ], "chance": 100, "repeat": [ 1, 4 ] },
        { "group": "fridge", "x": [ 21, 21 ], "y": [ 16, 16 ], "chance": 100, "repeat": [ 1, 5 ] },
        { "item": "umbrella", "x": [ 12, 12 ], "y": [ 3, 3 ], "chance": 100, "repeat": [ 1, 5 ] },
        { "item": "bone_human", "x": [ 2, 2 ], "y": [ 22, 22 ], "chance": 100, "repeat": [ 3, 5 ] },
        { "item": "katana_inferior", "x": [ 12, 12 ], "y": [ 8, 8 ], "chance": 100, "repeat": [ 1, 1 ] },
        { "item": "ninja_tengu_mask", "x": [ 12, 12 ], "y": [ 8, 8 ], "chance": 10, "repeat": [ 1, 1 ] }
      ],
      "place_vehicles": [
        { "vehicle": "suburban_home", "x": 17, "y": 6, "chance": 100, "fuel": 80, "status": 1, "rotation": 90 }
      ]
    }
  }
]
