[
  {
    "type": "mapgen",
    "method": "json",
    "om_terrain": [ "ninja_mansion_1f_nw" ],
    "weight": 150,
    "//": "1F NW",
    "object": {
      "fill_ter": "t_dirt",
      "rows": [
        "                        ",
        "                        ",
        "  OOOOOOOOOOOOOOOOOOOOOO",
        "  O|--------------------",
        "  O|2.........2.........",
        "  O|.|------------------",
        "  O|.|*...............@@",
        "  O|.|.+.+.+.+.+*+.+r+@+",
        "  O|.|.^.^*.@@@@@@@^^*@.",
        "  O|.|..+.+@+.+.+.+@+@+.",
        "  O|.|...@@..r..*...@...",
        "  O|.|.+@+.+.+.+.+.+*+.+",
        "  O|2|.@.*r.^^^.r.r...r.",
        "  O|.|.@+*+.+.+.+.+.+.+.",
        "  O|.|^*@@@@@@@@*.^.r...",
        "  O|.|^+.+*+.+*+@+.+.+.+",
        "  O|.|^...r^.r..*@......",
        "  O|.|r.+.+^+.+.+@+*+.+.",
        "  O|.|..*..^.r..@..r....",
        "  O|.|.+.+.+.+^+@+.+.+.+",
        "  O|.|..r...r..@..^^^^..",
        "  O|.|..+.+.+.!.+.+.+.+.",
        "  O|2|^....r.@**r..r...r",
        "  O|.|--------==--------"
      ],
      "terrain": {
        " ": [ "t_grass", "t_grass", "t_grass", "t_dirt", "t_dirt", "t_dirt", "t_shrub", "t_shrub", "t_tree_willow" ],
        "!": "t_ninja_secret_door_c",
        "*": "t_floor",
        "+": "t_wall",
        "-": "t_wall",
        ".": "t_floor",
        "2": "t_floor",
        "=": "t_door_metal_c",
        "@": "t_floor",
        "O": "t_dirt",
        "^": "t_floor",
        "r": "t_floor",
        "|": "t_wall"
      },
      "traps": {
        "*": "tr_landmine_buried",
        "O": "tr_spike_pit",
        "^": "tr_caltrops"
      },
      "monster": {
        "2": { "monster": "mon_turret_rifle" },
        "r": { "monster": "mon_ninja_spring_floor" }
      }
    }
  },
  {
    "type": "mapgen",
    "method": "json",
    "om_terrain": [ "ninja_mansion_1f_north_entrance" ],
    "weight": 150,
    "//": "1F N",
    "object": {
      "fill_ter": "t_dirt",
      "rows": [
        "        |-,,,,-|        ",
        "        |M,,,,M|        ",
        "        |-,,,,-|        ",
        "--------|&,,,,&|--------",
        "|PT........__........|2.",
        "|____________........|.|",
        ".____________........|.|",
        "|--$$----------------|.|",
        "|2|~%2........2.......2%",
        "|.|~|.|--------------!-$",
        "|.|~|.%#~~~~~~~~~~~~~#.$",
        "|.|~|.$$---------------|",
        "|.|~|.|~~~~~~~~~~~~~~|2|",
        "|.|~|.|~|----------|~|.|",
        "|2|~|.|~|<~~~~~~~|2|~|.|",
        "|.|~|.|~|=-----|~|.|~|.|",
        "|.|~|.|~~~~~~~~~~|.|~|.|",
        "|.|~|.|----------|.|~|2|",
        "|.|~|2......2.....2|~|.|",
        "|.|~|--------------|~|.|",
        "|.|~~~~~~~~~~~~~~~~~~|.|",
        "|.|------------------|.|",
        "|2..........2.........2|",
        "|.--------------------.|"
      ],
      "terrain": {
        " ": [ "t_grass", "t_grass", "t_grass", "t_dirt", "t_dirt", "t_dirt" ],
        "!": "t_ninja_secret_gate_control_water",
        "#": "t_ninja_secret_floor",
        "$": "t_ninja_secret_wall",
        "%": "t_ninja_secret_gate_control",
        "&": "t_rock_floor",
        ",": "t_rock_floor",
        "-": "t_wall",
        ".": "t_floor",
        "2": "t_floor",
        "<": "t_stairs_up",
        "=": "t_ninja_secret_door_c",
        "M": "t_rock_floor",
        "O": "t_dirt",
        "P": "t_console_broken",
        "T": "t_floor",
        "_": "t_carpet_red",
        "|": "t_wall",
        "~": "t_water_dp"
      },
      "furniture": {
        "&": "f_brazier",
        "M": "f_mannequin"
      },
      "traps": {
        "O": "tr_spike_pit"
      },
      "fields": {
        "&": { "field": "fd_fire", "density": 1, "age": 1 }
      },
      "signs": {
        "T": { "snippet": "ninja_snippet_mansion" }
      },
      "place_loot": [
        { "item": "2x4", "x": 9, "y": 3, "chance": 100, "repeat": [ 20, 30 ] },
        { "item": "2x4", "x": 14, "y": 3, "chance": 100, "repeat": [ 20, 30 ] }
      ],
      "npcs": {
        "@": { "class": "ninja_npc_ninja" }
      },
      "monster": {
        "2": { "monster": "mon_turret_rifle" }
      }
    }
  },
  {
    "type": "mapgen",
    "method": "json",
    "om_terrain": [ "ninja_mansion_1f_ne" ],
    "weight": 150,
    "//": "1F NE",
    "object": {
      "fill_ter": "t_dirt",
      "rows": [
        "                        ",
        "                        ",
        "OOOOOOOOOOOOOOOOOOOOOO  ",
        "--------------------|O  ",
        "..........2........2|O  ",
        "------------------|.|O  ",
        "...&..........&...|.|O  ",
        ".....@######@.....|.|O  ",
        ".....########.....|.|O  ",
        ".....########.....|.|O  ",
        ".....########.....|.|O  ",
        ".....########.....|.|O  ",
        ".....########.....|.|O  ",
        ".....########.....|2|O  ",
        ".....@######@.....|.|O  ",
        "...&..........&...|.|O  ",
        "---$--!$$$----$---|.|O  ",
        ";;;,;;;;;;;;;;,;;;|.|O  ",
        ";;;,;;;;;;;;;;,;;;|.|O  ",
        ";;;,|--|CC|--|,;;;|.|O  ",
        ";;;,|--|;;|--|,;;;|.|O  ",
        ";;;,;;;;;;;;;;,;;;|.|O  ",
        ";;;,;;;;;;;;;;,;;;|2|O  ",
        "D--$!---DD---!$--D|.|O  "
      ],
      "terrain": {
        " ": [ "t_grass", "t_grass", "t_grass", "t_dirt", "t_dirt", "t_dirt", "t_shrub", "t_shrub", "t_tree_willow" ],
        "!": "t_ninja_secret_gate_control",
        "$": "t_ninja_secret_wall",
        "&": "t_floor",
        ",": "t_ninja_secret_rock_floor",
        "-": "t_wall",
        ".": "t_floor",
        "2": "t_floor",
        ";": "t_rock_floor",
        "@": "t_floor",
        "C": "t_rock_floor",
        "D": "t_door_metal_c_peep",
        "O": "t_dirt",
        "|": "t_wall"
      },
      "furniture": {
        "#": "f_tatami",
        "@": "f_tatami",
        "&": "f_brazier"
      },
      "traps": {
        "O": "tr_spike_pit"
      },
      "fields": {
        "&": { "field": "fd_fire", "density": 1, "age": 1 }
      },
      "place_loot": [
        { "item": "2x4", "x": 3, "y": 6, "chance": 100, "repeat": [ 20, 30 ] },
        { "item": "2x4", "x": 14, "y": 15, "chance": 100, "repeat": [ 20, 30 ] },
        { "item": "2x4", "x": 3, "y": 15, "chance": 100, "repeat": [ 20, 30 ] },
        { "item": "2x4", "x": 14, "y": 6, "chance": 100, "repeat": [ 20, 30 ] }
      ],
      "npcs": {
        "@": { "class": "ninja_npc_ninja" }
      },
      "monster": {
        "2": { "monster": "mon_turret_rifle" },
        "C": { "monster": "mon_chickenbot" }
      }
    }
  },
  {
    "type": "mapgen",
    "method": "json",
    "om_terrain": [ "ninja_mansion_1f_west" ],
    "weight": 150,
    "//": "1F W",
    "object": {
      "fill_ter": "t_dirt",
      "rows": [
        "  O|.|..................",
        "  O|.|.|----!#DD#!----|.",
        "  O|.|.|,,,,,,,,,,,,,,|.",
        "  O|.|.|,,,,,,,,,,,,,,|.",
        "  O|.|.|3,,,,,,,,,,,,3|.",
        "  O|.|.D,,,,,,,,,,,,,,|.",
        "  O|.|.D,,,,,,,,,,,,,,|.",
        "  O|2|.|,,,,,,,,,,,,,,|.",
        "  O|.|.###############|.",
        "  O|.|.!3,,,,,,,,,,,,3|.",
        "  O|.|.|,,,,,,,,,,,,,,|.",
        "  O|.|-------#,,#-------",
        "  O|........2|..|2......",
        "  O|.|-------|..|-------",
        "  O|.|??????????????????",
        "  O|.|1?1?1?1?.?.?.?.?1?",
        "  O|.|??????????????????",
        "  O|.|1?1?.?1?1?1?1?.?1?",
        "  O|.|??????????????????",
        "  O|.|.?.?.?.?.?.?.?.?1?",
        "  O|.|??????????????????",
        "  O|.|1?1?.?1?1?1?1?1?1?",
        "  O|2|??????????????????",
        "  O|.|----?-------------"
      ],
      "terrain": {
        " ": [ "t_grass", "t_grass", "t_grass", "t_dirt", "t_dirt", "t_dirt", "t_shrub", "t_shrub", "t_tree_willow" ],
        "!": "t_ninja_secret_gate_control",
        "#": "t_ninja_secret_wall",
        ",": "t_ninja_secret_rock_floor",
        "-": "t_wall",
        ".": "t_floor",
        "1": "t_floor",
        "2": "t_floor",
        "3": "t_rock_floor",
        "=": "t_door_metal_c",
        "?": "t_ninja_secret_door_c",
        "C": "t_floor",
        "D": "t_door_metal_c_peep",
        "O": "t_dirt",
        "|": "t_wall"
      },
      "traps": {
        "O": "tr_spike_pit"
      },
      "monster": {
        "1": { "monster": "mon_turret" },
        "2": { "monster": "mon_turret_rifle" },
        "3": { "monster": "mon_turret_rifle" }
      }
    }
  },
  {
    "type": "mapgen",
    "method": "json",
    "om_terrain": [ "ninja_mansion_1f_center" ],
    "weight": 150,
    "//": "1F 2ENTER",
    "object": {
      "fill_ter": "t_dirt",
      "rows": [
        "|.|.+..^..++....<+.!.|.|",
        "|.|.^^^....^^......#-|.|",
        "|.|.....^^...^^....#<|.|",
        "|.|...^............|-|.|",
        "|.|.+.....++..^..+.|.|.|",
        "|.|...^.......^....|.|.|",
        "|2|..............^.|.|2|",
        "|.|..+++++++.^.^...|.|.|",
        "|.|..+++++++....^..|.|.|",
        "|.|..+++++++.......|.|.|",
        "|.|^^^^.....^..^^^^|.|.|",
        "|.|.^....^....^++++|.|.|",
        "|.|.^........^.++++|.|.|",
        "|.|..^.++++...^++++|.|.|",
        "|.|....++++...^.^..|.|.|",
        "|.|....++++..^.....|.|.|",
        "|.|..^......^..^^..|.|.|",
        "|2|...^....^...^...|.|2|",
        "|.|....^^......^^^.|.|.|",
        "|.|----------------|.|.|",
        "|.|----------------|.|.|",
        "|.|----------------|.|.|",
        "|.|----------------|.|.|",
        "|.--------------------.|"
      ],
      "terrain": {
        "!": "t_ninja_secret_gate_control",
        "#": "t_ninja_secret_wall",
        "+": "t_wall",
        "-": "t_wall",
        ".": "t_floor",
        "2": "t_floor",
        "<": "t_stairs_up",
        "^": "t_floor",
        "|": "t_wall"
      },
      "traps": {
        "^": "tr_caltrops"
      },
      "place_loot": [
        { "item": "bone_human", "x": [ 4, 12 ], "y": [ 6, 6 ], "chance": 40, "repeat": [ 2, 4 ] },
        { "item": "bone_human", "x": [ 12, 14 ], "y": [ 11, 13 ], "chance": 40, "repeat": [ 2, 4 ] },
        { "item": "bone_human", "x": [ 7, 15 ], "y": [ 16, 18 ], "chance": 40, "repeat": [ 2, 4 ] }
      ],
      "monster": {
        "2": { "monster": "mon_turret_rifle" }
      }
    }
  },
  {
    "type": "mapgen",
    "method": "json",
    "om_terrain": [ "ninja_mansion_1f_east" ],
    "weight": 150,
    "//": "1F EAST",
    "object": {
      "fill_ter": "t_dirt",
      "rows": [
        "..................|.|O  ",
        "444,4,,,44,,,,,,,.|.|O  ",
        "4,,,,4,^^^^,,,,,,.|.|O  ",
        ",,4,^^^^^^^^^,,,,.|.|O  ",
        "4,^^^^^^^^^^^^,,,.|.|O  ",
        ",,^^^^^^^^^^^^^,,.|.|O  ",
        ",^^^^C~~^^^^^^^,,.|.|O  ",
        "4,^^^~~C^^^^^^^,,.|.|O  ",
        ",,^^^^^^^^^^^,,,,.|.|O  ",
        "4^^^^^^^^^^^^,,,,.|.|O  ",
        ",,^^^^^U^^^^^,,,,.|.|O  ",
        ",,,^^^^^^^^^^^,,,.|.|O  ",
        "4,^^^^^^^^^^^^,,,.|2|O  ",
        "44^^^^C~^^^^^^,,,.|.|O  ",
        "4,^^^^~~^^^^^^^,,.|.|O  ",
        ",,^^^^~C^^^^^^^,,.|.|O  ",
        "4,,^^^^^^^^^^^,,,.|.|O  ",
        "44,,^^^^^^^^,,,,,.|.|O  ",
        ",,4,,,^^^^^^^,,,,.|.|O  ",
        ",,,4,,,^^^^^^^,,,.|.|O  ",
        ",4,,,4,,^^^^^,,,,.|.|O  ",
        ",,,,4,,,,,^^,,,,,.|.|O  ",
        ",4,,,,4,,4,,4,,,,.|2|O  ",
        "-----------------.|.|O  "
      ],
      "terrain": {
        " ": [ "t_grass", "t_grass", "t_grass", "t_dirt", "t_dirt", "t_dirt", "t_shrub", "t_shrub", "t_tree_willow" ],
        ",": [ "t_grass", "t_dirt", "t_shrub" ],
        "-": "t_wall",
        ".": "t_floor",
        "2": "t_floor",
        "4": "t_tree_willow",
        "C": "t_water_dp",
        "O": "t_dirt",
        "U": "t_utility_light",
        "^": "t_water_sh",
        "|": "t_wall",
        "~": "t_water_dp"
      },
      "traps": {
        "O": "tr_spike_pit"
      },
      "npcs": {
        "@": { "class": "ninja_npc_ninja" }
      },
      "monster": {
        "2": { "monster": "mon_turret_rifle" },
        "C": { "monster": "mon_fish_carp" }
      }
    }
  },
  {
    "type": "mapgen",
    "method": "json",
    "om_terrain": [ "ninja_mansion_1f_sw" ],
    "weight": 150,
    "//": "1F SW",
    "object": {
      "fill_ter": "t_dirt",
      "rows": [
        "  O|.|,|r,,,,,****|,,,,,",
        "  O|.|,|,|?-------|,---,",
        "  O|.|,,,,,,,,,,,,,,,r,,",
        "  O|.|-------?---------?",
        "  O|.|.?.?.?|r|,,,,,,,,,",
        "  O|.|??????|-|,|,|,|--,",
        "  O|2|??1?.?,,,,,r,,,**!",
        "  O|.|,----------------#",
        "  O|.|,|,,,,,,,,,,,,,,,#",
        "  O|.|,|,|-------------#",
        "  O|.|,|,|,,,,,,,,,,,,|,",
        "  O|.|,|,|,,,,,,,,,,,,|,",
        "  O|.|,|,|,,,,,U,,,,,,|,",
        "  O|.|,|,|,,,,,,,,3,,,|,",
        "  O|.|,|,|,,,,,,,,,|---?",
        "  O|.|,|,!,,,,,,,,,|,,,,",
        "  O|.|,|;#,,,,,,,,,,,,,#",
        "  O|.|,,,D,,,,,,,,,,,,,,",
        "  O|.|------------------",
        "  O|2.........2.........",
        "  O|--------------------",
        "  OOOOOOOOOOOOOOOOOOOOOO",
        "                        ",
        "                        "
      ],
      "terrain": {
        " ": [ "t_grass", "t_grass", "t_grass", "t_dirt", "t_dirt", "t_dirt", "t_shrub", "t_shrub", "t_tree_willow" ],
        "!": "t_ninja_secret_gate_control",
        "#": "t_ninja_secret_wall",
        "*": "t_ninja_secret_rock_floor",
        ",": "t_ninja_secret_rock_floor",
        "-": "t_wall",
        ".": "t_floor",
        "1": "t_rock_floor",
        "2": "t_floor",
        "3": "t_ninja_secret_rock_floor",
        ";": "t_rock_floor",
        "?": "t_ninja_secret_door_c",
        "D": "t_door_metal_c_peep",
        "O": "t_dirt",
        "U": "t_utility_light",
        "r": "t_ninja_secret_rock_floor",
        "|": "t_wall"
      },
      "traps": {
        "*": "tr_landmine_buried",
        "O": "tr_spike_pit"
      },
      "monster": {
        "1": { "monster": "mon_turret" },
        "2": { "monster": "mon_turret_rifle" },
        "3": { "monster": "mon_turret_rifle" },
        "r": { "monster": "mon_ninja_spring_floor" }
      }
    }
  },
  {
    "type": "mapgen",
    "method": "json",
    "om_terrain": [ "ninja_mansion_1f_south" ],
    "weight": 150,
    "//": "1F SOUTH",
    "object": {
      "fill_ter": "t_dirt",
      "rows": [
        "|2.....................2",
        "|.|---------------------",
        "|.|VSSPFF,,,|...........",
        "|.|,,,,,,,,,|?----------",
        "|.|,,,,,,,,,!.&.......&.",
        "|.|----|.|$$$...#####...",
        "|.|[[[[|.|..!...#####...",
        "|.|....|.|......#####...",
        "|.|[[[^?.|......#####...",
        "|2|....|.|....&.......&.",
        "|.|[[[[|.|..............",
        "|.|----|.|!$$--|........",
        "|.|.....@|.....|--------",
        "|.|,,,,..|T....|]]WWDD]]",
        "|!$,,,,..|--.--|,,,,,,,,",
        "..$,,,,.@.......,,bbbb,P",
        "|-|,,,,..|+---+|,,,,,,,,",
        "|.|,,,,..|_t|t_|ddd,,ddd",
        "|.|---------------------",
        ".2..........2...........",
        "------------------------",
        "OOOOOOOOOOOOOOOOOOOOOOOO",
        "                        ",
        "                        "
      ],
      "terrain": {
        " ": [ "t_grass", "t_grass", "t_grass", "t_dirt", "t_dirt", "t_dirt", "t_shrub", "t_shrub", "t_tree_willow" ],
        "!": "t_ninja_secret_gate_control",
        "#": "t_floor",
        "$": "t_ninja_secret_wall",
        "&": "t_floor",
        "+": "t_door_c",
        ",": "t_rock_floor",
        "-": "t_wall",
        ".": "t_floor",
        "2": "t_floor",
        "?": "t_ninja_secret_door_c",
        "@": "t_floor",
        "D": "t_rock_floor",
        "F": "t_rock_floor",
        "O": "t_dirt",
        "P": "t_water_pump",
        "S": "t_rock_floor",
        "T": "t_floor",
        "V": "t_rock_floor",
        "W": "t_rock_floor",
        "[": "t_floor",
        "]": "t_rock_floor",
        "_": "t_linoleum_white",
        "b": "t_rock_floor",
        "d": "t_rock_floor",
        "t": "t_linoleum_white",
        "|": "t_wall"
      },
      "furniture": {
        "&": "f_brazier",
        "#": "f_tatami",
        "D": "f_dryer",
        "F": "f_fridge",
        "S": "f_sink",
        "V": "f_oven",
        "W": "f_washer",
        "[": "f_bookcase",
        "]": "f_rack",
        "b": "f_table",
        "d": "f_dresser"
      },
      "traps": {
        "O": "tr_spike_pit",
        "^": "tr_caltrops",
        "t": "tr_shotgun_2"
      },
      "fields": {
        "&": { "field": "fd_fire", "density": 1, "age": 1 }
      },
      "signs": {
        "T": { "snippet": "ninja_snippet_dojo" }
      },
      "toilets": {
        "t": {}
      },
      "place_loot": [
        { "item": "2x4", "x": 14, "y": 4, "chance": 100, "repeat": [ 20, 30 ] },
        { "item": "2x4", "x": 22, "y": 4, "chance": 100, "repeat": [ 20, 30 ] },
        { "item": "2x4", "x": 14, "y": 9, "chance": 100, "repeat": [ 20, 30 ] },
        { "item": "2x4", "x": 22, "y": 9, "chance": 100, "repeat": [ 20, 30 ] },
        { "group": "fridge", "x": 7, "y": 2, "chance": 100, "repeat": [ 10, 20 ] },
        { "group": "fridge", "x": 8, "y": 2, "chance": 100, "repeat": [ 10, 20 ] },
        { "group": "manuals", "x": 3, "y": 6, "chance": 70, "repeat": [ 4, 6 ] },
        { "group": "textbooks", "x": 4, "y": 6, "chance": 70, "repeat": [ 4, 6 ] },
        { "group": "mansion_books", "x": 5, "y": 6, "chance": 70, "repeat": [ 4, 6 ] },
        { "group": "novels", "x": 6, "y": 6, "chance": 70, "repeat": [ 4, 6 ] },
        { "group": "homebooks", "x": 3, "y": 8, "chance": 70, "repeat": [ 4, 6 ] },
        { "group": "manuals", "x": 4, "y": 8, "chance": 70, "repeat": [ 4, 6 ] },
        { "group": "mansion_books", "x": 5, "y": 8, "chance": 70, "repeat": [ 4, 6 ] },
        { "group": "textbooks", "x": 3, "y": 10, "chance": 70, "repeat": [ 4, 6 ] },
        { "group": "mansion_books", "x": 4, "y": 10, "chance": 70, "repeat": [ 4, 6 ] },
        { "group": "textbooks", "x": 5, "y": 10, "chance": 70, "repeat": [ 4, 6 ] },
        { "group": "mansion_books", "x": 6, "y": 10, "chance": 70, "repeat": [ 4, 5 ] },
        { "group": "cleaning", "x": 16, "y": 13, "chance": 90, "repeat": [ 8, 10 ] },
        { "group": "cleaning", "x": 17, "y": 13, "chance": 90, "repeat": [ 8, 10 ] },
        { "item": "soap", "x": 22, "y": 13, "chance": 100, "repeat": [ 20, 30 ] },
        { "item": "washboard", "x": 23, "y": 13, "chance": 100, "repeat": [ 1, 1 ] },
        { "group": "contraband", "x": 18, "y": 15, "chance": 30, "repeat": [ 10, 15 ] },
        { "group": "contraband", "x": 19, "y": 15, "chance": 30, "repeat": [ 10, 15 ] },
        { "group": "contraband", "x": 20, "y": 15, "chance": 30, "repeat": [ 10, 15 ] },
        { "group": "contraband", "x": 21, "y": 15, "chance": 30, "repeat": [ 10, 15 ] },
        { "group": "dresser", "x": 16, "y": 17, "chance": 80, "repeat": [ 5, 10 ] },
        { "group": "dresser", "x": 17, "y": 17, "chance": 80, "repeat": [ 5, 10 ] },
        { "group": "dresser", "x": 18, "y": 17, "chance": 80, "repeat": [ 5, 10 ] },
        { "group": "dresser", "x": 21, "y": 17, "chance": 80, "repeat": [ 5, 10 ] },
        { "group": "dresser", "x": 22, "y": 17, "chance": 80, "repeat": [ 5, 10 ] },
        { "group": "dresser", "x": 23, "y": 17, "chance": 80, "repeat": [ 5, 10 ] }
      ],
      "npcs": {
        "@": { "class": "ninja_npc_ninja" }
      },
      "monster": {
        "2": { "monster": "mon_turret_rifle" }
      }
    }
  },
  {
    "type": "mapgen",
    "method": "json",
    "om_terrain": [ "ninja_mansion_1f_se" ],
    "weight": 150,
    "//": "1F SE",
    "object": {
      "fill_ter": "t_dirt",
      "rows": [
        "...............2|.|.|O  ",
        "----------------|.|.|O  ",
        "?.................|.|O  ",
        "|.|-------------|.|.|O  ",
        "|.|WWWWWWUWWWWWW|.|.|O  ",
        "|.|_C__C___C__C_|.|.|O  ",
        "|.|_____________|.|2|O  ",
        "|.|_____________|.|.|O  ",
        "|.|DHHHHHHHHHHHH|.|.|O  ",
        "|.......F[[[SSSP..|.|O  ",
        "|.................|.|O  ",
        "|.|HHHHHD|DHHHHH|.|.|O  ",
        "|.|c_c___|_^^^^^|.|.|O  ",
        "|.|_c__c_|^^^^^^|.|.|O  ",
        "|.|___c__|^^^^^s|.|.|O  ",
        "|.|U_c__c|^^^s^U|.|.|O  ",
        "|.|------|------|.|.|O  ",
        "|.................|.|O  ",
        "------------------|.|O  ",
        "........2..........2|O  ",
        "--------------------|O  ",
        "OOOOOOOOOOOOOOOOOOOOOO  ",
        "                        ",
        "                        "
      ],
      "terrain": {
        " ": [ "t_grass", "t_grass", "t_grass", "t_dirt", "t_dirt", "t_dirt", "t_shrub", "t_shrub", "t_tree_willow" ],
        "-": "t_wall",
        ".": "t_floor",
        "2": "t_floor",
        "?": "t_ninja_secret_door_c",
        "C": [ "t_grass", "t_grass", "t_grass", "t_dirt", "t_dirt", "t_dirt", "t_shrub", "t_shrub" ],
        "D": "t_door_metal_c_peep",
        "F": "t_floor",
        "H": "t_reinforced_glass_shutter_open",
        "O": "t_dirt",
        "P": "t_water_pump",
        "S": "t_floor",
        "U": "t_utility_light",
        "W": "t_dirt",
        "[": "t_floor",
        "^": [ "t_grass", "t_grass", "t_grass", "t_dirt", "t_dirt", "t_dirt", "t_shrub", "t_shrub" ],
        "_": [ "t_grass", "t_grass", "t_grass", "t_dirt", "t_dirt", "t_dirt", "t_shrub", "t_shrub" ],
        "c": [ "t_grass", "t_grass", "t_grass", "t_dirt", "t_dirt", "t_dirt", "t_shrub", "t_shrub" ],
        "|": "t_wall"
      },
      "furniture": {
        "F": "f_fridge",
        "S": "f_sink",
        "W": "f_straw_bed",
        "[": "f_rack",
        "^": "f_egg_sackbw",
        "s": "f_egg_sackbw"
      },
      "traps": {
        "O": "tr_spike_pit"
      },
      "place_loot": [
        { "item": "egg_bird", "x": 8, "y": 9, "chance": 100, "repeat": [ 10, 15 ] },
        { "item": "can_sealer", "x": 9, "y": 9, "chance": 100, "repeat": [ 1, 1 ] },
        { "item": "can_food_unsealed", "x": 9, "y": 9, "chance": 100, "repeat": [ 15, 20 ] },
        { "item": "jug_plastic", "x": 9, "y": 9, "chance": 100, "repeat": [ 5, 10 ] },
        { "item": "vac_sealer", "x": 10, "y": 9, "chance": 100, "repeat": [ 1, 1 ] },
        { "item": "bag_plastic", "x": 10, "y": 9, "chance": 100, "repeat": [ 20, 30 ] },
        { "item": "battery", "x": 10, "y": 9, "chance": 100, "repeat": [ 5, 10 ] },
        { "item": "dehydrator", "x": 11, "y": 9, "chance": 100, "repeat": [ 1, 1 ] },
        { "item": "hotplate", "x": 11, "y": 9, "chance": 100, "repeat": [ 1, 1 ] },
        { "item": "battery", "x": 11, "y": 9, "chance": 100, "repeat": [ 5, 10 ] }
      ],
      "monster": {
        "2": { "monster": "mon_turret_rifle" },
        "C": { "monster": "mon_cow" },
        "c": { "monster": "mon_chicken" },
        "s": { "monster": "mon_spider_widow_giant" }
      }
    }
  },
  {
    "type": "mapgen",
    "method": "json",
    "om_terrain": [ "ninja_mansion_2f_north" ],
    "weight": 150,
    "//": "1F N",
    "object": {
      "fill_ter": "t_open_air",
      "rows": [
        "////////////////////////",
        "////////////////////////",
        "////////////////////////",
        "-RRRRRRRRRRRRRRRRRRRRRR-",
        "|......................|",
        "|M...#####....#####...M|",
        "|....#####....#####....|",
        "|M...#####....#####...M|",
        "|....#####....#####....|",
        "|M...#####....#####...M|",
        "|......................|",
        "|..@................@..|",
        "|......................|",
        "|.......|------|.......|",
        "|.......|>.....|.......|",
        "|.......|--DD--|.......|",
        "|......................|",
        "|......................|",
        "|.........RRRR.........|",
        "|.........R//R.........|",
        "|.........R//R.........|",
        "|.........RRRR.........|",
        "|......................|",
        "|-D--------------------|"
      ],
      "terrain": {
        "#": "t_floor",
        "&": "t_floor",
        "-": "t_wall",
        ".": "t_floor",
        "/": "t_open_air",
        ">": "t_stairs_down",
        "@": "t_floor",
        "D": "t_door_metal_c",
        "M": "t_floor",
        "R": "t_railing_v",
        "|": "t_wall"
      },
      "furniture": {
        "#": "f_tatami",
        "M": "f_mannequin"
      },
      "place_loot": [
        { "item": "katana", "x": 1, "y": 5, "chance": 20, "repeat": [ 1, 1 ] },
        { "item": "helmet_kabuto", "x": 1, "y": 5, "chance": 100, "repeat": [ 1, 1 ] },
        { "item": "armor_samurai", "x": 1, "y": 5, "chance": 100, "repeat": [ 1, 1 ] },
        { "item": "katana", "x": 1, "y": 7, "chance": 20, "repeat": [ 1, 1 ] },
        { "item": "helmet_kabuto", "x": 1, "y": 7, "chance": 100, "repeat": [ 1, 1 ] },
        { "item": "armor_samurai", "x": 1, "y": 7, "chance": 100, "repeat": [ 1, 1 ] },
        { "item": "katana", "x": 1, "y": 9, "chance": 20, "repeat": [ 1, 1 ] },
        { "item": "helmet_kabuto", "x": 1, "y": 9, "chance": 100, "repeat": [ 1, 1 ] },
        { "item": "armor_samurai", "x": 1, "y": 9, "chance": 100, "repeat": [ 1, 1 ] },
        { "item": "katana", "x": 22, "y": 5, "chance": 20, "repeat": [ 1, 1 ] },
        { "item": "helmet_kabuto", "x": 22, "y": 5, "chance": 100, "repeat": [ 1, 1 ] },
        { "item": "armor_samurai", "x": 22, "y": 5, "chance": 100, "repeat": [ 1, 1 ] },
        { "item": "katana", "x": 22, "y": 7, "chance": 20, "repeat": [ 1, 1 ] },
        { "item": "helmet_kabuto", "x": 22, "y": 7, "chance": 100, "repeat": [ 1, 1 ] },
        { "item": "armor_samurai", "x": 22, "y": 7, "chance": 100, "repeat": [ 1, 1 ] },
        { "item": "katana", "x": 22, "y": 9, "chance": 20, "repeat": [ 1, 1 ] },
        { "item": "helmet_kabuto", "x": 22, "y": 9, "chance": 100, "repeat": [ 1, 1 ] },
        { "item": "armor_samurai", "x": 22, "y": 9, "chance": 100, "repeat": [ 1, 1 ] }
      ],
      "npcs": {
        "@": { "class": "ninja_npc_ninja" }
      }
    }
  },
  {
    "type": "mapgen",
    "method": "json",
    "om_terrain": [ "ninja_mansion_2f_center" ],
    "weight": 150,
    "//": "1F N",
    "object": {
      "fill_ter": "t_open_air",
      "rows": [
        "|/..............>./|2|.|",
        "|/................/|-|.|",
        "|/.r............../|>|.|",
        "|/...........r..../|.|.|",
        "|/................/|.|.|",
        "|//////////////////|.|.|",
        "|//////////////////|.|.|",
        "|////......r///////|.|.|",
        "|////..r....///////|.|.|",
        "|//////////////////|.|.|",
        "|//////////////////|.|.|",
        "|//////////////.../|.|.|",
        "|//////////////.../|.|.|",
        "|//////.../////r../|.|.|",
        "|//////.../////////|.|.|",
        "|//////..r/////////|.|.|",
        "|//////////////////|.|.|",
        "|//////////////////|.|.|",
        "|RRRRRRRRRRRRRRRRRR|.|.|",
        "|..................|.|.|",
        "|....<.............|.|.|",
        "|#-----------------|.|.|",
        "|#.................#.|.|",
        "|#!---------------!#!|.|"
      ],
      "terrain": {
        "!": "t_ninja_secret_gate_control",
        "#": "t_ninja_secret_wall",
        "-": "t_wall",
        ".": "t_floor",
        "/": "t_open_air",
        "2": "t_floor",
        "<": "t_stairs_up",
        ">": "t_stairs_down",
        "?": "t_ninja_secret_door_c",
        "R": "t_railing_v",
        "r": "t_floor",
        "|": "t_wall"
      },
      "monster": {
        "2": { "monster": "mon_turret_rifle" },
        "r": { "monster": "mon_ninja_spring_floor" }
      }
    }
  },
  {
    "type": "mapgen",
    "method": "json",
    "om_terrain": [ "ninja_mansion_3f_center" ],
    "weight": 150,
    "//": "1F N",
    "object": {
      "fill_ter": "t_open_air",
      "rows": [
        "////////////////////////",
        "///..................///",
        "///.RRRRRRRRRRRRRRRR.///",
        "///.R..............R.///",
        "///.R.|----HH----|.R.///",
        "///.R.|..........|.R.///",
        "///.R.|..######..|.R.///",
        "///.R.|..######..|.R.///",
        "///.R.H..######..H.R.///",
        "///.R.H..######..H.R.///",
        "///.R.|..######..|.R.///",
        "///.R.|..######..|.R.///",
        "///.R.|...@..@...|.R.///",
        "///.R.H..........H.R.///",
        "///.R.H...h..h...H.R.///",
        "///.R.|...tttt...|.R.///",
        "///.R.|...tttt...|.R.///",
        "///.R.|...h..h...|.R.///",
        "///.R.|..........|.R.///",
        "///.R.|D---HH----|.R.///",
        "///.R>.............R.///",
        "///$RRRRRRRRRRRRRRRR.///",
        "///!.................///",
        "////////////////////////"
      ],
      "terrain": {
        "!": "t_ninja_secret_gate_control_air",
        "#": "t_floor",
        "$": "t_ninja_secret_floor",
        "-": "t_wall",
        ".": "t_floor",
        "/": "t_open_air",
        ">": "t_stairs_down",
        "?": "t_ninja_secret_door_c",
        "@": "t_floor",
        "D": "t_door_metal_c",
        "H": "t_reinforced_glass_shutter_open",
        "R": "t_railing_v",
        "h": "t_floor",
        "t": "t_floor",
        "|": "t_wall"
      },
      "furniture": {
        "&": "f_brazier",
        "#": "f_tatami",
        "h": "f_chair",
        "t": "f_table"
      },
      "npcs": {
        "@": { "class": "ninja_npc_high_ninja" }
      }
    }
  },
  {
    "type": "mapgen",
    "method": "json",
    "om_terrain": [ "ninja_mansion_2f_west" ],
    "weight": 150,
    "//": "1F N",
    "object": {
      "fill_ter": "t_open_air",
      "rows": [
        "|-----|/////////////////",
        "|.....|/////////////////",
        "|.....|/////////////////",
        "|.....|/////////////////",
        "|.....|/////////////////",
        "|.....|/////////////////",
        "|.....|/////////////////",
        "|-----|/////////////////",
        "////////////////////////",
        "////////////////////////",
        "////////////////////////",
        "////////////////////////",
        "////////////////////////",
        "////////////////////////",
        "////////////////////////",
        "////////////////////////",
        "////////////////////////",
        "////////////////////////",
        "////////////////////////",
        "////////////////////////",
        "////////////////////////",
        "////////////////////////",
        "////////////////////////",
        "////////////////////////"
      ],
      "terrain": {
        "-": "t_wall",
        ".": "t_floor",
        "/": "t_open_air",
        "|": "t_wall"
      }
    }
  },
  {
    "type": "mapgen",
    "method": "json",
    "om_terrain": [ "ninja_mansion_3f_west" ],
    "weight": 150,
    "//": "1F N",
    "object": {
      "fill_ter": "t_open_air",
      "rows": [
        "|-----|/////////////////",
        "|B[[[[|/////////////////",
        "|.....|/////////////////",
        "|.....|/////////////////",
        "|...r.|/////////////////",
        "|.....|/////////////////",
        "|.....|/////////////////",
        "|---D-|/////////////////",
        "R.....R/////////////////",
        "R.RRRRR/////////////////",
        "/.//////////////////////",
        "/.//////////////////////",
        "/.//////////////////////",
        "/.//////////////////////",
        "/.//////////////////////",
        "/.//////////////////////",
        "/.//////////////////////",
        "/.//////////////////////",
        "/.//////////////////////",
        "/.//////////////////////",
        "/.R/////////////////////",
        "/@$/////////////////////",
        "/.!/////////////////////",
        "////////////////////////"
      ],
      "terrain": {
        "!": "t_ninja_secret_gate_control_air",
        "$": "t_ninja_secret_floor",
        "-": "t_wall",
        ".": "t_floor",
        "/": "t_open_air",
        "@": "t_floor",
        "B": "t_floor",
        "D": "t_door_metal_c",
        "R": "t_railing_v",
        "[": "t_floor",
        "r": "t_floor",
        "|": "t_wall"
      },
      "furniture": {
        "B": "f_bookcase",
        "[": "f_rack"
      },
      "place_loot": [
        { "group": "ninja_rare_ammo", "x": 2, "y": 1, "chance": 100, "repeat": [ 6, 10 ] },
        { "group": "ninja_rare_ammo", "x": 2, "y": 1, "chance": 100, "repeat": [ 6, 10 ] },
        { "group": "ninja_rare_gun", "x": 2, "y": 1, "chance": 100, "repeat": [ 1, 2 ] },
        { "group": "ninja_rare_gunmod", "x": 2, "y": 1, "chance": 100, "repeat": [ 2, 4 ] },
        { "group": "ninja_rare_enagy", "x": 3, "y": 1, "chance": 100, "repeat": [ 8, 10 ] },
        { "group": "ninja_rare_enagy", "x": 3, "y": 1, "chance": 100, "repeat": [ 8, 10 ] },
        { "group": "ninja_rare_vparts", "x": 4, "y": 1, "chance": 100, "repeat": [ 1, 4 ] },
        { "group": "ninja_rare_chem", "x": 4, "y": 1, "chance": 100, "repeat": [ 8, 10 ] },
        { "group": "ninja_rare_cbm", "x": 5, "y": 1, "chance": 100, "repeat": [ 3, 5 ] },
        { "group": "ninja_rare_special", "x": 5, "y": 1, "chance": 100, "repeat": [ 3, 5 ] },
        { "group": "mansion_books", "x": 1, "y": 1, "chance": 70, "repeat": [ 4, 6 ] },
        { "group": "mansion_books", "x": 1, "y": 1, "chance": 70, "repeat": [ 4, 6 ] },
        { "group": "mansion_books", "x": 1, "y": 1, "chance": 70, "repeat": [ 4, 6 ] },
        { "group": "mansion_books", "x": 1, "y": 1, "chance": 70, "repeat": [ 4, 6 ] },
        { "item": "manual_ninjutsu", "x": 1, "y": 1, "chance": 100, "repeat": [ 1, 1 ] }
      ],
      "npcs": {
        "@": { "class": "ninja_npc_high_ninja" }
      },
      "monster": {
        "r": { "monster": "mon_ninja_spring_floor" }
      }
    }
  }
]
