[
  {
    "type": "mapgen",
    "method": "json",
    "om_terrain": [ "ninja_tower_1" ],
    "weight": 150,
    "//": "1F NW",
    "object": {
      "fill_ter": "t_floor",
      "rows": [
        "ssssssssssssssssssssssss",
        "ssssssssssssssssssssssss",
        "ss%%%%%%%%%%%%%%%%%%%%%%",
        "ss%wwwwwwwwwwwwwwwwwwwww",
        "ss%w|-HH--HHH--HHH--HHH-",
        "ss%wHU.................L",
        "ss%wH....@.d....d.@.....",
        "ss%w|...dddd....dddd....",
        "ss%wH...................",
        "ss%wH...hddh....hddh...d",
        "ss%wH...hddh....hddh...d",
        "ss%w|.@.hddh.@..hddh...d",
        "ss%wH...................",
        "ss%wH...hddh....hddh....",
        "ss%wH...hddh....hddh..LL",
        "ss%w|...----------------",
        "ss%wH...........|_t|_t|2",
        "ss%wH...........|__|__|L",
        "ss%w|-----GG----|D--D-|-",
        "ss%w|U..................",
        "ss%wH^..................",
        "ss%wH..mmm...|---|---|..",
        "ss%wHn.......|<R.|EEE|..",
        "ss%w|V.mmm...|.R.|EEED.."
      ],
      "terrain": {
        "%": "t_chainfence_h",
        ",": "t_pavement_y",
        "-": "t_wall_metal",
        ".": "t_floor",
        "2": "t_floor",
        "<": "t_stairs_up",
        "D": "t_door_metal_c",
        "E": "t_elevator",
        "G": "t_door_glass_c",
        "H": "t_reinforced_glass_shutter_open",
        "L": "t_floor",
        "R": "t_railing_v",
        "U": "t_utility_light",
        "V": "t_floor",
        "^": "t_floor",
        "_": "t_linoleum_white",
        "d": "t_floor",
        "h": "t_floor",
        "l": "t_floor",
        "m": "t_floor",
        "n": "t_floor",
        "s": "t_sidewalk",
        "t": "t_linoleum_white",
        "w": "t_shrub",
        "|": "t_wall_metal"
      },
      "furniture": {
        "L": "f_locker",
        "V": "f_vending_c",
        "^": "f_indoor_plant",
        "d": "f_desk",
        "h": "f_chair",
        "l": "f_locker",
        "m": "f_sofa",
        "n": "f_trashcan"
      },
      "toilets": {
        "t": {}
      },
      "place_loot": [
        { "group": "vending_drink", "x": 5, "y": 23, "chance": 100, "repeat": [ 4, 48 ] },
        { "group": "cubical_office", "x": 23, "y": 5, "chance": 50, "repeat": [ 1, 3 ] },
        { "group": "cubical_office", "x": 22, "y": 14, "chance": 50, "repeat": [ 1, 3 ] },
        { "group": "cubical_office", "x": 23, "y": 14, "chance": 50, "repeat": [ 1, 3 ] },
        { "group": "ninja_rare_vparts", "x": 23, "y": 17, "chance": 100, "repeat": [ 1, 1 ] }
      ],
      "npcs": {
        "@": { "class": "ninja_npc_ninja" }
      },
      "monster": {
        "2": { "monster": "mon_turret" }
      },
      "place_vehicles": [
        { "vehicle": "swivel_chair", "x": 9, "y": 6, "chance": 100, "rotation": 90 },
        { "vehicle": "swivel_chair", "x": 18, "y": 6, "chance": 100, "rotation": 90 }
      ]
    }
  },
  {
    "type": "mapgen",
    "method": "json",
    "om_terrain": [ "ninja_tower_2" ],
    "weight": 150,
    "//": "1F NE",
    "object": {
      "fill_ter": "t_floor",
      "rows": [
        "ssssssssssssssssssssssss",
        "ssssssssssssssssssssssss",
        "%%%%%%%%%%%%%%%%%%%%%%ss",
        "wwwwwwwwwwwwwwwwwwwww%ss",
        "-HHH--HHH--HHH--HH-|w%ss",
        "L.................UHw%ss",
        ".....@.d....d.@....Hw%ss",
        "....dddd....dddd...|w%ss",
        "...................Hw%ss",
        "d...hddh....hddh...Hw%ss",
        "d...hddh....hddh...Hw%ss",
        "d...hddh.@..hddh.@.|w%ss",
        "...................Hw%ss",
        "....hddh....hddh...Hw%ss",
        "LL..hddh....hddh...Hw%ss",
        "----------------...|w%ss",
        ".!t_|t_|...........Hw%ss",
        ".|__|__|...........Hw%ss",
        "---D--D-----GG-----|w%ss",
        "..................U|w%ss",
        "..................^Hw%ss",
        "..|---|---|...mmm..Hw%ss",
        "..|xEE|<R.|.......nHw%ss",
        "..DEEE|.R.|...mmm.V|w%ss"
      ],
      "terrain": {
        "!": "t_ninja_secret_door_metal_c",
        "%": "t_chainfence_h",
        ",": "t_pavement_y",
        "-": "t_wall_metal",
        ".": "t_floor",
        "<": "t_stairs_up",
        "D": "t_door_metal_c",
        "E": "t_elevator",
        "G": "t_door_glass_c",
        "H": "t_reinforced_glass_shutter_open",
        "L": "t_floor",
        "R": "t_railing_v",
        "U": "t_utility_light",
        "V": "t_floor",
        "^": "t_floor",
        "_": "t_linoleum_white",
        "c": "t_floor",
        "d": "t_floor",
        "h": "t_floor",
        "m": "t_floor",
        "n": "t_floor",
        "s": "t_sidewalk",
        "t": "t_linoleum_white",
        "w": "t_shrub",
        "x": "t_console_broken",
        "|": "t_wall_metal"
      },
      "furniture": {
        "L": "f_locker",
        "V": "f_vending_c",
        "^": "f_indoor_plant",
        "c": "f_counter",
        "d": "f_desk",
        "h": "f_chair",
        "m": "f_sofa",
        "n": "f_trashcan"
      },
      "toilets": {
        "t": {}
      },
      "place_loot": [
        { "group": "vending_drink", "x": 18, "y": 23, "chance": 100, "repeat": [ 4, 48 ] },
        { "group": "cubical_office", "x": 0, "y": 5, "chance": 50, "repeat": [ 1, 3 ] },
        { "group": "cubical_office", "x": 0, "y": 14, "chance": 50, "repeat": [ 1, 3 ] },
        { "group": "cubical_office", "x": 1, "y": 14, "chance": 50, "repeat": [ 1, 3 ] },
        { "group": "cubical_office", "x": 1, "y": 14, "chance": 50, "repeat": [ 1, 3 ] }
      ],
      "npcs": {
        "@": { "class": "ninja_npc_ninja" }
      },
      "place_vehicles": [
        { "vehicle": "swivel_chair", "x": 5, "y": 6, "chance": 100, "rotation": 90 },
        { "vehicle": "swivel_chair", "x": 14, "y": 6, "chance": 100, "rotation": 90 }
      ]
    }
  },
  {
    "type": "mapgen",
    "method": "json",
    "om_terrain": [ "ninja_tower_3" ],
    "weight": 150,
    "//": "1F SW",
    "object": {
      "fill_ter": "t_floor",
      "rows": [
        "ss%w|V.mmm...|...|EEED..",
        "ss%wHn.......|...|EEx|..",
        "ss%wH..mmm...|-D-|---|..",
        "ss%wH^..................",
        "ss%w|U..................",
        "ss%w|-D-----------------",
        "ss%w|***,***,***,***,***",
        "ss%w|***,***,***,***,***",
        "ss%w|***,***,***,***,***",
        "ss%w|***,***,***,***,***",
        "ss%w|***,***,***,***,***",
        "ss%w|*******************",
        "ss%w|*******************",
        "ss%w|*******************",
        "ss%w|***,***,***,*******",
        "ss%w|***,***,***,*******",
        "ss%w|***,***,***,*******",
        "ss%w|***,***,***,*******",
        "ss%w|***,***,***,***,***",
        "ss%w|------------**,,,**",
        "ss%wwwwwwwwwwwwww*,,,,,*",
        "ss%%%%%%%%%%%%%%%**,,,**",
        "sssssssssssssssss**,,,**",
        "sssssssssssssssss**,,,**"
      ],
      "terrain": {
        "%": "t_chainfence_h",
        "*": "t_pavement",
        ",": "t_pavement_y",
        "-": "t_wall_metal",
        ".": "t_floor",
        "D": "t_door_metal_c",
        "E": "t_elevator",
        "G": "t_door_glass_c",
        "H": "t_reinforced_glass_shutter_open",
        "R": "t_railing_v",
        "U": "t_utility_light",
        "V": "t_floor",
        "^": "t_floor",
        "m": "t_floor",
        "s": "t_sidewalk",
        "t": "t_floor",
        "w": "t_shrub",
        "x": "t_console_broken",
        "|": "t_wall_metal"
      },
      "furniture": {
        "V": "f_vending_c",
        "^": "f_indoor_plant",
        "m": "f_sofa",
        "n": "f_trashcan"
      },
      "place_loot": [
        { "group": "vending_food", "x": 5, "y": 0, "chance": 100, "repeat": [ 4, 48 ] }
      ],
      "place_vehicles": [
        { "vehicle": "ninja_vehicle_ninja_ZX14_custom", "x": [ 7, 7 ], "y": [ 8, 8 ], "chance": 20, "rotation": 90 },
        { "vehicle": "ninja_vehicle_ninja_ZX14_custom", "x": [ 10, 10 ], "y": [ 8, 8 ], "chance": 20, "rotation": 90 },
        { "vehicle": "ninja_vehicle_ninja_ZX14", "x": [ 13, 13 ], "y": [ 8, 8 ], "chance": 70, "rotation": 90 },
        { "vehicle": "ninja_vehicle_ninja_ZX14", "x": [ 16, 16 ], "y": [ 8, 8 ], "chance": 70, "rotation": 90 },
        { "vehicle": "ninja_vehicle_ninja_ZX14", "x": [ 19, 16 ], "y": [ 8, 8 ], "chance": 70, "rotation": 90 },
        { "vehicle": "ninja_vehicle_ninja_ZX14", "x": [ 22, 16 ], "y": [ 8, 8 ], "chance": 70, "rotation": 90 }
      ]
    }
  },
  {
    "type": "mapgen",
    "method": "json",
    "om_terrain": [ "ninja_tower_4" ],
    "weight": 150,
    "//": "1F SE",
    "object": {
      "fill_ter": "t_floor",
      "rows": [
        "..DEEE|...|...mmm.V|w%ss",
        "..|EEE|...|.......nHw%ss",
        "..|---|-D-|...mmm..Hw%ss",
        "..................^Hw%ss",
        "..................U|w%ss",
        "------D---GG-|G----|w%ss",
        ",***,**U|....|..dxdHw%ss",
        ",***,***|....|..h.h|w%ss",
        ",***,***|....c^....|w%ss",
        ",***,***|....c@h@hxHw%ss",
        ",***,***|....ccccccHw%ss",
        "********|..........|w%ss",
        "********|.m......m.|w%ss",
        "********|.m......m.Hw%ss",
        "********|.m......m.Hw%ss",
        "********|..........|w%ss",
        "********|.m......m.|w%ss",
        "********|.m......m.Hw%ss",
        "***,,,**|^m......mUHw%ss",
        "***,,,**|---GGGG---|w%ss",
        "***,,,**wwwwsssswwwww%ss",
        "**,,,,,*%%%%ssss%%%%%%ss",
        "***,,,**444Tssss444444ss",
        "****,***ssssssssssssssss"
      ],
      "terrain": {
        "%": "t_chainfence_h",
        "*": "t_pavement",
        ",": "t_pavement_y",
        "-": "t_wall_metal",
        ".": "t_floor",
        "4": "t_tree_willow",
        "D": "t_door_metal_c",
        "E": "t_elevator",
        "G": "t_door_glass_c",
        "H": "t_reinforced_glass_shutter_open",
        "R": "t_railing_v",
        "T": "t_dirt",
        "U": "t_utility_light",
        "V": "t_floor",
        "^": "t_floor",
        "c": "t_floor",
        "d": "t_floor",
        "h": "t_floor",
        "n": "t_floor",
        "s": "t_sidewalk",
        "w": "t_shrub",
        "x": "t_console_broken",
        "|": "t_wall_metal"
      },
      "furniture": {
        "V": "f_vending_c",
        "^": "f_indoor_plant",
        "c": "f_counter",
        "d": "f_desk",
        "h": "f_chair",
        "m": "f_sofa",
        "n": "f_trashcan"
      },
      "signs": {
        "T": { "snippet": "ninja_snippet_tower" }
      },
      "place_loot": [
        { "group": "vending_food", "x": 18, "y": 0, "chance": 100, "repeat": [ 4, 48 ] }
      ],
      "npcs": {
        "@": { "class": "ninja_npc_ninja" }
      },
      "place_vehicles": [
        { "vehicle": "ninja_vehicle_yakata_car", "x": [ 4, 4 ], "y": [ 12, 12 ], "chance": 100, "rotation": 90 }
      ]
    }
  },
  {
    "type": "mapgen",
    "method": "json",
    "om_terrain": [ "ninja_tower_5" ],
    "weight": 150,
    "//": "2F NW",
    "object": {
      "fill_ter": "t_floor",
      "rows": [
        "////////////////////////",
        "////////////////////////",
        "////////////////////////",
        "////////////////////////",
        "////|---HHHH-----HHHH---",
        "////|U.......^|U.......^",
        "////|.........|.........",
        "////H...haah..|..haah...",
        "////H...haah..|..haah...",
        "////H...haah..|..haah...",
        "////H...haah..|..haah...",
        "////|.........|.........",
        "////|........^|........^",
        "////|-D---------D-------",
        "////|U..................",
        "////|...................",
        "////|.######.|-------|..",
        "////|.#~f~~#.|t__|t__|..",
        "////|.#f~~~#.|___|___|..",
        "////|.#~~f~#.|-D---D-|..",
        "////|.#~~~~#.|.......D..",
        "////|.#~f~~#.|---|---|..",
        "////|.#~~~f#.|>R<|EEE|..",
        "////|.######.|.R.|EEED.."
      ],
      "terrain": {
        "#": "t_reinforced_glass",
        "-": "t_wall_metal",
        ".": "t_floor",
        "/": "t_open_air",
        "<": "t_stairs_up",
        ">": "t_stairs_down",
        "A": "t_floor",
        "D": "t_door_metal_c",
        "E": "t_elevator",
        "G": "t_door_glass_c",
        "H": "t_reinforced_glass_shutter_open",
        "R": "t_railing_v",
        "U": "t_utility_light",
        "^": "t_floor",
        "_": "t_linoleum_white",
        "a": "t_floor",
        "c": "t_floor",
        "f": "t_water_sh",
        "h": "t_floor",
        "t": "t_linoleum_white",
        "|": "t_wall_metal",
        "~": "t_water_sh"
      },
      "furniture": {
        "^": "f_indoor_plant",
        "a": "f_table",
        "h": "f_chair"
      },
      "toilets": {
        "t": {}
      },
      "monster": {
        "A": { "monster": "mon_secubot" },
        "f": { "monster": "mon_fish_trout" }
      }
    }
  },
  {
    "type": "mapgen",
    "method": "json",
    "om_terrain": [ "ninja_tower_6" ],
    "weight": 150,
    "//": "2F NE",
    "object": {
      "fill_ter": "t_floor",
      "rows": [
        "////////////////////////",
        "////////////////////////",
        "////////////////////////",
        "////////////////////////",
        "|----------------*-|////",
        "|*****************U|////",
        "|******************|////",
        "|******************|////",
        "|******************|////",
        "|******************|////",
        "|******************|////",
        "|******************|////",
        "|*********,,,******|////",
        "|*********,,,******|////",
        "|*********,,,******|////",
        "|*********,,,******|////",
        "|*********,,,******|////",
        "|*********,,,******|////",
        "|********,,,,,*****|////",
        "|*********,,,******|////",
        "|**********,*******|////",
        "|-|---|---|!-------|////",
        "..|xEE|>R<|XLLLLLLL|////",
        "..DEEE|.R.|........|////"
      ],
      "terrain": {
        "!": "t_ninja_secret_door_metal_c",
        "*": "t_pavement",
        ",": "t_pavement_y",
        "-": "t_wall_metal",
        ".": "t_floor",
        "/": "t_open_air",
        "<": "t_stairs_up",
        ">": "t_stairs_down",
        "D": "t_door_metal_c",
        "E": "t_elevator",
        "G": "t_door_glass_c",
        "H": "t_reinforced_glass_shutter_open",
        "L": "t_floor",
        "R": "t_railing_v",
        "U": "t_utility_light",
        "X": "t_floor",
        "x": "t_console_broken",
        "|": "t_wall_metal"
      },
      "furniture": {
        "L": "f_locker",
        "X": "f_locker",
        "^": "f_indoor_plant"
      },
      "traps": {
        "X": "tr_landmine_buried"
      },
      "toilets": {
        "t": {}
      }
    }
  },
  {
    "type": "mapgen",
    "method": "json",
    "om_terrain": [ "ninja_tower_7" ],
    "weight": 150,
    "//": "2F SW",
    "object": {
      "fill_ter": "t_floor",
      "rows": [
        "////|........|...|EEED..",
        "////|.bbbbbb.|...|EEx|..",
        "////|........|-D-|---|..",
        "////|...................",
        "////|...................",
        "////|-----------------GG",
        "////|Sr..****|..........",
        "////|Sr..****|.....A....",
        "////|Sr..****|..........",
        "////|---D------D--------",
        "////|A.......D_____LLLL.",
        "////|---------__________",
        "////H_________________m_",
        "////|___d__________aa_m_",
        "////|___d____aaa___aa_m_",
        "////|___d____aaa___aa_m_",
        "////H_ddd_____________m_",
        "////H_______mmmmm____mm_",
        "////HU_________________^",
        "////|HHH---HHH-HHH---HHH",
        "////////////////////////",
        "////////////////////////",
        "////////////////////////",
        "////////////////////////"
      ],
      "terrain": {
        "*": "t_floor",
        "-": "t_wall_metal",
        ".": "t_floor",
        "/": "t_open_air",
        "A": "t_floor",
        "D": "t_door_metal_c",
        "E": "t_elevator",
        "G": "t_door_glass_c",
        "H": "t_reinforced_glass_shutter_open",
        "L": "t_carpet_purple",
        "S": "t_floor",
        "U": "t_utility_light",
        "^": "t_carpet_purple",
        "_": "t_carpet_purple",
        "a": "t_carpet_purple",
        "d": "t_carpet_purple",
        "m": "t_carpet_purple",
        "r": "t_floor",
        "x": "t_console_broken",
        "|": "t_wall_metal"
      },
      "furniture": {
        "L": "f_locker",
        "S": "f_safe_l",
        "^": "f_indoor_plant",
        "a": "f_table",
        "d": "f_desk",
        "m": "f_sofa"
      },
      "traps": {
        "*": "tr_landmine_buried"
      },
      "place_loot": [
        { "group": "vault", "x": 5, "y": 6, "chance": 100, "repeat": [ 1, 2 ] },
        { "group": "vault", "x": 5, "y": 7, "chance": 100, "repeat": [ 1, 2 ] },
        { "group": "vault", "x": 5, "y": 8, "chance": 100, "repeat": [ 1, 2 ] },
        { "item": "laptop", "x": 8, "y": 14, "chance": 100, "repeat": [ 1, 1 ] },
        { "item": "eink_tablet_pc", "x": 8, "y": 15, "chance": 100, "repeat": [ 1, 1 ] },
        { "group": "file_room", "x": 8, "y": 16, "chance": 50, "repeat": [ 1, 2 ] },
        { "group": "alcohol", "x": 19, "y": 10, "chance": 100, "repeat": [ 3, 5 ] },
        { "group": "alcohol", "x": 20, "y": 10, "chance": 100, "repeat": [ 3, 5 ] },
        { "group": "alcohol", "x": 21, "y": 10, "chance": 100, "repeat": [ 3, 5 ] },
        { "group": "alcohol", "x": 22, "y": 10, "chance": 100, "repeat": [ 3, 5 ] }
      ],
      "monster": {
        "A": { "monster": "mon_secubot" },
        "r": { "monster": "mon_ninja_spring_floor" }
      },
      "place_vehicles": [
        { "vehicle": "swivel_chair", "x": 6, "y": 14, "chance": 100, "rotation": 0 }
      ]
    }
  },
  {
    "type": "mapgen",
    "method": "json",
    "om_terrain": [ "ninja_tower_8" ],
    "weight": 150,
    "//": "2F SE",
    "object": {
      "fill_ter": "t_floor",
      "rows": [
        "..DEEE|...|........|////",
        "..|EEE|...|........|////",
        "..|---|-D-|........|////",
        "...................|////",
        "..............A....|////",
        "|G|-----|..........H////",
        "|.|UffSS|.mmm..mmm.H////",
        "|......a|..........|////",
        "|.|....a|.mmm..mmm.H////",
        "|.|-----|.........UH////",
        "|.|]]]]]|RRRRRRRRRR|////",
        "|.......H//////////|////",
        "|.|]]]]]|//////////|////",
        "|.|-----H//////////|////",
        "|.|LLLLL|//////////|////",
        "|.......H//////////|////",
        "|.|LLLLL|//////////|////",
        "|.|-----|//////////|////",
        "|.D....L|//////////|////",
        "---------HHHHHHHHHH|////",
        "////////////////////////",
        "////////////////////////",
        "////////////////////////",
        "////////////////////////"
      ],
      "terrain": {
        "-": "t_wall_metal",
        ".": "t_floor",
        "/": "t_open_air",
        "A": "t_floor",
        "D": "t_door_metal_c",
        "E": "t_elevator",
        "G": "t_door_glass_c",
        "H": "t_reinforced_glass_shutter_open",
        "L": "t_floor",
        "R": "t_railing_v",
        "S": "t_floor",
        "U": "t_utility_light",
        "]": "t_floor",
        "a": "t_floor",
        "f": "t_floor",
        "m": "t_floor",
        "|": "t_wall_metal"
      },
      "furniture": {
        "L": "f_locker",
        "S": "f_sink",
        "]": "f_bookcase",
        "a": "f_table",
        "f": "f_fridge",
        "m": "f_sofa"
      },
      "place_loot": [
        { "group": "fridge", "x": 4, "y": 6, "chance": 100, "repeat": [ 10, 20 ] },
        { "group": "fridge", "x": 5, "y": 6, "chance": 100, "repeat": [ 10, 20 ] },
        { "group": "manuals", "x": 3, "y": 10, "chance": 30, "repeat": [ 2, 5 ] },
        { "group": "textbooks", "x": 4, "y": 10, "chance": 30, "repeat": [ 2, 5 ] },
        { "group": "mansion_books", "x": 5, "y": 10, "chance": 30, "repeat": [ 2, 5 ] },
        { "group": "novels", "x": 6, "y": 10, "chance": 30, "repeat": [ 2, 5 ] },
        { "group": "homebooks", "x": 7, "y": 10, "chance": 30, "repeat": [ 2, 5 ] },
        { "group": "manuals", "x": 3, "y": 12, "chance": 30, "repeat": [ 2, 5 ] },
        { "group": "textbooks", "x": 4, "y": 12, "chance": 30, "repeat": [ 2, 5 ] },
        { "group": "mansion_books", "x": 5, "y": 12, "chance": 30, "repeat": [ 2, 5 ] },
        { "group": "textbooks", "x": 6, "y": 12, "chance": 30, "repeat": [ 2, 5 ] },
        { "group": "mansion_books", "x": 7, "y": 12, "chance": 30, "repeat": [ 2, 5 ] },
        { "item": "manual_ninjutsu", "x": 7, "y": 12, "chance": 100, "repeat": [ 1, 1 ] },
        { "group": "office_mess", "x": 3, "y": 14, "chance": 20, "repeat": [ 2, 3 ] },
        { "group": "office_mess", "x": 4, "y": 14, "chance": 20, "repeat": [ 2, 3 ] },
        { "group": "office_mess", "x": 5, "y": 14, "chance": 20, "repeat": [ 2, 3 ] },
        { "group": "office_mess", "x": 6, "y": 14, "chance": 20, "repeat": [ 2, 3 ] },
        { "group": "office_mess", "x": 7, "y": 14, "chance": 20, "repeat": [ 2, 3 ] },
        { "group": "office_mess", "x": 3, "y": 16, "chance": 20, "repeat": [ 2, 3 ] },
        { "group": "office_mess", "x": 4, "y": 16, "chance": 20, "repeat": [ 2, 3 ] },
        { "group": "office_mess", "x": 5, "y": 16, "chance": 20, "repeat": [ 2, 3 ] },
        { "group": "office_mess", "x": 6, "y": 16, "chance": 20, "repeat": [ 2, 3 ] },
        { "group": "file_room", "x": 7, "y": 16, "chance": 20, "repeat": [ 2, 3 ] },
        { "group": "cleaning", "x": 7, "y": 18, "chance": 30, "repeat": [ 4, 5 ] },
        { "item": "bucket", "x": 7, "y": 18, "chance": 100, "repeat": [ 1, 2 ] }
      ],
      "monster": {
        "A": { "monster": "mon_secubot" }
      }
    }
  },
  {
    "type": "mapgen",
    "method": "json",
    "om_terrain": [ "ninja_tower_9" ],
    "weight": 150,
    "//": "3F NW",
    "object": {
      "fill_ter": "t_dirt",
      "rows": [
        "////////////////////////",
        "////////////////////////",
        "////////////////////////",
        "////////////////////////",
        "////|-------------------",
        "////|B[...r..r_.D Z Zwww",
        "////|_.^..^.....|w Z Zww",
        "////|.^+__+^.!.B|w  ZZ w",
        "////|.^._....B..|www Z Z",
        "////|r.._.[.^..r| Z ww Z",
        "////|^.+..+..+._|ZwwZ wZ",
        "////|^.r...^^.._|w wwZw ",
        "////|^.....^..._|Uw www ",
        "////|B.+..+..+._|wZZ wZ ",
        "////|B.._...r.._| wZwZw ",
        "////|^..[..^^..B|w ww   ",
        "////|._+..+..+.B|wZw wZ ",
        "////|....r.._[..| wZwww ",
        "////|.^.........|wZw wZw",
        "////|r.+..+..+[[|wwwwww ",
        "////|B..........|       ",
        "////|-D--HHH------------",
        "////|T...mmm1|<R>|EEE|..",
        "////|.......2|.R.|EEED.."
      ],
      "terrain": {
        "!": "t_ninja_secret_door_metal_c",
        "+": "t_wall_metal",
        "-": "t_wall_metal",
        ".": "t_floor",
        "/": "t_open_air",
        "1": "t_floor",
        "2": "t_floor",
        "<": "t_stairs_up",
        ">": "t_stairs_down",
        "B": "t_floor",
        "D": "t_door_metal_c",
        "E": "t_elevator",
        "H": "t_reinforced_glass_shutter",
        "R": "t_railing_v",
        "T": "t_floor",
        "U": "t_utility_light",
        "Z": "t_dirt",
        "[": "t_floor",
        "^": "t_floor",
        "_": "t_floor",
        "r": "t_floor",
        "w": "t_shrub",
        "|": "t_wall_metal"
      },
      "furniture": {
        "1": "f_vending_c",
        "2": "f_vending_reinforced",
        "m": "f_sofa"
      },
      "traps": {
        "B": "tr_blade",
        "[": "tr_shotgun_2",
        "^": "tr_caltrops",
        "_": "tr_spike_pit"
      },
      "signs": {
        "T": { "snippet": "ninja_snippet_combatroom1" }
      },
      "place_loot": [
        { "item": "ninja_shuriken", "x": 12, "y": 23, "chance": 100, "repeat": [ 10, 10 ] },
        { "item": "ninja_shuriken_star", "x": 12, "y": 23, "chance": 100, "repeat": [ 10, 10 ] },
        { "item": "9mm", "x": 12, "y": 23, "chance": 100, "repeat": [ 2, 2 ] },
        { "item": "shot_00", "x": 12, "y": 23, "chance": 100, "repeat": [ 2, 2 ] },
        { "item": "ninja_ration", "x": 12, "y": 23, "chance": 100, "repeat": [ 3, 3 ] },
        { "group": "vending_drink", "x": 12, "y": 22, "chance": 100, "repeat": [ 4, 48 ] }
      ],
      "monster": {
        "Z": { "monster": "mon_irradiated_wanderer_3" },
        "r": { "monster": "mon_ninja_spring_floor" }
      }
    }
  },
  {
    "type": "mapgen",
    "method": "json",
    "om_terrain": [ "ninja_tower_10" ],
    "weight": 150,
    "//": "3F NE",
    "object": {
      "fill_ter": "t_dirt",
      "rows": [
        "////////////////////////",
        "////////////////////////",
        "////////////////////////",
        "////////////////////////",
        "---------%//|------|////",
        "wZ wwww|.%//|.LLLL.|////",
        "  Z  ww|.%//|......|////",
        "      w|.%//|.LLLL.|////",
        " w  Z  |.%//|......|////",
        "Z   w w|.%//|--DD--|////",
        "    Z Z|.%//|......|////",
        "Z w ZZ |.%//|%%%%%%|////",
        " Z    w|.%//////////////",
        " Z w  w|.%//////////////",
        "    Z w|.%%%%%...%..////",
        "Z wZZ w|......T.....////",
        "      w|.......r....////",
        "Z w  ww|--------D--%////",
        "  ww  wD...........%////",
        "Z  Z   |---------|.%////",
        "    w w|.C.......|..////",
        "----------|..C...|-|////",
        "..|xEE|.R>|........|////",
        "..DEEE|.R.|.....C..|////"
      ],
      "terrain": {
        "%": "t_chainfence_h",
        "+": "t_door_c",
        "-": "t_wall_metal",
        ".": "t_floor",
        "/": "t_open_air",
        ">": "t_stairs_down",
        "C": "t_floor",
        "D": "t_door_metal_c",
        "E": "t_elevator",
        "H": "t_reinforced_glass_shutter_open",
        "L": "t_floor",
        "R": "t_railing_v",
        "T": "t_floor",
        "U": "t_utility_light",
        "Z": "t_dirt",
        "r": "t_floor",
        "w": "t_shrub",
        "x": "t_console_broken",
        "|": "t_wall_metal"
      },
      "furniture": {
        "L": "f_locker"
      },
      "signs": {
        "T": { "snippet": "ninja_snippet_const_warn" }
      },
      "place_loot": [
        { "item": "wire", "x": 15, "y": 14, "chance": 100, "repeat": [ 20, 30 ] },
        { "item": "scrap", "x": 14, "y": 14, "chance": 100, "repeat": [ 20, 30 ] },
        { "item": "2x4", "x": 16, "y": 14, "chance": 100, "repeat": [ 10, 15 ] },
        { "item": "toolbox", "x": 17, "y": 15, "chance": 100, "repeat": [ 1, 1 ] },
        { "item": "duct_tape", "x": 18, "y": 15, "chance": 100, "repeat": [ 2, 5 ] },
        { "group": "ninja_rare_enagy", "x": 14, "y": 5, "chance": 100, "repeat": [ 8, 10 ] },
        { "group": "ninja_rare_special", "x": 15, "y": 5, "chance": 100, "repeat": [ 3, 5 ] },
        { "group": "ninja_rare_ammo", "x": 16, "y": 5, "chance": 100, "repeat": [ 4, 6 ] },
        { "group": "ninja_rare_gunmod", "x": 17, "y": 5, "chance": 100, "repeat": [ 2, 4 ] },
        { "group": "ammo_rare", "x": 17, "y": 5, "chance": 100, "repeat": [ 5, 10 ] },
        { "group": "guns_rare", "x": 17, "y": 5, "chance": 100, "repeat": [ 2, 3 ] },
        { "group": "ninja_rare_chem", "x": 14, "y": 7, "chance": 100, "repeat": [ 5, 8 ] },
        { "group": "ammo_swat", "x": 15, "y": 7, "chance": 100, "repeat": [ 3, 4 ] },
        { "group": "bots", "x": 16, "y": 7, "chance": 100, "repeat": [ 4, 6 ] },
        { "group": "ninja_rare_cbm", "x": 17, "y": 7, "chance": 100, "repeat": [ 2, 3 ] }
      ],
      "monster": {
        "C": { "monster": "mon_chickenbot" },
        "Z": { "monster": "mon_irradiated_wanderer_3" },
        "r": { "monster": "mon_ninja_spring_floor" }
      }
    }
  },
  {
    "type": "mapgen",
    "method": "json",
    "om_terrain": [ "ninja_tower_11" ],
    "weight": 150,
    "//": "3F SW",
    "object": {
      "fill_ter": "t_floor",
      "rows": [
        "////|.....---|...|EEED..",
        "////|.....D_t|...|EEx|..",
        "////|-D------|-D-|---|..",
        "////HU.Y................",
        "////H...................",
        "////|-GG----------------",
        "////H....M.M.M.T..e.e.e.",
        "////H...................",
        "////H....$.$.$....e.e.e.",
        "////|...................",
        "////|.......?======?....",
        "////H..m.b.@=555555=@.b.",
        "////Hn.m.b..=555555=..b.",
        "////HV.m.b..=555555=..b.",
        "////|V......=555555=....",
        "////|..m.b..=555555=..b.",
        "////H..m.b.@=555555=@.b.",
        "////H..m.b..?======?..b.",
        "////HU..................",
        "////|HHH--HHH--HHH--HHH-",
        "////////////////////////",
        "////////////////////////",
        "////////////////////////",
        "////////////////////////"
      ],
      "terrain": {
        "$": "t_floor",
        "-": "t_wall_metal",
        "/": "t_open_air",
        "5": "t_floor",
        "=": "t_fence_rope",
        "?": "t_chainfence_posts",
        "D": "t_door_metal_c",
        "E": "t_elevator",
        "G": "t_door_glass_c",
        "H": "t_reinforced_glass_shutter_open",
        "M": "t_floor",
        "T": "t_floor",
        "U": "t_utility_light",
        "V": "t_floor",
        "Y": "t_floor",
        "_": "t_linoleum_white",
        "b": "t_floor",
        "e": "t_floor",
        "n": "t_floor",
        "t": "t_linoleum_white",
        "x": "t_console_broken",
        "|": "t_wall_metal"
      },
      "furniture": {
        "$": "f_floor_canvas",
        "5": "f_canvas_floor",
        "M": "f_bigmirror",
        "V": "f_vending_c",
        "b": "f_bench",
        "e": "f_exercise",
        "m": "f_sofa",
        "n": "f_trashcan"
      },
      "signs": {
        "T": { "snippet": "ninja_snippet_dojo" },
        "Y": { "snippet": "ninja_snippet_combatroom2" }
      },
      "toilets": {
        "t": {}
      },
      "place_loot": [
        { "group": "vending_drink", "x": [ 5, 5 ], "y": [ 13, 14 ], "chance": 100, "repeat": [ 4, 12 ] }
      ],
      "npcs": {
        "@": { "class": "ninja_npc_ninja" }
      }
    }
  },
  {
    "type": "mapgen",
    "method": "json",
    "om_terrain": [ "ninja_tower_12" ],
    "weight": 150,
    "//": "3F SE",
    "object": {
      "fill_ter": "t_floor",
      "rows": [
        "..DEEE|...|........|////",
        "..|EEE|...|........|////",
        "..|---|-D-|--------|////",
        "...................|////",
        "...................|////",
        "-----------D-------|////",
        "...|...............|////",
        "...|...............|////",
        "...|.Y..........Y..|////",
        "...|...&######&...#|////",
        "...|...#@####@#...#|////",
        "...|...########....|////",
        "...|...########...#|////",
        "...|...########...#|////",
        "...|...########....|////",
        "...|...#@####@#...#|////",
        "...|...&######&...#|////",
        "...|.Y..........Y..|////",
        "...|...............|////",
        "-HH----------------|////",
        "////////////////////////",
        "////////////////////////",
        "////////////////////////",
        "////////////////////////"
      ],
      "terrain": {
        "-": "t_wall_metal",
        ".": "t_floor",
        "/": "t_open_air",
        "@": "t_floor",
        "D": "t_door_metal_c",
        "E": "t_elevator",
        "H": "t_reinforced_glass_shutter_open",
        "|": "t_wall_metal"
      },
      "furniture": {
        "#": "f_tatami",
        "@": "f_tatami",
        "&": "f_brazier",
        "Y": "f_brazier"
      },
      "fields": {
        "&": { "field": "fd_fire", "density": 1, "age": 1 },
        "Y": { "field": "fd_fire", "density": 1, "age": 1 }
      },
      "toilets": {
        "t": {}
      },
      "place_loot": [
        { "item": "2x4", "x": 5, "y": 8, "chance": 100, "repeat": [ 3, 5 ] },
        { "item": "2x4", "x": 16, "y": 8, "chance": 100, "repeat": [ 3, 5 ] },
        { "item": "2x4", "x": 5, "y": 17, "chance": 100, "repeat": [ 3, 5 ] },
        { "item": "2x4", "x": 16, "y": 17, "chance": 100, "repeat": [ 3, 5 ] },
        { "item": "2x4", "x": 7, "y": 9, "chance": 100, "repeat": [ 3, 5 ] },
        { "item": "2x4", "x": 14, "y": 9, "chance": 100, "repeat": [ 3, 5 ] },
        { "item": "2x4", "x": 7, "y": 16, "chance": 100, "repeat": [ 3, 5 ] },
        { "item": "2x4", "x": 14, "y": 16, "chance": 100, "repeat": [ 3, 5 ] }
      ],
      "npcs": {
        "@": { "class": "ninja_npc_ninja" }
      }
    }
  },
  {
    "type": "mapgen",
    "method": "json",
    "om_terrain": [ "ninja_tower_13" ],
    "weight": 150,
    "//": "4F NW",
    "object": {
      "fill_ter": "t_pavement",
      "rows": [
        "////////////////////////",
        "////////////////////////",
        "////////////////////////",
        "////////////////////////",
        "////%%%%%%%%%%%%%%%%%%%%",
        "////%U                  ",
        "////%                   ",
        "////%       ,,,,,       ",
        "////%      ,     ,      ",
        "////%     ,       ,     ",
        "////%    ,  ,   ,  ,    ",
        "////%    ,  ,   ,  ,    ",
        "////%    ,  ,,,,,  ,    ",
        "////%    ,  ,   ,  ,    ",
        "////%    ,  ,   ,  ,    ",
        "////%     ,       ,     ",
        "////%      ,     ,      ",
        "////%       ,,,,,       ",
        "////%                   ",
        "////%                   ",
        "////%                   ",
        "////%        |---|---|..",
        "////%        |>R.|EEE|..",
        "////%        |.R.|EEED.."
      ],
      "terrain": {
        "%": "t_chainfence_h",
        ",": "t_pavement_y",
        "-": "t_wall_metal",
        ".": "t_floor",
        "/": "t_open_air",
        ">": "t_stairs_down",
        "D": "t_door_metal_c",
        "E": "t_elevator",
        "R": "t_railing_v",
        "U": "t_utility_light",
        "|": "t_wall_metal"
      }
    }
  },
  {
    "type": "mapgen",
    "method": "json",
    "om_terrain": [ "ninja_tower_14" ],
    "weight": 150,
    "//": "3F NE",
    "object": {
      "fill_ter": "t_dirt",
      "rows": [
        "////////////////////////",
        "////////////////////////",
        "////////////////////////",
        "////////////////////////",
        "-----%%%%%-----%%%%%////",
        "?w444wwwww44444ww U%////",
        "?44ww     wwwww    %////",
        "?4ww  ~~~  www     %////",
        "64w  ~~~~~  w      %////",
        "|w  ~~~~~~~        %////",
        "|   ~~~~~~~~~      %////",
        "|w   ~~~~~~~~      %////",
        "|4w                %////",
        "|=.......=.......= %////",
        "|=###############= %////",
        "|=#&#####@#####&#= %////",
        "|=###############= %////",
        "|=#&#####@#####&#= %////",
        "|=###############= %////",
        "|=...............= %////",
        "|................. %////",
        "|.^             4  %////",
        "|.^            P  w%////",
        "|.^              ww%////"
      ],
      "terrain": {
        "#": "t_floor",
        "%": "t_chainfence_h",
        "&": "t_floor",
        "-": "t_wall_metal",
        ".": "t_floor",
        "/": "t_open_air",
        "4": "t_tree_pine",
        "6": "t_ninja_secret_gate_control_metal",
        "=": "t_wall_wood",
        "?": "t_ninja_secret_wall_metal",
        "@": "t_floor",
        "P": "t_water_pump",
        "U": "t_utility_light",
        "^": "t_floor",
        "w": "t_shrub",
        "|": "t_wall_metal",
        "~": "t_water_sh"
      },
      "furniture": {
        "&": "f_brazier",
        "#": "f_tatami",
        "@": "f_tatami"
      },
      "traps": {
        "^": "tr_caltrops"
      },
      "fields": {
        "&": { "field": "fd_fire", "density": 1, "age": 1 }
      },
      "place_loot": [
        { "item": "2x4", "x": 3, "y": 15, "chance": 100, "repeat": [ 20, 30 ] },
        { "item": "2x4", "x": 3, "y": 17, "chance": 100, "repeat": [ 20, 30 ] },
        { "item": "2x4", "x": 15, "y": 15, "chance": 100, "repeat": [ 20, 30 ] },
        { "item": "2x4", "x": 15, "y": 17, "chance": 100, "repeat": [ 20, 30 ] },
        { "group": "ninja_rare_special", "x": 1, "y": 5, "chance": 100, "repeat": [ 1, 1 ] }
      ],
      "npcs": {
        "@": { "class": "ninja_npc_high_ninja" }
      },
      "place_monster": [
        { "monster": "mon_fish_carp", "x": [ 5, 9 ], "y": [ 8, 11 ], "repeat": [ 3, 8 ] }
      ]
    }
  },
  {
    "type": "mapgen",
    "method": "json",
    "om_terrain": [ "ninja_tower_15" ],
    "weight": 150,
    "//": "4F SW",
    "object": {
      "fill_ter": "t_pavement",
      "rows": [
        "////%        |...|EEED..",
        "////%        |...|EEx|..",
        "////%        |-D-|---|..",
        "////%        |..........",
        "////%        |U.........",
        "////% |-HGGH------------",
        "////% |......mmmmm.^^^^G",
        "////% H.............^^^G",
        "////% H.hhh..@...@...^^|",
        "////% |.aaa..........|-|",
        "////% |.aaa..@...@...D__",
        "////% H.hhh..........|__",
        "////% H........U...LL|_t",
        "////% |-------D-D-------",
        "////% |........|........",
        "////% H.B.B.B..|..B.B.B.",
        "////% H.B.B.B..|..B.B.B.",
        "////% |--HH---------HH--",
        "////%U                  ",
        "////%%%%%%%%%%%%%%%%%%%%",
        "////////////////////////",
        "////////////////////////",
        "////////////////////////",
        "////////////////////////"
      ],
      "terrain": {
        "%": "t_chainfence_h",
        "-": "t_wall_metal",
        ".": "t_floor",
        "/": "t_open_air",
        "@": "t_floor",
        "B": "t_floor",
        "D": "t_door_metal_c",
        "E": "t_elevator",
        "G": "t_door_glass_c",
        "H": "t_reinforced_glass_shutter_open",
        "L": "t_floor",
        "R": "t_railing_v",
        "U": "t_utility_light",
        "^": "t_floor",
        "_": "t_linoleum_white",
        "a": "t_floor",
        "h": "t_floor",
        "m": "t_floor",
        "t": "t_linoleum_white",
        "x": "t_console_broken",
        "|": "t_wall_metal"
      },
      "furniture": {
        "B": "f_bed",
        "L": "f_locker",
        "a": "f_table",
        "h": "f_chair",
        "m": "f_sofa"
      },
      "traps": {
        "^": "tr_caltrops",
        "t": "tr_shotgun_2"
      },
      "toilets": {
        "t": {}
      },
      "place_loot": [
        { "group": "waitingroom", "x": 20, "y": 12, "chance": 60, "repeat": [ 2, 4 ] },
        { "group": "office_breakroom", "x": 19, "y": 12, "chance": 60, "repeat": [ 2, 4 ] },
        { "item": "pillow", "x": 8, "y": 15, "chance": 100, "repeat": [ 1, 1 ] },
        { "item": "pillow", "x": 10, "y": 15, "chance": 100, "repeat": [ 1, 1 ] },
        { "item": "pillow", "x": 12, "y": 15, "chance": 100, "repeat": [ 1, 1 ] },
        { "item": "pillow", "x": 18, "y": 15, "chance": 100, "repeat": [ 1, 1 ] },
        { "item": "pillow", "x": 20, "y": 15, "chance": 100, "repeat": [ 1, 1 ] },
        { "item": "pillow", "x": 22, "y": 15, "chance": 100, "repeat": [ 1, 1 ] },
        { "item": "blanket", "x": 8, "y": 16, "chance": 100, "repeat": [ 1, 1 ] },
        { "item": "blanket", "x": 10, "y": 16, "chance": 100, "repeat": [ 1, 1 ] },
        { "item": "blanket", "x": 12, "y": 16, "chance": 100, "repeat": [ 1, 1 ] },
        { "item": "blanket", "x": 18, "y": 16, "chance": 100, "repeat": [ 1, 1 ] },
        { "item": "blanket", "x": 20, "y": 16, "chance": 100, "repeat": [ 1, 1 ] },
        { "item": "blanket", "x": 22, "y": 16, "chance": 100, "repeat": [ 1, 1 ] }
      ],
      "npcs": {
        "@": { "class": "ninja_npc_ninja" }
      }
    }
  },
  {
    "type": "mapgen",
    "method": "json",
    "om_terrain": [ "ninja_tower_16" ],
    "weight": 150,
    "//": "4F SE",
    "object": {
      "fill_ter": "t_floor",
      "rows": [
        "|???---------------|////",
        "|..6^.|..a....F..mUH////",
        "|..|..|.........vm.H////",
        "...|..|.....mmmmmm.H////",
        "...D..|............H////",
        "-.U|..|..|---------H////",
        "...|..|..|[[]]...BBH////",
        "...|.....D.......BBH////",
        "...|^....|.........H////",
        "|--|---.|----------|////",
        "|LL|__D.D____G__WWWH////",
        "|v.|t_|.|e_bb|S_WWWH////",
        "|D-----.-----------|////",
        "|.gPkfc...........^H////",
        "|....vc...h.h.h....H////",
        "|.ccccc...aaaaa....H////",
        "|.........aaaaa....H////",
        "|.........h.h.h....H////",
        "|^................U|////",
        "--HHHHHHHHHHHHHHHH-|////",
        "////////////////////////",
        "////////////////////////",
        "////////////////////////",
        "////////////////////////"
      ],
      "terrain": {
        "+": "t_door_c",
        "-": "t_wall_metal",
        ".": "t_floor",
        "/": "t_open_air",
        "6": "t_ninja_secret_gate_control_metal",
        "<": "t_stairs_up",
        ">": "t_stairs_down",
        "?": "t_ninja_secret_wall_metal",
        "B": "t_floor",
        "D": "t_door_metal_c",
        "E": "t_elevator",
        "F": "t_floor",
        "G": "t_door_glass_c",
        "H": "t_reinforced_glass_shutter_open",
        "P": "t_water_pump",
        "R": "t_railing_v",
        "S": "t_linoleum_white",
        "U": "t_utility_light",
        "W": "t_linoleum_white",
        "[": "t_floor",
        "]": "t_floor",
        "^": "t_floor",
        "_": "t_linoleum_white",
        "b": "t_linoleum_white",
        "c": "t_floor",
        "e": "t_linoleum_white",
        "f": "t_floor",
        "g": "t_floor",
        "h": "t_floor",
        "k": "t_floor",
        "l": "t_floor",
        "m": "t_floor",
        "s": "t_sidewalk",
        "t": "t_linoleum_white",
        "v": "t_floor",
        "x": "t_console_broken",
        "|": "t_wall_metal"
      },
      "furniture": {
        "B": "f_bed",
        "F": "f_fireplace",
        "L": "f_locker",
        "S": "f_shower",
        "W": "f_bathtub",
        "[": "f_dresser",
        "]": "f_bookcase",
        "^": "f_indoor_plant",
        "a": "f_table",
        "b": "f_bench",
        "c": "f_counter",
        "e": "f_exercise",
        "f": "f_fridge",
        "g": "f_oven",
        "h": "f_chair",
        "k": "f_sink",
        "m": "f_sofa"
      },
      "traps": {
        "v": "tr_shotgun_2"
      },
      "toilets": {
        "t": {}
      },
      "place_loot": [
        { "item": "pillow", "x": 17, "y": 6, "chance": 100, "repeat": [ 1, 1 ] },
        { "item": "pillow", "x": 18, "y": 6, "chance": 100, "repeat": [ 1, 1 ] },
        { "item": "blanket", "x": 17, "y": 7, "chance": 100, "repeat": [ 1, 1 ] },
        { "item": "blanket", "x": 18, "y": 7, "chance": 100, "repeat": [ 1, 1 ] },
        { "item": "television", "x": 9, "y": 1, "chance": 100, "repeat": [ 1, 1 ] },
        { "group": "homebooks", "x": 12, "y": 6, "chance": 100, "repeat": [ 1, 2 ] },
        { "group": "livingroom", "x": 17, "y": 2, "chance": 100, "repeat": [ 1, 2 ] },
        { "group": "novels", "x": 13, "y": 6, "chance": 100, "repeat": [ 3, 5 ] },
        { "group": "fridge", "x": 5, "y": 13, "chance": 100, "repeat": [ 10, 20 ] },
        { "group": "cannedfood", "x": 1, "y": 10, "chance": 100, "repeat": [ 5, 10 ] },
        { "group": "cannedfood", "x": 2, "y": 10, "chance": 100, "repeat": [ 5, 10 ] }
      ]
    }
  }
]
