[
  {
    "type":"GENERIC",
    "id": "broken_ug_shooting_target",
    "symbol": ",",
    "color": "dark_gray",
    "name": "壊れた標的(射撃練習用)",
    "category": "other",
    "description": "壊れて使い物にならないボロボロの的です。",
    "price": 10,
    "material": ["wood", "cotton"],
    "weight": 1500,
    "volume": 3,
    "bashing": 1,
    "flags": [ "TRADER_AVOID" ]
  },{
    "type":"GENERIC",
    "id": "broken_ug_dart_board",
    "symbol": ",",
    "color": "brown_green",
    "name": "壊れたダーツボード",
    "category": "other",
    "description": "壊れて使い物にならないボロボロのダーツボードです。",
    "price": 10,
    "material": ["wood", "cotton"],
    "weight": 880,
    "volume": 2,
    "bashing": 1,
    "flags": [ "TRADER_AVOID" ]
  }
]
