[
  {
    "id": "mon_ug_shooting_target",
    "type": "MONSTER",
    "name": "標的(射撃練習用)",
    "description": "設置された標的です。人の上半身をイメージしていますが、的そのものはただの円形となっています。",
    "default_faction": "blob",
    "species": "ROBOT",
    "symbol": "@",
    "color": "dark_gray",
    "size": "MEDIUM",
    "material": ["wood","cotton"],
    "hp": 1200,
    "aggression": 0,
    "diff": 20,
    "speed": 10,
    "morale": 0,
    "luminance": 0,
    "armor_bash": 1,
    "armor_cut": 1,
    "death_function": ["BROKEN"],
    "flags": [ "SEES", "NOHEAD", "IMMOBILE", "NO_BREATHE" ]
  },{
    "id": "mon_ug_dart_board",
    "type": "MONSTER",
    "name": "ダーツボード",
    "description": "設置された標的です。騒々しい電子音のするエレクトリックボードではなく、インテリアにも最適なシンプルなボードです。",
    "default_faction": "blob",
    "species": "ROBOT",
    "symbol": "@",
    "color": "brown_green",
    "size": "SMALL",
    "material": ["wood","cotton"],
    "hp": 300,
    "aggression": 0,
    "diff": 20,
    "speed": 10,
    "morale": 0,
    "luminance": 0,
    "armor_bash": 1,
    "armor_cut": 1,
    "death_function": ["BROKEN"],
    "flags": [ "SEES", "NOHEAD", "IMMOBILE", "NO_BREATHE" ]
  }
]
