[
    {
        "type" : "overmap_terrain",
        "id" : "dojo",
        "name" : "dojo",
        "rotate" : true,
        "sym" : [94, 62, 118, 60],
        "color" : "i_ltcyan",
        "see_cost" : 5,
        "extras" : "build",
        "mondensity" : 2,
        "sidewalk" : true,
        "mapgen": [
            { "weight": 1000,
            "method": "json", "object": {
                "fill_ter": "t_grass",
                "rows":[
                    "  --------ssss--------  ",
                    "  -,-----,ssss,-----,-  ",
                    "  -,-----,ssss,-----,-  ",
                    "  -,-----,ssss!-----,-  ",
                    "  -,-----,sss!!!----,-  ",
                    "  -,-----,ss!!)!!---,-  ",
                    "  q````````!!)))!!```q  ",
                    "  x.......!!))N))!!..x  ",
                    "  x.####`!!))NNN))!!.x  ",
                    "  x.###`!!))NNNNN))!!`  ",
                    "  x.####`!!))NNN))!!.x  ",
                    "  x.####``!!))N))!!#.x  ",
                    "  x.######`!!)))!!`#.x  ",
                    "  x.#######`!!)!!``#.x  ",
                    "  x.#######`#!!!`###.x  ",
                    "  x.#########`!``###.x  ",
                    "  x..................x  ",
                    "  xqqqqqqqqqq``qqqqqqx  ",
                    "  xLLLLLLLLLx..x.DC..x  ",
                    "  xBBBBBBBBBx..x.DDD.x  ",
                    "  x.........'..'.....x  ",
                    "  xqqq...qqqx..x.....x  ",
                    "  xS.'...'.Tx..xXXXXXx  ",
                    "  qqqqqqqqqqqqqqqqqqqq  "
                ],
                "terrain":{
                "'": ["t_door_c", "t_door_c", "t_door_b", "t_door_c", "t_door_c", "t_door_frame", "t_door_c", "t_door_c", "t_wall_wood", "t_door_c", "t_door_c", "t_wall_wood_chipped", "t_door_c", "t_door_c", "t_wall_wood_broken", "t_door_o", "t_door_o", "t_wall_log", "t_door_o", "t_door_o", "t_wall_log_chipped", "t_door_o", "t_door_o", "t_wall_log_broken"],
                "+": ["t_door_glass_c", "t_door_glass_c", "t_door_frame", "t_door_glass_c", "t_door_glass_c", "t_wall_wood", "t_door_glass_c", "t_door_glass_c", "t_wall_wood_chipped", "t_door_glass_c", "t_door_glass_c", "t_wall_wood_broken", "t_door_glass_o", "t_door_glass_o", "t_wall_log", "t_door_glass_o", "t_door_glass_o", "t_wall_log_chipped", "t_door_glass_o", "t_door_glass_o", "t_wall_log_broken"],

                    " ": ["t_grass", "t_grass", "t_grass", "t_dirt"],
                    "g": "t_wall_glass",
                    ",": "t_pavement_y",
                    "-": "t_pavement",
                    "#": "t_floor",
                    ".": "t_floor",
                    "q": "t_wall",
                    "x": "t_wall",
                    "L": "t_floor",
                    "T": "t_floor",
                    "S": "t_floor",
                    "B": "t_floor",
                    "D": "t_floor",
                    "X": "t_floor",
                    "C": "t_floor",
                    "s": "t_sidewalk",
                "`" : "t_floor",
                "}" : "t_window_empty",
                "N" : "t_rock_floor",
                ")" : [ "t_dirtmound", "t_dirtmound", "t_dirtmound", "t_dirtmound", "t_dirt"],
                "j" : ["t_dirt", "t_dirt", "t_dirt", "t_rock", "t_pavement", "t_dirt", "t_dirt", "t_dirt", "t_rock", "t_pavement", "t_dirt", "t_dirt", "t_dirt", "t_dirtmound", "t_sidewalk", "t_dirt", "t_dirt", "t_dirt", "t_dirtmound", "t_sidewalk", "t_dirt", "t_dirt", "t_dirt", "t_sand", "t_sand"],
                "!" : ["t_dirt", "t_dirt", "t_dirt", "t_grass", "t_pavement", "t_dirt", "t_dirt", "t_dirt", "t_grass", "t_rock", "t_dirt", "t_dirt", "t_dirt", "t_grass", "t_dirtmound", "t_dirt", "t_dirt", "t_dirt", "t_grass", "t_sidewalk", "t_dirt", "t_dirt", "t_dirt", "t_grass", "t_sand"]
            },
            "furniture": {
                "`" : ["f_rubble", "f_rubble", "f_rubble", "f_rubble", "f_null"],
                "N" : "f_ash",
                ")" : ["f_rubble", "f_rubble", "f_rubble", "f_rubble", "f_wreckage", "f_rubble", "f_rubble", "f_rubble", "f_rubble", "f_rubble_rock", "f_rubble", "f_rubble", "f_rubble", "f_rubble", "f_rubble_rock", "f_rubble", "f_rubble", "f_rubble", "f_rubble", "f_ash", "f_rubble", "f_rubble", "f_rubble", "f_rubble", "f_ash"],
                    "S": ["f_shower", "f_null", "f_null", "f_null", "f_null", "f_null", "f_null", "f_shower", "f_wreckage", "f_shower"],
                    "L": ["f_locker", "f_null", "f_null", "f_null", "f_null", "f_null", "f_null", "f_locker", "f_wreckage", "f_locker"],
                    "B": ["f_bench", "f_null", "f_null", "f_null", "f_null", "f_null", "f_null", "f_bench", "f_rubble", "f_bench"],
                    "D": ["f_desk", "f_null", "f_null", "f_null", "f_null", "f_null", "f_null", "f_desk", "f_rubble", "f_desk"],
                    "#": "f_tatami",
                    "C": ["f_chair", "f_null", "f_null", "f_null", "f_null", "f_null", "f_null", "f_chair", "f_rubble", "f_chair"],
                    "X": ["f_rack", "f_null", "f_null", "f_null", "f_null", "f_null", "f_null", "f_rack", "f_rubble", "f_rack"]
                },
                "toilets": {
                    "T": { }
                }
                }
            }
        ]
    }
]
