[
    {
        "type": "mapgen",
        "om_terrain": [
            "house"
        ],
        "method": "json",
        "weight": 100, "comment": "<--- very low weight due to the awesomness within",
        "object": {
            "rows":[
                "........!!!!............",
                ".---}}---`j``----------.",
                ".|     !jj)jj!|    A; |.",
                ".|    !jj)))jj`       }.",
                ".|   !jj)))))jj!    88|.",
                ".|  !jj)))N)))jj`-----|.",
                ".|@`jj)))NNN)))jj!    |.",
                ".|`jj)))NNNNN)))jj!   |.",
                ".`jj)))NNNNNNN)))jj! >|.",
                ".|!jj)))NNNNN)))jj`  A}.",
                ".| !jj)))NNN)))jj!   G}.",
                ".|--`jj)))N)))jj!    F|.",
                ".|9  !jj)))))jj`------|.",
                ".|9   `jj)))jj!       |.",
                ".|9    !jj)jj!        |.",
                ".|9   @ !jjj!      j  |.",
                ".|>      !j!      j)j |.",
                ".|>   @  @!    ??j)))j|.",
                ".|=             j))N))|.",
                ".|>   @  @     j))NNN)`.",
                ".|              j))N))|.",
                ".|  99999  99999 j)))j|.",
                ".------------------`---.",
                "........................"
            ],
            "terrain": {
                ".": ["t_grass", "t_grass", "t_grass", "t_grass", "t_grass", "t_grass", "t_dirt"],
                "-": "t_wall",
                "2": ["t_window", "t_window_taped", "t_window", "t_window_empty", "t_window", "t_window_frame", "t_window", "t_wall_wood", "t_window", "t_wall_wood_chipped", "t_window", "t_wall_wood_broken", "t_window", "t_wall_log", "t_window", "t_wall_log_chipped", "t_window", "t_wall_log_broken"],
                "3": ["t_door_c", "t_door_c", "t_door_b", "t_door_c", "t_door_c", "t_door_frame", "t_door_c", "t_door_c", "t_wall_wood", "t_door_c", "t_door_c", "t_wall_wood_chipped", "t_door_c", "t_door_c", "t_wall_wood_broken", "t_door_o", "t_door_o", "t_wall_log", "t_door_o", "t_door_o", "t_wall_log_chipped", "t_door_o", "t_door_o", "t_wall_log_broken"],
                "|": "t_wall",
                " ": "t_floor",
                "6": "t_floor",
                "7": "t_floor",
                "8": "t_floor",
                "9": "t_floor",
                ":": "t_floor",
                ";": "t_floor",
                "+": ["t_door_c", "t_door_c", "t_door_locked_alarm", "t_door_c", "t_door_c", "t_door_locked_interior", "t_door_c", "t_door_c", "t_door_locked", "t_door_c", "t_door_c", "t_door_locked_peep", "t_door_c", "t_door_c", "t_door_b_peep", "t_door_c", "t_door_c", "t_door_boarded_damaged_peep", "t_door_c", "t_door_c", "t_rdoor_boarded_damaged", "t_door_c", "t_door_c", "t_rdoor_boarded", "t_door_c", "t_door_c", "t_door_boarded_peep", "t_door_c", "t_door_c", "t_door_boarded_damaged", "t_door_c", "t_door_c", "t_door_boarded", "t_door_c", "t_door_c", "t_rdoor_o", "t_door_c", "t_door_c", "t_rdoor_c", "t_door_c", "t_door_c", "t_door_o_peep", "t_door_c", "t_door_c", "t_door_c_peep", "t_door_c", "t_door_c", "t_door_b", "t_door_c", "t_door_c", "t_door_frame", "t_door_c", "t_door_c", "t_wall_wood", "t_door_c", "t_door_c", "t_wall_wood_chipped", "t_door_c", "t_door_c", "t_wall_wood_broken", "t_door_o", "t_door_o", "t_wall_log", "t_door_o", "t_door_o", "t_wall_log_chipped", "t_door_o", "t_door_o", "t_wall_log_broken", "t_door_o", "t_door_o", "t_door_curtain_c", "t_door_o", "t_door_o", "t_door_makeshift_c", "t_door_o", "t_door_o", "t_door_curtain_o", "t_door_o", "t_door_o", "t_door_makeshift_o", "t_door_o", "t_door_o", "t_palisade", "t_door_o", "t_door_o", "t_bars", "t_door_o", "t_door_o", "t_door_bar_o", "t_door_o", "t_door_o", "t_door_bar_c", "t_door_o", "t_door_o", "t_door_bar_locked"],
                "=": "t_floor",
                ">": "t_floor",
                "?": "t_floor",
                "@": "t_floor",
                "A": "t_floor",
                "B": "t_floor",
                "C": "t_floor",
                "D": "t_floor",
                "E": "t_floor",
                "F": "t_floor",
                "G": "t_floor",
                "H": "t_floor",
                "z": "t_shrub",
                "M": ["t_door_metal_c", "t_door_metal_c", "t_mdoor_frame", "t_door_metal_c", "t_door_metal_c", "t_wall_wood", "t_door_metal_c", "t_door_metal_c", "t_wall_wood_chipped", "t_door_metal_c", "t_door_metal_c", "t_wall_wood_broken", "t_door_metal_o", "t_door_metal_o", "t_wall_log", "t_door_metal_o", "t_door_metal_o", "t_wall_log_chipped", "t_door_metal_o", "t_door_metal_o", "t_wall_log_broken"],
                "^": ["t_tree", "t_tree", "t_tree", "t_tree_young", "t_tree_dead"],
                "{": ["t_door_glass_c", "t_door_glass_c", "t_door_frame", "t_door_glass_c", "t_door_glass_c", "t_wall_wood", "t_door_glass_c", "t_door_glass_c", "t_wall_wood_chipped", "t_door_glass_c", "t_door_glass_c", "t_wall_wood_broken", "t_door_glass_o", "t_door_glass_o", "t_wall_log", "t_door_glass_o", "t_door_glass_o", "t_wall_log_chipped", "t_door_glass_o", "t_door_glass_o", "t_wall_log_broken"],
                "[": "t_fence_v",
                "~": "t_fence_h",
                "`" : "t_floor",
                "}" : "t_window_empty",
                "N" : "t_rock_floor",
                ")" : [ "t_dirtmound", "t_dirtmound", "t_dirtmound", "t_dirtmound", "t_dirt"],
                "j" : ["t_dirt", "t_dirt", "t_dirt", "t_rock", "t_pavement", "t_dirt", "t_dirt", "t_dirt", "t_rock", "t_pavement", "t_dirt", "t_dirt", "t_dirt", "t_dirtmound", "t_sidewalk", "t_dirt", "t_dirt", "t_dirt", "t_dirtmound", "t_sidewalk", "t_dirt", "t_dirt", "t_dirt", "t_sand", "t_sand"],
                "!" : ["t_dirt", "t_dirt", "t_dirt", "t_grass", "t_pavement", "t_dirt", "t_dirt", "t_dirt", "t_grass", "t_rock", "t_dirt", "t_dirt", "t_dirt", "t_grass", "t_dirtmound", "t_dirt", "t_dirt", "t_dirt", "t_grass", "t_sidewalk", "t_dirt", "t_dirt", "t_dirt", "t_grass", "t_sand"]
            },
            "furniture": {
                "`" : ["f_rubble", "f_rubble", "f_rubble", "f_rubble", "f_null"],
                "N" : "f_ash",
                ")" : ["f_rubble", "f_rubble", "f_rubble", "f_rubble", "f_wreckage", "f_rubble", "f_rubble", "f_rubble", "f_rubble", "f_rubble_rock", "f_rubble", "f_rubble", "f_rubble", "f_rubble", "f_rubble_rock", "f_rubble", "f_rubble", "f_rubble", "f_rubble", "f_ash", "f_rubble", "f_rubble", "f_rubble", "f_rubble", "f_ash"],
                "6": ["f_table", "f_null", "f_null", "f_null", "f_null", "f_null", "f_null", "f_table", "f_rubble", "f_table"],
                "7": ["f_bookcase", "f_null", "f_null", "f_null", "f_null", "f_null", "f_null", "f_bookcase", "f_rubble", "f_bookcase"],
                "8": ["f_bathtub", "f_null", "f_null", "f_null", "f_null", "f_null", "f_null", "f_bathtub", "f_wreckage", "f_bathtub"],
                "9": ["f_rack", "f_null", "f_null", "f_null", "f_null", "f_null", "f_null", "f_rack", "f_rubble", "f_rack"],
                ":": ["f_dresser", "f_null", "f_null", "f_null", "f_null", "f_null", "f_null", "f_dresser", "f_rubble", "f_dresser"],
                "=": ["f_fireplace", "f_null", "f_null", "f_null", "f_null", "f_null", "f_null", "f_fireplace", "f_rubble_rock", "f_fireplace"],
                ">": ["f_counter", "f_null", "f_null", "f_null", "f_null", "f_null", "f_null", "f_counter", "f_rubble", "f_counter"],
                "?": ["f_sofa", "f_null", "f_null", "f_null", "f_null", "f_null", "f_null", "f_sofa", "f_rubble", "f_sofa"],
                "@": ["f_bed", "f_null", "f_null", "f_null", "f_null", "f_null", "f_null", "f_bed", "f_rubble", "f_bed"],
                "A": ["f_sink", "f_null", "f_null", "f_null", "f_null", "f_null", "f_null", "f_sink", "f_rubble", "f_sink"],
                "B": ["f_chair", "f_null", "f_null", "f_null", "f_null", "f_null", "f_null", "f_chair", "f_rubble", "f_chair"],
                "C": ["f_desk", "f_null", "f_null", "f_null", "f_null", "f_null", "f_null", "f_desk", "f_rubble", "f_desk"],
                "D": ["f_trashcan", "f_null", "f_null", "f_null", "f_null", "f_null", "f_null", "f_trashcan", "f_rubble", "f_trashcan"],
                "E": ["f_cupboard", "f_null", "f_null", "f_null", "f_null", "f_null", "f_null", "f_cupboard", "f_rubble", "f_cupboard"],
                "F": ["f_fridge", "f_null", "f_null", "f_null", "f_null", "f_null", "f_null", "f_fridge", "f_wreckage", "f_fridge"],
                "H": ["f_armchair", "f_null", "f_null", "f_null", "f_null", "f_null", "f_null", "f_armchair", "f_rubble", "f_armchair"],
                "G": ["f_oven", "f_null", "f_null", "f_null", "f_null", "f_null", "f_null", "f_oven", "f_wreckage", "f_oven"]
            },
            "toilets": {
                ";": { }
            },
            "place_monsters": [
                { "monster": "GROUP_ZOMBIE", "x": [ 2, 21 ], "y": [ 2, 21 ], "repeat": [2,3] },
                { "monster": "GROUP_PREPPER_HOUSE", "x": [ 2, 21 ], "y": [ 13, 21 ] }

            ],
            "comment": "end of mapgen json definition ---v"
        },
        "comment": "end of mapgen entry ---v"
    }
]
