[
    {
        "type": "mapgen",
        "om_terrain": [ "s_hardware" ],
        "method": "json",
        "weight": 500,
        "object": {
            "rows": [
                "ppppp~~~!!~~~~~~~~~~~~~~",
                "ppppp##!jj!##++##---###~",
                "ppppp#!jjjj!....v....P#'",
                "ppppp!jj))jj!..r.o.o.P#'",
                "pppp!jj))))jj!.c.o.o.P#'",
                "ppp!jj))NN))jj!...v..P#'",
                "pp!jj))NNNN))jj!hhhh.P#'",
                "p!jj))NNNNNN))jj!....P#'",
                "!jj))NNNNNNNN))jj!hhvP#'",
                "!jj))NNNNNNNN))jj!#####'",
                "p!jj))NNNNNN))jj!HHHHH#'",
                "pV!jj))NNNN))jj!_T____#'",
                "ppp!jj))NN))jj!HHHHHHH#'",
                "pppp!jj))))jj!___T____#'",
                "ppppp!jj))jj!T_HH#HHHH#'",
                "pppppw!jjjj!ppppppppppw'",
                "pppppwH!jj!HHppHHHHHHHw'",
                "ppppp|pp!!ppppppppppppw'",
                "ppppp|pppppppppHpHpHpHw'",
                "pppppwMpMpMpMppHpHpHpHw'",
                "pppppwpppppppppHpHpHpHw'",
                "'D'D'wMpMpMpMppHpHpHpHw'",
                "'''''WWWWWWWWWWWWWWWWWW'",
                "''''''''''''''''''''''''"
            ],
            "terrain": {
                "+": ["t_door_glass_c", "t_door_glass_c", "t_door_frame", "t_door_glass_c", "t_door_glass_c", "t_wall_wood", "t_door_glass_c", "t_door_glass_c", "t_wall_wood_chipped", "t_door_glass_c", "t_door_glass_c", "t_wall_wood_broken", "t_door_glass_o", "t_door_glass_o", "t_wall_log", "t_door_glass_o", "t_door_glass_o", "t_wall_log_chipped", "t_door_glass_o", "t_door_glass_o", "t_wall_log_broken"],

                "'": [ "t_grass", "t_grass", "t_dirt" ],
                "~": "t_sidewalk",
                "W": "t_chainfence_h",
                "w": "t_chainfence_v",
                "|": ["t_chaingate_c", "t_chaingate_c", "t_chaingate_c", "t_chaingate_c", "t_chaingate_o"],
                "#": "t_wall",
                ".": "t_floor",
                "-": "t_wall_glass",
                "p": "t_pavement",
                "D": ["t_dirt", "t_dirt", "t_dirt", "t_dirt", "t_dirt", "t_dirt", "t_grass"],
                "b": "t_floor",
                "c": "t_floor",
                "r": "t_console_broken",
                "o": "t_floor",
                "P": "t_floor",
                "l": "t_floor",
                "h": "t_floor",
                "H": "t_pavement",
                "M": "t_pavement",
                "v": "t_floor",
                "T": "t_floor",
                "V": "t_pavement",
                "_": "t_floor",
                "`" : "t_floor",
                "}" : "t_window_empty",
                "N" : "t_rock_floor",
                ")" : [ "t_dirtmound", "t_dirtmound", "t_dirtmound", "t_dirtmound", "t_dirt"],
                "j" : ["t_dirt", "t_dirt", "t_dirt", "t_rock", "t_pavement", "t_dirt", "t_dirt", "t_dirt", "t_rock", "t_pavement", "t_dirt", "t_dirt", "t_dirt", "t_dirtmound", "t_sidewalk", "t_dirt", "t_dirt", "t_dirt", "t_dirtmound", "t_sidewalk", "t_dirt", "t_dirt", "t_dirt", "t_sand", "t_sand"],
                "!" : ["t_dirt", "t_dirt", "t_dirt", "t_grass", "t_pavement", "t_dirt", "t_dirt", "t_dirt", "t_grass", "t_rock", "t_dirt", "t_dirt", "t_dirt", "t_grass", "t_dirtmound", "t_dirt", "t_dirt", "t_dirt", "t_grass", "t_sidewalk", "t_dirt", "t_dirt", "t_dirt", "t_grass", "t_sand"]
            },
            "furniture": {
                "`" : ["f_rubble", "f_rubble", "f_rubble", "f_rubble", "f_null"],
                "N" : "f_ash",
                ")" : ["f_rubble", "f_rubble", "f_rubble", "f_rubble", "f_wreckage", "f_rubble", "f_rubble", "f_rubble", "f_rubble", "f_rubble_rock", "f_rubble", "f_rubble", "f_rubble", "f_rubble", "f_rubble_rock", "f_rubble", "f_rubble", "f_rubble", "f_rubble", "f_ash", "f_rubble", "f_rubble", "f_rubble", "f_rubble", "f_ash"],
                "D": ["f_dumpster", "f_dumpster", "f_null", "f_null", "f_null", "f_null", "f_null", "f_null", "f_dumpster", "f_dumpster", "f_rubble", "f_dumpster", "f_dumpster"],
                "b": ["f_rack", "f_null", "f_null", "f_null", "f_null", "f_null", "f_null", "f_rack", "f_rubble", "f_rack"],
                "c": ["f_counter", "f_null", "f_null", "f_null", "f_null", "f_null", "f_null", "f_counter", "f_rubble", "f_counter"],
                "o": ["f_rack", "f_null", "f_null", "f_null", "f_null", "f_null", "f_null", "f_rack", "f_rubble", "f_rack"],
                "P": ["f_rack", "f_null", "f_null", "f_null", "f_null", "f_null", "f_null", "f_rack", "f_rubble", "f_rack"],
                "l": ["f_rack", "f_null", "f_null", "f_null", "f_null", "f_null", "f_null", "f_rack", "f_rubble", "f_rack"],
                "h": ["f_rack", "f_null", "f_null", "f_null", "f_null", "f_null", "f_null", "f_rack", "f_rubble", "f_rack"],
                "H": ["f_rack", "f_null", "f_null", "f_null", "f_null", "f_null", "f_null", "f_rack", "f_rubble", "f_rack"]
            }
        }
    }
]

