[
    {
        "type":"monstergroup",
        "name" : "GROUP_PLAIN",
        "default" : "mon_zombie",
        "monsters" : [{ "monster" : "mon_zombie", "freq" : 40, "cost_multiplier" : 1 }]
    },{
        "type"       : "overmap_terrain",
        "id"         : "bowling_alley",
        "name"       : "bowling alley",
        "rotate"     : true,
        "sym"        : 66,
        "color"      : "red",
        "see_cost"   : 5,
        "extras"     : "build",
        "mondensity" : 2,
        "sidewalk"   : true,
        "mapgen":
        [
            {
                "method": "json",
                "weight": 10000000,
                "object": {
                    "rows": [
                        ",,,,,__________________,",
                        ",,,,,_y____y____y____y_,",
                        ",,,,,_y____y____y____y_,",
                        ",,,,,_y____y____y____y_,",
                        ",,,,,_y____y____y____y_,",
                        ",,,,,_y____y____y____y_,",
                        ",,,,,_y____y_!!!y____y_,",
                        "|-+------}}}``j``}}}}--|",
                        "|            j)j`   # r|",
                        "|ctc   ct`  j)))j   # r|",
                        "|ctc   c`` j))N))j     |",
                        "|ctc   ```j))NNN))j `  |",
                        "|        j))NNNNN))j`` |",
                        "|       j))NNNNNNN))j  |",
                        "| ####   j))NNNNN))j   |",
                        "|r   #`   j))NNN))j`SSG|",
                        "|r   #     j))N))jSGSSG|",
                        "|r   #c    `j)))jSSGSSG|",
                        "|-+--|     ` j)j`SSGSSG|",
                        "|F  r|     | `jSGSSGSSG|",
                        "|F  r|+-|+-| GSSGSSGSSG|",
                        "|F  r|LU|LU| GSSGSSGSSG|",
                        "|F  r|T%|T%| GSSGSSGSSG|",
                        "|----------------------|"
                    ],
                    "terrain": {
                "O": ["t_window", "t_window_taped", "t_window", "t_window_empty", "t_window", "t_window_frame", "t_window", "t_wall_wood", "t_window", "t_wall_wood_chipped", "t_window", "t_wall_wood_broken", "t_window", "t_wall_log", "t_window", "t_wall_log_chipped", "t_window", "t_wall_log_broken"],
                "+": ["t_door_c", "t_door_c", "t_door_locked_alarm", "t_door_c", "t_door_c", "t_door_locked_interior", "t_door_c", "t_door_c", "t_door_locked", "t_door_c", "t_door_c", "t_door_locked_peep", "t_door_c", "t_door_c", "t_door_b_peep", "t_door_c", "t_door_c", "t_door_boarded_damaged_peep", "t_door_c", "t_door_c", "t_rdoor_boarded_damaged", "t_door_c", "t_door_c", "t_rdoor_boarded", "t_door_c", "t_door_c", "t_door_boarded_peep", "t_door_c", "t_door_c", "t_door_boarded_damaged", "t_door_c", "t_door_c", "t_door_boarded", "t_door_c", "t_door_c", "t_rdoor_o", "t_door_c", "t_door_c", "t_rdoor_c", "t_door_c", "t_door_c", "t_door_o_peep", "t_door_c", "t_door_c", "t_door_c_peep", "t_door_c", "t_door_c", "t_door_b", "t_door_c", "t_door_c", "t_door_frame", "t_door_c", "t_door_c", "t_wall_wood", "t_door_c", "t_door_c", "t_wall_wood_chipped", "t_door_c", "t_door_c", "t_wall_wood_broken", "t_door_o", "t_door_o", "t_wall_log", "t_door_o", "t_door_o", "t_wall_log_chipped", "t_door_o", "t_door_o", "t_wall_log_broken", "t_door_o", "t_door_o", "t_door_curtain_c", "t_door_o", "t_door_o", "t_door_makeshift_c", "t_door_o", "t_door_o", "t_door_curtain_o", "t_door_o", "t_door_o", "t_door_makeshift_o", "t_door_o", "t_door_o", "t_palisade", "t_door_o", "t_door_o", "t_bars", "t_door_o", "t_door_o", "t_door_bar_o", "t_door_o", "t_door_o", "t_door_bar_c", "t_door_o", "t_door_o", "t_door_bar_locked"],
                "M": ["t_door_metal_c", "t_door_metal_c", "t_mdoor_frame", "t_door_metal_c", "t_door_metal_c", "t_wall_wood", "t_door_metal_c", "t_door_metal_c", "t_wall_wood_chipped", "t_door_metal_c", "t_door_metal_c", "t_wall_wood_broken", "t_door_metal_o", "t_door_metal_o", "t_wall_log", "t_door_metal_o", "t_door_metal_o", "t_wall_log_chipped", "t_door_metal_o", "t_door_metal_o", "t_wall_log_broken"],

                        ".": ["t_grass", "t_grass", "t_grass", "t_grass", "t_grass", "t_grass", "t_dirt"],
                        "_": "t_pavement",
                        ",": "t_sidewalk",
                        "y": "t_pavement_y",
                        " ": "t_floor",
                        "-": "t_wall",
                        "|": "t_wall",
                        "w": "t_gates_mech_control",
                        "x": "t_console_broken",
                        "c": "t_floor",
                        "#": "t_floor",
                        "r": "t_floor",
                        "^": "t_floor",
                        "t": "t_floor",
                        "F": "t_floor",
                        "@": "t_floor",
                        ":": "t_floor",
                        "T": "t_linoleum_white",
                        "l": "t_floor",
                        "S": "t_floor_waxed",
                        "=": "t_floor",
                        "G": "t_floor",
                        "L": "t_linoleum_white",
                        "U": "t_linoleum_white",
                        "&": "t_floor",
                        "%": "t_linoleum_white",
                "`" : "t_floor",
                "}" : "t_window_empty",
                "N" : "t_rock_floor",
                ")" : [ "t_dirtmound", "t_dirtmound", "t_dirtmound", "t_dirtmound", "t_dirt"],
                "j" : ["t_dirt", "t_dirt", "t_dirt", "t_rock", "t_pavement", "t_dirt", "t_dirt", "t_dirt", "t_rock", "t_pavement", "t_dirt", "t_dirt", "t_dirt", "t_dirtmound", "t_sidewalk", "t_dirt", "t_dirt", "t_dirt", "t_dirtmound", "t_sidewalk", "t_dirt", "t_dirt", "t_dirt", "t_sand", "t_sand"],
                "!" : ["t_dirt", "t_dirt", "t_dirt", "t_grass", "t_pavement", "t_dirt", "t_dirt", "t_dirt", "t_grass", "t_rock", "t_dirt", "t_dirt", "t_dirt", "t_grass", "t_dirtmound", "t_dirt", "t_dirt", "t_dirt", "t_grass", "t_sidewalk", "t_dirt", "t_dirt", "t_dirt", "t_grass", "t_sand"]
            },
            "furniture": {
                "`" : ["f_rubble", "f_rubble", "f_rubble", "f_rubble", "f_null"],
                "N" : "f_ash",
                ")" : ["f_rubble", "f_rubble", "f_rubble", "f_rubble", "f_wreckage", "f_rubble", "f_rubble", "f_rubble", "f_rubble", "f_rubble_rock", "f_rubble", "f_rubble", "f_rubble", "f_rubble", "f_rubble_rock", "f_rubble", "f_rubble", "f_rubble", "f_rubble", "f_ash", "f_rubble", "f_rubble", "f_rubble", "f_rubble", "f_ash"],
                        ".": "f_null",
                        "_": "f_null",
                        ",": "f_null",
                        " ": "f_null",
                        "-": "f_null",
                        "|": "f_null",
                        "O": "f_null",
                        "L": "f_null",
                        "+": "f_null",
                        "M": "f_null",
                        "w": "f_null",
                        "x": "f_null",
                        "c": ["f_chair", "f_null", "f_null", "f_null", "f_null", "f_null", "f_null", "f_chair", "f_rubble", "f_chair"],
                        "#": ["f_counter", "f_null", "f_null", "f_null", "f_null", "f_null", "f_null", "f_counter", "f_rubble", "f_counter"],
                        "r": ["f_rack", "f_null", "f_null", "f_null", "f_null", "f_null", "f_null", "f_rack", "f_rubble", "f_rack"],
                        "^": ["f_indoor_plant", "f_null", "f_null", "f_null", "f_null", "f_null", "f_null", "f_null"],
                        "t": ["f_table", "f_null", "f_null", "f_null", "f_null", "f_null", "f_null", "f_table", "f_rubble", "f_table"],
                        "F": ["f_fridge", "f_null", "f_null", "f_null", "f_null", "f_null", "f_null", "f_fridge", "f_wreckage", "f_fridge"],
                        "@": ["f_bed", "f_null", "f_null", "f_null", "f_null", "f_null", "f_null", "f_bed", "f_rubble", "f_bed"],
                        ":": ["f_dresser", "f_null", "f_null", "f_null", "f_null", "f_null", "f_null", "f_dresser", "f_rubble", "f_dresser"],
                        "l": ["f_vending_c", "f_null", "f_null", "f_null", "f_null", "f_null", "f_null", "f_vending_c", "f_wreckage", "f_vending_c"],
                        "S": "f_null",
                        "=": "f_ball_mach",
                        "G": "f_lane",
                        "U": ["f_sink", "f_null", "f_null", "f_null", "f_null", "f_null", "f_null", "f_sink", "f_rubble", "f_sink"],
                        "&": ["f_trashcan", "f_null", "f_null", "f_null", "f_null", "f_null", "f_null", "f_trashcan", "f_rubble", "f_trashcan"],
                        "%": ["f_trashcan", "f_null", "f_null", "f_null", "f_null", "f_null", "f_null", "f_trashcan", "f_rubble", "f_trashcan"]
                    },
                    "place_monsters": [
                        { "monster": "GROUP_PLAIN",      "chance": 1,     "x": [2,21],  "y": [7,22]  }
                    ],
                    "toilets": {
                        "T": { }
                    }
                }
            }
        ]
    }
]
