[
    {
        "type" : "mapgen",
        "om_terrain" : ["house"],
        "method" : "json",
        "weight" : 300,
        "object" : {
            "fill_ter" : "t_floor",
            "rows" : [
                "............!..sssssss..",
                ".--}}--`-``j)j````===--.",
                ".|o``    `j)))j      e|.",
                ".|       j))N))j      |.",
                ".|      j))NNN))j     |.",
                ".|       j))N))j      |.",
                ".|        j)))j       |.",
                ".}         j)j        |.",
                ".}     h    j|        |.",
                ".`        `` |        |.",
                ".|`       nn`|        |.",
                ".|C```  ``   |cccccccc|.",
                ".|-----``-------------|.",
                ".|B  ``             kk|.",
                ".|B  t|      h       k|.",
                ".|    |            h  |.",
                ".|    +               |.",
                ".-`}}-|               |.",
                "......}               |.",
                "......v               |.",
                "....T.|      @@       |.",
                "......|      @@      d|.",
                "......-----------------.",
                "........................"
            ],
            "terrain" : {
                "|" : "t_wall",
                "-" : "t_wall",
                "." : ["t_grass", "t_grass", "t_grass", "t_grass", "t_grass", "t_grass", "t_dirt"],
                "=": ["t_door_metal_c", "t_door_metal_c", "t_mdoor_frame", "t_door_metal_c", "t_door_metal_c", "t_wall_wood", "t_door_metal_c", "t_door_metal_c", "t_wall_wood_chipped", "t_door_metal_c", "t_door_metal_c", "t_wall_wood_broken", "t_door_metal_o", "t_door_metal_o", "t_wall_log", "t_door_metal_o", "t_door_metal_o", "t_wall_log_chipped", "t_door_metal_o", "t_door_metal_o", "t_wall_log_broken"],
                "+": ["t_door_c", "t_door_c", "t_door_locked_alarm", "t_door_c", "t_door_c", "t_door_locked_interior", "t_door_c", "t_door_c", "t_door_locked", "t_door_c", "t_door_c", "t_door_locked_peep", "t_door_c", "t_door_c", "t_door_b_peep", "t_door_c", "t_door_c", "t_door_boarded_damaged_peep", "t_door_c", "t_door_c", "t_rdoor_boarded_damaged", "t_door_c", "t_door_c", "t_rdoor_boarded", "t_door_c", "t_door_c", "t_door_boarded_peep", "t_door_c", "t_door_c", "t_door_boarded_damaged", "t_door_c", "t_door_c", "t_door_boarded", "t_door_c", "t_door_c", "t_rdoor_o", "t_door_c", "t_door_c", "t_rdoor_c", "t_door_c", "t_door_c", "t_door_o_peep", "t_door_c", "t_door_c", "t_door_c_peep", "t_door_c", "t_door_c", "t_door_b", "t_door_c", "t_door_c", "t_door_frame", "t_door_c", "t_door_c", "t_wall_wood", "t_door_c", "t_door_c", "t_wall_wood_chipped", "t_door_c", "t_door_c", "t_wall_wood_broken", "t_door_o", "t_door_o", "t_wall_log", "t_door_o", "t_door_o", "t_wall_log_chipped", "t_door_o", "t_door_o", "t_wall_log_broken", "t_door_o", "t_door_o", "t_door_curtain_c", "t_door_o", "t_door_o", "t_door_makeshift_c", "t_door_o", "t_door_o", "t_door_curtain_o", "t_door_o", "t_door_o", "t_door_makeshift_o", "t_door_o", "t_door_o", "t_palisade", "t_door_o", "t_door_o", "t_bars", "t_door_o", "t_door_o", "t_door_bar_o", "t_door_o", "t_door_o", "t_door_bar_c", "t_door_o", "t_door_o", "t_door_bar_locked"],
                ";": ["t_door_c", "t_door_c", "t_door_b", "t_door_c", "t_door_c", "t_door_frame", "t_door_c", "t_door_c", "t_wall_wood", "t_door_c", "t_door_c", "t_wall_wood_chipped", "t_door_c", "t_door_c", "t_wall_wood_broken", "t_door_o", "t_door_o", "t_wall_log", "t_door_o", "t_door_o", "t_wall_log_chipped", "t_door_o", "t_door_o", "t_wall_log_broken"],
                "@" : "t_floor",
                "B" : "t_floor",
                "C" : "t_floor",
                "c" : "t_floor",
                "d" : "t_floor",
                "f" : "t_floor",
                "h" : "t_floor",
                "k" : "t_floor",
                "n" : "t_floor",
                "O" : "t_floor",
                "o" : "t_floor",
                "S" : "t_floor",
                "s" : "t_sidewalk",
                "T" : ["t_tree", "t_tree", "t_tree", "t_tree_young", "t_tree_dead"],
                "v": ["t_window_domestic", "t_window_boarded", "t_window_domestic", "t_curtains", "t_window_domestic", "t_window_domestic_taped", "t_window_domestic", "t_window_open", "t_window_domestic", "t_window_empty", "t_window_domestic", "t_window_frame", "t_window_domestic", "t_wall_wood", "t_window_domestic", "t_wall_wood_chipped", "t_window_domestic", "t_wall_wood_broken", "t_window_domestic", "t_wall_log", "t_window_domestic", "t_wall_log_chipped", "t_window_domestic", "t_wall_log_broken"],
                "`" : "t_floor",
                "}" : "t_window_empty",
                "N" : "t_rock_floor",
                ")" : [ "t_dirtmound", "t_dirtmound", "t_dirtmound", "t_dirtmound", "t_dirt"],
                "j" : ["t_dirt", "t_dirt", "t_dirt", "t_rock", "t_pavement", "t_dirt", "t_dirt", "t_dirt", "t_rock", "t_pavement", "t_dirt", "t_dirt", "t_dirt", "t_dirtmound", "t_sidewalk", "t_dirt", "t_dirt", "t_dirt", "t_dirtmound", "t_sidewalk", "t_dirt", "t_dirt", "t_dirt", "t_sand", "t_sand"],
                "!" : ["t_dirt", "t_dirt", "t_dirt", "t_grass", "t_pavement", "t_dirt", "t_dirt", "t_dirt", "t_grass", "t_rock", "t_dirt", "t_dirt", "t_dirt", "t_grass", "t_dirtmound", "t_dirt", "t_dirt", "t_dirt", "t_grass", "t_sidewalk", "t_dirt", "t_dirt", "t_dirt", "t_grass", "t_sand"]
            },
            "furniture": {
                "`" : ["f_rubble", "f_rubble", "f_rubble", "f_rubble", "f_null"],
                "N" : "f_ash",
                ")" : ["f_rubble", "f_rubble", "f_rubble", "f_rubble", "f_wreckage", "f_rubble", "f_rubble", "f_rubble", "f_rubble", "f_rubble_rock", "f_rubble", "f_rubble", "f_rubble", "f_rubble", "f_rubble_rock", "f_rubble", "f_rubble", "f_rubble", "f_rubble", "f_ash", "f_rubble", "f_rubble", "f_rubble", "f_rubble", "f_ash"],
                "@" : ["f_bed", "f_null", "f_null", "f_null", "f_null", "f_null", "f_null", "f_bed", "f_rubble", "f_bed"],
                "B" : ["f_bathtub", "f_null", "f_null", "f_null", "f_null", "f_null", "f_null", "f_bathtub", "f_wreckage", "f_bathtub"],
                "C" : ["f_cupboard", "f_null", "f_null", "f_null", "f_null", "f_null", "f_null", "f_cupboard", "f_rubble", "f_cupboard"],
                "c" : ["f_counter", "f_null", "f_null", "f_null", "f_null", "f_null", "f_null", "f_counter", "f_rubble", "f_counter"],
                "d" : ["f_dresser", "f_null", "f_null", "f_null", "f_null", "f_null", "f_null", "f_dresser", "f_rubble", "f_dresser"],
                "f" : ["f_fridge", "f_null", "f_null", "f_null", "f_null", "f_null", "f_null", "f_fridge", "f_wreckage", "f_fridge"],
                "h" : ["f_chair", "f_null", "f_null", "f_null", "f_null", "f_null", "f_null", "f_chair", "f_rubble", "f_chair"],
                "k" : ["f_desk", "f_null", "f_null", "f_null", "f_null", "f_null", "f_null", "f_desk", "f_rubble", "f_desk"],
                "n" : ["f_table", "f_null", "f_null", "f_null", "f_null", "f_null", "f_null", "f_table", "f_rubble", "f_table"],
                "O" : ["f_oven", "f_null", "f_null", "f_null", "f_null", "f_null", "f_null", "f_oven", "f_wreckage", "f_oven"],
                "o" : ["f_bookcase", "f_null", "f_null", "f_null", "f_null", "f_null", "f_null", "f_bookcase", "f_rubble", "f_bookcase"],
                "S" : ["f_sink", "f_null", "f_null", "f_null", "f_null", "f_null", "f_null", "f_sink", "f_rubble", "f_sink"]
            },
            "toilets" : {
                "t" : { }
            },
            "place_monsters" : [
                { "monster" : "GROUP_ZOMBIE", "chance" : 2, "x" : [2,21], "y" : [2,21] }
            ]
        }
    }
]
