[
    {
    "type" : "mapgen",
    "om_terrain" : ["s_restaurant_fast"],
    "method": "json",
    "weight": 250,
    "object": {
      "fill_ter": "t_floor",
      "rows":[
        ",_____s!!sssssssss_____,",
        ",__,__!jj! ss ####__,__,",
        ",_,,,!j))j!ssssss#__,__,",
        ",__,!j))))j!ssHTH#__,__,",
        ",__!j))NN))j!ssss#_,,,_,",
        ",_!j))NNNN))j```-|__,__,",
        ",_!j))NNNN))j!HH.`_____,",
        ",__!j))NN))j!.TT.`_____,",
        ",___!j))))j!..TT.`_____,",
        ",____!j))j!...HH.|_____,",
        ",_____`jj!.......`_____,",
        ",,,,,,|`!........`_____,",
        ",_____|ccxccxc|..`_____,",
        ",_____`w=w=w=w+..|_____,",
        ",_____|ewccOwc|t-|_____,",
        ",_____|l=w=w=S|=S|_____,",
        ",_____||eercwx|P||_____,",
        ",_____#|----`---|#_____,",
        ",________,_____________,",
        ",________,_____________,",
        ",________,_____________,",
        " ,_______,____________, ",
        "  ,,,,,,,,,,,,,,,,,,,,  ",
        "   dd                   "
      ],
      "terrain":{
        "5": "t_wall_glass",
        "%": "t_wall_glass",
        ",": "t_pavement_y",
        "_": "t_pavement",
        "x": "t_console_broken",
        ".": "t_floor",
        "-": "t_wall",
        "|": "t_wall",
        "#": "t_shrub",
        "+": ["t_door_glass_c", "t_door_glass_c", "t_door_frame", "t_door_glass_c", "t_door_glass_c", "t_wall_wood", "t_door_glass_c", "t_door_glass_c", "t_wall_wood_chipped", "t_door_glass_c", "t_door_glass_c", "t_wall_wood_broken", "t_door_glass_o", "t_door_glass_o", "t_wall_log", "t_door_glass_o", "t_door_glass_o", "t_wall_log_chipped", "t_door_glass_o", "t_door_glass_o", "t_wall_log_broken"],
        "t": ["t_door_c", "t_door_c", "t_door_b", "t_door_c", "t_door_c", "t_door_frame", "t_door_c", "t_door_c", "t_wall_wood", "t_door_c", "t_door_c", "t_wall_wood_chipped", "t_door_c", "t_door_c", "t_wall_wood_broken", "t_door_o", "t_door_o", "t_wall_log", "t_door_o", "t_door_o", "t_wall_log_chipped", "t_door_o", "t_door_o", "t_wall_log_broken"],
        "s": "t_sidewalk",
        " ": ["t_grass", "t_grass", "t_grass", "t_grass", "t_grass", "t_grass", "t_dirt"],
        "o": "t_window_open",
        "=": "t_linoleum_gray",
        "w": "t_linoleum_white",
        "e": "t_linoleum_white",
        "r": "t_linoleum_gray",
        "c": "t_linoleum_white",
        "S": "t_linoleum_white",
        "P": "t_linoleum_white",
        "O": "t_linoleum_white",
        "l": "t_linoleum_white",
                "`" : "t_floor",
                "}" : "t_window_empty",
                "N" : "t_rock_floor",
                ")" : [ "t_dirtmound", "t_dirtmound", "t_dirtmound", "t_dirtmound", "t_dirt"],
                "j" : ["t_dirt", "t_dirt", "t_dirt", "t_rock", "t_pavement", "t_dirt", "t_dirt", "t_dirt", "t_rock", "t_pavement", "t_dirt", "t_dirt", "t_dirt", "t_dirtmound", "t_sidewalk", "t_dirt", "t_dirt", "t_dirt", "t_dirtmound", "t_sidewalk", "t_dirt", "t_dirt", "t_dirt", "t_sand", "t_sand"],
                "!" : ["t_dirt", "t_dirt", "t_dirt", "t_grass", "t_pavement", "t_dirt", "t_dirt", "t_dirt", "t_grass", "t_rock", "t_dirt", "t_dirt", "t_dirt", "t_grass", "t_dirtmound", "t_dirt", "t_dirt", "t_dirt", "t_grass", "t_sidewalk", "t_dirt", "t_dirt", "t_dirt", "t_grass", "t_sand"]
            },
            "furniture": {
                "`" : ["f_rubble", "f_rubble", "f_rubble", "f_rubble", "f_null"],
                "N" : "f_ash",
                ")" : ["f_rubble", "f_rubble", "f_rubble", "f_rubble", "f_wreckage", "f_rubble", "f_rubble", "f_rubble", "f_rubble", "f_rubble_rock", "f_rubble", "f_rubble", "f_rubble", "f_rubble", "f_rubble_rock", "f_rubble", "f_rubble", "f_rubble", "f_rubble", "f_ash", "f_rubble", "f_rubble", "f_rubble", "f_rubble", "f_ash"],
        "d": ["f_dumpster", "f_dumpster", "f_null", "f_null", "f_null", "f_null", "f_null", "f_null", "f_dumpster", "f_dumpster", "f_rubble", "f_dumpster", "f_dumpster"],
        "T": ["f_table", "f_null", "f_null", "f_null", "f_null", "f_null", "f_null", "f_table", "f_rubble", "f_table"],
        "S": ["f_sink", "f_null", "f_null", "f_null", "f_null", "f_null", "f_null", "f_sink", "f_rubble", "f_sink"],
        "e": ["f_fridge", "f_null", "f_null", "f_null", "f_null", "f_null", "f_null", "f_fridge", "f_wreckage", "f_fridge"],
        "H": ["f_chair", "f_null", "f_null", "f_null", "f_null", "f_null", "f_null", "f_chair", "f_rubble", "f_chair"],
        "c": ["f_counter", "f_null", "f_null", "f_null", "f_null", "f_null", "f_null", "f_counter", "f_rubble", "f_counter"],
        "l": ["f_locker", "f_null", "f_null", "f_null", "f_null", "f_null", "f_null", "f_locker", "f_wreckage", "f_locker"],
        "g": ["f_trashcan", "f_null", "f_null", "f_null", "f_null", "f_null", "f_null", "f_trashcan", "f_rubble", "f_trashcan"],
        "O": ["f_woodstove", "f_null", "f_null", "f_null", "f_null", "f_null", "f_null", "f_woodstove", "f_wreckage", "f_woodstove"],
        "r": ["f_oven", "f_null", "f_null", "f_null", "f_null", "f_null", "f_null", "f_oven", "f_wreckage", "f_oven"]
        },
      "toilets": {
        "P": { }
      },
       "place_monsters": [
        { "monster": "GROUP_ZOMBIE", "x": 15, "y": 15, "chance": 10 },
        { "monster": "GROUP_ROACH","chance": 20, "x": [7,19],  "y": 19}
      ]
    }
  }
]
