[
  {
    "type" : "mapgen",
    "om_terrain" : [
    "s_gun"
    ],
    "method" : "json",
    "weight" : 300,
    "object" :{
        "rows" : [
        "_ssssssssssjjssssssssss_",
        "_s@@@@@@@_j))j_@@@@@@@s_",
        "_s||555|`j))))j``555||s_",
        "_s|###``j))NN))j```##|s_",
        "_s|....j))NNNN))j....|s_",
        "_s|...j))NNNNNN))j...|s_",
        "_s|...j))NNNNNN))j...|s_",
        "_s|....j))NNNN))j....|s_",
        "_s|.....j))NN))j.....|s_",
        "_s|....``j))))j``....|s_",
        "_s|u...```j))j``r...u|s_",
        "_s|^.......jj.......^|s_",
        "_||u...rr`....rrr...u|s_",
        "_A|....rrr....rrr....|s_",
        "_||..................|s_",
        "_s|..................|s_",
        "_s||D|||&&&&&&&&||L|||s_",
        "_s|....|..####..|..cE|s_",
        "_s|....|........D...E|s_",
        "_s|S..;|lll##lll|l...|s_",
        "_s|||||||||||||||||L||s_",
        "_ssssssssssssssssssssss_",
        "________________________",
        "________________________"
      ],
      "terrain": {
                "5": ["t_window_bars", "t_window_taped", "t_window_bars", "t_window_empty", "t_window_bars", "t_window_frame", "t_window_bars", "t_wall_wood", "t_window_bars", "t_wall_wood_chipped", "t_window_bars", "t_wall_wood_broken", "t_window_bars", "t_wall_log", "t_window_bars", "t_wall_log_chipped", "t_window_bars", "t_wall_log_broken"],
                "D": ["t_door_c", "t_door_c", "t_door_b", "t_door_c", "t_door_c", "t_door_frame", "t_door_c", "t_door_c", "t_wall_wood", "t_door_c", "t_door_c", "t_wall_wood_chipped", "t_door_c", "t_door_c", "t_wall_wood_broken", "t_door_o", "t_door_o", "t_wall_log", "t_door_o", "t_door_o", "t_wall_log_chipped", "t_door_o", "t_door_o", "t_wall_log_broken"],
                "*": ["t_door_c", "t_door_c", "t_door_b", "t_door_c", "t_door_c", "t_door_frame", "t_door_c", "t_door_c", "t_wall_wood", "t_door_c", "t_door_c", "t_wall_wood_chipped", "t_door_c", "t_door_c", "t_wall_wood_broken", "t_door_o", "t_door_o", "t_wall_log", "t_door_o", "t_door_o", "t_wall_log_chipped", "t_door_o", "t_door_o", "t_wall_log_broken"],
                "+": ["t_door_metal_c", "t_door_metal_c", "t_mdoor_frame", "t_door_metal_c", "t_door_metal_c", "t_wall_wood", "t_door_metal_c", "t_door_metal_c", "t_wall_wood_chipped", "t_door_metal_c", "t_door_metal_c", "t_wall_wood_broken", "t_door_metal_o", "t_door_metal_o", "t_wall_log", "t_door_metal_o", "t_door_metal_o", "t_wall_log_chipped", "t_door_metal_o", "t_door_metal_o", "t_wall_log_broken"],
                "L": ["t_door_metal_c", "t_door_metal_c", "t_mdoor_frame", "t_door_metal_c", "t_door_metal_c", "t_wall_wood", "t_door_metal_c", "t_door_metal_c", "t_wall_wood_chipped", "t_door_metal_c", "t_door_metal_c", "t_wall_wood_broken", "t_door_metal_o", "t_door_metal_o", "t_wall_log", "t_door_metal_o", "t_door_metal_o", "t_wall_log_chipped", "t_door_metal_o", "t_door_metal_o", "t_wall_log_broken"],

        "_": "t_pavement",
        "s": "t_sidewalk",
        "|": "t_wall",
        ".": "t_floor",
        "@": "t_shrub",
        "^": "t_floor",
        "u": "t_floor",
        "r": "t_floor",
        "l": "t_floor",
        "#": "t_floor",
        "E": "t_floor",
        "c": "t_floor",
        "A": ["t_atm", "t_console_broken", "t_console_broken"],
        "S": "t_floor",
        ";": "t_floor",
        "&": "t_bars",
                "`" : "t_floor",
                "}" : "t_window_empty",
                "N" : "t_rock_floor",
                ")" : [ "t_dirtmound", "t_dirtmound", "t_dirtmound", "t_dirtmound", "t_dirt"],
                "j" : ["t_dirt", "t_dirt", "t_dirt", "t_rock", "t_pavement", "t_dirt", "t_dirt", "t_dirt", "t_rock", "t_pavement", "t_dirt", "t_dirt", "t_dirt", "t_dirtmound", "t_sidewalk", "t_dirt", "t_dirt", "t_dirt", "t_dirtmound", "t_sidewalk", "t_dirt", "t_dirt", "t_dirt", "t_sand", "t_sand"],
                "!" : ["t_dirt", "t_dirt", "t_dirt", "t_grass", "t_pavement", "t_dirt", "t_dirt", "t_dirt", "t_grass", "t_rock", "t_dirt", "t_dirt", "t_dirt", "t_grass", "t_dirtmound", "t_dirt", "t_dirt", "t_dirt", "t_grass", "t_sidewalk", "t_dirt", "t_dirt", "t_dirt", "t_grass", "t_sand"]
            },
            "furniture": {
                "`" : ["f_rubble", "f_rubble", "f_rubble", "f_rubble", "f_null"],
                "N" : "f_ash",
                ")" : ["f_rubble", "f_rubble", "f_rubble", "f_rubble", "f_wreckage", "f_rubble", "f_rubble", "f_rubble", "f_rubble", "f_rubble_rock", "f_rubble", "f_rubble", "f_rubble", "f_rubble", "f_rubble_rock", "f_rubble", "f_rubble", "f_rubble", "f_rubble", "f_ash", "f_rubble", "f_rubble", "f_rubble", "f_rubble", "f_ash"],
        "^": ["f_indoor_plant", "f_null", "f_null", "f_null", "f_null", "f_null", "f_null", "f_null"],
        "r": ["f_rack", "f_null", "f_null", "f_null", "f_null", "f_null", "f_null", "f_rack", "f_rubble", "f_rack"],
        "l": ["f_locker", "f_null", "f_null", "f_null", "f_null", "f_null", "f_null", "f_locker", "f_wreckage", "f_locker"],
        "#": ["f_counter", "f_null", "f_null", "f_null", "f_null", "f_null", "f_null", "f_counter", "f_rubble", "f_counter"],
        "E": ["f_desk", "f_null", "f_null", "f_null", "f_null", "f_null", "f_null", "f_desk", "f_rubble", "f_desk"],
        "c": ["f_chair", "f_null", "f_null", "f_null", "f_null", "f_null", "f_null", "f_chair", "f_rubble", "f_chair"],
        "S": ["f_sink", "f_null", "f_null", "f_null", "f_null", "f_null", "f_null", "f_sink", "f_rubble", "f_sink"],
        "u": ["f_vending_reinforced", "f_null", "f_null", "f_null", "f_null", "f_null", "f_null", "f_vending_reinforced", "f_wreckage", "f_vending_reinforced"]
        },

        "toilets": {
                ";": { }
        }
        }
    }
]