[
    {
        "type" : "mapgen",
        "om_terrain" : ["house"],
        "method" : "json",
        "weight" : 200,
        "object" : {
            "fill_ter" : "t_floor",
            "rows" : [
                "..T.....T..#.....s.....#",
                "...........#.....s.....#",
                ".....T.....#.....s.....#",
                "...........#.....s.....#",
                "..T.....T..RRR``R`R``RRR",
                "...........R????  ?   0R",
                ".~~~~~~~~~~`   j  ?  n `",
                ".~~~~~~~~~~`  jjj ?    `",
                ".~~~~~~~~~~`?jj)jj  ???`",
                ".~~~~~~~~~~Rjj)))jj    `",
                ".~~      ~~jj)))))jj   `",
                ".RRRR`RRRRjj)))))))jj  R",
                ".Ro     ojj))))N))))jj R",
                ".`  `!` jj))))NNN))))jj`",
                ".`  !j!jj))))NNNNN))))jj",
                ".` !j)j!jj))))NNN))))jj.",
                ".R!j)))j!jj))))N))))jj`.",
                ".!j))N))j!jj)))))))jj R.",
                "!j))NNN))j!jj)))))jj  `.",
                ".!j))N))j!  jj)))jjfccR.",
                ".R!j)))j!    jj)jjRRRRR.",
                ".R !j)j!      jjj tS BR.",
                ".RRR!j!```````Rj`    BR.",
                ".....!..........RRVRVRR."
            ],
            "terrain" : {
                "." : ["t_grass", "t_grass", "t_grass", "t_grass", "t_grass", "t_grass", "t_dirt"],
                "0" : "t_floor",
                "#" : "t_shrub",
                "+" : ["t_door_metal_c", "t_door_metal_c", "t_mdoor_frame", "t_door_metal_c", "t_door_metal_c", "t_wall_wood", "t_door_metal_c", "t_door_metal_c", "t_wall_wood_chipped", "t_door_metal_c", "t_door_metal_c", "t_wall_wood_broken", "t_door_metal_o", "t_door_metal_o", "t_wall_log", "t_door_metal_o", "t_door_metal_o", "t_wall_log_chipped", "t_door_metal_o", "t_door_metal_o", "t_wall_log_broken"],
                "[": ["t_door_glass_c", "t_door_glass_c", "t_door_frame", "t_door_glass_c", "t_door_glass_c", "t_wall_wood", "t_door_glass_c", "t_door_glass_c", "t_wall_wood_chipped", "t_door_glass_c", "t_door_glass_c", "t_wall_wood_broken", "t_door_glass_o", "t_door_glass_o", "t_wall_log", "t_door_glass_o", "t_door_glass_o", "t_wall_log_chipped", "t_door_glass_o", "t_door_glass_o", "t_wall_log_broken"],
                "?" : "t_floor",
                "@" : "t_floor",
                "B" : "t_floor",
                "c" : "t_floor",
                "D" : "t_floor",
                "d" : "t_floor",
                "f" : "t_floor",
                "h" : "t_floor",
                "K" : "t_floor",
                "k" : "t_floor",
                "n" : "t_floor",
                "O" : "t_floor",
                "o" : "t_floor",
                "P" : "t_floor",
                "p" : "t_floor",
                "R" : "t_rock",
                "r" : "t_floor",
                "S" : "t_floor",
                "s" : "t_sidewalk",
                "V" : "t_wall_glass",
                "~" : "t_water_sh",
                "T" : ["t_tree", "t_tree_young", "t_tree_dead", "t_trunk", "t_shrub", "t_tree_apple", "t_tree_pear", "t_tree_cherry", "t_tree_hickory", "t_tree_pine", "t_tree_apricot", "t_tree_peach", "t_tree_birch", "t_tree_maple", "t_tree_willow", "t_tree_plum", "t_tree_blackjack"],
                "`" : "t_floor",
                "}" : "t_window_empty",
                "N" : "t_rock_floor",
                ")" : [ "t_dirtmound", "t_dirtmound", "t_dirtmound", "t_dirtmound", "t_dirt"],
                "j" : ["t_dirt", "t_dirt", "t_dirt", "t_rock", "t_pavement", "t_dirt", "t_dirt", "t_dirt", "t_rock", "t_pavement", "t_dirt", "t_dirt", "t_dirt", "t_dirtmound", "t_sidewalk", "t_dirt", "t_dirt", "t_dirt", "t_dirtmound", "t_sidewalk", "t_dirt", "t_dirt", "t_dirt", "t_sand", "t_sand"],
                "!" : ["t_dirt", "t_dirt", "t_dirt", "t_grass", "t_pavement", "t_dirt", "t_dirt", "t_dirt", "t_grass", "t_rock", "t_dirt", "t_dirt", "t_dirt", "t_grass", "t_dirtmound", "t_dirt", "t_dirt", "t_dirt", "t_grass", "t_sidewalk", "t_dirt", "t_dirt", "t_dirt", "t_grass", "t_sand"]
            },
            "furniture": {
                "`" : ["f_rubble", "f_rubble", "f_rubble", "f_rubble", "f_null"],
                "N" : "f_ash",
                ")" : ["f_rubble", "f_rubble", "f_rubble", "f_rubble", "f_wreckage", "f_rubble", "f_rubble", "f_rubble", "f_rubble", "f_rubble_rock", "f_rubble", "f_rubble", "f_rubble", "f_rubble", "f_rubble_rock", "f_rubble", "f_rubble", "f_rubble", "f_rubble", "f_ash", "f_rubble", "f_rubble", "f_rubble", "f_rubble", "f_ash"],
                "0" : ["f_fireplace", "f_null", "f_null", "f_null", "f_null", "f_null", "f_null", "f_fireplace", "f_rubble_rock", "f_fireplace"],
                "?" : ["f_sofa", "f_null", "f_null", "f_null", "f_null", "f_null", "f_null", "f_sofa", "f_rubble", "f_sofa"],
                "@" : ["f_bed", "f_null", "f_null", "f_null", "f_null", "f_null", "f_null", "f_bed", "f_rubble", "f_bed"],
                "B" : ["f_bathtub", "f_null", "f_null", "f_null", "f_null", "f_null", "f_null", "f_bathtub", "f_wreckage", "f_bathtub"],
                "c" : ["f_counter", "f_null", "f_null", "f_null", "f_null", "f_null", "f_null", "f_counter", "f_rubble", "f_counter"],
                "D" : ["f_trashcan", "f_null", "f_null", "f_null", "f_null", "f_null", "f_null", "f_trashcan", "f_rubble", "f_trashcan"],
                "d" : ["f_dresser", "f_null", "f_null", "f_null", "f_null", "f_null", "f_null", "f_dresser", "f_rubble", "f_dresser"],
                "f" : ["f_fridge", "f_null", "f_null", "f_null", "f_null", "f_null", "f_null", "f_fridge", "f_wreckage", "f_fridge"],
                "h" : ["f_chair", "f_null", "f_null", "f_null", "f_null", "f_null", "f_null", "f_chair", "f_rubble", "f_chair"],
                "K" : ["f_armchair", "f_null", "f_null", "f_null", "f_null", "f_null", "f_null", "f_armchair", "f_rubble", "f_armchair"],
                "k" : ["f_desk", "f_null", "f_null", "f_null", "f_null", "f_null", "f_null", "f_desk", "f_rubble", "f_desk"],
                "n" : ["f_table", "f_null", "f_null", "f_null", "f_null", "f_null", "f_null", "f_table", "f_rubble", "f_table"],
                "O" : ["f_oven", "f_null", "f_null", "f_null", "f_null", "f_null", "f_null", "f_oven", "f_wreckage", "f_oven"],
                "o" : ["f_bookcase", "f_null", "f_null", "f_null", "f_null", "f_null", "f_null", "f_bookcase", "f_rubble", "f_bookcase"],
                "P" : ["f_indoor_plant", "f_null", "f_null", "f_null", "f_null", "f_null", "f_null", "f_null"],
                "p" : "f_pool_table",
                "r" : ["f_rack", "f_null", "f_null", "f_null", "f_null", "f_null", "f_null", "f_rack", "f_rubble", "f_rack"],
                "S" : ["f_sink", "f_null", "f_null", "f_null", "f_null", "f_null", "f_null", "f_sink", "f_rubble", "f_sink"]
            },
            "toilets" : {
                "t" : { }
            },
            "place_monsters" : [
                { "monster" : "GROUP_ZOMBIE", "chance" : 2, "x" : [2,21], "y" : [2,21] }
            ]
        }
    }
]
