[
    {
        "type": "mapgen",
        "om_terrain": [
            "s_library"
        ],
        "method": "json",
        "weight": 1000,
        "object": {
            "rows": [
                "      !!                ",
                "     !!!!               ",
                "  ---`jj`--``----}}---  ",
                "  |!!jjjj!!...c......|  ",
                "  |!jj))jj!!..c......|  ",
                " !`jj))))jj!!.ccccc..|  ",
                "!!jj))NN))jj!!.......}  ",
                "!!j))NNNN))jj!!......}  ",
                "!!j))NNNN))jj``b....b|  ",
                "!!jj))NN))jj``bb....b|  ",
                " !`jj))))jj!!.......b|  ",
                " !}!jj))jj!!........b|  ",
                "  |``jjjj``bbbbb....b|  ",
                "  |b``jj``bbbbbb....b|  ",
                "  }..!!!!...........b|  ",
                "  }...!!............b|  ",
                "  |bbbbbbbbbbbbb....b|  ",
                "  ----------------`---  ",
                "        ?           ?   ",
                "                        ",
                " ?         ?            ",
                "                     ?  ",
                "         ?              ",
                "    ?             ?     "
            ],
            "terrain": {
                "w": ["t_window_domestic", "t_window_boarded", "t_window_domestic", "t_curtains", "t_window_domestic", "t_window_domestic_taped", "t_window_domestic", "t_window_open", "t_window_domestic", "t_window_empty", "t_window_domestic", "t_window_frame", "t_window_domestic", "t_wall_wood", "t_window_domestic", "t_wall_wood_chipped", "t_window_domestic", "t_wall_wood_broken", "t_window_domestic", "t_wall_log", "t_window_domestic", "t_wall_log_chipped", "t_window_domestic", "t_wall_log_broken"],
                "+": ["t_door_c", "t_door_c", "t_door_locked_alarm", "t_door_c", "t_door_c", "t_door_locked_interior", "t_door_c", "t_door_c", "t_door_locked", "t_door_c", "t_door_c", "t_door_locked_peep", "t_door_c", "t_door_c", "t_door_b_peep", "t_door_c", "t_door_c", "t_door_boarded_damaged_peep", "t_door_c", "t_door_c", "t_rdoor_boarded_damaged", "t_door_c", "t_door_c", "t_rdoor_boarded", "t_door_c", "t_door_c", "t_door_boarded_peep", "t_door_c", "t_door_c", "t_door_boarded_damaged", "t_door_c", "t_door_c", "t_door_boarded", "t_door_c", "t_door_c", "t_rdoor_o", "t_door_c", "t_door_c", "t_rdoor_c", "t_door_c", "t_door_c", "t_door_o_peep", "t_door_c", "t_door_c", "t_door_c_peep", "t_door_c", "t_door_c", "t_door_b", "t_door_c", "t_door_c", "t_door_frame", "t_door_c", "t_door_c", "t_wall_wood", "t_door_c", "t_door_c", "t_wall_wood_chipped", "t_door_c", "t_door_c", "t_wall_wood_broken", "t_door_o", "t_door_o", "t_wall_log", "t_door_o", "t_door_o", "t_wall_log_chipped", "t_door_o", "t_door_o", "t_wall_log_broken", "t_door_o", "t_door_o", "t_door_curtain_c", "t_door_o", "t_door_o", "t_door_makeshift_c", "t_door_o", "t_door_o", "t_door_curtain_o", "t_door_o", "t_door_o", "t_door_makeshift_o", "t_door_o", "t_door_o", "t_palisade", "t_door_o", "t_door_o", "t_bars", "t_door_o", "t_door_o", "t_door_bar_o", "t_door_o", "t_door_o", "t_door_bar_c", "t_door_o", "t_door_o", "t_door_bar_locked"],
                "|": "t_wall",
                "-": "t_wall",
                "b": "t_floor",
                "c": "t_floor",
                ".": "t_floor",
                " ": [ "t_grass", "t_grass", "t_grass", "t_dirt" ],
                "?" : ["t_tree", "t_tree_young", "t_tree_dead", "t_trunk", "t_shrub", "t_tree_apple", "t_tree_pear", "t_tree_cherry", "t_tree_hickory", "t_tree_pine", "t_tree_apricot", "t_tree_peach", "t_tree_birch", "t_tree_maple", "t_tree_willow", "t_tree_plum", "t_tree_blackjack"],
                "`" : "t_floor",
                "}" : "t_window_empty",
                "N" : "t_rock_floor",
                ")" : [ "t_dirtmound", "t_dirtmound", "t_dirtmound", "t_dirtmound", "t_dirt"],
                "j" : ["t_dirt", "t_dirt", "t_dirt", "t_rock", "t_pavement", "t_dirt", "t_dirt", "t_dirt", "t_rock", "t_pavement", "t_dirt", "t_dirt", "t_dirt", "t_dirtmound", "t_sidewalk", "t_dirt", "t_dirt", "t_dirt", "t_dirtmound", "t_sidewalk", "t_dirt", "t_dirt", "t_dirt", "t_sand", "t_sand"],
                "!" : ["t_dirt", "t_dirt", "t_dirt", "t_grass", "t_pavement", "t_dirt", "t_dirt", "t_dirt", "t_grass", "t_rock", "t_dirt", "t_dirt", "t_dirt", "t_grass", "t_dirtmound", "t_dirt", "t_dirt", "t_dirt", "t_grass", "t_sidewalk", "t_dirt", "t_dirt", "t_dirt", "t_grass", "t_sand"]
            },
            "furniture": {
                "`" : ["f_rubble", "f_rubble", "f_rubble", "f_rubble", "f_null"],
                "N" : "f_ash",
                ")" : ["f_rubble", "f_rubble", "f_rubble", "f_rubble", "f_wreckage", "f_rubble", "f_rubble", "f_rubble", "f_rubble", "f_rubble_rock", "f_rubble", "f_rubble", "f_rubble", "f_rubble", "f_rubble_rock", "f_rubble", "f_rubble", "f_rubble", "f_rubble", "f_ash", "f_rubble", "f_rubble", "f_rubble", "f_rubble", "f_ash"],
                "b": ["f_bookcase", "f_null", "f_null", "f_null", "f_null", "f_null", "f_null", "f_bookcase", "f_rubble", "f_bookcase"],
                "c": ["f_counter", "f_null", "f_null", "f_null", "f_null", "f_null", "f_null", "f_counter", "f_rubble", "f_counter"]
            },
            "place_monsters": [
                { "monster": "GROUP_ZOMBIE", "chance": 2, "x": [0,0], "y": [23,23], "repeat": [2,3] }
            ]
        }
    }
]
