[
  {
 "type" : "overmap_terrain",
    "id" : "s_gardening",
    "name" : "gardening supply",
    "rotate" : true,
    "sym" : 71,
    "color" : "green",
    "see_cost" : 5,
    "extras" : "build",
    "mondensity" : 2,
    "sidewalk" : true,
    "mapgen": [ {
            "method": "json",
            "weight": 500,
            "object": {
            "rows": [
            "....,____,____,____,....",
            "....,____,____,____,....",
            "....,____,____,____,....",
            "....,____,____,____,....",
            "....,____!!!!_,____,....",
            "..|--}}}}-`j`--}}}}--|..",
            "..|       j)j        |..",
            "..|      j)))j       |..",
            "..|     j))N))j      |..",
            "..| #` j))NNN))j ``  |..",
            "..|  `j))NNNNN))j``  }..",
            "..|  ` j))NNN))j     }..",
            "..|  #  j))N))j      }..",
            "..|  #   j)))j`  `#  }..",
            "..|###   `j)j``  ##  |..",
            "..|        j         |..",
            "..|                  |..",
            "..|  rrrr##``##rrrr  |..",
            "..|------------------|..",
            "........................",
            "........................",
            "........................",
            "........................",
            "........................"
            ],
            "terrain": {
                "O": ["t_window", "t_window_taped", "t_window", "t_window_empty", "t_window", "t_window_frame", "t_window", "t_wall_wood", "t_window", "t_wall_wood_chipped", "t_window", "t_wall_wood_broken", "t_window", "t_wall_log", "t_window", "t_wall_log_chipped", "t_window", "t_wall_log_broken"],
                "*": ["t_door_c", "t_door_c", "t_door_b", "t_door_c", "t_door_c", "t_door_frame", "t_door_c", "t_door_c", "t_wall_wood", "t_door_c", "t_door_c", "t_wall_wood_chipped", "t_door_c", "t_door_c", "t_wall_wood_broken", "t_door_o", "t_door_o", "t_wall_log", "t_door_o", "t_door_o", "t_wall_log_chipped", "t_door_o", "t_door_o", "t_wall_log_broken"],
                "&": ["t_door_c", "t_door_c", "t_door_b", "t_door_c", "t_door_c", "t_door_frame", "t_door_c", "t_door_c", "t_wall_wood", "t_door_c", "t_door_c", "t_wall_wood_chipped", "t_door_c", "t_door_c", "t_wall_wood_broken", "t_door_o", "t_door_o", "t_wall_log", "t_door_o", "t_door_o", "t_wall_log_chipped", "t_door_o", "t_door_o", "t_wall_log_broken"],
                "L": ["t_door_c", "t_door_c", "t_door_b", "t_door_c", "t_door_c", "t_door_frame", "t_door_c", "t_door_c", "t_wall_wood", "t_door_c", "t_door_c", "t_wall_wood_chipped", "t_door_c", "t_door_c", "t_wall_wood_broken", "t_door_o", "t_door_o", "t_wall_log", "t_door_o", "t_door_o", "t_wall_log_chipped", "t_door_o", "t_door_o", "t_wall_log_broken"],
                "+": ["t_door_glass_c", "t_door_glass_c", "t_door_frame", "t_door_glass_c", "t_door_glass_c", "t_wall_wood", "t_door_glass_c", "t_door_glass_c", "t_wall_wood_chipped", "t_door_glass_c", "t_door_glass_c", "t_wall_wood_broken", "t_door_glass_o", "t_door_glass_o", "t_wall_log", "t_door_glass_o", "t_door_glass_o", "t_wall_log_chipped", "t_door_glass_o", "t_door_glass_o", "t_wall_log_broken"],

            ".": ["t_grass", "t_grass", "t_grass", "t_grass", "t_grass", "t_grass", "t_dirt"],
            "_": "t_pavement",
            ",": "t_pavement_y",
            " ": "t_floor",
            "-": "t_wall",
            "|": "t_wall",
            "h": "t_wall_glass",
            "x": "t_console_broken",
            "c": "t_floor",
            "#": "t_floor",
            "r": "t_floor",
            "^": ["t_chaingate_c", "t_chaingate_c", "t_chaingate_c", "t_chaingate_c", "t_chaingate_o"],
            "t": "t_floor",
            "F": "t_sidewalk",
            "@": "t_floor",
            ":": "t_floor",
            "T": "t_floor",
            "l": "t_floor",
            "=": "t_floor",
            "G": "t_floor",
            "f": "t_pavement",
            "B": "t_palisade",
            "5": "t_chainfence_h",
            "8": "t_chainfence_v",
            "v": "t_wall_glass",
            "M": "t_floor",
                "`" : "t_floor",
                "}" : "t_window_empty",
                "N" : "t_rock_floor",
                ")" : [ "t_dirtmound", "t_dirtmound", "t_dirtmound", "t_dirtmound", "t_dirt"],
                "j" : ["t_dirt", "t_dirt", "t_dirt", "t_rock", "t_pavement", "t_dirt", "t_dirt", "t_dirt", "t_rock", "t_pavement", "t_dirt", "t_dirt", "t_dirt", "t_dirtmound", "t_sidewalk", "t_dirt", "t_dirt", "t_dirt", "t_dirtmound", "t_sidewalk", "t_dirt", "t_dirt", "t_dirt", "t_sand", "t_sand"],
                "!" : ["t_dirt", "t_dirt", "t_dirt", "t_grass", "t_pavement", "t_dirt", "t_dirt", "t_dirt", "t_grass", "t_rock", "t_dirt", "t_dirt", "t_dirt", "t_grass", "t_dirtmound", "t_dirt", "t_dirt", "t_dirt", "t_grass", "t_sidewalk", "t_dirt", "t_dirt", "t_dirt", "t_grass", "t_sand"]
            },
            "furniture": {
                "`" : ["f_rubble", "f_rubble", "f_rubble", "f_rubble", "f_null"],
                "N" : "f_ash",
                ")" : ["f_rubble", "f_rubble", "f_rubble", "f_rubble", "f_wreckage", "f_rubble", "f_rubble", "f_rubble", "f_rubble", "f_rubble_rock", "f_rubble", "f_rubble", "f_rubble", "f_rubble", "f_rubble_rock", "f_rubble", "f_rubble", "f_rubble", "f_rubble", "f_ash", "f_rubble", "f_rubble", "f_rubble", "f_rubble", "f_ash"],
            ".": "f_null",
            "_": "f_null",
            ",": "f_null",
            " ": "f_null",
            "-": "f_null",
            "|": "f_null",
            "O": "f_null",
            "L": "f_null",
            "+": "f_null",
            "M": ["f_anvil", "f_null", "f_null", "f_null", "f_null", "f_null", "f_null", "f_anvil", "f_wreckage", "f_anvil"],
            "w": "f_null",
            "x": "f_null",
            "c": ["f_chair", "f_null", "f_null", "f_null", "f_null", "f_null", "f_null", "f_chair", "f_rubble", "f_chair"],
            "#": ["f_counter", "f_null", "f_null", "f_null", "f_null", "f_null", "f_null", "f_counter", "f_rubble", "f_counter"],
            "&": "f_null",
            "r": ["f_rack", "f_null", "f_null", "f_null", "f_null", "f_null", "f_null", "f_rack", "f_rubble", "f_rack"],
            "^": "f_null",
            "t": ["f_table", "f_null", "f_null", "f_null", "f_null", "f_null", "f_null", "f_table", "f_rubble", "f_table"],
            "F": "f_null",
            "@": "f_null",
            ":": ["f_dresser", "f_null", "f_null", "f_null", "f_null", "f_null", "f_null", "f_dresser", "f_rubble", "f_dresser"],
            "l": ["f_vending_c", "f_null", "f_null", "f_null", "f_null", "f_null", "f_null", "f_vending_c", "f_wreckage", "f_vending_c"],
            "S": "f_null",
            "G": ["f_desk", "f_null", "f_null", "f_null", "f_null", "f_null", "f_null", "f_desk", "f_rubble", "f_desk"],
            "f": ["f_trashcan", "f_null", "f_null", "f_null", "f_null", "f_null", "f_null", "f_trashcan", "f_rubble", "f_trashcan"],
            "T": ["f_safe_l", "f_null", "f_null", "f_null", "f_null", "f_null", "f_null", "f_safe_l", "f_wreckage", "f_safe_l"],
            "h": "f_null",
            "v": "f_null"
            }
}
}
]
}
]
