[
    {
        "type": "monstergroup",
        "name": "CAMPERS",
        "default": "mon_null",
        "monsters": [
            { "monster": "mon_zombie", "freq": 100, "cost_multiplier": 1, "pack_size": [1,2] },
            { "monster": "mon_zombie_child", "freq": 100, "cost_multiplier": 1, "pack_size": [1,2] },
            { "monster": "mon_zombie_rot", "freq": 100, "cost_multiplier":1, "pack_size": [1,2] },
            { "monster": "mon_zombie_dog", "freq": 100, "cost_multiplier": 1, "pack_size": [1,2] },
            { "monster": "mon_dog_skeleton", "freq": 100, "cost_multiplier": 1, "pack_size": [1,2] }
        ]
    },{
        "type": "mapgen",
        "om_terrain": [
            "campsite"
        ],
        "weight": 500,
        "method": "json",
        "object": {
            "rows": [
                "........................",
                "........................",
                "........................",
                "........................",
                ".........###......))....",
                "......t..#'#...t.))))...",
                ".........#+#....))NN))..",
                "....###........))NNNN)).",
                "....#'+....-...))NNNN)).",
                "....###..-ddd-..))NN))..",
                "..........ddd))..))))...",
                "....###..-dd))))..))....",
                "....#'+....)))))).......",
                "....###...)))NN)))......",
                ".........)))NNNN))).....",
                "....-r-.)))NNNNNN)))....",
                "....-r-.)))NNNNNN)))....",
                ".........)))NNNN))).....",
                "....-r-...)))NN)))......",
                "....-r-....))))))...t...",
                "............))))........",
                ".............)).........",
                "........................",
                "........................"
            ],
            "terrain": {
                ".": [ "t_grass", "t_grass", "t_grass", "t_grass", "t_grass", "t_dirt" ],
                "#": ["t_grass", "t_grass", "t_grass", "t_grass", "t_grass", "t_grass", "t_dirt"],
                "'": ["t_grass", "t_grass", "t_grass", "t_grass", "t_grass", "t_grass", "t_dirt"],
                "+": ["t_grass", "t_grass", "t_grass", "t_grass", "t_grass", "t_grass", "t_dirt"],
                "t": ["t_tree", "t_tree", "t_tree", "t_tree_young", "t_tree_dead"],
                "-": ["t_dirt", "t_dirt", "t_dirt", "t_dirt", "t_dirt", "t_dirt", "t_grass"],
                "d": ["t_dirt", "t_dirt", "t_dirt", "t_dirt", "t_dirt", "t_dirt", "t_grass"],
                "r": ["t_dirt", "t_dirt", "t_dirt", "t_dirt", "t_dirt", "t_dirt", "t_grass"],
                "`" : "t_floor",
                "}" : "t_window_empty",
                "N" : "t_rock_floor",
                ")" : [ "t_dirtmound", "t_dirtmound", "t_dirtmound", "t_dirtmound", "t_dirt"],
                "j" : ["t_dirt", "t_dirt", "t_dirt", "t_rock", "t_pavement", "t_dirt", "t_dirt", "t_dirt", "t_rock", "t_pavement", "t_dirt", "t_dirt", "t_dirt", "t_dirtmound", "t_sidewalk", "t_dirt", "t_dirt", "t_dirt", "t_dirtmound", "t_sidewalk", "t_dirt", "t_dirt", "t_dirt", "t_sand", "t_sand"],
                "!" : ["t_dirt", "t_dirt", "t_dirt", "t_grass", "t_pavement", "t_dirt", "t_dirt", "t_dirt", "t_grass", "t_rock", "t_dirt", "t_dirt", "t_dirt", "t_grass", "t_dirtmound", "t_dirt", "t_dirt", "t_dirt", "t_grass", "t_sidewalk", "t_dirt", "t_dirt", "t_dirt", "t_grass", "t_sand"]
            },
            "furniture": {
                "`" : ["f_rubble", "f_rubble", "f_rubble", "f_rubble", "f_null"],
                "N" : "f_ash",
                ")" : ["f_rubble", "f_rubble", "f_rubble", "f_rubble", "f_wreckage", "f_rubble", "f_rubble", "f_rubble", "f_rubble", "f_rubble_rock", "f_rubble", "f_rubble", "f_rubble", "f_rubble", "f_rubble_rock", "f_rubble", "f_rubble", "f_rubble", "f_rubble", "f_ash", "f_rubble", "f_rubble", "f_rubble", "f_rubble", "f_ash"],
                "#": "f_canvas_wall",
                "'": "f_center_groundsheet",
                "+": "f_canvas_door",
                "-": ["f_chair", "f_null", "f_null", "f_null", "f_null", "f_null", "f_null", "f_chair", "f_rubble", "f_chair"],
                "r": ["f_table", "f_null", "f_null", "f_null", "f_null", "f_null", "f_null", "f_table", "f_rubble", "f_table"]
            },
            "place_monsters": [
                { "x": [0,23], "y": [0,23], "monster": "CAMPERS", "chance": 75, "repeat": [1,3] }
            ]
        }
    },{
        "type": "mapgen",
        "om_terrain": [
            "campsite_cabin_incomplete"
        ],
        "weight": 500,
        "method": "json",
        "object": {
            "rows": [
                "........................",
                "........................",
                "..###..........xxwwxx...",
                "..#'#..........xffffx...",
                "..#+#............fffx...",
                "......-r-.........ffx...",
                "..ddd.............f.....",
                "..ddd-..................",
                "..ddd........))k.k.k....",
                "............)))).k.k....",
                "...........))NN))k.k....",
                "..........))NNNN)).k....",
                "..........))NNNN))......",
                "...........))NN))k......",
                "............))))k.......",
                ".............)).....k...",
                ".t.................k....",
                ".....t.............k....",
                "..........t....t..k.....",
                ".......t....t.......t...",
                "...t............t.......",
                "........t...t...........",
                ".t................t.....",
                "........................"
            ],
            "terrain": {
                ".": [ "t_grass", "t_grass", "t_grass", "t_grass", "t_grass", "t_dirt" ],
                "#": ["t_grass", "t_grass", "t_grass", "t_grass", "t_grass", "t_grass", "t_dirt"],
                "'": ["t_grass", "t_grass", "t_grass", "t_grass", "t_grass", "t_grass", "t_dirt"],
                "+": ["t_grass", "t_grass", "t_grass", "t_grass", "t_grass", "t_grass", "t_dirt"],
                "t": ["t_tree", "t_tree", "t_tree", "t_tree_young", "t_tree_dead"],
                "-": ["t_dirt", "t_dirt", "t_dirt", "t_dirt", "t_dirt", "t_dirt", "t_grass"],
                "d": ["t_dirt", "t_dirt", "t_dirt", "t_dirt", "t_dirt", "t_dirt", "t_grass"],
                "r": ["t_dirt", "t_dirt", "t_dirt", "t_dirt", "t_dirt", "t_dirt", "t_grass"],
                "x": "t_wall_log",
                "f": "t_floor",
                "w": "t_window",
                "k": "t_trunk",
                "`" : "t_floor",
                "}" : "t_window_empty",
                "N" : "t_rock_floor",
                ")" : [ "t_dirtmound", "t_dirtmound", "t_dirtmound", "t_dirtmound", "t_dirt"],
                "j" : ["t_dirt", "t_dirt", "t_dirt", "t_rock", "t_pavement", "t_dirt", "t_dirt", "t_dirt", "t_rock", "t_pavement", "t_dirt", "t_dirt", "t_dirt", "t_dirtmound", "t_sidewalk", "t_dirt", "t_dirt", "t_dirt", "t_dirtmound", "t_sidewalk", "t_dirt", "t_dirt", "t_dirt", "t_sand", "t_sand"],
                "!" : ["t_dirt", "t_dirt", "t_dirt", "t_grass", "t_pavement", "t_dirt", "t_dirt", "t_dirt", "t_grass", "t_rock", "t_dirt", "t_dirt", "t_dirt", "t_grass", "t_dirtmound", "t_dirt", "t_dirt", "t_dirt", "t_grass", "t_sidewalk", "t_dirt", "t_dirt", "t_dirt", "t_grass", "t_sand"]
            },
            "furniture": {
                "`" : ["f_rubble", "f_rubble", "f_rubble", "f_rubble", "f_null"],
                "N" : "f_ash",
                ")" : ["f_rubble", "f_rubble", "f_rubble", "f_rubble", "f_wreckage", "f_rubble", "f_rubble", "f_rubble", "f_rubble", "f_rubble_rock", "f_rubble", "f_rubble", "f_rubble", "f_rubble", "f_rubble_rock", "f_rubble", "f_rubble", "f_rubble", "f_rubble", "f_ash", "f_rubble", "f_rubble", "f_rubble", "f_rubble", "f_ash"],
                "#": "f_canvas_wall",
                "'": "f_center_groundsheet",
                "+": "f_canvas_door",
                "-": ["f_chair", "f_null", "f_null", "f_null", "f_null", "f_null", "f_null", "f_chair", "f_rubble", "f_chair"],
                "r": ["f_table", "f_null", "f_null", "f_null", "f_null", "f_null", "f_null", "f_table", "f_rubble", "f_table"]
            },
            "place_monsters": [
                { "x": [0,23], "y": [0,23], "monster": "CAMPERS", "chance": 40, "repeat": [1,3] }
            ]
        }
    },{
        "type": "mapgen",
        "om_terrain": [
            "campsite_field_biker"
        ],
        "weight": 500,
        "method": "json",
        "object": {
            "rows": [
                "........................",
                "........................",
                "........................",
                "........................",
                ".........###............",
                ".........#'#............",
                ".........#+#............",
                "....###.................",
                "....#'+.....-...........",
                "....###...-ddd-.........",
                "...........ddd..........",
                "....###...-d)d-...###...",
                "....#'+....)))....+'#...",
                "....###...))N))...###...",
                ".........))NNN))........",
                "........))NNNNN)).......",
                ".........))NNN))........",
                "..........))N)).........",
                "...........)))..........",
                "............)...........",
                "........................",
                "........................",
                "........................",
                "........................"
            ],
            "terrain": {
                ".": [ "t_grass", "t_grass", "t_grass", "t_grass", "t_grass", "t_dirt" ],
                "#": ["t_grass", "t_grass", "t_grass", "t_grass", "t_grass", "t_grass", "t_dirt"],
                "'": ["t_grass", "t_grass", "t_grass", "t_grass", "t_grass", "t_grass", "t_dirt"],
                "+": ["t_grass", "t_grass", "t_grass", "t_grass", "t_grass", "t_grass", "t_dirt"],
                "t": ["t_tree", "t_tree", "t_tree", "t_tree_young", "t_tree_dead"],
                "-": ["t_dirt", "t_dirt", "t_dirt", "t_dirt", "t_dirt", "t_dirt", "t_grass"],
                "d": ["t_dirt", "t_dirt", "t_dirt", "t_dirt", "t_dirt", "t_dirt", "t_grass"],
                "r": ["t_dirt", "t_dirt", "t_dirt", "t_dirt", "t_dirt", "t_dirt", "t_grass"],
                "`" : "t_floor",
                "}" : "t_window_empty",
                "N" : "t_rock_floor",
                ")" : [ "t_dirtmound", "t_dirtmound", "t_dirtmound", "t_dirtmound", "t_dirt"],
                "j" : ["t_dirt", "t_dirt", "t_dirt", "t_rock", "t_pavement", "t_dirt", "t_dirt", "t_dirt", "t_rock", "t_pavement", "t_dirt", "t_dirt", "t_dirt", "t_dirtmound", "t_sidewalk", "t_dirt", "t_dirt", "t_dirt", "t_dirtmound", "t_sidewalk", "t_dirt", "t_dirt", "t_dirt", "t_sand", "t_sand"],
                "!" : ["t_dirt", "t_dirt", "t_dirt", "t_grass", "t_pavement", "t_dirt", "t_dirt", "t_dirt", "t_grass", "t_rock", "t_dirt", "t_dirt", "t_dirt", "t_grass", "t_dirtmound", "t_dirt", "t_dirt", "t_dirt", "t_grass", "t_sidewalk", "t_dirt", "t_dirt", "t_dirt", "t_grass", "t_sand"]
            },
            "furniture": {
                "`" : ["f_rubble", "f_rubble", "f_rubble", "f_rubble", "f_null"],
                "N" : "f_ash",
                ")" : ["f_rubble", "f_rubble", "f_rubble", "f_rubble", "f_wreckage", "f_rubble", "f_rubble", "f_rubble", "f_rubble", "f_rubble_rock", "f_rubble", "f_rubble", "f_rubble", "f_rubble", "f_rubble_rock", "f_rubble", "f_rubble", "f_rubble", "f_rubble", "f_ash", "f_rubble", "f_rubble", "f_rubble", "f_rubble", "f_ash"],
                "#": "f_canvas_wall",
                "'": "f_center_groundsheet",
                "+": "f_canvas_door",
                "-": ["f_chair", "f_null", "f_null", "f_null", "f_null", "f_null", "f_null", "f_chair", "f_rubble", "f_chair"],
                "r": ["f_table", "f_null", "f_null", "f_null", "f_null", "f_null", "f_null", "f_table", "f_rubble", "f_table"]
            },
            "place_monsters": [
                { "x": [0,23], "y": [0,23], "monster": "CAMPERS", "chance": 75, "repeat": [1,3] }
            ]
        }
    },{
        "type": "mapgen",
        "om_terrain": [
            "campsite_field_biker_destroyed"
        ],
        "weight": 500,
        "method": "json",
        "object": {
            "rows": [
                "........................",
                "........................",
                "............)...........",
                "...........)))..........",
                "..........))N)).........",
                ".........))NNN))........",
                "..........))N)).........",
                "......#....)))..........",
                "....#'+.....)...........",
                "....##....-ddd-.........",
                "...........ddd..........",
                "..........-ddd-...###...",
                "....#'......-......'#...",
                "....###...........###...",
                "........................",
                ".........#'#............",
                ".........###..##........",
                "........................",
                "........................",
                "........................",
                "........................",
                "........................",
                "........................",
                "........................"
            ],
            "terrain": {
                ".": [ "t_grass", "t_grass", "t_grass", "t_grass", "t_grass", "t_dirt" ],
                "#": ["t_grass", "t_grass", "t_grass", "t_grass", "t_grass", "t_grass", "t_dirt"],
                "'": ["t_grass", "t_grass", "t_grass", "t_grass", "t_grass", "t_grass", "t_dirt"],
                "+": ["t_grass", "t_grass", "t_grass", "t_grass", "t_grass", "t_grass", "t_dirt"],
                "t": ["t_tree", "t_tree", "t_tree", "t_tree_young", "t_tree_dead"],
                "-": ["t_dirt", "t_dirt", "t_dirt", "t_dirt", "t_dirt", "t_dirt", "t_grass"],
                "d": ["t_dirt", "t_dirt", "t_dirt", "t_dirt", "t_dirt", "t_dirt", "t_grass"],
                "r": ["t_dirt", "t_dirt", "t_dirt", "t_dirt", "t_dirt", "t_dirt", "t_grass"],
                "`" : "t_floor",
                "}" : "t_window_empty",
                "N" : "t_rock_floor",
                ")" : [ "t_dirtmound", "t_dirtmound", "t_dirtmound", "t_dirtmound", "t_dirt"],
                "j" : ["t_dirt", "t_dirt", "t_dirt", "t_rock", "t_pavement", "t_dirt", "t_dirt", "t_dirt", "t_rock", "t_pavement", "t_dirt", "t_dirt", "t_dirt", "t_dirtmound", "t_sidewalk", "t_dirt", "t_dirt", "t_dirt", "t_dirtmound", "t_sidewalk", "t_dirt", "t_dirt", "t_dirt", "t_sand", "t_sand"],
                "!" : ["t_dirt", "t_dirt", "t_dirt", "t_grass", "t_pavement", "t_dirt", "t_dirt", "t_dirt", "t_grass", "t_rock", "t_dirt", "t_dirt", "t_dirt", "t_grass", "t_dirtmound", "t_dirt", "t_dirt", "t_dirt", "t_grass", "t_sidewalk", "t_dirt", "t_dirt", "t_dirt", "t_grass", "t_sand"]
            },
            "furniture": {
                "`" : ["f_rubble", "f_rubble", "f_rubble", "f_rubble", "f_null"],
                "N" : "f_ash",
                ")" : ["f_rubble", "f_rubble", "f_rubble", "f_rubble", "f_wreckage", "f_rubble", "f_rubble", "f_rubble", "f_rubble", "f_rubble_rock", "f_rubble", "f_rubble", "f_rubble", "f_rubble", "f_rubble_rock", "f_rubble", "f_rubble", "f_rubble", "f_rubble", "f_ash", "f_rubble", "f_rubble", "f_rubble", "f_rubble", "f_ash"],
                "#": "f_canvas_wall",
                "'": "f_center_groundsheet",
                "+": "f_canvas_door",
                "-": ["f_chair", "f_null", "f_null", "f_null", "f_null", "f_null", "f_null", "f_chair", "f_rubble", "f_chair"],
                "r": ["f_table", "f_null", "f_null", "f_null", "f_null", "f_null", "f_null", "f_table", "f_rubble", "f_table"]
            },
            "place_monsters": [
                { "x": [0,23], "y": [0,23], "monster": "CAMPERS", "chance": 75, "repeat": [1,3] }
            ]
        }
    },{
        "type": "mapgen",
        "om_terrain": [
            "campsite_a"
        ],
        "weight": 500,
        "method": "json",
        "object": {
            "rows": [
                "........................",
                "........................",
                "..###..........t..xxx...",
                "..#'#............|xfx...",
                "..#+#.-r-........pxDx...",
                "...-..pppppppppppppp....",
                "..ddd.###......).p..t...",
                "..ddd-+'#.....))).......",
                "..ddd.###....))N)).t....",
                "............))NNN))..t..",
                "..#+#........))N))..z...",
                "..#'#.......p.))).t..t..",
                "..###......p...)........",
                ".iiiiii)).p....piiiiiii.",
                "......)))).....p........",
                ".....))NN)).....p..###..",
                "....))NNNN))i....p.#'#..",
                "....))NNNN))i..-r-p#+#..",
                "...-.))NN)).i.......-...",
                "..ddd.))))..i......ddd..",
                "..ddd-+))...i......ddd..",
                "..ddd.###...i......ddd..",
                "............i...........",
                "........................"
            ],
            "terrain": {
                ".": [ "t_grass", "t_grass", "t_grass", "t_grass", "t_grass", "t_dirt" ],
                "#": ["t_grass", "t_grass", "t_grass", "t_grass", "t_grass", "t_grass", "t_dirt"],
                "'": ["t_grass", "t_grass", "t_grass", "t_grass", "t_grass", "t_grass", "t_dirt"],
                "+": ["t_grass", "t_grass", "t_grass", "t_grass", "t_grass", "t_grass", "t_dirt"],
                "t": ["t_tree", "t_tree", "t_tree", "t_tree_young", "t_tree_dead"],
                "-": ["t_dirt", "t_dirt", "t_dirt", "t_dirt", "t_dirt", "t_dirt", "t_grass"],
                "|": ["t_dirt", "t_dirt", "t_dirt", "t_dirt", "t_dirt", "t_dirt", "t_grass"],
                "p": ["t_dirt", "t_dirt", "t_dirt", "t_dirt", "t_dirt", "t_dirt", "t_grass"],
                "d": ["t_dirt", "t_dirt", "t_dirt", "t_dirt", "t_dirt", "t_dirt", "t_grass"],
                "r": ["t_dirt", "t_dirt", "t_dirt", "t_dirt", "t_dirt", "t_dirt", "t_grass"],
                "x": "t_wall",
                "f": "t_floor",
                "w": "t_window",
                "k": "t_trunk",
                "D": "t_door_c",
                "i": "t_fence_v",
                "z": "t_covered_well",
                "`" : "t_floor",
                "}" : "t_window_empty",
                "N" : "t_rock_floor",
                ")" : [ "t_dirtmound", "t_dirtmound", "t_dirtmound", "t_dirtmound", "t_dirt"],
                "j" : ["t_dirt", "t_dirt", "t_dirt", "t_rock", "t_pavement", "t_dirt", "t_dirt", "t_dirt", "t_rock", "t_pavement", "t_dirt", "t_dirt", "t_dirt", "t_dirtmound", "t_sidewalk", "t_dirt", "t_dirt", "t_dirt", "t_dirtmound", "t_sidewalk", "t_dirt", "t_dirt", "t_dirt", "t_sand", "t_sand"],
                "!" : ["t_dirt", "t_dirt", "t_dirt", "t_grass", "t_pavement", "t_dirt", "t_dirt", "t_dirt", "t_grass", "t_rock", "t_dirt", "t_dirt", "t_dirt", "t_grass", "t_dirtmound", "t_dirt", "t_dirt", "t_dirt", "t_grass", "t_sidewalk", "t_dirt", "t_dirt", "t_dirt", "t_grass", "t_sand"]
            },
            "furniture": {
                "`" : ["f_rubble", "f_rubble", "f_rubble", "f_rubble", "f_null"],
                "N" : "f_ash",
                ")" : ["f_rubble", "f_rubble", "f_rubble", "f_rubble", "f_wreckage", "f_rubble", "f_rubble", "f_rubble", "f_rubble", "f_rubble_rock", "f_rubble", "f_rubble", "f_rubble", "f_rubble", "f_rubble_rock", "f_rubble", "f_rubble", "f_rubble", "f_rubble", "f_ash", "f_rubble", "f_rubble", "f_rubble", "f_rubble", "f_ash"],
                "#": "f_canvas_wall",
                "'": "f_center_groundsheet",
                "+": "f_canvas_door",
                "-": ["f_chair", "f_null", "f_null", "f_null", "f_null", "f_null", "f_null", "f_chair", "f_rubble", "f_chair"],
                "|": ["f_crate_o", "f_null", "f_null", "f_null", "f_null", "f_null", "f_null", "f_crate_o", "f_rubble", "f_crate_o"],
                "f": ["f_toilet", "f_null", "f_null", "f_null", "f_null", "f_null", "f_null", "f_toilet", "f_rubble", "f_toilet"],
                "r": ["f_table", "f_null", "f_null", "f_null", "f_null", "f_null", "f_null", "f_table", "f_rubble", "f_table"]
            },
            "place_monsters": [
                { "x": [0,23], "y": [0,23], "monster": "CAMPERS", "chance": 40, "repeat": [1,3] }
            ]
        }
    }
]