[
    {
        "type" : "mapgen",
        "om_terrain" : ["sai"],
        "method": "json",
        "weight": 10,
        "object": {
            "rows": [
            "..........!!............",
            ".........!jj!...........",
            "........!jjjj!..........",
            ".......!jj))jj!.........",
            "......!jj))))jj!........",
            ".....!jj))))))jj!.......",
            "....!jj)))NN)))jj`......",
            "...!jj)))NNNN)))jj!.....",
            "..!jj)))NNNNNN)))jj!....",
            "...!jj)))NNNN)))jj!.....",
            "....!jj)))NN)))jj`......",
            ".....!jj))))))jj!|......",
            "......`jj))))jj! |......",
            "......|!jj))jj`  |......",
            "......| !jjjj!   |......",
            "......+  !jj!    |......",
            "......|   !!     |......",
            "......------------......",
            "........................",
            "........................",
            "........................",
            "........................",
            "........................",
            "........................"
            ],
            "terrain": {
            ".": ["t_grass", "t_grass", "t_grass", "t_grass", "t_grass", "t_grass", "t_dirt"],
            " ": "t_concrete",
            "-": "t_chainfence_h",
            "|": "t_chainfence_v",
            "x": "t_chainfence_posts",
            "#": "t_sai_box",
            "+": ["t_chaingate_c", "t_chaingate_c", "t_chaingate_c", "t_chaingate_c", "t_chaingate_o"],
                "`" : "t_floor",
                "}" : "t_window_empty",
                "N" : "t_rock_floor",
                ")" : [ "t_dirtmound", "t_dirtmound", "t_dirtmound", "t_dirtmound", "t_dirt"],
                "j" : ["t_dirt", "t_dirt", "t_dirt", "t_rock", "t_pavement", "t_dirt", "t_dirt", "t_dirt", "t_rock", "t_pavement", "t_dirt", "t_dirt", "t_dirt", "t_dirtmound", "t_sidewalk", "t_dirt", "t_dirt", "t_dirt", "t_dirtmound", "t_sidewalk", "t_dirt", "t_dirt", "t_dirt", "t_sand", "t_sand"],
                "!" : ["t_dirt", "t_dirt", "t_dirt", "t_grass", "t_pavement", "t_dirt", "t_dirt", "t_dirt", "t_grass", "t_rock", "t_dirt", "t_dirt", "t_dirt", "t_grass", "t_dirtmound", "t_dirt", "t_dirt", "t_dirt", "t_grass", "t_sidewalk", "t_dirt", "t_dirt", "t_dirt", "t_grass", "t_sand"]
            },
            "furniture": {
                "`" : ["f_rubble", "f_rubble", "f_rubble", "f_rubble", "f_null"],
                "N" : "f_ash",
                ")" : ["f_rubble", "f_rubble", "f_rubble", "f_rubble", "f_wreckage", "f_rubble", "f_rubble", "f_rubble", "f_rubble", "f_rubble_rock", "f_rubble", "f_rubble", "f_rubble", "f_rubble", "f_rubble_rock", "f_rubble", "f_rubble", "f_rubble", "f_rubble", "f_ash", "f_rubble", "f_rubble", "f_rubble", "f_rubble", "f_ash"],
            ".": "f_null",
            " ": "f_null",
            "_": "f_null",
            "|": "f_null",
            "#": "f_null",
            "+": "f_null"
            }
        }
    },
    {
        "type" : "mapgen",
        "om_terrain" : ["sai"],
        "method": "json",
        "weight": 10,
        "object": {
            "rows": [
            "........................",
            "........................",
            "........................",
            "........................",
            "........................",
            "........................",
            "......------------......",
            "......|     !!!! |......",
            "......|  ###!jj!!|......",
            "......|   !!jj`j!|......",
            "......|  !!jj))jj`......",
            "......| !!jj)NN)jj!.....",
            "......|!!jj)NNNN)j!.....",
            "......|!!jj)NNNN)j!.....",
            "......| !!jj)NN)jj!.....",
            "......+  !!jj))jj`......",
            "......|   !!jjjj!`......",
            "......------`jj`--......",
            "............!!!!........",
            ".............!!.........",
            "........................",
            "........................",
            "........................",
            "........................"
            ],
            "terrain": {
            ".": ["t_grass", "t_grass", "t_grass", "t_grass", "t_grass", "t_grass", "t_dirt"],
            " ": "t_concrete",
            "-": "t_chainfence_h",
            "|": "t_chainfence_v",
            "x": "t_chainfence_posts",
            "#": "t_sai_box",
            "+": ["t_chaingate_c", "t_chaingate_c", "t_chaingate_c", "t_chaingate_c", "t_chaingate_o"],
                "`" : "t_floor",
                "}" : "t_window_empty",
                "N" : "t_rock_floor",
                ")" : [ "t_dirtmound", "t_dirtmound", "t_dirtmound", "t_dirtmound", "t_dirt"],
                "j" : ["t_dirt", "t_dirt", "t_dirt", "t_rock", "t_pavement", "t_dirt", "t_dirt", "t_dirt", "t_rock", "t_pavement", "t_dirt", "t_dirt", "t_dirt", "t_dirtmound", "t_sidewalk", "t_dirt", "t_dirt", "t_dirt", "t_dirtmound", "t_sidewalk", "t_dirt", "t_dirt", "t_dirt", "t_sand", "t_sand"],
                "!" : ["t_dirt", "t_dirt", "t_dirt", "t_grass", "t_pavement", "t_dirt", "t_dirt", "t_dirt", "t_grass", "t_rock", "t_dirt", "t_dirt", "t_dirt", "t_grass", "t_dirtmound", "t_dirt", "t_dirt", "t_dirt", "t_grass", "t_sidewalk", "t_dirt", "t_dirt", "t_dirt", "t_grass", "t_sand"]
            },
            "furniture": {
                "`" : ["f_rubble", "f_rubble", "f_rubble", "f_rubble", "f_null"],
                "N" : "f_ash",
                ")" : ["f_rubble", "f_rubble", "f_rubble", "f_rubble", "f_wreckage", "f_rubble", "f_rubble", "f_rubble", "f_rubble", "f_rubble_rock", "f_rubble", "f_rubble", "f_rubble", "f_rubble", "f_rubble_rock", "f_rubble", "f_rubble", "f_rubble", "f_rubble", "f_ash", "f_rubble", "f_rubble", "f_rubble", "f_rubble", "f_ash"],
            ".": "f_null",
            " ": "f_null",
            "_": "f_null",
            "|": "f_null",
            "#": "f_null",
            "+": "f_null"
            }
        }
    }
]
