[
    {
        "type": "mapgen",
        "om_terrain": [
            "s_bookstore"
        ],
        "method": "json",
        "weight": 3000,
        "object": {
            "rows": [
                    "~~~~~~~~~~~~~~~~~~~~~~~~",
                    "~~~qSq~~~~~~~~~~qqq~~~~~",
                    "~~~~~~~~~~~~~~~~~~~~~~~~",
                    "~~~~~~~~~~~~~~~~~~~~~~~~",
                    "***********~************",
                    "***********~**|-----|***",
                    "*******^!!*~**|]]]]]|***",
                    "*******!!!!~**|]...]|***",
                    "***^**!!))!!**|].].]|***",
                    "*****!!)NN)!!*|].].]|***",
                    "****!!)NNNN)!!`].].]|***",
                    "****`j)NNNN)j``....]|***",
                    "****|`j)NN)j`....T.]|***",
                    "****|`.j))j.`%#..T.]|***",
                    "****|].`jj.........]|***",
                    "****|].]``.TT..TT..]|***",
                    "****|].............]|***",
                    "****|]]]]]]]]]]]]]]]|***",
                    "****|---------------|***",
                    "************************",
                    "*o*******************o**",
                    "*******o****************",
                    "**************o*********",
                    "************************"
            ],
            "terrain": {
                "O": ["t_window", "t_window_empty", "t_window", "t_window_frame", "t_window", "t_wall_wood", "t_window", "t_wall_wood_chipped", "t_window", "t_wall_wood_broken", "t_window", "t_wall_log", "t_window", "t_wall_log_chipped", "t_window", "t_wall_log_broken"],
                "+": ["t_door_c", "t_door_c", "t_door_locked_alarm", "t_door_c", "t_door_c", "t_door_locked_interior", "t_door_c", "t_door_c", "t_door_locked", "t_door_c", "t_door_c", "t_door_locked_peep", "t_door_c", "t_door_c", "t_door_b_peep", "t_door_c", "t_door_c", "t_door_boarded_damaged_peep", "t_door_c", "t_door_c", "t_rdoor_boarded_damaged", "t_door_c", "t_door_c", "t_rdoor_boarded", "t_door_c", "t_door_c", "t_door_boarded_peep", "t_door_c", "t_door_c", "t_door_boarded_damaged", "t_door_c", "t_door_c", "t_door_boarded", "t_door_c", "t_door_c", "t_rdoor_o", "t_door_c", "t_door_c", "t_rdoor_c", "t_door_c", "t_door_c", "t_door_o_peep", "t_door_c", "t_door_c", "t_door_c_peep", "t_door_c", "t_door_c", "t_door_b", "t_door_c", "t_door_c", "t_door_frame", "t_door_c", "t_door_c", "t_wall_wood", "t_door_c", "t_door_c", "t_wall_wood_chipped", "t_door_c", "t_door_c", "t_wall_wood_broken", "t_door_o", "t_door_o", "t_wall_log", "t_door_o", "t_door_o", "t_wall_log_chipped", "t_door_o", "t_door_o", "t_wall_log_broken", "t_door_o", "t_door_o", "t_door_curtain_c", "t_door_o", "t_door_o", "t_door_makeshift_c", "t_door_o", "t_door_o", "t_door_curtain_o", "t_door_o", "t_door_o", "t_door_makeshift_o", "t_door_o", "t_door_o", "t_palisade", "t_door_o", "t_door_o", "t_bars", "t_door_o", "t_door_o", "t_door_bar_o", "t_door_o", "t_door_o", "t_door_bar_c", "t_door_o", "t_door_o", "t_door_bar_locked"],

                ".": "t_floor",
                "*": ["t_grass", "t_grass", "t_grass", "t_grass", "t_grass", "t_grass", "t_dirt"],
                "o": ["t_dirt", "t_dirt", "t_dirt", "t_dirt", "t_dirt", "t_dirt", "t_grass"],
                "^": ["t_tree", "t_tree", "t_tree", "t_tree_young", "t_tree_dead"],
                "~": "t_sidewalk",
                "-": "t_wall",
                "|": "t_wall",
                "#": "t_floor",
                "T": "t_floor",
                "]": "t_floor",
                "q": ["t_dirt", "t_dirt", "t_dirt", "t_dirt", "t_dirt", "t_dirt", "t_grass"],
                "S": "t_sidewalk",
                "%": "t_console_broken",
                "`" : "t_floor",
                "}" : "t_window_empty",
                "N" : "t_rock_floor",
                ")" : [ "t_dirtmound", "t_dirtmound", "t_dirtmound", "t_dirtmound", "t_dirt"],
                "j" : ["t_dirt", "t_dirt", "t_dirt", "t_rock", "t_pavement", "t_dirt", "t_dirt", "t_dirt", "t_rock", "t_pavement", "t_dirt", "t_dirt", "t_dirt", "t_dirtmound", "t_sidewalk", "t_dirt", "t_dirt", "t_dirt", "t_dirtmound", "t_sidewalk", "t_dirt", "t_dirt", "t_dirt", "t_sand", "t_sand"],
                "!" : ["t_dirt", "t_dirt", "t_dirt", "t_grass", "t_pavement", "t_dirt", "t_dirt", "t_dirt", "t_grass", "t_rock", "t_dirt", "t_dirt", "t_dirt", "t_grass", "t_dirtmound", "t_dirt", "t_dirt", "t_dirt", "t_grass", "t_sidewalk", "t_dirt", "t_dirt", "t_dirt", "t_grass", "t_sand"]
            },
            "furniture": {
                "`" : ["f_rubble", "f_rubble", "f_rubble", "f_rubble", "f_null"],
                "N" : "f_ash",
                ")" : ["f_rubble", "f_rubble", "f_rubble", "f_rubble", "f_wreckage", "f_rubble", "f_rubble", "f_rubble", "f_rubble", "f_rubble_rock", "f_rubble", "f_rubble", "f_rubble", "f_rubble", "f_rubble_rock", "f_rubble", "f_rubble", "f_rubble", "f_rubble", "f_ash", "f_rubble", "f_rubble", "f_rubble", "f_rubble", "f_ash"],
                "#": ["f_counter", "f_null", "f_null", "f_null", "f_null", "f_null", "f_null", "f_counter", "f_rubble", "f_counter"],
                "T": ["f_table", "f_null", "f_null", "f_null", "f_null", "f_null", "f_null", "f_table", "f_rubble", "f_table"],
                "]": ["f_bookcase", "f_null", "f_null", "f_null", "f_null", "f_null", "f_null", "f_bookcase", "f_rubble", "f_bookcase"],
                "q": ["f_bluebell", "f_null", "f_null", "f_null", "f_null", "f_null", "f_null", "f_dahlia", "f_null", "f_null", "f_null", "f_null", "f_null", "f_null", "f_datura", "f_null", "f_null", "f_null", "f_null", "f_null", "f_null", "f_dandelion", "f_null", "f_null", "f_null", "f_null", "f_null", "f_null", "f_chamomile", "f_null", "f_null", "f_null", "f_null", "f_null", "f_null", "f_mutpoppy"],
                "S": ["f_statue", "f_null", "f_null", "f_null", "f_null", "f_null", "f_null", "f_statue", "f_rubble_rock", "f_statue"]
            }
        },
        "comment": "end of mapgen entry ---v"
    }
]

