[
    {
        "type" : "mapgen",
        "om_terrain" : ["house"],
        "method" : "json",
        "weight" : 200,
        "object" : {
            "fill_ter" : "t_floor",
            "rows" : [
                ".........#ss#...........",
                ".........#ss#...........",
                ".........#ss#...........",
                ".........#ss#...........",
                ".........#ss#...........",
                ".........!ss#...........",
                ".|-}-}-`!!!s#.|-}-}-|...",
                ".| @@d j!)!!`.| d@@ |...",
                ".} @@ jj)))!!.}  @@ }...",
                ".|   jj)))))!!`     |...",
                ".}  jj)))N)))!j     }...",
                ".| jj)))NNN)))jj    |...",
                ".`jj)))NNNNN)))jj`|+|...",
                ".|`jj)))NNN)))jj K|d|...",
                ".|-`jj)))N)))jj``-|-|...",
                "...|`jj)))))jj    |.....",
                "...|c jj)))jj`??? }.....",
                "...}O  jj)jj`   ? |.....",
                "...}c  `jjj ? n ? |-}-|.",
                "...|cfcc`j        `   |.",
                "...|--}}-`-`++--}-|S B}.",
                "..........|LYW|...|t B|.",
                "..........|---|...|-}-|.",
                "........................"
            ],
            "terrain" : {
                "|" : "t_wall",
                "-" : "t_wall",
                "." : ["t_grass", "t_grass", "t_grass", "t_grass", "t_grass", "t_grass", "t_dirt"],
                "#" : "t_shrub",
                "+": ["t_door_c", "t_door_c", "t_door_locked_alarm", "t_door_c", "t_door_c", "t_door_locked_interior", "t_door_c", "t_door_c", "t_door_locked", "t_door_c", "t_door_c", "t_door_locked_peep", "t_door_c", "t_door_c", "t_door_b_peep", "t_door_c", "t_door_c", "t_door_boarded_damaged_peep", "t_door_c", "t_door_c", "t_rdoor_boarded_damaged", "t_door_c", "t_door_c", "t_rdoor_boarded", "t_door_c", "t_door_c", "t_door_boarded_peep", "t_door_c", "t_door_c", "t_door_boarded_damaged", "t_door_c", "t_door_c", "t_door_boarded", "t_door_c", "t_door_c", "t_rdoor_o", "t_door_c", "t_door_c", "t_rdoor_c", "t_door_c", "t_door_c", "t_door_o_peep", "t_door_c", "t_door_c", "t_door_c_peep", "t_door_c", "t_door_c", "t_door_b", "t_door_c", "t_door_c", "t_door_frame", "t_door_c", "t_door_c", "t_wall_wood", "t_door_c", "t_door_c", "t_wall_wood_chipped", "t_door_c", "t_door_c", "t_wall_wood_broken", "t_door_o", "t_door_o", "t_wall_log", "t_door_o", "t_door_o", "t_wall_log_chipped", "t_door_o", "t_door_o", "t_wall_log_broken", "t_door_o", "t_door_o", "t_door_curtain_c", "t_door_o", "t_door_o", "t_door_makeshift_c", "t_door_o", "t_door_o", "t_door_curtain_o", "t_door_o", "t_door_o", "t_door_makeshift_o", "t_door_o", "t_door_o", "t_palisade", "t_door_o", "t_door_o", "t_bars", "t_door_o", "t_door_o", "t_door_bar_o", "t_door_o", "t_door_o", "t_door_bar_c", "t_door_o", "t_door_o", "t_door_bar_locked"],
                ";": ["t_door_c", "t_door_c", "t_door_b", "t_door_c", "t_door_c", "t_door_frame", "t_door_c", "t_door_c", "t_wall_wood", "t_door_c", "t_door_c", "t_wall_wood_chipped", "t_door_c", "t_door_c", "t_wall_wood_broken", "t_door_o", "t_door_o", "t_wall_log", "t_door_o", "t_door_o", "t_wall_log_chipped", "t_door_o", "t_door_o", "t_wall_log_broken"],
                "?" : "t_floor",
                "@" : "t_floor",
                "B" : "t_floor",
                "C" : "t_floor",
                "c" : "t_floor",
                "D" : "t_floor",
                "d" : "t_floor",
                "f" : "t_floor",
                "h" : "t_floor",
                "K" : "t_floor",
                "L" : "t_floor",
                "n" : "t_floor",
                "O" : "t_floor",
                "o" : "t_floor",
                "P" : "t_floor",
                "S" : "t_floor",
                "s" : "t_sidewalk",
                "v": ["t_window_domestic", "t_window_boarded", "t_window_domestic", "t_curtains", "t_window_domestic", "t_window_domestic_taped", "t_window_domestic", "t_window_open", "t_window_domestic", "t_window_empty", "t_window_domestic", "t_window_frame", "t_window_domestic", "t_wall_wood", "t_window_domestic", "t_wall_wood_chipped", "t_window_domestic", "t_wall_wood_broken", "t_window_domestic", "t_wall_log", "t_window_domestic", "t_wall_log_chipped", "t_window_domestic", "t_wall_log_broken"],
                "W" : "t_floor",
                "Y" : "t_floor",
                "`" : "t_floor",
                "}" : "t_window_empty",
                "N" : "t_rock_floor",
                ")" : [ "t_dirtmound", "t_dirtmound", "t_dirtmound", "t_dirtmound", "t_dirt"],
                "j" : ["t_dirt", "t_dirt", "t_dirt", "t_rock", "t_pavement", "t_dirt", "t_dirt", "t_dirt", "t_rock", "t_pavement", "t_dirt", "t_dirt", "t_dirt", "t_dirtmound", "t_sidewalk", "t_dirt", "t_dirt", "t_dirt", "t_dirtmound", "t_sidewalk", "t_dirt", "t_dirt", "t_dirt", "t_sand", "t_sand"],
                "!" : ["t_dirt", "t_dirt", "t_dirt", "t_grass", "t_pavement", "t_dirt", "t_dirt", "t_dirt", "t_grass", "t_rock", "t_dirt", "t_dirt", "t_dirt", "t_grass", "t_dirtmound", "t_dirt", "t_dirt", "t_dirt", "t_grass", "t_sidewalk", "t_dirt", "t_dirt", "t_dirt", "t_grass", "t_sand"]
            },
            "furniture": {
                "`" : ["f_rubble", "f_rubble", "f_rubble", "f_rubble", "f_null"],
                "N" : "f_ash",
                ")" : ["f_rubble", "f_rubble", "f_rubble", "f_rubble", "f_wreckage", "f_rubble", "f_rubble", "f_rubble", "f_rubble", "f_rubble_rock", "f_rubble", "f_rubble", "f_rubble", "f_rubble", "f_rubble_rock", "f_rubble", "f_rubble", "f_rubble", "f_rubble", "f_ash", "f_rubble", "f_rubble", "f_rubble", "f_rubble", "f_ash"],
                "?" : ["f_sofa", "f_null", "f_null", "f_null", "f_null", "f_null", "f_null", "f_sofa", "f_rubble", "f_sofa"],
                "@" : ["f_bed", "f_null", "f_null", "f_null", "f_null", "f_null", "f_null", "f_bed", "f_rubble", "f_bed"],
                "B" : ["f_bathtub", "f_null", "f_null", "f_null", "f_null", "f_null", "f_null", "f_bathtub", "f_wreckage", "f_bathtub"],
                "C" : ["f_cupboard", "f_null", "f_null", "f_null", "f_null", "f_null", "f_null", "f_cupboard", "f_rubble", "f_cupboard"],
                "c" : ["f_counter", "f_null", "f_null", "f_null", "f_null", "f_null", "f_null", "f_counter", "f_rubble", "f_counter"],
                "D" : ["f_trashcan", "f_null", "f_null", "f_null", "f_null", "f_null", "f_null", "f_trashcan", "f_rubble", "f_trashcan"],
                "d" : ["f_dresser", "f_null", "f_null", "f_null", "f_null", "f_null", "f_null", "f_dresser", "f_rubble", "f_dresser"],
                "f" : ["f_fridge", "f_null", "f_null", "f_null", "f_null", "f_null", "f_null", "f_fridge", "f_wreckage", "f_fridge"],
                "h" : ["f_chair", "f_null", "f_null", "f_null", "f_null", "f_null", "f_null", "f_chair", "f_rubble", "f_chair"],
                "K" : ["f_armchair", "f_null", "f_null", "f_null", "f_null", "f_null", "f_null", "f_armchair", "f_rubble", "f_armchair"],
                "L" : ["f_locker", "f_null", "f_null", "f_null", "f_null", "f_null", "f_null", "f_locker", "f_wreckage", "f_locker"],
                "n" : ["f_table", "f_null", "f_null", "f_null", "f_null", "f_null", "f_null", "f_table", "f_rubble", "f_table"],
                "O" : ["f_oven", "f_null", "f_null", "f_null", "f_null", "f_null", "f_null", "f_oven", "f_wreckage", "f_oven"],
                "o" : ["f_bookcase", "f_null", "f_null", "f_null", "f_null", "f_null", "f_null", "f_bookcase", "f_rubble", "f_bookcase"],
                "P" : ["f_indoor_plant", "f_null", "f_null", "f_null", "f_null", "f_null", "f_null", "f_null"],
                "S" : ["f_sink", "f_null", "f_null", "f_null", "f_null", "f_null", "f_null", "f_sink", "f_rubble", "f_sink"],
                "W" : ["f_washer", "f_null", "f_null", "f_null", "f_null", "f_null", "f_null", "f_washer", "f_wreckage", "f_washer"],
                "Y" : ["f_dryer", "f_null", "f_null", "f_null", "f_null", "f_null", "f_null", "f_dryer", "f_wreckage", "f_dryer"]
            },
            "toilets" : {
                "t" : { }
            },
            "set" : [
                { "point" : "terrain", "id" : "t_dirt", "x" : [ 0, 0], "y" : [ 0,23], "repeat" : [5, 8] },
                { "point" : "terrain", "id" : "t_dirt", "x" : [ 1, 8], "y" : [ 0, 5], "repeat" : [8,14] },
                { "point" : "terrain", "id" : "t_dirt", "x" : [ 1, 2], "y" : [15,23], "repeat" : [4, 6] },
                { "point" : "terrain", "id" : "t_dirt", "x" : [ 3, 9], "y" : [21,23], "repeat" : [5, 7] },
                { "point" : "terrain", "id" : "t_dirt", "x" : [ 8, 8], "y" : [ 6,11], "repeat" : [0, 1] },
                { "point" : "terrain", "id" : "t_dirt", "x" : [10,23], "y" : [23,23], "repeat" : [3, 4] },
                { "point" : "terrain", "id" : "t_dirt", "x" : [13,13], "y" : [ 0,11], "repeat" : [2, 3] },
                { "point" : "terrain", "id" : "t_dirt", "x" : [14,23], "y" : [ 0, 5], "repeat" : [8,14] },
                { "point" : "terrain", "id" : "t_dirt", "x" : [15,17], "y" : [21,22], "repeat" : [0, 1] },
                { "point" : "terrain", "id" : "t_dirt", "x" : [19,23], "y" : [15,17], "repeat" : [3, 5] },
                { "point" : "terrain", "id" : "t_dirt", "x" : [21,23], "y" : [ 6,14], "repeat" : [6, 9] },
                { "point" : "terrain", "id" : "t_dirt", "x" : [23,23], "y" : [18,22], "repeat" : [0, 1] }
            ],
            "place_monsters" : [
                { "monster":  "GROUP_ZOMBIE", "chance" : 6, "x" : [2,21],  "y" : [2,21] }
            ]
        }
    }
]
