[
    {
        "type": "mapgen",
        "om_terrain": [
            "roadstop"
        ],
        "method": "json",
        "weight": 333,
        "object": {
            "rows": [
                ".....!!!................",
                "....!!j!!222222.........",
                "...!!j)j!!222222........",
                "..!!j)N)j!!222222.......",
                ".!!j)NNN)j!!22222.......",
                "..!!j)N)j!!..2222.......",
                "...!!j)j!!2..2222S......",
                "....!!j!!22..2222S......",
                "#####!!!222##2222S######",
                "#73  3!2222662!!2S3..37#",
                "### A#S2222##!jj!S#A.###",
                "#73 A#S22228!j))j!#A.37#",
                "### A#S2222!j))))j!A.###",
                "#73 A#S222!j))NN))j!.37#",
                "######S22!j))NNNN))j!###",
                "......S2!j))NNNNNN))j!..",
                "......S2!j))NNNNNN))j!..",
                ".......22!j))NNNN))j!...",
                ".......222!j))NN))j!....",
                ".......2222!j))))j!.....",
                ".......2222.!j))j!......",
                ".......2222..!jj!.......",
                ".......2222..2!!2.......",
                ".......2222..2222......."
            ],
            "terrain": {
                ".": ["t_grass", "t_grass", "t_grass", "t_grass", "t_grass", "t_grass", "t_dirt"],
                "#": "t_wall_log",
                "2": ["t_dirt", "t_dirt", "t_dirt", "t_dirt", "t_dirt", "t_dirt", "t_grass"],
                "3": ["t_door_c", "t_door_c", "t_door_b", "t_door_c", "t_door_c", "t_door_frame", "t_door_c", "t_door_c", "t_wall_wood", "t_door_c", "t_door_c", "t_wall_wood_chipped", "t_door_c", "t_door_c", "t_wall_wood_broken", "t_door_o", "t_door_o", "t_wall_log", "t_door_o", "t_door_o", "t_wall_log_chipped", "t_door_o", "t_door_o", "t_wall_log_broken"],
                " ": "t_floor",
                "6": "t_floor",
                "7": "t_floor",
                "8": ["t_dirt", "t_dirt", "t_dirt", "t_dirt", "t_dirt", "t_dirt", "t_grass"],
                "A": "t_floor",
                "S": "t_sidewalk",
                "`" : "t_floor",
                "}" : "t_window_empty",
                "N" : "t_rock_floor",
                ")" : [ "t_dirtmound", "t_dirtmound", "t_dirtmound", "t_dirtmound", "t_dirt"],
                "j" : ["t_dirt", "t_dirt", "t_dirt", "t_rock", "t_pavement", "t_dirt", "t_dirt", "t_dirt", "t_rock", "t_pavement", "t_dirt", "t_dirt", "t_dirt", "t_dirtmound", "t_sidewalk", "t_dirt", "t_dirt", "t_dirt", "t_dirtmound", "t_sidewalk", "t_dirt", "t_dirt", "t_dirt", "t_sand", "t_sand"],
                "!" : ["t_dirt", "t_dirt", "t_dirt", "t_grass", "t_pavement", "t_dirt", "t_dirt", "t_dirt", "t_grass", "t_rock", "t_dirt", "t_dirt", "t_dirt", "t_grass", "t_dirtmound", "t_dirt", "t_dirt", "t_dirt", "t_grass", "t_sidewalk", "t_dirt", "t_dirt", "t_dirt", "t_grass", "t_sand"]
            },
            "furniture": {
                "`" : ["f_rubble", "f_rubble", "f_rubble", "f_rubble", "f_null"],
                "N" : "f_ash",
                ")" : ["f_rubble", "f_rubble", "f_rubble", "f_rubble", "f_wreckage", "f_rubble", "f_rubble", "f_rubble", "f_rubble", "f_rubble_rock", "f_rubble", "f_rubble", "f_rubble", "f_rubble", "f_rubble_rock", "f_rubble", "f_rubble", "f_rubble", "f_rubble", "f_ash", "f_rubble", "f_rubble", "f_rubble", "f_rubble", "f_ash"],
                "6": ["f_table", "f_null", "f_null", "f_null", "f_null", "f_null", "f_null", "f_table", "f_rubble", "f_table"],
                "7": ["f_toilet", "f_null", "f_null", "f_null", "f_null", "f_null", "f_null", "f_toilet", "f_rubble", "f_toilet"],
                "A": ["f_sink", "f_null", "f_null", "f_null", "f_null", "f_null", "f_null", "f_sink", "f_rubble", "f_sink"],
                "8": ["f_trashcan", "f_null", "f_null", "f_null", "f_null", "f_null", "f_null", "f_trashcan", "f_rubble", "f_trashcan"]
            },
            "toilets": {
                "7": { }
            },
        "rotation": 2
        }
    }
]