[
    {
        "type" : "mapgen",
        "om_terrain" : ["pwr_large_entrance"],
        "method": "json",
        "weight": 10,
        "object": {
        "fill_ter": "t_concrete",
            "rows": [
            "  |     ---------------|",
            "  |     |              |",
            " T|  T  |  ThB         |",
            "  |     |         {Bhz |",
            "  |     |     T  s8    |",
            "  |     |              |",
            "  |     |         {Bhz |",
            "  |     |  !  T  s8    |",
            "  |     | !!!          |",
            "  |     |!!j!!    {Bhz |",
            "  |     |!jjj!T  s8    |",
            "  |     !jj)jj!!       |",
            "  +   !!jj)))jj!---+---|",
            "  |  !!jj))N))jj!!     |",
            "  | !!jj))NNN))jj!!    |",
            "  |!!jj))NNNNN))jj!!   |",
            "wwww}!jj))NNN))jj!!    |",
            "CCCCCC!jj))N))jj!!     |",
            "******!!jj)))jj!!      |",
            "*******!!jj)jj!!   --+-|",
            "********!!jjj!!    |   |",
            "wwww}}}}ww!j!!     |   |",
            "  |       !!!      |   |",
            "---------------------+--"
            ],
            "terrain": {
            " ": "t_concrete",
            "-": "t_chainfence_h",
            "|": "t_chainfence_v",
            "x": "t_chainfence_posts",
            "+": ["t_chaingate_c", "t_chaingate_c", "t_chaingate_c", "t_chaingate_c", "t_chaingate_o"],
            "T": "t_support_l",
            "B": "t_oil_circ_brkr_l",
            "s": "t_switchgear_s",
            "w": "t_wall",
            "v": "t_wall",
            "d": ["t_door_c", "t_door_c", "t_door_b", "t_door_c", "t_door_c", "t_door_frame", "t_door_c", "t_door_c", "t_wall_wood", "t_door_c", "t_door_c", "t_wall_wood_chipped", "t_door_c", "t_door_c", "t_wall_wood_broken", "t_door_o", "t_door_o", "t_wall_log", "t_door_o", "t_door_o", "t_wall_log_chipped", "t_door_o", "t_door_o", "t_wall_log_broken"],
            "C": "t_console_broken",
            "*": "t_floor",
            "c": "t_floor",
            "z": "t_lgtn_arrest",
            "h": "t_station_disc",
            "{": "t_current_trans",
            "8": "t_potential_trans",
            "W": ["t_window", "t_window_taped", "t_window", "t_window_empty", "t_window", "t_window_frame", "t_window", "t_wall_wood", "t_window", "t_wall_wood_chipped", "t_window", "t_wall_wood_broken", "t_window", "t_wall_log", "t_window", "t_wall_log_chipped", "t_window", "t_wall_log_broken"],
                "`" : "t_floor",
                "}" : "t_window_empty",
                "N" : "t_rock_floor",
                ")" : [ "t_dirtmound", "t_dirtmound", "t_dirtmound", "t_dirtmound", "t_dirt"],
                "j" : ["t_dirt", "t_dirt", "t_dirt", "t_rock", "t_pavement", "t_dirt", "t_dirt", "t_dirt", "t_rock", "t_pavement", "t_dirt", "t_dirt", "t_dirt", "t_dirtmound", "t_sidewalk", "t_dirt", "t_dirt", "t_dirt", "t_dirtmound", "t_sidewalk", "t_dirt", "t_dirt", "t_dirt", "t_sand", "t_sand"],
                "!" : ["t_dirt", "t_dirt", "t_dirt", "t_grass", "t_pavement", "t_dirt", "t_dirt", "t_dirt", "t_grass", "t_rock", "t_dirt", "t_dirt", "t_dirt", "t_grass", "t_dirtmound", "t_dirt", "t_dirt", "t_dirt", "t_grass", "t_sidewalk", "t_dirt", "t_dirt", "t_dirt", "t_grass", "t_sand"]
            },
            "furniture": {
                "`" : ["f_rubble", "f_rubble", "f_rubble", "f_rubble", "f_null"],
                "N" : "f_ash",
                ")" : ["f_rubble", "f_rubble", "f_rubble", "f_rubble", "f_wreckage", "f_rubble", "f_rubble", "f_rubble", "f_rubble", "f_rubble_rock", "f_rubble", "f_rubble", "f_rubble", "f_rubble", "f_rubble_rock", "f_rubble", "f_rubble", "f_rubble", "f_rubble", "f_ash", "f_rubble", "f_rubble", "f_rubble", "f_rubble", "f_ash"]
            }
        }
    },{
        "type" : "mapgen",
        "om_terrain" : ["pwr_large_2"],
        "method": "json",
        "weight": 10,
        "object": {
        "fill_ter": "t_concrete",
            "rows": [
            "|         |             ",
            "|         |         888 ",
            "|       T | T   hST 888 ",
            "|         |         888 ",
            "|         |             ",
            "|         |             ",
            "|         |             ",
            "|         |             ",
            "|         |             ",
            "|         |     !!      ",
            "|         |    !!!!     ",
            "|         |   !!jj!!    ",
            "|         |  !!jjjj!!   ",
            "|         | !!jj))jj!!  ",
            "|         |!!jj))))jj!! ",
            "|         |!jj))NN))jj!!",
            "|         !jj))NNNN))jj!",
            "|        !!jj))NNNN))jj!",
            "|         +!jj))NN))jj!!",
            "|         |!!jj))))jj!!*",
            "|         | !!jj))jj!!**",
            "|         |  !!jjjjw`}}}",
            "|         |   !!jj!!    ",
            "----------------!!------"
            ],
            "terrain": {
            " ": "t_concrete",
            "-": "t_chainfence_h",
            "|": "t_chainfence_v",
            "x": "t_chainfence_posts",
            "+": ["t_chaingate_c", "t_chaingate_c", "t_chaingate_c", "t_chaingate_c", "t_chaingate_o"],
            "T": "t_support_l",
            "S": "t_switchgear_l",
            "w": "t_wall",
            "v": "t_wall",
            "d": ["t_door_c", "t_door_c", "t_door_b", "t_door_c", "t_door_c", "t_door_frame", "t_door_c", "t_door_c", "t_wall_wood", "t_door_c", "t_door_c", "t_wall_wood_chipped", "t_door_c", "t_door_c", "t_wall_wood_broken", "t_door_o", "t_door_o", "t_wall_log", "t_door_o", "t_door_o", "t_wall_log_chipped", "t_door_o", "t_door_o", "t_wall_log_broken"],
            "C": "t_console_broken",
            "*": "t_floor",
            "c": "t_floor",
            "h": "t_station_disc",
            "8": "t_potential_trans",
            "W": ["t_window", "t_window_taped", "t_window", "t_window_empty", "t_window", "t_window_frame", "t_window", "t_wall_wood", "t_window", "t_wall_wood_chipped", "t_window", "t_wall_wood_broken", "t_window", "t_wall_log", "t_window", "t_wall_log_chipped", "t_window", "t_wall_log_broken"],
                "`" : "t_floor",
                "}" : "t_window_empty",
                "N" : "t_rock_floor",
                ")" : [ "t_dirtmound", "t_dirtmound", "t_dirtmound", "t_dirtmound", "t_dirt"],
                "j" : ["t_dirt", "t_dirt", "t_dirt", "t_rock", "t_pavement", "t_dirt", "t_dirt", "t_dirt", "t_rock", "t_pavement", "t_dirt", "t_dirt", "t_dirt", "t_dirtmound", "t_sidewalk", "t_dirt", "t_dirt", "t_dirt", "t_dirtmound", "t_sidewalk", "t_dirt", "t_dirt", "t_dirt", "t_sand", "t_sand"],
                "!" : ["t_dirt", "t_dirt", "t_dirt", "t_grass", "t_pavement", "t_dirt", "t_dirt", "t_dirt", "t_grass", "t_rock", "t_dirt", "t_dirt", "t_dirt", "t_grass", "t_dirtmound", "t_dirt", "t_dirt", "t_dirt", "t_grass", "t_sidewalk", "t_dirt", "t_dirt", "t_dirt", "t_grass", "t_sand"]
            },
            "furniture": {
                "`" : ["f_rubble", "f_rubble", "f_rubble", "f_rubble", "f_null"],
                "N" : "f_ash",
                ")" : ["f_rubble", "f_rubble", "f_rubble", "f_rubble", "f_wreckage", "f_rubble", "f_rubble", "f_rubble", "f_rubble", "f_rubble_rock", "f_rubble", "f_rubble", "f_rubble", "f_rubble", "f_rubble_rock", "f_rubble", "f_rubble", "f_rubble", "f_rubble", "f_ash", "f_rubble", "f_rubble", "f_rubble", "f_rubble", "f_ash"]
            }
        }
    },{
        "type" : "mapgen",
        "om_terrain" : ["pwr_large_3"],
        "method": "json",
        "weight": 10,
        "object": {
        "fill_ter": "t_concrete",
            "rows": [
            "------------------------",
            "|         |  !!!        ",
            "|    }    | !!j!!       ",
            "|    h    |!!jjj!!      ",
            "|    B    !!jj)jj!!     ",
            "|    {   !!jj)))jj!!    ",
            "|    h  !!jj))N))jj!!   ",
            "|    T !!jj))NNN))jj!!  ",
            "|     !!jj))NNNNN))jj!! ",
            "|      !!jj))NNN))jj!!  ",
            "|       !!jj))N))jj!!   ",
            "|    T   !!jj)))jj!!    ",
            "|    {B  !!jj))jj!!     ",
            "|   S8  !!jj)))jj!!     ",
            "|      !!jj))N))jj!!    ",
            "|    T!!jj))NNN))jj!!   ",
            "|    !!jj))NNNNN))jj!!  ",
            "|     !!jj))NNN))jj!888 ",
            "|      !!jj))N))jj!!888 ",
            "|       !!jj)))jj!! 888 ",
            "|        !!jj)jj!!      ",
            "|         !!jjj!!       ",
            "|       T |!!j!!        ",
            "|         | !!!         "
            ],
            "terrain": {
            " ": "t_concrete",
            "-": "t_chainfence_h",
            "|": "t_chainfence_v",
            "x": "t_chainfence_posts",
            "T": "t_support_l",
            "B": "t_oil_circ_brkr_l",
            "S": "t_switchgear_l",
            "z": "t_lgtn_arrest",
            "h": "t_station_disc",
            "{": "t_current_trans",
            "8": "t_potential_trans",
                "`" : "t_floor",
                "}" : "t_window_empty",
                "N" : "t_rock_floor",
                ")" : [ "t_dirtmound", "t_dirtmound", "t_dirtmound", "t_dirtmound", "t_dirt"],
                "j" : ["t_dirt", "t_dirt", "t_dirt", "t_rock", "t_pavement", "t_dirt", "t_dirt", "t_dirt", "t_rock", "t_pavement", "t_dirt", "t_dirt", "t_dirt", "t_dirtmound", "t_sidewalk", "t_dirt", "t_dirt", "t_dirt", "t_dirtmound", "t_sidewalk", "t_dirt", "t_dirt", "t_dirt", "t_sand", "t_sand"],
                "!" : ["t_dirt", "t_dirt", "t_dirt", "t_grass", "t_pavement", "t_dirt", "t_dirt", "t_dirt", "t_grass", "t_rock", "t_dirt", "t_dirt", "t_dirt", "t_grass", "t_dirtmound", "t_dirt", "t_dirt", "t_dirt", "t_grass", "t_sidewalk", "t_dirt", "t_dirt", "t_dirt", "t_grass", "t_sand"]
            },
            "furniture": {
                "`" : ["f_rubble", "f_rubble", "f_rubble", "f_rubble", "f_null"],
                "N" : "f_ash",
                ")" : ["f_rubble", "f_rubble", "f_rubble", "f_rubble", "f_wreckage", "f_rubble", "f_rubble", "f_rubble", "f_rubble", "f_rubble_rock", "f_rubble", "f_rubble", "f_rubble", "f_rubble", "f_rubble_rock", "f_rubble", "f_rubble", "f_rubble", "f_rubble", "f_ash", "f_rubble", "f_rubble", "f_rubble", "f_rubble", "f_ash"]
            }
        }
    },{
        "type" : "mapgen",
        "om_terrain" : ["pwr_large_4"],
        "method": "json",
        "weight": 10,
        "object": {
        "fill_ter": "t_concrete",
            "rows": [
            "---------------!j!------",
            "  |     |    !!jjj!!   |",
            "  |     |  z!!jj)jj!!  |",
            "  |     |  !!jj)))jj!! |",
            "  |     | !!jj))N))jj!!|",
            "  |     |!!jj))NNN))jj!|",
            "  |     |!jj))NNNNN))jj|",
            "  |     |!!jj))NNN))jj!|",
            "  |     | !!jj))N))jj!!|",
            "  |     |  !!jj)))jj!! |",
            "  |     |   !!jj)jj!!  |",
            "  |     |    !!jjj!!   |",
            "  |     -------!j!-+---|",
            "  |                    |",
            "  |            T       |",
            "  |                    |",
            "  |                    |",
            "  |                    |",
            " T|  T    T    T       |",
            "  |                    |",
            "  |                    |",
            "  |                    |",
            "  |                    |",
            "  |                    |"
            ],
            "terrain": {
            " ": "t_concrete",
            "-": "t_chainfence_h",
            "|": "t_chainfence_v",
            "x": "t_chainfence_posts",
            "+": ["t_chaingate_c", "t_chaingate_c", "t_chaingate_c", "t_chaingate_c", "t_chaingate_o"],
            "T": "t_support_l",
            "B": "t_oil_circ_brkr_l",
            "s": "t_switchgear_s",
            "z": "t_lgtn_arrest",
            "h": "t_station_disc",
            "{": "t_current_trans",
            "8": "t_potential_trans",
                "`" : "t_floor",
                "}" : "t_window_empty",
                "N" : "t_rock_floor",
                ")" : [ "t_dirtmound", "t_dirtmound", "t_dirtmound", "t_dirtmound", "t_dirt"],
                "j" : ["t_dirt", "t_dirt", "t_dirt", "t_rock", "t_pavement", "t_dirt", "t_dirt", "t_dirt", "t_rock", "t_pavement", "t_dirt", "t_dirt", "t_dirt", "t_dirtmound", "t_sidewalk", "t_dirt", "t_dirt", "t_dirt", "t_dirtmound", "t_sidewalk", "t_dirt", "t_dirt", "t_dirt", "t_sand", "t_sand"],
                "!" : ["t_dirt", "t_dirt", "t_dirt", "t_grass", "t_pavement", "t_dirt", "t_dirt", "t_dirt", "t_grass", "t_rock", "t_dirt", "t_dirt", "t_dirt", "t_grass", "t_dirtmound", "t_dirt", "t_dirt", "t_dirt", "t_grass", "t_sidewalk", "t_dirt", "t_dirt", "t_dirt", "t_grass", "t_sand"]
            },
            "furniture": {
                "`" : ["f_rubble", "f_rubble", "f_rubble", "f_rubble", "f_null"],
                "N" : "f_ash",
                ")" : ["f_rubble", "f_rubble", "f_rubble", "f_rubble", "f_wreckage", "f_rubble", "f_rubble", "f_rubble", "f_rubble", "f_rubble_rock", "f_rubble", "f_rubble", "f_rubble", "f_rubble", "f_rubble_rock", "f_rubble", "f_rubble", "f_rubble", "f_rubble", "f_ash", "f_rubble", "f_rubble", "f_rubble", "f_rubble", "f_ash"]
            }
        }
    }
]
