[
    {
        "type" : "overmap_terrain",
        "id" : "gym",
        "name" : "boxing gym",
        "rotate" : true,
        "sym" : [94, 62, 118, 60],
        "color" : "yellow_cyan",
        "see_cost" : 5,
        "extras" : "build",
        "mondensity" : 3,
        "sidewalk" : true,
        "mapgen": [
            { "weight": 1000,
            "method": "json", "object": {
                "fill_ter": "t_grass",
                "rows":[
                    "  --ss----------------  ",
                    "  --ss--,-----,-----,-  ",
                    "  --ss--,-----,-----,-  ",
                    "  --ss--,-----,-----,-  ",
                    "  --ss--,-----,-----,-  ",
                    "  --ss--,-----,-----,-  ",
                    "  qq```qq``}}}}qqq}}qq  ",
                    "  xf.....!..........^x  ",
                    "  x.....!!!``$$$$$?.0x  ",
                    "  xE.`.!!j!!``5555$..x  ",
                    "  xE.`!!j)j!!`5555$.0x  ",
                    "  x`.!!j)))j!!``55$..x  ",
                    "  ``!!j))N))j!!``$?.0x  ",
                    "  `!!j))NNN))j!!`....x  ",
                    "  `.!!j))N))j!!`....Bx  ",
                    "  x.`!!j)))j!!......Bx  ",
                    "  x^..!!j)j!!..`BBBB^x  ",
                    "  xqq``!!!!!```qqqqqqx  ",
                    "  xLLLL`!!!`x..xfzzz^x  ",
                    "  xBBBB.`!``x..x.....p  ",
                    "  x.........`..`.C.DC}  ",
                    "  xqqq...qqqx..x...DDx  ",
                    "  xS.'...'.Tx..xXXXXXx  ",
                    "  qqqqqqqqqqqqqqqqqqqq  "
                ],
                "terrain":{
                "g": ["t_window", "t_window_taped", "t_window", "t_window_empty", "t_window", "t_window_frame", "t_window", "t_wall_wood", "t_window", "t_wall_wood_chipped", "t_window", "t_wall_wood_broken", "t_window", "t_wall_log", "t_window", "t_wall_log_chipped", "t_window", "t_wall_log_broken"],
                "p": ["t_window_domestic", "t_window_boarded", "t_window_domestic", "t_curtains", "t_window_domestic", "t_window_domestic_taped", "t_window_domestic", "t_window_open", "t_window_domestic", "t_window_empty", "t_window_domestic", "t_window_frame", "t_window_domestic", "t_wall_wood", "t_window_domestic", "t_wall_wood_chipped", "t_window_domestic", "t_wall_wood_broken", "t_window_domestic", "t_wall_log", "t_window_domestic", "t_wall_log_chipped", "t_window_domestic", "t_wall_log_broken"],
                "'": ["t_door_c", "t_door_c", "t_door_b", "t_door_c", "t_door_c", "t_door_frame", "t_door_c", "t_door_c", "t_wall_wood", "t_door_c", "t_door_c", "t_wall_wood_chipped", "t_door_c", "t_door_c", "t_wall_wood_broken", "t_door_o", "t_door_o", "t_wall_log", "t_door_o", "t_door_o", "t_wall_log_chipped", "t_door_o", "t_door_o", "t_wall_log_broken"],
                "+": ["t_door_glass_c", "t_door_glass_c", "t_door_frame", "t_door_glass_c", "t_door_glass_c", "t_wall_wood", "t_door_glass_c", "t_door_glass_c", "t_wall_wood_chipped", "t_door_glass_c", "t_door_glass_c", "t_wall_wood_broken", "t_door_glass_o", "t_door_glass_o", "t_wall_log", "t_door_glass_o", "t_door_glass_o", "t_wall_log_chipped", "t_door_glass_o", "t_door_glass_o", "t_wall_log_broken"],

                    " ": "t_null",
                    ",": "t_pavement_y",
                    "-": "t_pavement",
                    "q": "t_wall",
                    "x": "t_wall",
                    "#": "t_floor",
                    ".": "t_floor",
                    "L": "t_floor",
                    "T": "t_floor",
                    "S": "t_floor",
                    "B": "t_floor",
                    "D": "t_floor",
                    "X": "t_floor",
                    "C": "t_floor",
                    "0": "t_floor",
                    "E": "t_floor",
                    "z": "t_floor",
                    "V": "t_floor",
                    "5": "t_floor",
                    "$": "t_fence_rope",
                    "?": "t_chainfence_posts",
                    "f": "t_floor",
                    "s": "t_sidewalk",
                    "^": "t_floor",
                "`" : "t_floor",
                "}" : "t_window_empty",
                "N" : "t_rock_floor",
                ")" : [ "t_dirtmound", "t_dirtmound", "t_dirtmound", "t_dirtmound", "t_dirt"],
                "j" : ["t_dirt", "t_dirt", "t_dirt", "t_rock", "t_pavement", "t_dirt", "t_dirt", "t_dirt", "t_rock", "t_pavement", "t_dirt", "t_dirt", "t_dirt", "t_dirtmound", "t_sidewalk", "t_dirt", "t_dirt", "t_dirt", "t_dirtmound", "t_sidewalk", "t_dirt", "t_dirt", "t_dirt", "t_sand", "t_sand"],
                "!" : ["t_dirt", "t_dirt", "t_dirt", "t_grass", "t_pavement", "t_dirt", "t_dirt", "t_dirt", "t_grass", "t_rock", "t_dirt", "t_dirt", "t_dirt", "t_grass", "t_dirtmound", "t_dirt", "t_dirt", "t_dirt", "t_grass", "t_sidewalk", "t_dirt", "t_dirt", "t_dirt", "t_grass", "t_sand"]
            },
            "furniture": {
                "`" : ["f_rubble", "f_rubble", "f_rubble", "f_rubble", "f_null"],
                "N" : "f_ash",
                ")" : ["f_rubble", "f_rubble", "f_rubble", "f_rubble", "f_wreckage", "f_rubble", "f_rubble", "f_rubble", "f_rubble", "f_rubble_rock", "f_rubble", "f_rubble", "f_rubble", "f_rubble", "f_rubble_rock", "f_rubble", "f_rubble", "f_rubble", "f_rubble", "f_ash", "f_rubble", "f_rubble", "f_rubble", "f_rubble", "f_ash"],
                    "S": ["f_shower", "f_null", "f_null", "f_null", "f_null", "f_null", "f_null", "f_shower", "f_wreckage", "f_shower"],
                    "L": ["f_locker", "f_null", "f_null", "f_null", "f_null", "f_null", "f_null", "f_locker", "f_wreckage", "f_locker"],
                    "B": ["f_bench", "f_null", "f_null", "f_null", "f_null", "f_null", "f_null", "f_bench", "f_rubble", "f_bench"],
                    "D": ["f_desk", "f_null", "f_null", "f_null", "f_null", "f_null", "f_null", "f_desk", "f_rubble", "f_desk"],
                    "C": ["f_chair", "f_null", "f_null", "f_null", "f_null", "f_null", "f_null", "f_chair", "f_rubble", "f_chair"],
                    "X": ["f_rack", "f_null", "f_null", "f_null", "f_null", "f_null", "f_null", "f_rack", "f_rubble", "f_rack"],
                    "#": ["f_table", "f_null", "f_null", "f_null", "f_null", "f_null", "f_null", "f_table", "f_rubble", "f_table"],
                    "z": ["f_bookcase", "f_null", "f_null", "f_null", "f_null", "f_null", "f_null", "f_bookcase", "f_rubble", "f_bookcase"],
                    "0": "f_floor_canvas",
                    "V": ["f_vending_c", "f_null", "f_null", "f_null", "f_null", "f_null", "f_null", "f_vending_c", "f_wreckage", "f_vending_c"],
                    "E": ["f_exercise", "f_null", "f_null", "f_null", "f_null", "f_null", "f_null", "f_exercise", "f_wreckage", "f_exercise"],
                    "f": ["f_trashcan", "f_null", "f_null", "f_null", "f_null", "f_null", "f_null", "f_trashcan", "f_rubble", "f_trashcan"],
                    "5": "f_canvas_floor",
                    "^": ["f_indoor_plant", "f_null", "f_null", "f_null", "f_null", "f_null", "f_null", "f_null"]
                },
                "toilets": {
                    "T": { }
                }
                }
            }
        ]
    }
]
