[
    {
        "type": "mapgen",
        "om_terrain": [
            "s_clothes"
        ],
        "method": "json",
        "weight": 300,
        "object": {
            "rows": [
                    "~~~~~~~~~~~~~~~~~~~~~~~~",
                    "~~~~~~~~~~~~~~~~~~~~~~~~",
                    "~~~~~~~~~~~~jj~~~~~~~~~~",
                    "*|`````````jjjj```````|*",
                    "*|#f@#...`jj))jj..#@f@|*",
                    "*|.......jj))))jj.....|*",
                    "*|---|..jj))NN))jj.@#.|*",
                    "*|U..|.jj))NNNN))jj...|*",
                    "*|...`.jj))NNNN))jj..[|*",
                    "*}.hu|..jj))NN))jj`..[|*",
                    "*|---|..`jj))))jj....[|*",
                    "*}..u|....jj))jj.`@..[|*",
                    "*|.h.`.....jjjj..D@..[|*",
                    "*|U..|[[[[``jj.......[|*",
                    "*|---|----````--`--|+-|*",
                    "*zzzzzzzzzz`dddd..y|.s|*",
                    "**********z|h.h...y|.t|*",
                    "**********z|......y|--|*",
                    "~~~~~~~~~~~`.......+.[|*",
                    "**********z|----}--|--|*",
                    "************************",
                    "************************",
                    "************************",
                    "************************"
            ],
            "terrain": {
                "O": ["t_window", "t_window_taped", "t_window", "t_window_empty", "t_window", "t_window_frame", "t_window", "t_wall_wood", "t_window", "t_wall_wood_chipped", "t_window", "t_wall_wood_broken", "t_window", "t_wall_log", "t_window", "t_wall_log_chipped", "t_window", "t_wall_log_broken"],
                "0": ["t_window_domestic", "t_window_boarded", "t_window_domestic", "t_curtains", "t_window_domestic", "t_window_domestic_taped", "t_window_domestic", "t_window_open", "t_window_domestic", "t_window_empty", "t_window_domestic", "t_window_frame", "t_window_domestic", "t_wall_wood", "t_window_domestic", "t_wall_wood_chipped", "t_window_domestic", "t_wall_wood_broken", "t_window_domestic", "t_wall_log", "t_window_domestic", "t_wall_log_chipped", "t_window_domestic", "t_wall_log_broken"],
                "+": ["t_door_c", "t_door_c", "t_door_locked_alarm", "t_door_c", "t_door_c", "t_door_locked_interior", "t_door_c", "t_door_c", "t_door_locked", "t_door_c", "t_door_c", "t_door_locked_peep", "t_door_c", "t_door_c", "t_door_b_peep", "t_door_c", "t_door_c", "t_door_boarded_damaged_peep", "t_door_c", "t_door_c", "t_rdoor_boarded_damaged", "t_door_c", "t_door_c", "t_rdoor_boarded", "t_door_c", "t_door_c", "t_door_boarded_peep", "t_door_c", "t_door_c", "t_door_boarded_damaged", "t_door_c", "t_door_c", "t_door_boarded", "t_door_c", "t_door_c", "t_rdoor_o", "t_door_c", "t_door_c", "t_rdoor_c", "t_door_c", "t_door_c", "t_door_o_peep", "t_door_c", "t_door_c", "t_door_c_peep", "t_door_c", "t_door_c", "t_door_b", "t_door_c", "t_door_c", "t_door_frame", "t_door_c", "t_door_c", "t_wall_wood", "t_door_c", "t_door_c", "t_wall_wood_chipped", "t_door_c", "t_door_c", "t_wall_wood_broken", "t_door_o", "t_door_o", "t_wall_log", "t_door_o", "t_door_o", "t_wall_log_chipped", "t_door_o", "t_door_o", "t_wall_log_broken", "t_door_o", "t_door_o", "t_door_curtain_c", "t_door_o", "t_door_o", "t_door_makeshift_c", "t_door_o", "t_door_o", "t_door_curtain_o", "t_door_o", "t_door_o", "t_door_makeshift_o", "t_door_o", "t_door_o", "t_palisade", "t_door_o", "t_door_o", "t_bars", "t_door_o", "t_door_o", "t_door_bar_o", "t_door_o", "t_door_o", "t_door_bar_c", "t_door_o", "t_door_o", "t_door_bar_locked"],
                ":": ["t_door_glass_c", "t_door_glass_c", "t_door_frame", "t_door_glass_c", "t_door_glass_c", "t_wall_wood", "t_door_glass_c", "t_door_glass_c", "t_wall_wood_chipped", "t_door_glass_c", "t_door_glass_c", "t_wall_wood_broken", "t_door_glass_o", "t_door_glass_o", "t_wall_log", "t_door_glass_o", "t_door_glass_o", "t_wall_log_chipped", "t_door_glass_o", "t_door_glass_o", "t_wall_log_broken"],

                ".": "t_floor",
                "*": ["t_grass", "t_grass", "t_grass", "t_grass", "t_grass", "t_grass", "t_dirt"],
                "~": "t_sidewalk",
                "-": "t_wall",
                "|": "t_wall",
                "=": "t_wall_glass",
                "z": "t_shrub",
                "#": "t_floor",
                "h": "t_floor",
                "f": "t_floor",
                "s": "t_floor",
                "t": "t_floor",
                "u": "t_floor",
                "d": "t_floor",
                "y": "t_floor",
                "[": "t_floor",
                "@": "t_floor",
                "D": "t_floor",
                "U": "t_floor",
                "%": "t_console_broken",
                "`" : "t_floor",
                "}" : "t_window_empty",
                "N" : "t_rock_floor",
                ")" : [ "t_dirtmound", "t_dirtmound", "t_dirtmound", "t_dirtmound", "t_dirt"],
                "j" : ["t_dirt", "t_dirt", "t_dirt", "t_rock", "t_pavement", "t_dirt", "t_dirt", "t_dirt", "t_rock", "t_pavement", "t_dirt", "t_dirt", "t_dirt", "t_dirtmound", "t_sidewalk", "t_dirt", "t_dirt", "t_dirt", "t_dirtmound", "t_sidewalk", "t_dirt", "t_dirt", "t_dirt", "t_sand", "t_sand"],
                "!" : ["t_dirt", "t_dirt", "t_dirt", "t_grass", "t_pavement", "t_dirt", "t_dirt", "t_dirt", "t_grass", "t_rock", "t_dirt", "t_dirt", "t_dirt", "t_grass", "t_dirtmound", "t_dirt", "t_dirt", "t_dirt", "t_grass", "t_sidewalk", "t_dirt", "t_dirt", "t_dirt", "t_grass", "t_sand"]
            },
            "furniture": {
                "`" : ["f_rubble", "f_rubble", "f_rubble", "f_rubble", "f_null"],
                "N" : "f_ash",
                ")" : ["f_rubble", "f_rubble", "f_rubble", "f_rubble", "f_wreckage", "f_rubble", "f_rubble", "f_rubble", "f_rubble", "f_rubble_rock", "f_rubble", "f_rubble", "f_rubble", "f_rubble", "f_rubble_rock", "f_rubble", "f_rubble", "f_rubble", "f_rubble", "f_ash", "f_rubble", "f_rubble", "f_rubble", "f_rubble", "f_ash"],
                "#": ["f_counter", "f_null", "f_null", "f_null", "f_null", "f_null", "f_null", "f_counter", "f_rubble", "f_counter"],
                "h": ["f_chair", "f_null", "f_null", "f_null", "f_null", "f_null", "f_null", "f_chair", "f_rubble", "f_chair"],
                "f": ["f_indoor_plant", "f_null", "f_null", "f_null", "f_null", "f_null", "f_null", "f_null"],
                "y": ["f_indoor_plant_y", "f_null", "f_null", "f_null", "f_null", "f_null", "f_null", "f_null"],
                "s": ["f_sink", "f_null", "f_null", "f_null", "f_null", "f_null", "f_null", "f_sink", "f_rubble", "f_sink"],
                "u": ["f_trashcan", "f_null", "f_null", "f_null", "f_null", "f_null", "f_null", "f_trashcan", "f_rubble", "f_trashcan"],
                "d": ["f_desk", "f_null", "f_null", "f_null", "f_null", "f_null", "f_null", "f_desk", "f_rubble", "f_desk"],
                "[": ["f_rack", "f_null", "f_null", "f_null", "f_null", "f_null", "f_null", "f_rack", "f_rubble", "f_rack"],
                "@": ["f_mannequin", "f_null", "f_null", "f_null", "f_null", "f_null", "f_null", "f_mannequin", "f_rubble", "f_mannequin"],
                "D": ["f_displaycase", "f_null", "f_null", "f_null", "f_null", "f_null", "f_null", "f_displaycase", "f_rubble", "f_displaycase"],
                "U": ["f_bigmirror", "f_null", "f_null", "f_null", "f_null", "f_null", "f_null", "f_bigmirror", "f_rubble", "f_bigmirror"]
            },
            "toilets": {
                "t": { }
            },
            "comment": "end of mapgen json definition ---v"
        },
        "comment": "end of mapgen entry ---v"
    }
]

