[
    {
        "comment": "automated gas station",
        "type": "mapgen",
        "om_terrain": [
            "s_gas"
        ],
        "method": "json",
        "weight": 350,
        "object": {
            "rows": [
                "........................",
                "........................",
                "........................",
                ".-----..................",
                ".|...|..........sss.....",
                ".|.Q.|...........&s.....",
                ".|...|...........1s.....",
                ".|...|P..........2s.....",
                ".--+--..........sss.....",
                "....)...................",
                "...)))...........s9s....",
                "..))N)).................",
                ".))NNN))..........5.....",
                "..))N))...........).....",
                "...)))...........)))....",
                "....)...........))N))...",
                "....5..........))NNN))..",
                "................))N))...",
                ".................)))....",
                "..................).....",
                "....5.............5.....",
                "........................",
                "...s9s...........s9s....",
                "........................"
            ],
            "terrain": {
                ".": "t_pavement",
                "Q": "t_pavement",
                "P": "t_pavement",
                "-": "t_chainfence_h",
                "|": "t_chainfence_v",
                "+": ["t_chaingate_c", "t_chaingate_c", "t_chaingate_c", "t_chaingate_o"],
                "&": ["t_atm", "t_console_broken", "t_console_broken"],
                "1": "t_pavement",
                "2": "t_pavement",
                "5": "t_gas_pump",
                "s": "t_little_column",
                "9": "t_pavement",
                "`" : "t_floor",
                "}" : "t_window_empty",
                "N" : "t_rock_floor",
                ")" : [ "t_dirtmound", "t_dirtmound", "t_dirtmound", "t_dirtmound", "t_dirt"],
                "j" : ["t_dirt", "t_dirt", "t_dirt", "t_rock", "t_pavement", "t_dirt", "t_dirt", "t_dirt", "t_rock", "t_pavement", "t_dirt", "t_dirt", "t_dirt", "t_dirtmound", "t_sidewalk", "t_dirt", "t_dirt", "t_dirt", "t_dirtmound", "t_sidewalk", "t_dirt", "t_dirt", "t_dirt", "t_sand", "t_sand"],
                "!" : ["t_dirt", "t_dirt", "t_dirt", "t_grass", "t_pavement", "t_dirt", "t_dirt", "t_dirt", "t_grass", "t_rock", "t_dirt", "t_dirt", "t_dirt", "t_grass", "t_dirtmound", "t_dirt", "t_dirt", "t_dirt", "t_grass", "t_sidewalk", "t_dirt", "t_dirt", "t_dirt", "t_grass", "t_sand"]
            },
            "furniture": {
                "`" : ["f_rubble", "f_rubble", "f_rubble", "f_rubble", "f_null"],
                "N" : "f_ash",
                ")" : ["f_rubble", "f_rubble", "f_rubble", "f_rubble", "f_wreckage", "f_rubble", "f_rubble", "f_rubble", "f_rubble", "f_rubble_rock", "f_rubble", "f_rubble", "f_rubble", "f_rubble", "f_rubble_rock", "f_rubble", "f_rubble", "f_rubble", "f_rubble", "f_ash", "f_rubble", "f_rubble", "f_rubble", "f_rubble", "f_ash"],
                "9": "f_aut_gas_console"
            },
            "signs": {
                "P": { "signage": "Danger! Do not smoke! Risk of explosion!" }
            },
            "place_terrain": [
                { "ter": "t_gas_tank", "x": 3, "y": 5}
            ]
        }
    }
]
