[
  {
    "type": "mapgen",
    "om_terrain": [
      "s_gun"
    ],
    "method": "json",
    "weight": 300,
    "object": {
      "rows": [
        "__________________sss___",
        "_,___,___,___,___,sss_%_",
        "_,___,___,___!___,sss_%_",
        "_,___,___,__j)!__,sss_%_",
        "_,___,___,_!)))j_,sss_%_",
        "_,___,___,j))N))j,sss___",
        "sssssssssj))NNN))jssssss",
        "s--555``j))NNNNN))j`555s",
        "s|r..rr``j))NNN))j```r8s",
        "s8r.......j))N))j`...r8s",
        "s8r..rrr```j)))j```---|_",
        "s8r..rrrrr`.j)j..`rrrr|_",
        "s8r..........j`......r|_",
        "s|r..rrrrrr...`......r|_",
        "s|---------`--------+-|_",
        "s|#######|...|tccEc..^|_",
        "s|#.c..c#|...|t.xEc...w_",
        "sL...c...L...`........w_",
        "_|l.###.l|..^|##FCC...|_",
        "_|l.rrr.l|-`-------`-`|_",
        "_|l.rrr.l|ssss____WS|SW_",
        "_|l.....l|s__,_dd_|T|T|_",
        "_--WW-WW--s__,_dd_-----_",
        "__________s__,_dd_______"
      ],
      "terrain": {
                "w": ["t_window_bars", "t_window_taped", "t_window_bars", "t_window_empty", "t_window_bars", "t_window_frame", "t_window_bars", "t_wall_wood", "t_window_bars", "t_wall_wood_chipped", "t_window_bars", "t_wall_wood_broken", "t_window_bars", "t_wall_log", "t_window_bars", "t_wall_log_chipped", "t_window_bars", "t_wall_log_broken"],
                "W": ["t_window_bars", "t_window_taped", "t_window_bars", "t_window_empty", "t_window_bars", "t_window_frame", "t_window_bars", "t_wall_wood", "t_window_bars", "t_wall_wood_chipped", "t_window_bars", "t_wall_wood_broken", "t_window_bars", "t_wall_log", "t_window_bars", "t_wall_log_chipped", "t_window_bars", "t_wall_log_broken"],
                "5": ["t_window_bars", "t_window_taped", "t_window_bars", "t_window_empty", "t_window_bars", "t_window_frame", "t_window_bars", "t_wall_wood", "t_window_bars", "t_wall_wood_chipped", "t_window_bars", "t_wall_wood_broken", "t_window_bars", "t_wall_log", "t_window_bars", "t_wall_log_chipped", "t_window_bars", "t_wall_log_broken"],
                "8": ["t_window_bars", "t_window_taped", "t_window_bars", "t_window_empty", "t_window_bars", "t_window_frame", "t_window_bars", "t_wall_wood", "t_window_bars", "t_wall_wood_chipped", "t_window_bars", "t_wall_wood_broken", "t_window_bars", "t_wall_log", "t_window_bars", "t_wall_log_chipped", "t_window_bars", "t_wall_log_broken"],
                "D": ["t_door_c", "t_door_c", "t_door_b", "t_door_c", "t_door_c", "t_door_frame", "t_door_c", "t_door_c", "t_wall_wood", "t_door_c", "t_door_c", "t_wall_wood_chipped", "t_door_c", "t_door_c", "t_wall_wood_broken", "t_door_o", "t_door_o", "t_wall_log", "t_door_o", "t_door_o", "t_wall_log_chipped", "t_door_o", "t_door_o", "t_wall_log_broken"],
                "+": ["t_door_metal_c", "t_door_metal_c", "t_mdoor_frame", "t_door_metal_c", "t_door_metal_c", "t_wall_wood", "t_door_metal_c", "t_door_metal_c", "t_wall_wood_chipped", "t_door_metal_c", "t_door_metal_c", "t_wall_wood_broken", "t_door_metal_o", "t_door_metal_o", "t_wall_log", "t_door_metal_o", "t_door_metal_o", "t_wall_log_chipped", "t_door_metal_o", "t_door_metal_o", "t_wall_log_broken"],
                "L": ["t_door_metal_c", "t_door_metal_c", "t_mdoor_frame", "t_door_metal_c", "t_door_metal_c", "t_wall_wood", "t_door_metal_c", "t_door_metal_c", "t_wall_wood_chipped", "t_door_metal_c", "t_door_metal_c", "t_wall_wood_broken", "t_door_metal_o", "t_door_metal_o", "t_wall_log", "t_door_metal_o", "t_door_metal_o", "t_wall_log_chipped", "t_door_metal_o", "t_door_metal_o", "t_wall_log_broken"],

        "_": "t_pavement",
        ",": "t_pavement_y",
        "s": "t_sidewalk",
        "-": "t_wall",
        "|": "t_wall",
        ".": "t_floor",
        "%": "t_shrub",
        "x": "t_console_broken",
        "^": "t_floor",
        "r": "t_floor",
        "l": "t_floor",
        "#": "t_floor",
        "E": "t_floor",
        "t": "t_floor",
        "c": "t_floor",
        "C": "t_floor",
        "F": "t_floor",
        "S": "t_floor",
        "T": "t_floor",
        "d": "t_pavement",
                "`" : "t_floor",
                "}" : "t_window_empty",
                "N" : "t_rock_floor",
                ")" : [ "t_dirtmound", "t_dirtmound", "t_dirtmound", "t_dirtmound", "t_dirt"],
                "j" : ["t_dirt", "t_dirt", "t_dirt", "t_rock", "t_pavement", "t_dirt", "t_dirt", "t_dirt", "t_rock", "t_pavement", "t_dirt", "t_dirt", "t_dirt", "t_dirtmound", "t_sidewalk", "t_dirt", "t_dirt", "t_dirt", "t_dirtmound", "t_sidewalk", "t_dirt", "t_dirt", "t_dirt", "t_sand", "t_sand"],
                "!" : ["t_dirt", "t_dirt", "t_dirt", "t_grass", "t_pavement", "t_dirt", "t_dirt", "t_dirt", "t_grass", "t_rock", "t_dirt", "t_dirt", "t_dirt", "t_grass", "t_dirtmound", "t_dirt", "t_dirt", "t_dirt", "t_grass", "t_sidewalk", "t_dirt", "t_dirt", "t_dirt", "t_grass", "t_sand"]
            },
            "furniture": {
                "`" : ["f_rubble", "f_rubble", "f_rubble", "f_rubble", "f_null"],
                "N" : "f_ash",
                ")" : ["f_rubble", "f_rubble", "f_rubble", "f_rubble", "f_wreckage", "f_rubble", "f_rubble", "f_rubble", "f_rubble", "f_rubble_rock", "f_rubble", "f_rubble", "f_rubble", "f_rubble", "f_rubble_rock", "f_rubble", "f_rubble", "f_rubble", "f_rubble", "f_ash", "f_rubble", "f_rubble", "f_rubble", "f_rubble", "f_ash"],
        "_": "f_null",
        ",": "f_null",
        "s": "f_null",
        "-": "f_null",
        "|": "f_null",
        "5": "f_null",
        "8": "f_null",
        ".": "f_null",
        "+": "f_null",
        "D": "f_null",
        "L": "f_null",
        "w": "f_null",
        "W": "f_null",
        "%": "f_null",
        "x": "f_null",
        "^": ["f_indoor_plant", "f_null", "f_null", "f_null", "f_null", "f_null", "f_null", "f_null"],
        "r": ["f_rack", "f_null", "f_null", "f_null", "f_null", "f_null", "f_null", "f_rack", "f_rubble", "f_rack"],
        "l": ["f_locker", "f_null", "f_null", "f_null", "f_null", "f_null", "f_null", "f_locker", "f_wreckage", "f_locker"],
        "#": ["f_counter", "f_null", "f_null", "f_null", "f_null", "f_null", "f_null", "f_counter", "f_rubble", "f_counter"],
        "E": ["f_desk", "f_null", "f_null", "f_null", "f_null", "f_null", "f_null", "f_desk", "f_rubble", "f_desk"],
        "t": ["f_table", "f_null", "f_null", "f_null", "f_null", "f_null", "f_null", "f_table", "f_rubble", "f_table"],
        "c": ["f_chair", "f_null", "f_null", "f_null", "f_null", "f_null", "f_null", "f_chair", "f_rubble", "f_chair"],
        "C": ["f_sofa", "f_null", "f_null", "f_null", "f_null", "f_null", "f_null", "f_sofa", "f_rubble", "f_sofa"],
        "F": ["f_fridge", "f_null", "f_null", "f_null", "f_null", "f_null", "f_null", "f_fridge", "f_wreckage", "f_fridge"],
        "S": ["f_sink", "f_null", "f_null", "f_null", "f_null", "f_null", "f_null", "f_sink", "f_rubble", "f_sink"],
        "d": ["f_dumpster", "f_dumpster", "f_null", "f_null", "f_null", "f_null", "f_null", "f_null", "f_dumpster", "f_dumpster", "f_rubble", "f_dumpster", "f_dumpster"]
      },
      "toilets": {
        "T": { }
      }
    }
  }
]
