[
    {
        "type": "mapgen",
        "om_terrain": [
          "s_music"
        ],
        "method": "json",
        "weight": 180, "comment": "<-- Real decent place for a quick morale boost, relatively rare.",
        "object": {
            "rows": [
                "_s______,______,______s_",
                "_s______,______,______s_",
                "_s______,______,______s_",
                "_s______,______,______s_",
                "_s______,______,______s_",
                "zs______,_!____,______sz",
                "sssssssss!!!ssssssssssss",
                "_--````-!!j!`-``--`````_",
                "_|^.CC.!!jjj!!...#.EcC`_",
                "_`....!!jj)jj!!..#....|_",
                "_`E..!!jj)))jj!!.#....`_",
                "_`c.!!jj))N))jj!!####.`_",
                "_|.!!jj))NNN))jj!!....|_",
                "_|!!jj))NNNNN))jj!!..C|_",
                "_|.!!jj))NNN))jj!!....|_",
                "_`..!!jj))N))jj!!`-|`-|_",
                "_`E..!!jj)))jj!!|..`..`_",
                "_`c..r!!jj)jj!!.|..`..`_",
                "_|.....!!jjj!!Ec|Ec|Ec|_",
                "_|`---`|!!j!!---------|_",
                "_|.S|S.|s!!!ssszz_z_____",
                "_|T#|#T|__!_____________",
                "_-}---}-________________",
                "________________________"
            ],
            "terrain": {
                "_": "t_pavement",
                ",": "t_pavement_y",
                "s": "t_sidewalk",
                "-": "t_wall",
                "|": "t_wall",
                "5": "t_wall_glass",
                "8": "t_wall_glass",
                ".": "t_linoleum_gray",
                "+": ["t_door_glass_c", "t_door_glass_c", "t_door_frame", "t_door_glass_c", "t_door_glass_c", "t_wall_wood", "t_door_glass_c", "t_door_glass_c", "t_wall_wood_chipped", "t_door_glass_c", "t_door_glass_c", "t_wall_wood_broken", "t_door_glass_o", "t_door_glass_o", "t_wall_log", "t_door_glass_o", "t_door_glass_o", "t_wall_log_chipped", "t_door_glass_o", "t_door_glass_o", "t_wall_log_broken"],
                "D": ["t_door_c", "t_door_c", "t_door_b", "t_door_c", "t_door_c", "t_door_frame", "t_door_c", "t_door_c", "t_wall_wood", "t_door_c", "t_door_c", "t_wall_wood_chipped", "t_door_c", "t_door_c", "t_wall_wood_broken", "t_door_o", "t_door_o", "t_wall_log", "t_door_o", "t_door_o", "t_wall_log_chipped", "t_door_o", "t_door_o", "t_wall_log_broken"],
                "L": ["t_door_c", "t_door_c", "t_door_b", "t_door_c", "t_door_c", "t_door_frame", "t_door_c", "t_door_c", "t_wall_wood", "t_door_c", "t_door_c", "t_wall_wood_chipped", "t_door_c", "t_door_c", "t_wall_wood_broken", "t_door_o", "t_door_o", "t_wall_log", "t_door_o", "t_door_o", "t_wall_log_chipped", "t_door_o", "t_door_o", "t_wall_log_broken"],
                "H": ["t_window_domestic", "t_window_boarded", "t_window_domestic", "t_curtains", "t_window_domestic", "t_window_domestic_taped", "t_window_domestic", "t_window_open", "t_window_domestic", "t_window_empty", "t_window_domestic", "t_window_frame", "t_window_domestic", "t_wall_wood", "t_window_domestic", "t_wall_wood_chipped", "t_window_domestic", "t_wall_wood_broken", "t_window_domestic", "t_wall_log", "t_window_domestic", "t_wall_log_chipped", "t_window_domestic", "t_wall_log_broken"],
                "w": "t_linoleum_gray",
                "y": "t_linoleum_gray",
                "%": "t_shrub",
                "^": "t_linoleum_gray",
                "r": "t_linoleum_gray",
                "l": "t_linoleum_gray",
                "#": "t_linoleum_gray",
                "E": "t_linoleum_gray",
                "t": "t_linoleum_gray",
                "C": "t_linoleum_gray",
                "c": "t_linoleum_gray",
                "F": "t_linoleum_gray",
                "S": "t_linoleum_gray",
                "T": "t_linoleum_gray",
                "d": "t_pavement",
                "z": "t_shrub",
                "`" : "t_floor",
                "}" : "t_window_empty",
                "N" : "t_rock_floor",
                ")" : [ "t_dirtmound", "t_dirtmound", "t_dirtmound", "t_dirtmound", "t_dirt"],
                "j" : ["t_dirt", "t_dirt", "t_dirt", "t_rock", "t_pavement", "t_dirt", "t_dirt", "t_dirt", "t_rock", "t_pavement", "t_dirt", "t_dirt", "t_dirt", "t_dirtmound", "t_sidewalk", "t_dirt", "t_dirt", "t_dirt", "t_dirtmound", "t_sidewalk", "t_dirt", "t_dirt", "t_dirt", "t_sand", "t_sand"],
                "!" : ["t_dirt", "t_dirt", "t_dirt", "t_grass", "t_pavement", "t_dirt", "t_dirt", "t_dirt", "t_grass", "t_rock", "t_dirt", "t_dirt", "t_dirt", "t_grass", "t_dirtmound", "t_dirt", "t_dirt", "t_dirt", "t_grass", "t_sidewalk", "t_dirt", "t_dirt", "t_dirt", "t_grass", "t_sand"]
            },
            "furniture": {
                "`" : ["f_rubble", "f_rubble", "f_rubble", "f_rubble", "f_null"],
                "N" : "f_ash",
                ")" : ["f_rubble", "f_rubble", "f_rubble", "f_rubble", "f_wreckage", "f_rubble", "f_rubble", "f_rubble", "f_rubble", "f_rubble_rock", "f_rubble", "f_rubble", "f_rubble", "f_rubble", "f_rubble_rock", "f_rubble", "f_rubble", "f_rubble", "f_rubble", "f_ash", "f_rubble", "f_rubble", "f_rubble", "f_rubble", "f_ash"],
                "_": "f_null",
                ",": "f_null",
                "s": "f_null",
                "-": "f_null",
                "|": "f_null",
                "5": "f_null",
                "8": "f_null",
                ".": "f_null",
                "+": "f_null",
                "D": "f_null",
                "L": "f_null",
                "H": "f_null",
                "W": "f_null",
                "%": "f_null",
                "x": "f_null",
                "^": ["f_indoor_plant", "f_null", "f_null", "f_null", "f_null", "f_null", "f_null", "f_null"],
                "r": ["f_rack", "f_null", "f_null", "f_null", "f_null", "f_null", "f_null", "f_rack", "f_rubble", "f_rack"],
                "#": ["f_counter", "f_null", "f_null", "f_null", "f_null", "f_null", "f_null", "f_counter", "f_rubble", "f_counter"],
                "E": ["f_desk", "f_null", "f_null", "f_null", "f_null", "f_null", "f_null", "f_desk", "f_rubble", "f_desk"],
                "C": ["f_displaycase", "f_null", "f_null", "f_null", "f_null", "f_null", "f_null", "f_displaycase", "f_rubble", "f_displaycase"],
                "c": ["f_chair", "f_null", "f_null", "f_null", "f_null", "f_null", "f_null", "f_chair", "f_rubble", "f_chair"],
                "S": ["f_sink", "f_null", "f_null", "f_null", "f_null", "f_null", "f_null", "f_sink", "f_rubble", "f_sink"],
                "d": ["f_dumpster", "f_dumpster", "f_null", "f_null", "f_null", "f_null", "f_null", "f_null", "f_dumpster", "f_dumpster", "f_rubble", "f_dumpster", "f_dumpster"],
                "z": "f_null"
            },
            "toilets": {
                "T": { }
            }
        },
    "comment": "end of mapgen entry ---v"
    }
]
