[
    {
        "type": "mapgen",
        "om_terrain": [
            "s_clothes"
        ],
        "method": "json",
        "weight": 1000,
        "object": {
            "rows": [
                "               )        ",
                "             !)))       ",
                "  --````````j))N))``--  ",
                "  |........j))NNN))j.|  ",
                "  |.......j))NNNNN))j`  ",
                "  |{.......j))NNN))j.`  ",
                "  |{........j))N))j..|  ",
                "  |{.........j)))j...|  ",
                "  |{..........j)j``..|  ",
                "  |{...........j.....|  ",
                "  |{...{{{{``.......{|  ",
                "  |{...{{{{{{..`{...{|  ",
                "  |{...........{{...{|  ",
                "  |............{{...{|  ",
                "  |..{{{{{{{{..{{...{|  ",
                "  |..{{{{{{{{..{{...{|  ",
                "  |............{{...{|  ",
                "  |---------...{{...{|  ",
                "  |########|........{|  ",
                "  |.................{|  ",
                "  |---------.........|  ",
                "  |..|..|..|{{{{{{...|  ",
                "  --------------------  ",
                "                        "
            ],
            "terrain": {
                "+": ["t_door_glass_c", "t_door_glass_c", "t_door_frame", "t_door_glass_c", "t_door_glass_c", "t_wall_wood", "t_door_glass_c", "t_door_glass_c", "t_wall_wood_chipped", "t_door_glass_c", "t_door_glass_c", "t_wall_wood_broken", "t_door_glass_o", "t_door_glass_o", "t_wall_log", "t_door_glass_o", "t_door_glass_o", "t_wall_log_chipped", "t_door_glass_o", "t_door_glass_o", "t_wall_log_broken"],

                ":": "t_wall_glass",
                "|": "t_wall",
                "-": "t_wall",
                "#": "t_floor",
                "{": "t_floor",
                ".": "t_floor",
                " ": [ "t_grass", "t_grass", "t_grass", "t_dirt" ],
                "`" : "t_floor",
                "}" : "t_window_empty",
                "N" : "t_rock_floor",
                ")" : [ "t_dirtmound", "t_dirtmound", "t_dirtmound", "t_dirtmound", "t_dirt"],
                "j" : ["t_dirt", "t_dirt", "t_dirt", "t_rock", "t_pavement", "t_dirt", "t_dirt", "t_dirt", "t_rock", "t_pavement", "t_dirt", "t_dirt", "t_dirt", "t_dirtmound", "t_sidewalk", "t_dirt", "t_dirt", "t_dirt", "t_dirtmound", "t_sidewalk", "t_dirt", "t_dirt", "t_dirt", "t_sand", "t_sand"],
                "!" : ["t_dirt", "t_dirt", "t_dirt", "t_grass", "t_pavement", "t_dirt", "t_dirt", "t_dirt", "t_grass", "t_rock", "t_dirt", "t_dirt", "t_dirt", "t_grass", "t_dirtmound", "t_dirt", "t_dirt", "t_dirt", "t_grass", "t_sidewalk", "t_dirt", "t_dirt", "t_dirt", "t_grass", "t_sand"]
            },
            "furniture": {
                "`" : ["f_rubble", "f_rubble", "f_rubble", "f_rubble", "f_null"],
                "N" : "f_ash",
                ")" : ["f_rubble", "f_rubble", "f_rubble", "f_rubble", "f_wreckage", "f_rubble", "f_rubble", "f_rubble", "f_rubble", "f_rubble_rock", "f_rubble", "f_rubble", "f_rubble", "f_rubble", "f_rubble_rock", "f_rubble", "f_rubble", "f_rubble", "f_rubble", "f_ash", "f_rubble", "f_rubble", "f_rubble", "f_rubble", "f_ash"],
                "#": ["f_counter", "f_null", "f_null", "f_null", "f_null", "f_null", "f_null", "f_counter", "f_rubble", "f_counter"],
                "{": ["f_rack", "f_null", "f_null", "f_null", "f_null", "f_null", "f_null", "f_rack", "f_rubble", "f_rack"]
            },
            "place_monsters": [
                { "monster": "GROUP_ZOMBIE", "chance": 2, "x": [0,0], "y": [23,23], "repeat": [2,3] }
            ]
        }
    }
]
