[
  {
    "id": "ninja_katana",
    "type": "TOOL",
    "category": "weapons",
    "name": "忍刀",
    "description": "日本の忍者が扱う刀です。打刀と脇差の中間の長さを持つ、反りがない直刀となっています。鍔に足をかけて壁をよじ登るのにも使えました。",
    "weight": 1000,
    "volume": 4,
    "price": 95000,
    "to_hit": 2,
    "bashing": 2,
    "cutting": 22,
    "material": "steel",
    "symbol": "/",
    "color": "dark_gray",
    "techniques": [ "PRECISE", "WBLOCK_2" ],
    "qualities": [ [ "CUT", 1 ], [ "BUTCHER", 18 ] ],
    "flags": [ "DURABLE_MELEE", "SLICE", "VORPAL", "NON_STUCK", "SHEATH_SWORD" ]
  },
  {
    "id": "ninja_kusari_gama",
    "type": "TOOL",
    "category": "weapons",
    "name": "鎖鎌",
    "description": "草刈り鎌に分銅を長い鎖でつなげた武器です。主に隠し武器として用いられていました。分銅をスリングの要領で投げることで遠い間合いの敵にぶつけることが出来ます。",
    "weight": 1050,
    "volume": 5,
    "price": 50000,
    "to_hit": 1,
    "bashing": 10,
    "cutting": 12,
    "material": [ "steel", "wood" ],
    "symbol": "&",
    "color": "dark_gray",
    "techniques": [ "WIDE", "WRAP", "WHIP_DISARM" ],
    "qualities": [ [ "CUT", 1 ], [ "BUTCHER", 7 ] ],
    "flags": [ "DURABLE_MELEE", "SLICE", "REACH_ATTACK", "REACH3", "BELT_CLIP" ]
  },
  {
    "id": "ninja_nunchuk",
    "type": "TOOL",
    "category": "weapons",
    "name": "ヌンチャク",
    "description": "日本のオキナワを発祥とする武器です。素手による格闘を織り交ぜることで、相手を幻惑しながら多彩な打撃を放つことが出来ます。あなたがブルース・リーならば、ですが。",
    "weight": 520,
    "volume": 4,
    "price": 30000,
    "to_hit": 3,
    "bashing": 20,
    "cutting": 1,
    "material": [ "steel", "leather" ],
    "symbol": "v",
    "color": "black",
    "techniques": [ "BRUTAL", "RAPID", "SPIN", "WBLOCK_1" ],
    "flags": [ "DURABLE_MELEE", "UNARMED_WEAPON", "REACH_ATTACK", "REACH2", "BELT_CLIP" ]
  },
  {
    "id": "ninja_scroll_lightning",
    "type": "GUN",
    "name": "雷遁の術の巻物",
    "name_plural": "雷遁の術の巻物",
    "description": "雷遁の術が書かれた巻物...に偽装した放電装置です。UPSから給電して動作します。\"遁\"とは逃げるための術です。ゾンビが痺れているスキに逃げましょう。",
    "weight": 600,
    "volume": 2,
    "price": 100000,
    "to_hit": -2,
    "bashing": 1,
    "cutting": 1,
    "material": [ "paper", "steel", "plastic" ],
    "symbol": "?",
    "color": "light_blue",
    "skill": "rifle",
    "range": 10,
    "ranged_damage": 30,
    "pierce": 15,
    "dispersion": 10,
    "sight_dispersion": 150,
    "recoil": 0,
    "durability": 10,
    "burst": 10,
    "loudness": 150,
    "ups_charges": 100,
    "reload": 0,
    "ammo_effects": [ "LIGHTNING", "BOUNCE" ],
    "flags": [ "NEVER_JAMS", "MODE_BURST" ]
  },
  {
    "id": "ninja_scroll_fire",
    "copy-from": "flamethrower_base",
    "type": "GUN",
    "name": "火遁の術の巻物",
    "name_plural": "火遁の術の巻物",
    "description": "火遁の術が書かれた巻物...に偽装した、あからさまな火炎放射器です。ガソリンまたはナパームを充填して使用します。\"遁\"とは逃げるための術です。ゾンビが燃えているスキに逃げましょう。",
    "weight": 600,
    "volume": 2,
    "price": 100000,
    "to_hit": -2,
    "bashing": 1,
    "cutting": 1,
    "material": [ "paper", "steel", "plastic" ],
    "symbol": "?",
    "color": "red",
    "range": 8,
    "ranged_damage": 15,
    "pierce": 25,
    "dispersion": 240,
    "sight_dispersion": 150,
    "recoil": 0,
    "durability": 8,
    "burst": 10,
    "loudness": 150,
    "clip_size": 10,
    "extend": { "flags": [ "MODE_BURST", "SHOT", "PRIMITIVE_RANGED_WEAPON", "MODE_BURST" ] },
    "delete": { "flags": [ "FIRE_100" ] }
  },
  {
    "id": "ninja_scroll_afterimage",
    "type": "TOOL",
    "category": "tools",
    "name": "分身の術の巻物",
    "description": "分身の術の巻物...に偽装した、携帯型フォグスクリーンです。空気中の水分を集めて霧として散布し、プロジェクターで残像を映し出します。効果時間はとても短く映像はかなりぼやけて見えますが、一瞬ならば敵を幻惑させることは出来るかも知れません。",
    "weight": 600,
    "volume": 2,
    "price": 100000,
    "bashing": 1,
    "material": [ "paper", "steel", "plastic" ],
    "symbol": "?",
    "color": "gray",
    "ammo": "battery",
    "max_charges": 100,
    "charges_per_use": 25,
    "use_action": "IUSE_LUA_NINJA_AFTERIMAGE"
  },
  {
    "id": "ninja_scroll_typhoon",
    "type": "TOOL",
    "category": "tools",
    "name": "竜巻の術の巻物",
    "description": "竜巻の術の巻物...に偽装した、新発想の掃除機です。竜巻を起こすことで周囲を*掃除*します。その吸引力は衰えないどころか制御困難なので使用には十分な注意が必要です。",
    "weight": 600,
    "volume": 2,
    "price": 200000,
    "bashing": 1,
    "material": [ "paper", "steel", "plastic", "stone" ],
    "symbol": "?",
    "color": "white",
    "ammo": "battery",
    "max_charges": 100,
    "charges_per_use": 100,
    "use_action": "IUSE_LUA_NINJA_TYPHOON"
  },
  {
    "id": "ninja_decoy",
    "type": "TOOL",
    "category": "tools",
    "name": "身代わり人形",
    "description": "木にシャツを着せ、紐を付けて動きを演出できるようにしたものです。頭の悪い連中なら、この人形をあなたと見間違えてスキを見せることでしょう。使用することで設置します。",
    "weight": 5000,
    "volume": 15,
    "price": 1000,
    "bashing": 1,
    "material": [ "wood", "cotton" ],
    "symbol": "@",
    "color": "brown",
    "use_action": {
      "type": "place_monster",
      "monster_id": "mon_ninja_decoy",
      "friendly_msg": "身代わり人形は踊っているように見えます。",
      "hostile_msg": " 身代わり人形を設置しましたが、操り紐は切れてしまいました。",
      "difficulty": 1,
      "moves": 30,
      "place_randomly": false,
      "skill1": "survival"
    }
  },
  {
    "id": "ninja_suit",
    "type": "ARMOR",
    "category": "armor",
    "name": "黒装束",
    "description" : "忍者といえばこの服です。黒は闇夜に紛れるには逆に目立つため、実際の忍者は枯葉色の装束を身につけていました。",
    "weight": 2500,
    "volume": 20,
    "price": 70000,
    "material": [ "cotton", "leather" ],
    "symbol": "[",
    "color": "black",
    "covers": [ "LEGS", "TORSO", "ARMS" ],
    "coverage": 100,
    "encumbrance": 14,
    "storage": 15,
    "warmth": 8,
    "material_thickness": 2,
    "environmental_protection": 2,
    "flags": [ "VARSIZE" ]
  },
  {
    "id": "ninja_suit_survivor",
    "type": "ARMOR",
    "category": "armor",
    "name": "サバイバーニンジャスーツ",
    "description" : "黒装束を現代の素材で補強しました。古来より、主人公の装束は赤と決まっています。",
    "weight": 4800,
    "volume": 20,
    "price": 140000,
    "material": [ "kevlar", "cotton", "leather", "steel" ],
    "symbol": "[",
    "color": "red",
    "covers": [ "LEGS", "TORSO", "ARMS" ],
    "coverage": 100,
    "encumbrance": 18,
    "storage": 18,
    "warmth": 8,
    "material_thickness": 3,
    "environmental_protection": 4,
    "use_action": {
      "type": "holster",
      "max_volume": 2,
      "draw_cost": 10,
      "skills": [ "pistol", "rifle", "launcher" ]
    },
    "flags": [ "VARSIZE", "RAINPROOF", "STURDY", "POCKETS", "FANCY" ]
  },
  {
    "id": "ninja_hood",
    "type": "ARMOR",
    "category": "armor",
    "name": "黒頭巾",
    "description": "忍者の被っていた頭巾、鉢金、面頬のセットです。",
    "weight": 600,
    "volume": 8,
    "price": 30000,
    "to_hit": -1,
    "bashing": 10,
    "material": [ "cotton", "leather", "steel" ],
    "symbol": "[",
    "color": "black",
    "covers": [ "HEAD", "MOUTH" ],
    "coverage": 100,
    "encumbrance": 14,
    "warmth": 8,
    "material_thickness": 2,
    "environmental_protection": 1,
    "flags": [ "VARSIZE" ]
  },
  {
    "id": "ninja_hood_survivor",
    "type": "ARMOR",
    "category": "armor",
    "name": "サバイバーニンジャフード",
    "description" : "黒頭巾を現代の素材で補強しました。小型化したガスマスク、自由に遮光できる二重構造のゴーグルを付けてあります。面頬には「忍」「殺」の二文字が彫り込まれています。",
    "weight": 700,
    "volume": 8,
    "price": 60000,
    "to_hit": -1,
    "bashing": 10,
    "material": [ "kevlar", "cotton", "leather", "steel", "plastic" ],
    "symbol": "[",
    "color": "red",
    "covers": [ "HEAD", "EYES", "MOUTH" ],
    "coverage": 100,
    "encumbrance": 18,
    "warmth": 8,
    "material_thickness": 3,
    "environmental_protection": 15,
    "qualities": [ [ "GLARE", 2 ] ],
    "flags": [ "VARSIZE", "STURDY", "RAINPROOF", "SUN_GLASSES", "FLASH_PROTECTION", "FANCY" ]
  },
  {
    "id": "ninja_chainmail",
    "type": "ARMOR",
    "category": "armor",
    "name": "鎖帷子(忍者)",
    "description" : "忍者が戦闘用に身に着けていた鉄鎖製の肌着です。重く、扱いにくいですが、防刃性能に優れています。",
    "weight": 4800,
    "volume": 12,
    "price": 50000,
    "material": [ "steel" ],
    "symbol": "[",
    "color": "light_gray",
    "covers": [ "TORSO" ],
    "coverage": 85,
    "encumbrance": 26,
    "storage": 0,
    "warmth": 5,
    "material_thickness": 2,
    "environmental_protection": 0,
    "flags": [ "VARSIZE", "STURDY", "SKINTIGHT" ]
  },
  {
    "id": "ninja_chainmail_survivor",
    "type": "ARMOR",
    "category": "armor",
    "name": "サバイバーニンジャアーマー",
    "description" : "ケブラープレートと超合金で出来た軽量なボディアーマーです。忍者らしい軽快な動作を妨げないように作られています。",
    "weight": 3200,
    "volume": 12,
    "price": 100000,
    "material": [ "kevlar", "superalloy" ],
    "symbol": "[",
    "color": "light_gray",
    "covers": [ "TORSO" ],
    "coverage": 100,
    "encumbrance": 16,
    "storage": 0,
    "warmth": 5,
    "material_thickness": 2,
    "environmental_protection": 0,
    "flags": [ "VARSIZE", "STURDY", "SKINTIGHT" ]
  },
  {
    "id": "ninja_gloves",
    "type": "ARMOR",
    "category": "armor",
    "name": "手甲(忍者)",
    "description" : "忍者が戦闘用に身に着けていた篭手です。鉄のプレートで補強されていて頑丈です。指先の動作を妨げません。",
    "weight": 300,
    "volume": 5,
    "price": 30000,
    "material": [ "cotton", "steel" ],
    "symbol": "[",
    "color": "black",
    "covers": [ "HANDS" ],
    "coverage": 100,
    "encumbrance": 14,
    "storage": 0,
    "warmth": 8,
    "material_thickness": 2,
    "environmental_protection": 0,
    "flags": [ "VARSIZE", "STURDY" ]
  },
  {
    "id": "ninja_gloves_survivor",
    "type": "ARMOR",
    "category": "armor",
    "name": "サバイバーニンジャグローブ",
    "description" : "手甲を現代の素材で強化しました。金属製ナックルを撃ちこむ機能...を付けようかと思いましたが、思いとどまりました。",
    "weight": 320,
    "volume": 5,
    "price": 60000,
    "material": [ "kevlar", "cotton", "leather", "steel" ],
    "symbol": "[",
    "color": "red",
    "covers": [ "HANDS" ],
    "coverage": 100,
    "encumbrance": 18,
    "storage": 0,
    "warmth": 8,
    "material_thickness": 2,
    "environmental_protection": 4,
    "flags": [ "VARSIZE", "STURDY", "RAINPROOF", "FANCY" ]
  },
  {
    "id": "ninja_shoes",
    "type": "ARMOR",
    "category": "armor",
    "name": "足袋(忍者)",
    "description" : "足袋は靴下に靴底を付けたような日本の靴の一種で、これは忍者が用いていたものを再現したものです。",
    "weight": 300,
    "volume": 8,
    "price": 20000,
    "material": [ "cotton" ],
    "symbol": "[",
    "color": "black",
    "covers": [ "FEET" ],
    "coverage": 100,
    "encumbrance": 14,
    "storage": 0,
    "warmth": 8,
    "material_thickness": 2,
    "environmental_protection": 0,
    "flags": [ "VARSIZE", "STURDY" ]
  },
  {
    "id": "ninja_boots_survivor",
    "type": "ARMOR",
    "category": "armor",
    "name": "サバイバーニンジャブーツ",
    "description" : "足袋を現代の素材で強化しました。あらゆる環境で軽快な動作を続けるための工夫がしてあります。その分、防刃・防弾性能は犠牲になりました。",
    "weight": 780,
    "volume": 8,
    "price": 90000,
    "material": [ "kevlar", "cotton", "leather", "steel", "plastic", "nomex" ],
    "symbol": "[",
    "color": "red",
    "covers": [ "FEET" ],
    "coverage": 100,
    "encumbrance": 12,
    "storage": 0,
    "warmth": 8,
    "material_thickness": 2,
    "environmental_protection": 18,
    "use_action": {
      "type": "holster",
      "holster_prompt": "Sheath knife",
      "holster_msg": "You sheath your %s",
      "max_volume": 1,
      "draw_cost": 80,
      "multi": 2,
      "flags": [ "SHEATH_KNIFE" ]
    },
    "flags": [ "VARSIZE", "STURDY", "RAINPROOF", "FANCY" ]
  },
  {
    "id": "ninja_ration",
    "type": "COMESTIBLE",
    "comestible_type": "FOOD",
    "name": "飢渇丸",
    "name_plural": "飢渇丸",
    "description" : "日本の忍者のレーションです。穀類、野草、[企業秘密]などを練って丸めたもので、携帯性に優れています。え？味？...戦場に味は必要ないですよ。",
    "weight": 10,
    "volume": 1,
    "price": 100,
    "material": [ "veggy", "wheat", "egg", "flesh" ],
    "symbol": "%",
    "color": "black",
    "charges": 5,
    "nutrition": 56,
    "quench": -2,
    "healthy": 2,
    "fun": -30
  },
  {
    "id": "ninja_tengu_mask",
    "type": "ARMOR",
    "category": "armor",
    "name": "天狗の面",
    "//": "no covers.",
    "description" : "天狗は日本の想像上の生き物で、山岳信仰と深い関わりがあります。この面はその天狗の顔を模した工芸品で、かなりの年代物のようです。",
    "weight": 500,
    "volume": 8,
    "price": 300000,
    "to_hit": -1,
    "bashing": 10,
    "material": [ "wood" ],
    "symbol": "[",
    "color": "red",
    "coverage": 0,
    "encumbrance": 0,
    "warmth": 0,
    "material_thickness": 0,
    "environmental_protection": 0,
    "artifact_data": { "effects_worn": [ "AEP_STR_UP", "AEP_INT_DOWN", "AEP_HUNGER", "AEP_THIRST" ] },
    "flags": [ "FANCY" ]
  },
  {
    "id": "ninja_jetpack",
    "type": "TOOL_ARMOR",
    "category": "armor",
    "name": "ジェットパック",
    "description" : "背負式ジェットパックです。ロケット燃料が必要ですが、飛行することで高速移動が可能です。出力を強くしすぎると、おしりを火傷してしまうため家屋の二階には届きません。",
    "weight": 6400,
    "volume": 15,
    "price": 200000,
    "to_hit": -1,
    "bashing": 10,
    "material": [ "steel" ],
    "symbol": "[",
    "color": "gray",
    "ammo": "ammo_type_ninja_jet_fuel",
    "initial_charges": 0,
    "max_charges": 50,
    "charges_per_use": 0,
    "covers": [ "TORSO" ],
    "coverage": 50,
    "encumbrance": 20,
    "warmth": 0,
    "material_thickness": 1,
    "environmental_protection": 0,
    "use_action": {
      "target": "ninja_jetpack_on",
      "msg": "ジェットパックを動かしました。",
      "active": true,
      "need_charges": 1,
      "need_charges_msg": "ジェットパックを動かすにはロケット燃料が必要です。",
      "type": "transform"
    },
    "flags": [ "STURDY", "RAINPROOF", "BELTED", "FANCY" ]
  },
  {
    "id": "ninja_jetpack_on",
    "type": "TOOL_ARMOR",
    "category": "armor",
    "name": "ジェットパック(オン)",
    "description" : "背負式ジェットパックです。ロケット燃料が必要ですが、飛行することで高速移動が可能です。出力を強くしすぎると、おしりを火傷してしまうため家屋の二階には届きません。",
    "weight": 6400,
    "volume": 15,
    "price": 200000,
    "to_hit": -1,
    "bashing": 10,
    "material": [ "steel" ],
    "symbol": "[",
    "color": "gray",
    "ammo": "ammo_type_ninja_jet_fuel",
    "initial_charges": 0,
    "max_charges": 50,
    "turns_per_charge": 30,
    "revert_to": "ninja_jetpack",
    "covers": [ "TORSO" ],
    "coverage": 50,
    "encumbrance": 20,
    "warmth": 0,
    "material_thickness": 1,
    "environmental_protection": 0,
    "artifact_data": { "effects_worn": [ "AEP_SPEED_UP", "AEP_SPEED_UP" ] },
    "use_action": {
      "target": "ninja_jetpack",
      "msg": "ジェットパックを止めました。",
      "active": false,
      "type": "transform"
    },
    "flags": [ "STURDY", "RAINPROOF", "BELTED", "FANCY", "TRADER_AVOID" ]
  },
  {
    "id": "ninja_gun_ay893",
    "copy-from": "pistol_base",
    "type": "GUN",
    "name": "ハンドガン/AY89-3",
    "description": "あろうことか\"AY(オートマチック・ヤクザ)\"とナンバリングされたマシンピストルです。その威圧的な大きさと重量に見合う凶暴な攻撃性を持っています。生体部品連動インターフェースを搭載するなど設計が奇抜で、特に8連射・9連射・3連射の変則点射モードは\"意味が不明\"と酷評されました。グロックの9mm弾倉を使用します。",
    "weight": 2893,
    "volume": 4,
    "price": 89300,
    "to_hit": -2,
    "bashing": 8,
    "material": [ "steel", "plastic" ],
    "symbol": "(",
    "color": "red",
    "ammo": "9mm",
    "range": 2,
    "ranged_damage": 1,
    "pierce": 1,
    "dispersion": 255,
    "sight_dispersion": 105,
    "recoil": 60,
    "durability": 9,
    "modes": [
      ["AUTO", "8連射", 8],
      ["BURST", "9連射", 9],
      ["DEFAULT", "3連射", 3 ]
    ],
    "magazine_well": 1,
    "magazines": [
      [ "9mm", [ "glockbigmag" ] ],
      [ "9mm", [ "glockmag" ] ]
    ],
    "flags": [ "DURABLE_MELEE" ]
  }
]
