[
  {
    "id": "NC_NINJA_HIGH",
    "type": "npc_class",
    "name": "High Ninja",
    "job_description": "I'm a master of martial arts.",
    "bonus_str": { "rng": [ 4, 5 ] },
    "bonus_dex": { "rng": [ 3, 5 ] },
    "bonus_per": { "rng": [ 3, 5 ] },
    "skills": [
      { "skill": "dodge", "level": { "sum": [ { "constant": 4 }, { "rng": [ 1, 3 ] } ] } },
      { "skill": "melee", "level": { "sum": [ { "constant": 4 }, { "rng": [ 1, 3 ] } ] } },
      { "skill": "unarmed", "level": { "sum": [ { "constant": 2 }, { "rng": [ 1, 3 ] } ] } },
      { "skill": "gun", "level": { "sum": [ { "constant": 5 }, { "rng": [ 1, 4 ] } ] } },
      { "skill": "pistol", "level": { "sum": [ { "constant": 4 }, { "rng": [ 1, 5 ] } ] } },
      { "skill": "rifle", "level": { "sum": [ { "constant": 4 }, { "rng": [ 1, 5 ] } ] } },
      { "skill": "shotgun", "level": { "sum": [ { "constant": 4 }, { "rng": [ 1, 5 ] } ] } },
      { "skill": "smg", "level": { "sum": [ { "constant": 4 }, { "rng": [ 1, 5 ] } ] } }
    ],
    "//": "[carry_override]/[worn_override] these implementation is fucking yet.",
    "//": "[weapon_override] can't to be selected weapons that match the skill. fuck!",
    "traits": [ [ "NIGHTVISION", 100 ], [ "PARKOUR", 100 ], [ "PSYCHOPATH", 100 ] ]
  },
  {
    "id": "ninja_npc_high_ninja",
    "type": "npc",
    "name+": ", HIGH NINJA",
    "class": "NC_NINJA_HIGH",
    "attitude": 10,
    "//": "NPCATT_KILL",
    "mission": 7,
    "chat": "TALK_STRANGER_AGGRESSIVE",
    "faction": "ninja_ninja_clan"
  },
  {
    "id": "ninja_npc_high_ninja_blaze",
    "type": "npc",
    "name+": "Ignite 'Blaze', HIGH NINJA",
    "gender": "female",
    "class": "NC_NINJA_HIGH",
    "attitude": 8,
    "//": "NPCATT_MUG",
    "mission": 7,
    "chat": "TALK_STRANGER_AGGRESSIVE",
    "faction": "ninja_ninja_clan"
  },
  {
    "type": "item_group",
    "id": "NC_NINJA_HIGH_misc",
    "items": [
      { "item": "electrohack", "prob": 5, "charges": [ 100, 100 ] },
      { "item": "ninja_shuriken", "prob": 20 },
      { "item": "picklocks", "prob": 5 },
      { "item": "1st_aid", "prob": 5 },
      { "item": "can_beans", "prob": 5 },
      { "item": "dry_meat", "prob": 5 },
      { "item": "dry_veggy", "prob": 5 },
      { "item": "salt", "prob": 5 },
      { "item": "holybook_kojiki", "prob": 5 },
      { "item": "ninja_map_cosplaypt", "prob": 5 },
      { "item": "ninja_note", "prob": 5 },
      { "item": "ninja_ration", "prob": 5 }
    ]
  },
  {
    "type": "item_group",
    "id": "NC_NINJA_HIGH_shirt_male",
    "items": [ { "item": "ninja_chainmail", "prob": 100 } ]
  },
  {
    "type": "item_group",
    "id": "NC_NINJA_HIGH_shirt_female",
    "items": [ { "item": "ninja_chainmail", "prob": 100 } ]
  },
  {
    "type": "item_group",
    "id": "NC_NINJA_HIGH_pants_male",
    "items": [ { "item": "boxer_shorts", "prob": 100 } ]
  },
  {
    "type": "item_group",
    "id": "NC_NINJA_HIGH_pants_female",
    "items": [ { "item": "panties", "prob": 100 } ]
  },
  {
    "type": "item_group",
    "id": "NC_NINJA_HIGH_shoes",
    "items": [ { "item": "ninja_shoes", "prob": 100 } ]
  },
  {
    "type": "item_group",
    "id": "NC_NINJA_HIGH_coat",
    "items": [ { "item": "ninja_suit", "prob": 100 } ]
  },
  {
    "type": "item_group",
    "id": "NC_NINJA_HIGH_gloves",
    "items": [ { "item": "ninja_gloves", "prob": 100 } ]
  },
  {
    "type": "item_group",
    "id": "NC_NINJA_HIGH_masks",
    "items": [ { "item": "bandana", "prob": 50 } ]
  },
  {
    "type": "item_group",
    "id": "NC_NINJA_HIGH_extra",
    "items": [ { "item": "survivor_runner_pack", "prob": 100 } ]
  },
  {
    "type": "item_group",
    "id": "NC_NINJA_HIGH_eyes",
    "items": [ { "item": "null", "prob": 100 } ]
  },
  {
    "type": "item_group",
    "id": "NC_NINJA_HIGH_hat",
    "items": [ { "item": "ninja_hood", "prob": 50 } ]
  },
  {
    "type": "item_group",
    "id": "NC_NINJA_HIGH_throw",
    "items": [ { "item": "ninja_shuriken", "prob": 100 } ]
  },
  {
    "type": "item_group",
    "id": "NC_NINJA_HIGH_bashing",
    "items": [ { "item": "ninja_nunchuk", "prob": 100 } ]
  },
  {
    "type": "item_group",
    "id": "NC_NINJA_HIGH_cutting",
    "items": [ { "item": "ninja_kusari_gama", "prob": 100 } ]
  },
  {
    "type": "item_group",
    "id": "NC_NINJA_HIGH_stabbing",
    "items": [ { "item": "knife_rm42", "prob": 100 } ]
  },
  {
    "type": "item_group",
    "id": "NC_NINJA_HIGH_archery",
    "items": [ { "item": "rep_crossbow", "prob": 100 } ]
  },
  {
    "type": "item_group",
    "id": "NC_NINJA_HIGH_pistol",
    "items": [ { "item": "l_sp_9mm", "prob": 100 } ]
  },
  {
    "type": "item_group",
    "id": "NC_NINJA_HIGH_smg",
    "items": [ { "item": "rm2000_smg", "prob": 100 } ]
  },
  {
    "type": "item_group",
    "id": "NC_NINJA_HIGH_rifle",
    "items": [ { "item": "rm11b_sniper_rifle", "prob": 100 } ]
  },
  {
    "type": "item_group",
    "id": "NC_NINJA_HIGH_shotgun",
    "items": [ { "item": "saiga_12", "prob": 100 } ]
  }
]
