[
  {
    "id": "ninja_ninja_clan",
    "type": "faction",
    "name": "Ninja",
    "likes_u": -25,
    "respects_u": -25,
    "known_by_u": false,
    "size": 10,
    "power": 100,
    "combat_ability": 120,
    "food_supply": 500000,
    "wealth": 5000000,
    "good": -1,
    "strength": 1,
    "sneak": 1,
    "crime": 1,
    "cult": -1,
    "description": "Ninja doesn't belong anywhere. They are never get a monarch, but has been well organized. their purpose is unknown, they're trying to eliminate others."
  }
]
