[
  {
    "result": "ninja_katana",
    "type": "recipe",
    "category": "CC_WEAPON",
    "subcategory": "CSC_WEAPON_CUTTING",
    "skill_used": "fabrication",
    "difficulty": 8,
    "time": 450000,
    "reversible": false,
    "autolearn": false,
    "book_learn": [ [ "textbook_weapeast", 8 ] ],
    "qualities": [
      { "id": "HAMMER", "level": 3 },
      { "id": "CHISEL", "level": 3 }
    ],
    "tools": [
      [ [ "tongs", -1 ] ],
      [ [ "anvil", -1 ] ],
      [ [ "swage", -1 ] ],
      [ [ "forge", 400 ], [ "oxy_torch", 80 ] ]
    ],
    "components": [
      [ [ "steel_lump", 2 ], [ "steel_chunk", 4 ], [ "scrap", 20 ] ],
      [ [ "2x4", 2 ], [ "stick", 4 ] ],
      [ [ "fur", 2 ], [ "leather", 2 ] ]
    ]
  },
  {
    "result": "ninja_kusari_gama",
    "type": "recipe",
    "category": "CC_WEAPON",
    "subcategory": "CSC_WEAPON_CUTTING",
    "skill_used": "fabrication",
    "difficulty": 8,
    "time": 240000,
    "reversible": false,
    "autolearn": false,
    "book_learn": [ [ "textbook_weapeast", 8 ] ],
    "qualities": [
      { "id": "HAMMER", "level": 3 },
      { "id": "CHISEL", "level": 3 }
    ],
    "tools": [
      [ [ "tongs", -1 ] ],
      [ [ "anvil", -1 ] ],
      [ [ "swage", -1 ] ],
      [ [ "forge", 200 ], [ "oxy_torch", 50 ] ]
    ],
    "components": [
      [ [ "steel_lump", 1 ], [ "steel_chunk", 2 ], [ "scrap", 10 ] ],
      [ [ "2x4", 2 ], [ "stick", 4 ] ],
      [ [ "chain", 1 ] ],
      [ [ "fur", 2 ], [ "leather", 2 ] ]
    ]
  },
  {
    "result": "ninja_nunchuk",
    "type": "recipe",
    "category": "CC_WEAPON",
    "subcategory": "CSC_WEAPON_BASHING",
    "skill_used": "fabrication",
    "difficulty": 5,
    "time": 220000,
    "reversible": false,
    "autolearn": false,
    "book_learn": [ [ "textbook_weapeast", 8 ] ],
    "qualities": [
      { "id": "HAMMER", "level": 3 },
      { "id": "CHISEL", "level": 3 }
    ],
    "tools": [
      [ [ "tongs", -1 ] ],
      [ [ "anvil", -1 ] ],
      [ [ "swage", -1 ] ],
      [ [ "forge", 150 ], [ "oxy_torch", 30 ] ]
    ],
    "components": [
      [ [ "steel_lump", 1 ], [ "steel_chunk", 2 ], [ "scrap", 10 ] ],
      [ [ "chain", 1 ] ],
      [ [ "fur", 2 ], [ "leather", 2 ] ]
    ]
  },
  {
    "result": "ninja_shuriken_star",
    "type": "recipe",
    "category": "CC_WEAPON",
    "subcategory": "CSC_WEAPON_CUTTING",
    "skill_used": "fabrication",
    "difficulty": 6,
    "time": 50000,
    "reversible": false,
    "autolearn": false,
    "book_learn": [ [ "manual_knives", 4 ], [ "recipe_melee", 5 ], [ "textbook_weapeast", 8 ] ],
    "qualities": [
      { "id": "HAMMER", "level": 3 },
      { "id": "CHISEL", "level": 3 }
    ],
    "tools": [
      [ [ "tongs", -1 ] ],
      [ [ "anvil", -1 ] ],
      [ [ "swage", -1 ] ],
      [ [ "forge", 300 ], [ "oxy_torch", 60 ] ]
    ],
    "components": [ [ [ "steel_lump", 1 ], [ "steel_chunk", 4 ], [ "scrap", 12 ] ] ]
  },
  {
    "result": "ninja_shuriken",
    "type": "recipe",
    "category": "CC_WEAPON",
    "subcategory": "CSC_WEAPON_CUTTING",
    "skill_used": "fabrication",
    "difficulty": 6,
    "time": 50000,
    "reversible": false,
    "autolearn": false,
    "book_learn": [ [ "manual_knives", 4 ], [ "recipe_melee", 5 ], [ "textbook_weapeast", 8 ] ],
    "qualities": [
      { "id": "HAMMER", "level": 3 },
      { "id": "CHISEL", "level": 3 }
    ],
    "tools": [
      [ [ "tongs", -1 ] ],
      [ [ "anvil", -1 ] ],
      [ [ "swage", -1 ] ],
      [ [ "forge", 300 ], [ "oxy_torch", 60 ] ]
    ],
    "components": [ [ [ "steel_lump", 1 ], [ "steel_chunk", 4 ], [ "scrap", 12 ] ] ]
  },
  {
    "result": "ninja_shuriken_paper",
    "type": "recipe",
    "category": "CC_WEAPON",
    "subcategory": "CSC_WEAPON_CUTTING",
    "skill_used": "fabrication",
    "difficulty": 1,
    "time": 600,
    "reversible": false,
    "autolearn": true,
    "components": [ [ [ "paper", 10 ] ] ]
  },
  {
    "result": "ninja_scroll_lightning",
    "type": "recipe",
    "category": "CC_WEAPON",
    "subcategory": "CSC_WEAPON_RANGED",
    "skill_used": "electronics",
    "difficulty": 6,
    "skills_required": [ "fabrication", 5 ],
    "time": 75000,
    "reversible": false,
    "book_learn": [ [ "advanced_electronics", 6 ], [ "recipe_lab_elec", 6 ] ],
    "qualities": [ { "id": "SCREW_FINE", "level": 1 } ],
    "tools": [ [ [ "soldering_iron", 20 ], [ "toolset", 20 ] ] ],
    "components": [
      [ [ "amplifier", 2 ] ],
      [ [ "power_supply", 2 ] ],
      [ [ "scrap", 4 ] ],
      [ [ "can_drink_unsealed", 1 ], [ "can_food_unsealed", 1 ], [ "can_drink", 1 ], [ "can_food", 1 ] ],
      [ [ "cable", 5 ] ],
      [ [ "paper", 4 ] ],
      [ [ "string_6", 6 ], [ "string_36", 1 ] ]
    ]
  },
  {
    "result": "ninja_scroll_fire",
    "type": "recipe",
    "category": "CC_WEAPON",
    "subcategory": "CSC_WEAPON_RANGED",
    "skill_used": "mechanics",
    "difficulty": 6,
    "skills_required": [ "fabrication", 5 ],
    "time": 50000,
    "reversible": false,
    "book_learn": [ [ "advanced_electronics", 6 ], [ "recipe_lab_elec", 6 ] ],
    "qualities": [ { "id": "SCREW_FINE", "level": 1 } ],
    "tools": [ [ [ "soldering_iron", 20 ], [ "toolset", 20 ] ] ],
    "components": [
      [ [ "hose", 1 ] ],
      [ [ "spray_can", 1 ] ],
      [ [ "scrap", 4 ] ],
      [ [ "paper", 4 ] ],
      [ [ "string_6", 6 ], [ "string_36", 1 ] ],
      [ [ "lighter", 1 ] ]
    ]
  },
  {
    "result": "ninja_scroll_afterimage",
    "type": "recipe",
    "category": "CC_OTHER",
    "subcategory": "CSC_OTHER_TOOLS",
    "skill_used": "electronics",
    "difficulty": 6,
    "skills_required": [ "fabrication", 5 ],
    "time": 125000,
    "reversible": false,
    "book_learn": [ [ "advanced_electronics", 6 ], [ "recipe_lab_elec", 6 ] ],
    "qualities": [ { "id": "SCREW_FINE", "level": 1 } ],
    "tools": [ [ [ "soldering_iron", 20 ], [ "toolset", 20 ] ] ],
    "components": [
      [ [ "hose", 1 ] ],
      [ [ "processor", 1 ] ],
      [ [ "RAM", 1 ] ],
      [ [ "power_supply", 1 ] ],
      [ [ "amplifier", 1 ] ],
      [ [ "lens", 1 ] ],
      [ [ "can_drink_unsealed", 1 ], [ "can_food_unsealed", 1 ], [ "can_drink", 1 ], [ "can_food", 1 ] ],
      [ [ "cable", 1 ] ],
      [ [ "paper", 4 ] ],
      [ [ "string_6", 6 ], [ "string_36", 1 ] ]
    ]
  },
  {
    "result": "ninja_scroll_typhoon",
    "type": "recipe",
    "category": "CC_OTHER",
    "subcategory": "CSC_OTHER_TOOLS",
    "skill_used": "electronics",
    "difficulty": 6,
    "skills_required": [ "fabrication", 5 ],
    "time": 125000,
    "reversible": false,
    "book_learn": [ [ "advanced_electronics", 6 ], [ "recipe_lab_elec", 6 ] ],
    "qualities": [
      { "id": "SCREW_FINE", "level": 1 },
      { "id": "HAMMER", "level": 1 },
      { "id": "CHISEL", "level": 1 }
    ],
    "tools": [ [ [ "soldering_iron", 20 ], [ "toolset", 20 ] ] ],
    "components": [
      [ [ "spiral_stone", 2 ] ],
      [ [ "vortex_stone", 1 ] ],
      [ [ "fan", 1 ] ],
      [ [ "power_supply", 1 ] ],
      [ [ "amplifier", 1 ] ],
      [ [ "can_drink_unsealed", 1 ], [ "can_food_unsealed", 1 ], [ "can_drink", 1 ], [ "can_food", 1 ] ],
      [ [ "cable", 1 ] ],
      [ [ "paper", 4 ] ],
      [ [ "string_6", 6 ], [ "string_36", 1 ] ]
    ]
  },
  {
    "result": "ninja_decoy",
    "type": "recipe",
    "category": "CC_OTHER",
    "subcategory": "CSC_OTHER_TRAPS",
    "skill_used": "fabrication",
    "difficulty": 1,
    "time": 10000,
    "reversible": false,
    "book_learn": [ [ "mag_survival", 1 ], [ "textbook_survival", 1 ], [ "survival_book", 1 ], [ "pocket_survival", 1 ] ],
    "components": [
      [ [ "rag", 4 ], [ "tshirt", 1 ], [ "flag_shirt", 1 ], [ "linuxtshirt", 1 ], [ "tshirt_text", 1 ] ],
      [ [ "string_6", 6 ], [ "string_36", 1 ] ],
      [ [ "2x4", 4 ] ]
    ]
  },
  {
    "result": "ninja_suit",
    "type": "recipe",
    "category": "CC_ARMOR",
    "subcategory": "CSC_ARMOR_SUIT",
    "skill_used": "tailor",
    "difficulty": 4,
    "skills_required": [ "tailor", 3 ],
    "time": 28000,
    "reversible": false,
    "autolearn": false,
    "book_learn": [ [ "textbook_tailor", 4 ], [ "manual_tailor", 5 ], [ "tailor_portfolio", 4 ] ],
    "using": [ [ "filament", 80 ] ],
    "qualities": [
      { "id": "CUT", "level": 1 },
      { "id": "SEW", "level": 1 }
    ],
    "components": [
      [ [ "rag", 30 ] ],
      [ [ "leather", 5 ], [ "tanned_hide", 1 ] ],
      [ [ "ragpouch", 4 ], [ "leather_pouch", 2 ], [ "dump_pouch", 1 ], [ "purse", 2 ], [ "fanny", 2 ] ]
    ]
  },
  {
    "result": "ninja_suit_survivor",
    "type": "recipe",
    "category": "CC_ARMOR",
    "subcategory": "CSC_ARMOR_SUIT",
    "skill_used": "tailor",
    "difficulty": 7,
    "skills_required": [ "fabrication", 6 ],
    "time": 320000,
    "reversible": false,
    "autolearn": true,
    "using": [ [ "filament", 100 ] ],
    "qualities": [
      { "id": "CUT", "level": 1 },
      { "id": "SEW", "level": 1 }
    ],
    "tools": [ [ [ "welder", 40 ], [ "soldering_iron", 40 ], [ "toolset", 40 ] ] ],
    "components": [
      [ [ "ninja_suit", 1 ] ],
      [ [ "coat_rain", 1 ] ],
      [ [ "rag", 10 ] ],
      [ [ "leather", 5 ], [ "tanned_hide", 1 ] ],
      [ [ "kevlar", 1 ], [ "modularvest", 1 ], [ "kevlar_plate", 12 ] ],
      [ [ "scrap", 4 ] ],
      [ [ "duct_tape", 150 ] ]
    ]
  },
  {
    "result": "ninja_hood",
    "type": "recipe",
    "category": "CC_ARMOR",
    "subcategory": "CSC_ARMOR_HEAD",
    "skill_used": "tailor",
    "difficulty": 4,
    "skills_required": [ "tailor", 3 ],
    "time": 10000,
    "reversible": false,
    "autolearn": false,
    "book_learn": [ [ "textbook_tailor", 4 ], [ "manual_tailor", 5 ], [ "tailor_portfolio", 4 ] ],
    "using": [ [ "filament", 30 ] ],
    "qualities": [
      { "id": "CUT", "level": 1 },
      { "id": "SEW", "level": 1 }
    ],
    "tools": [ [ [ "welder", 20 ], [ "soldering_iron", 20 ], [ "toolset", 20 ] ] ],
    "components": [
      [ [ "rag", 2 ] ],
      [ [ "leather", 5 ], [ "tanned_hide", 1 ] ],
      [ [ "scrap", 4 ] ]
    ]
  },
  {
    "result": "ninja_hood_survivor",
    "type": "recipe",
    "category": "CC_ARMOR",
    "subcategory": "CSC_ARMOR_HEAD",
    "skill_used": "tailor",
    "difficulty": 7,
    "skills_required": [ "fabrication", 6 ],
    "time": 75000,
    "reversible": false,
    "autolearn": true,
    "using": [ [ "filament", 80 ] ],
    "qualities": [
      { "id": "CUT", "level": 1 },
      { "id": "SEW", "level": 1 }
    ],
    "tools": [ [ [ "welder", 40 ], [ "soldering_iron", 40 ], [ "toolset", 40 ] ] ],
    "components": [
      [ [ "ninja_hood", 1 ] ],
      [ [ "goggles_welding", 1 ] ],
      [ [ "goggles_ski", 1 ], [ "sunglasses", 1 ], [ "fancy_sunglasses", 1 ], [ "fitover_sunglasses", 1 ] ],
      [ [ "mask_filter", 2 ], [ "mask_gas", 1 ], [ "mask_bunker", 1 ] ],
      [ [ "plastic_chunk", 4 ] ],
      [ [ "rag", 5 ] ],
      [ [ "leather", 5 ], [ "tanned_hide", 1 ] ],
      [ [ "kevlar", 1 ], [ "kevlar_plate", 6 ] ],
      [ [ "scrap", 4 ] ],
      [ [ "duct_tape", 50 ] ]
    ]
  },
  {
    "result": "ninja_chainmail",
    "type": "recipe",
    "category": "CC_ARMOR",
    "subcategory": "CSC_ARMOR_TORSO",
    "skill_used": "fabrication",
    "difficulty": 5,
    "skills_required": [ "tailor", 3 ],
    "time": 80000,
    "reversible": false,
    "autolearn": false,
    "book_learn": [ [ "textbook_tailor", 4 ], [ "manual_tailor", 5 ], [ "tailor_portfolio", 4 ] ],
    "qualities": [ { "id": "CUT", "level": 1 } ],
    "tools": [ [ [ "welder", 20 ], [ "soldering_iron", 20 ], [ "toolset", 20 ] ] ],
    "components": [
      [ [ "wire", 20 ] ],
      [ [ "scrap", 2 ] ]
    ]
  },
  {
    "result": "ninja_chainmail_survivor",
    "type": "recipe",
    "category": "CC_ARMOR",
    "subcategory": "CSC_ARMOR_TORSO",
    "skill_used": "fabrication",
    "difficulty": 7,
    "skills_required": [ "tailor", 6 ],
    "time": 160000,
    "reversible": false,
    "autolearn": false,
    "book_learn": [ [ "textbook_tailor", 4 ], [ "manual_tailor", 5 ], [ "tailor_portfolio", 4 ] ],
    "qualities": [ { "id": "CUT", "level": 1 } ],
    "tools": [ [ [ "welder", 100 ], [ "toolset", 100 ] ] ],
    "components": [
      [ [ "ninja_chainmail", 1 ] ],
      [ [ "alloy_plate", 2 ] ],
      [ [ "kevlar_plate", 4 ] ]
    ]
  },
  {
    "result": "ninja_gloves",
    "type": "recipe",
    "category": "CC_ARMOR",
    "subcategory": "CSC_ARMOR_HANDS",
    "skill_used": "tailor",
    "difficulty": 4,
    "skills_required": [ "tailor", 3 ],
    "time": 10000,
    "reversible": false,
    "autolearn": false,
    "book_learn": [ [ "textbook_tailor", 4 ], [ "manual_tailor", 5 ], [ "tailor_portfolio", 4 ] ],
    "using": [ [ "filament", 30 ] ],
    "qualities": [
      { "id": "CUT", "level": 1 },
      { "id": "SEW", "level": 1 }
    ],
    "tools": [ [ [ "welder", 20 ], [ "soldering_iron", 20 ], [ "toolset", 20 ] ] ],
    "components": [
      [ [ "rag", 2 ] ],
      [ [ "leather", 5 ], [ "tanned_hide", 1 ] ],
      [ [ "scrap", 2 ] ]
    ]
  },
  {
    "result": "ninja_gloves_survivor",
    "type": "recipe",
    "category": "CC_ARMOR",
    "subcategory": "CSC_ARMOR_HANDS",
    "skill_used": "tailor",
    "difficulty": 7,
    "skills_required": [ "fabrication", 6 ],
    "time": 100000,
    "reversible": false,
    "autolearn": true,
    "using": [ [ "filament", 80 ] ],
    "qualities": [
      { "id": "CUT", "level": 1 },
      { "id": "SEW", "level": 1 }
    ],
    "tools": [ [ [ "welder", 40 ], [ "soldering_iron", 40 ], [ "toolset", 40 ] ] ],
    "components": [
      [ [ "ninja_gloves", 1 ] ],
      [ [ "rag", 2 ] ],
      [ [ "leather", 5 ], [ "tanned_hide", 1 ] ],
      [ [ "kevlar_plate", 3 ] ],
      [ [ "scrap", 2 ] ],
      [ [ "duct_tape", 50 ] ]
    ]
  },
  {
    "result": "ninja_shoes",
    "type": "recipe",
    "category": "CC_ARMOR",
    "subcategory": "CSC_ARMOR_FEET",
    "skill_used": "tailor",
    "difficulty": 4,
    "skills_required": [ "tailor", 3 ],
    "time": 10000,
    "reversible": false,
    "autolearn": false,
    "book_learn": [ [ "textbook_tailor", 4 ], [ "manual_tailor", 5 ], [ "tailor_portfolio", 4 ] ],
    "using": [ [ "filament", 30 ] ],
    "qualities": [
      { "id": "CUT", "level": 1 },
      { "id": "SEW", "level": 1 }
    ],
    "tools": [ [ [ "welder", 20 ], [ "soldering_iron", 20 ], [ "toolset", 20 ] ] ],
    "components": [ [ [ "rag", 4 ] ] ]
  },
  {
    "result": "ninja_boots_survivor",
    "type": "recipe",
    "category": "CC_ARMOR",
    "subcategory": "CSC_ARMOR_FEET",
    "skill_used": "tailor",
    "difficulty": 7,
    "skills_required": [ "fabrication", 6 ],
    "time": 120000,
    "reversible": false,
    "autolearn": true,
    "using": [ [ "filament", 80 ] ],
    "qualities": [
      { "id": "CUT", "level": 1 },
      { "id": "SEW", "level": 1 }
    ],
    "tools": [ [ [ "welder", 40 ], [ "soldering_iron", 40 ], [ "toolset", 40 ] ] ],
    "components": [
      [ [ "ninja_shoes", 1 ] ],
      [ [ "boots_rubber", 1 ] ],
      [ [ "leather", 5 ], [ "tanned_hide", 1 ] ],
      [ [ "kevlar_plate", 2 ] ],
      [ [ "plastic_chunk", 2 ] ],
      [ [ "nomex", 2 ] ],
      [ [ "scrap", 2 ] ],
      [ [ "duct_tape", 50 ] ]
    ]
  },
  {
    "result": "ninja_jetpack",
    "type": "recipe",
    "category": "CC_ARMOR",
    "subcategory": "CSC_ARMOR_TORSO",
    "skill_used": "mechanics",
    "difficulty": 7,
    "skills_required": [ "fabrication", 6 ],
    "time": 360000,
    "reversible": false,
    "book_learn": [ [ "textbook_mechanics", 7 ], [ "textbook_fabrication", 7 ] ],
    "qualities": [
      { "id": "HAMMER", "level": 2 },
      { "id": "SCREW", "level": 1 },
      { "id": "WRENCH", "level": 1 },
      { "id": "GLARE", "level": 2 }
    ],
    "tools": [ [ [ "oxy_torch", 100 ], [ "welder", 100 ], [ "welder_crude", 100 ], [ "toolset", 100 ] ] ],
    "components": [
      [ [ "leather", 5 ], [ "tanned_hide", 1 ] ],
      [ [ "plastic_chunk", 2 ] ],
      [ [ "scrap", 2 ] ],
      [ [ "steel_plate", 2 ], [ "sheet_metal", 8 ] ],
      [ [ "pilot_light", 2 ] ],
      [ [ "spray_can", 2 ] ]
    ]
  },
  {
    "result": "ninja_ration",
    "type": "recipe",
    "category": "CC_FOOD",
    "subcategory": "CSC_FOOD_DRY",
    "skill_used": "cooking",
    "difficulty": 2,
    "time": 5000,
    "batch_time_factors": [ 67, 5 ],
    "reversible": false,
    "book_learn": [ [ "mag_survival", 1 ], [ "textbook_survival", 1 ], [ "survival_book", 1 ], [ "pocket_survival", 1 ] ],
    "qualities": [ { "id": "COOK", "level": 2 } ],
    "tools": [
      [ [ "hotplate", 2 ], [ "toolset", 2 ], [ "fire", -1 ] ],
      [ [ "dehydrator", 25 ], [ "char_smoker", 25 ] ],
      [ [ "rock_quern", -1 ], [ "clay_quern", -1 ] ]
    ],
    "components": [
      [ [ "water", 1 ], [ "water_clean", 1 ] ],
      [ [ "wheat", 2 ], [ "buckwheat", 2 ], [ "barley", 2 ], [ "acorns_cooked", 2 ], [ "oats", 2 ], [ "starch", 2 ], [ "dry_rice", 2 ] ],
      [ [ "celery", 1 ], [ "irradiated_celery", 1 ], [ "cabbage", 1 ], [ "irradiated_cabbage", 1 ], [ "carrot", 1 ], [ "irradiated_carrot", 1 ], [ "veggy_wild", 1 ], [ "veggy", 1 ], [ "rehydrated_veggy", 1 ] ],
      [ [ "powder_eggs", 25 ], [ "egg_bird", 3 ], [ "egg_reptile", 3 ], [ "spider_egg", 1 ], [ "ant_egg", 1 ] ],
      [ [ "dry_meat", 1 ], [ "jerky", 1 ], [ "dry_fish", 1 ], [ "fish_smoked", 1 ], [ "cheese", 1 ], [ "cheese_hard", 1 ] ],
      [ [ "cooking_oil", 1 ], [ "tallow", 1 ], [ "lard", 1 ] ],
      [ [ "soysauce", 1 ], [ "salt", 10 ], [ "seasoning_salt", 10 ] ],
      [ [ "sugar", 10 ], [ "honeycomb", 1 ], [ "honey_bottled", 1 ], [ "honey_glassed", 1 ], [ "syrup", 1 ] ]
    ]
  },
  {
    "result": "ninja_tatami_aisle",
    "type": "recipe",
    "category": "CC_OTHER",
    "subcategory": "CSC_OTHER_PARTS",
    "skill_used": "fabrication",
    "difficulty": 2,
    "time": 10000,
    "reversible": true,
    "autolearn": true,
    "using": [ [ "filament", 30 ] ],
    "qualities": [
      { "id": "CUT", "level": 1 },
      { "id": "SEW", "level": 1 }
    ],
    "components": [
      [ [ "sheet_metal", 1 ] ],
      [ [ "2x4", 2 ] ],
      [ [ "straw_pile", 8 ] ],
      [ [ "rag", 4 ] ],
      [ [ "string_36", 2 ] ]
    ]
  }
]
