[
  {
    "id": "ninja_map_cosplaypt",
    "type": "GENERIC",
    "category": "books",
    "name": "地図(コスプレパーティ会場)",
    "description": "特殊な趣味の人々が集まって*パーティ*を開きました。その会場の地図です。",
    "weight": 30,
    "volume": 1,
    "price": 100,
    "to_hit": -1,
    "material": "paper",
    "symbol": ";",
    "color": "white",
    "use_action": {
      "type": "reveal_map",
      "radius": 180,
      "terrain": [ "dojo", "Ninja Tower" ],
      "message": "パーティ会場をマップに書き込みました。"
    }
  },
  {
    "id": "ninja_note",
    "type": "GENERIC",
    "category": "books",
    "name": "忍者の書付",
    "name_plural": "忍者の書付",
    "description": "忍者のメモです。互いの連絡事項や辞世の句を書くのに使います。字は墨で書かれています。",
    "weight": 1,
    "volume": 0,
    "price": 0,
    "material": "paper",
    "symbol": ",",
    "color": "white",
    "snippet_category": "ninja_snippet_note"
  }
]
