[
  {
    "id": "ninja_shuriken_smg",
    "type": "GUN",
    "name": "サブマシンガン(手裏剣)",
    "description": "コイルガンを改造した装置です。手裏剣を連続発射できます。使用するには車両に搭載すべきでしょう。",
    "weight": 12000,
    "volume": 21,
    "price": 110000,
    "to_hit": -1,
    "bashing": 12,
    "material": [ "steel", "plastic" ],
    "symbol": "(",
    "color": "dark_gray",
    "ammo": "ammo_type_ninja_shuriken",
    "skill": "smg",
    "range": 12,
    "ranged_damage": 10,
    "pierce": 20,
    "dispersion": 0,
    "sight_dispersion": 150,
    "recoil": 0,
    "durability": 8,
    "burst": 5,
    "clip_size": 50,
    "reload": 250,
    "valid_mod_locations": [],
    "ammo_effects": [ "SHOT" ],
    "flags": [ "NEVER_JAMS", "NO_RELOAD" ]
  },
  {
    "id": "ninja_shuriken_smg",
    "copy-from": "turret",
    "type": "vehicle_part",
    "name": "車載/サブマシンガン(手裏剣)",
    "item": "ninja_shuriken_smg",
    "color": "blue",
    "broken_color": "blue",
    "difficulty": 5,
    "durability": 200,
    "folded_volume": 19,
    "breaks_into": [
      { "item": "scrap", "count": [ 8, 12 ] },
      { "item": "cable", "charges": [ 12, 40 ] },
      { "item": "e_scrap", "count": [ 6, 20 ] },
      { "item": "plastic_chunk", "count": [ 0, 4 ] },
      { "item": "steel_lump", "count": [ 1, 2 ] },
      { "item": "steel_chunk", "count": [ 1, 2 ] }
    ],
    "flags": [ "CARGO", "FOLDABLE", "BATTERY_MOUNT" ]
  },
  {
    "id": "ninja_vp_tatami",
    "type": "vehicle_part",
    "name": "通路(畳)",
    "item": "straw_pile",
    "location": "center",
    "symbol": "#",
    "broken_symbol": "#",
    "color": "brown",
    "broken_color": "brown",
    "difficulty": 2,
    "durability": 200,
    "breaks_into": [
      { "item": "sheet_metal", "count": [ 1, 1 ] },
      { "item": "straw_pile", "count": [ 5, 8 ] },
      { "item": "rag", "count": [ 2, 4 ] },
      { "item": "string_36", "count": [ 1, 2 ] }
    ],
    "flags": [ "AISLE", "BED", "BOARDABLE" ]
  },
  {
    "id": "ninja_tatami_aisle",
    "type": "GENERIC",
    "name": "通路(畳)",
    "description": "畳は日本古来の床材です。とても涼しげで落ち着きます。この畳は車両の床として設置出来ます。",
    "weight": 4000,
    "volume": 12,
    "price": 5000,
    "material": [ "wood", "steel" ],
    "symbol": "#",
    "color": "brown"
  },
  {
    "id": "ninja_tatami_aisle",
    "type": "vehicle_part",
    "name": "通路(畳)",
    "item": "ninja_tatami_aisle",
    "location": "center",
    "symbol": "#",
    "broken_symbol": "#",
    "color": "brown",
    "broken_color": "brown",
    "difficulty": 2,
    "durability": 200,
    "breaks_into": [
      { "item": "sheet_metal", "count": [ 1, 1 ] },
      { "item": "straw_pile", "count": [ 5, 8 ] },
      { "item": "rag", "count": [ 2, 4 ] },
      { "item": "string_36", "count": [ 1, 2 ] }
    ],
    "flags": [ "AISLE", "BOARDABLE" ]
  }
]
