[
  {
    "id": "mon_ninja_decoy",
    "type": "MONSTER",
    "name": "身代わり人形",
    "description": "木にシャツを着せ、紐を付けて動きを演出出来るようにしたものです。床に設置されています。",
    "default_faction": "player",
    "species": [ "ROBOT" ],
    "diff": 10,
    "size": "MEDIUM",
    "hp": 300,
    "speed": 10,
    "material": [ "wood", "cotton" ],
    "symbol": "@",
    "color": "brown",
    "aggression": 0,
    "morale": 0,
    "armor_bash": 1,
    "armor_cut": 1,
    "luminance": 0,
    "death_drops": { "groups": [ [ "ninja_decoy", 10 ] ] },
    "death_function": [ "DISAPPEAR" ],
    "flags": [ "SEES", "NOHEAD", "IMMOBILE", "NO_BREATHE" ]
  },
  {
    "id": "ninja_decoy",
    "type": "item_group",
    "subtype": "collection",
    "entries": [
      { "item": "2x4", "prob": 80, "count": 4 },
      { "item": "rag", "prob": 80, "count": 4 },
      { "item": "string_36", "prob": 80, "count": 1 }
    ]
  },
  {
    "id": "mon_ninja_afterimage",
    "type": "MONSTER",
    "name": "残像",
    "description": "ゴシゴシ...。これは、残像...！",
    "default_faction": "player",
    "species": [ "ROBOT" ],
    "diff": 0,
    "size": "MEDIUM",
    "hp": 1,
    "speed": 100,
    "material": [ "powder" ],
    "symbol": "@",
    "color": "dark_gray",
    "aggression": 0,
    "morale": 100,
    "melee_skill": 0,
    "melee_dice": 0,
    "melee_dice_sides": 0,
    "melee_cut": 0,
    "dodge": 3,
    "armor_bash": 0,
    "armor_cut": 0,
    "special_attacks": [ [ "DISAPPEAR", 80 ] ],
    "death_function": [ "DISAPPEAR" ],
    "flags": [ "NO_BREATHE" ]
  },
  {
    "id": "mon_ninja_spring_floor",
    "type": "MONSTER",
    "name": "スプリングフロア",
    "description": "床型の防衛用ロボットです。跳ね上がって侵入者を弾き飛ばします。\"殺害しない防衛方法\"として考案されたにも関わらず、飛ばした先に残虐な罠を仕掛けるユーザーが後を絶たず、非人道的であるとして製造が禁止されました。",
    "default_faction": "defense_bot",
    "species": [ "ROBOT" ],
    "diff": 10,
    "size": "MEDIUM",
    "hp": 60,
    "speed": 100,
    "material": [ "steel" ],
    "symbol": "r",
    "color": "blue",
    "aggression": 100,
    "morale": 100,
    "melee_skill": 10,
    "melee_dice": 8,
    "melee_dice_sides": 3,
    "melee_cut": 0,
    "dodge": 0,
    "armor_bash": 5,
    "armor_cut": 5,
    "vision_day": 5,
    "vision_night": 5,
    "luminance": 0,
    "special_attacks": [ [ "SMASH", 10 ] ],
    "death_drops": {
      "groups": [
        [ "robots", 4 ],
        [ "secubot", 1 ]
      ]
    },
    "death_function": [ "EXPLODE" ],
    "flags": [ "SEES", "NOHEAD", "IMMOBILE", "NO_BREATHE", "NIGHT_INVISIBILITY" ],
    "//": "cool down 10."
  }
]
