[
  {
    "id": "NC_NINJA_LOWER",
    "type": "npc_class",
    "name": "Ninja",
    "job_description": "I'm a wandering master of martial arts.",
    "bonus_str": { "rng": [ 3, 5 ] },
    "bonus_dex": { "rng": [ 1, 3 ] },
    "bonus_per": { "rng": [ 1, 3 ] },
    "skills": [
      { "skill": "dodge", "level": { "sum": [ { "constant": 2 }, { "rng": [ 1, 3 ] } ] } },
      { "skill": "melee", "level": { "sum": [ { "constant": 2 }, { "rng": [ 1, 3 ] } ] } },
      { "skill": "unarmed", "level": { "sum": [ { "constant": 2 }, { "rng": [ 1, 3 ] } ] } },
      { "skill": "bashing", "level": { "sum": [ { "constant": 3 }, { "rng": [ 1, 5 ] } ] } },
      { "skill": "cutting", "level": { "sum": [ { "constant": 3 }, { "rng": [ 1, 5 ] } ] } },
      { "skill": "stabbing", "level": { "sum": [ { "constant": 3 }, { "rng": [ 1, 5 ] } ] } },
      { "skill": "throw", "level": { "sum": [ { "constant": 3 }, { "rng": [ 1, 5 ] } ] } }
    ],
    "//": "[carry_override]/[worn_override] these implementation is fucking yet.",
    "//": "[weapon_override] can't to be selected weapons that match the skill. fuck!",
    "traits": [ [ "NIGHTVISION", 50 ], [ "PARKOUR", 50 ], [ "PSYCHOPATH", 50 ] ]
  },
  {
    "id": "ninja_npc_ninja",
    "type": "npc",
    "name+": ", NINJA",
    "class": "NC_NINJA_LOWER",
    "attitude": 10,
    "//": "NPCATT_KILL",
    "mission": 7,
    "chat": "TALK_STRANGER_AGGRESSIVE",
    "faction": "ninja_ninja_clan"
  },
  {
    "type": "item_group",
    "id": "NC_NINJA_LOWER_misc",
    "items": [
      { "item": "electrohack", "prob": 5, "charges": [ 100, 100 ] },
      { "item": "ninja_shuriken_star", "prob": 10 },
      { "item": "picklocks", "prob": 5 },
      { "item": "1st_aid", "prob": 5 },
      { "item": "can_beans", "prob": 5 },
      { "item": "dry_meat", "prob": 5 },
      { "item": "dry_veggy", "prob": 5 },
      { "item": "salt", "prob": 5 },
      { "item": "holybook_kojiki", "prob": 5 },
      { "item": "ninja_map_cosplaypt", "prob": 5 },
      { "item": "ninja_note", "prob": 5 },
      { "item": "ninja_ration", "prob": 5 }
    ]
  },
  {
    "type": "item_group",
    "id": "NC_NINJA_LOWER_shirt_male",
    "items": [ { "item": "ninja_chainmail", "prob": 100 } ]
  },
  {
    "type": "item_group",
    "id": "NC_NINJA_LOWER_shirt_female",
    "items": [ { "item": "ninja_chainmail", "prob": 100 } ]
  },
  {
    "type": "item_group",
    "id": "NC_NINJA_LOWER_pants_male",
    "items": [ { "item": "boxer_shorts", "prob": 100 } ]
  },
  {
    "type": "item_group",
    "id": "NC_NINJA_LOWER_pants_female",
    "items": [ { "item": "panties", "prob": 100 } ]
  },
  {
    "type": "item_group",
    "id": "NC_NINJA_LOWER_shoes",
    "items": [ { "item": "ninja_shoes", "prob": 100 } ]
  },
  {
    "type": "item_group",
    "id": "NC_NINJA_LOWER_coat",
    "items": [ { "item": "ninja_suit", "prob": 100 } ]
  },
  {
    "type": "item_group",
    "id": "NC_NINJA_LOWER_gloves",
    "items": [ { "item": "ninja_gloves", "prob": 100 } ]
  },
  {
    "type": "item_group",
    "id": "NC_NINJA_LOWER_masks",
    "items": [ { "item": "bandana", "prob": 50 } ]
  },
  {
    "type": "item_group",
    "id": "NC_NINJA_LOWER_extra",
    "items": [ { "item": "runner_bag", "prob": 100 } ]
  },
  {
    "type": "item_group",
    "id": "NC_NINJA_LOWER_eyes",
    "items": [ { "item": "null", "prob": 100 } ]
  },
  {
    "type": "item_group",
    "id": "NC_NINJA_LOWER_hat",
    "items": [ { "item": "ninja_hood", "prob": 50 } ]
  },
  {
    "type": "item_group",
    "id": "NC_NINJA_LOWER_throw",
    "items": [ { "item": "ninja_shuriken", "prob": 100 } ]
  },
  {
    "type": "item_group",
    "id": "NC_NINJA_LOWER_bashing",
    "items": [ { "item": "ninja_nunchuk", "prob": 100 } ]
  },
  {
    "type": "item_group",
    "id": "NC_NINJA_LOWER_cutting",
    "items": [ { "item": "ninja_kusari_gama", "prob": 100 } ]
  },
  {
    "type": "item_group",
    "id": "NC_NINJA_LOWER_stabbing",
    "items": [ { "item": "knife_rm42", "prob": 100 } ]
  },
  {
    "type": "item_group",
    "id": "NC_NINJA_LOWER_pistol",
    "items": [ { "group": "guns_pistol_common", "prob": 100 } ]
  },
  {
    "type": "item_group",
    "id": "NC_NINJA_LOWER_smg",
    "items": [ { "group": "guns_smg_common", "prob": 100 } ]
  },
  {
    "type": "item_group",
    "id": "NC_NINJA_LOWER_rifle",
    "items": [ { "group": "guns_rifle_common", "prob": 100 } ]
  },
  {
    "type": "item_group",
    "id": "NC_NINJA_LOWER_shotgun",
    "items": [ { "group": "guns_shotgun_common", "prob": 100 } ]
  }
]
