[
  {
    "id": "ninja_rare_enagy",
    "type": "item_group",
    "items": [
      { "item": "plasma", "prob": 20 },
      { "item": "plut_cell", "prob": 80 }
    ]
  },
  {
    "id": "ninja_rare_chem",
    "type": "item_group",
    "items": [
      { "item": "napalm", "prob": 20, "container-item": "jug_plastic", "charges-min": 3750, "charges-max": 3750 },
      { "item": "gas_chloramine", "prob": 20, "container-item": "jug_plastic", "charges-min": 1500, "charges-max": 1500 },
      { "item": "chem_rocket_fuel", "prob": 60 }
    ]
  },
  {
    "id": "ninja_rare_vparts",
    "type": "item_group",
    "items": [
      { "item": "generator_7500w", "prob": 40 },
      { "item": "battery_atomic", "prob": 40 },
      { "item": "minireactor", "prob": 20 },
      { "item": "solar_panel_v3", "prob": 20 }
    ]
  },
  {
    "id": "ninja_rare_ammo",
    "type": "item_group",
    "items": [
      { "item": "12mm", "prob": 10 },
      { "item": "700nx", "prob": 20 },
      { "item": "44magnum", "prob": 20 },
      { "item": "454_Casull", "prob": 20 },
      { "item": "500_Magnum", "prob": 20 }
    ]
  },
  {
    "id": "ninja_rare_gunmod",
    "type": "item_group",
    "items": [
      { "item": "holo_sight", "prob": 20 },
      { "item": "stabilizer", "prob": 10 },
      { "item": "light_grip", "prob": 10 },
      { "item": "match_trigger", "prob": 10 },
      { "item": "tuned_mechanism", "prob": 10 },
      { "item": "suppressor_compact", "prob": 10 },
      { "item": "rifle_scope", "prob": 10 },
      { "item": "large_repairkit", "prob": 20 }
    ]
  },
  {
    "id": "ninja_rare_gun",
    "type": "item_group",
    "items": [
      { "item": "emp_gun", "prob": 10 },
      { "item": "laser_rifle", "prob": 10 },
      { "item": "plasma_rifle", "prob": 10 },
      { "item": "hk_g80", "prob": 10 },
      { "item": "ninja_gun_ay893", "prob": 10 },
      { "item": "trex_gun", "prob": 10 },
      { "item": "v29", "prob": 20 },
      { "item": "sw_500", "prob": 20 }
    ]
  },
  {
    "id": "ninja_rare_cbm",
    "type": "item_group",
    "items": [
      { "item": "bio_power_storage_mkII", "prob": 20 },
      { "item": "bio_cloak", "prob": 20 },
      { "item": "bio_claws", "prob": 20 },
      { "item": "bio_razors", "prob": 20 },
      { "item": "bio_speed", "prob": 20 },
      { "item": "bio_night_vision", "prob": 20 },
      { "item": "bio_night", "prob": 20 },
      { "item": "bio_shockwave", "prob": 20 },
      { "item": "bio_nanobots", "prob": 10 },
      { "item": "bio_adrenaline", "prob": 10 },
      { "item": "bio_ground_sonar", "prob": 10 },
      { "item": "bio_cable", "prob": 10 },
      { "item": "bio_reactor_upgrade", "prob": 10 },
      { "item": "bio_reactor", "prob": 10 },
      { "item": "bio_heat_absorb", "prob": 10 }
    ]
  },
  {
    "id": "ninja_rare_special",
    "type": "item_group",
    "items": [
      { "item": "plut_cell", "prob": 40 },
      { "item": "spiral_stone", "prob": 15 },
      { "item": "atomic_light", "prob": 10 },
      { "item": "alloy_sheet", "prob": 10 },
      { "item": "alloy_plate", "prob": 10 },
      { "item": "vortex_stone", "prob": 5 },
      { "item": "portal", "prob": 5 },
      { "item": "ninja_tengu_mask", "prob": 5 }
    ]
  }
]
