[
  {
    "type": "vehicle",
    "id": "bt_packrat",
    "name": "Packrat",
    "blueprint": [ [ "x" ], [ "x" ], [ "x" ] ],
    "parts": [
      { "x": 0, "y": 0, "part": "frame_vertical_2" },
      { "x": 0, "y": 1, "part": "frame_vertical_2" },
      { "x": -1, "y": 0, "part": "frame_vertical_2" },
      { "x": -1, "y": 1, "part": "frame_vertical_2" },
      { "x": 1, "y": 0, "part": "frame_cover" },
      { "x": 1, "y": 0, "part": "primitive_armor_half" },
      { "x": 1, "y": 1, "part": "frame_cover" },
      { "x": 0, "y": -1, "part": "frame_sw" },
      { "x": 0, "y": 2, "part": "frame_se" },
      { "x": 0, "y": 0, "part": "wheel_steerable" },
      { "x": 0, "y": 1, "part": "wheel_steerable" },
      { "x": -1, "y": 1, "part": "engine_vtwin" },
      { "x": -1, "y": 0, "part": "engine_vtwin" },
      { "x": 0, "y": 0, "part": "reclining_seat" },
      { "x": 0, "y": 1, "part": "reclining_seat" },
      { "x": -2, "y": 0, "part": "frame_cross" },
      { "x": -1, "y": 2, "part": "frame_cross" },
      { "x": -2, "y": 1, "part": "frame_cross" },
      { "x": -1, "y": -1, "part": "frame_cross" },
      { "x": -1, "y": 0, "part": "tank" },
      { "x": -3, "y": 0, "part": "frame_cross" },
      { "x": -3, "y": 1, "part": "frame_cross" },
      { "x": -4, "y": 1, "part": "frame_cross" },
      { "x": -4, "y": 0, "part": "frame_cross" },
      { "x": -2, "y": 0, "part": "wheel" },
      { "x": -3, "y": 0, "part": "wheel" },
      { "x": -4, "y": 0, "part": "wheel" },
      { "x": -4, "y": 1, "part": "wheel" },
      { "x": -3, "y": 1, "part": "wheel" },
      { "x": -2, "y": 1, "part": "wheel" },
      { "x": -1, "y": 0, "part": "reclining_seat" },
      { "x": -1, "y": 1, "part": "reclining_seat" },
      { "x": -2, "y": 1, "part": "reclining_seat" },
      { "x": -2, "y": 0, "part": "reclining_seat" },
      { "x": -3, "y": 0, "part": "reclining_seat" },
      { "x": 0, "y": 0, "part": "controls" },
      { "x": -1, "y": 1, "part": "battery_car" },
      { "x": -1, "y": 0, "part": "alternator_truck" },
      { "x": -1, "y": 1, "part": "alternator_truck" },
      { "x": -2, "y": -1, "part": "frame_cross" },
      { "x": -2, "y": 2, "part": "frame_cross" },
      { "x": -3, "y": 1, "part": "reclining_seat" },
      { "x": -4, "y": 1, "part": "reclining_seat" },
      { "x": -4, "y": 0, "part": "reclining_seat" },
      { "x": 1, "y": 1, "part": "primitive_armor_half" },
      { "x": -1, "y": -1, "part": "primitive_armor_quart" },
      { "x": -1, "y": 2, "part": "primitive_armor_quart" },
      { "x": -2, "y": 2, "part": "primitive_armor_quart" },
      { "x": -2, "y": -1, "part": "primitive_armor_quart" },
      { "x": -3, "y": -1, "part": "frame_cross" },
      { "x": -3, "y": -1, "part": "primitive_armor_quart" },
      { "x": -3, "y": 2, "part": "frame_cross" },
      { "x": -4, "y": 2, "part": "frame_cross" },
      { "x": -4, "y": -1, "part": "frame_cross" },
      { "x": -5, "y": 0, "part": "frame_sw" },
      { "x": -5, "y": 1, "part": "frame_se" },
      { "x": -3, "y": 2, "part": "primitive_armor_quart" },
      { "x": -4, "y": -1, "part": "primitive_armor_quart" },
      { "x": -5, "y": 0, "part": "primitive_armor_quart" },
      { "x": -5, "y": 1, "part": "primitive_armor_quart" },
      { "x": -4, "y": 2, "part": "primitive_armor_quart" },
      { "x": 0, "y": 2, "part": "primitive_armor_quart" },
      { "x": 0, "y": -1, "part": "primitive_armor_quart" },
      { "x": 0, "y": 0, "part": "turretframe" },
      { "x": 0, "y": 1, "part": "turretframe" },
      { "x": -1, "y": 0, "part": "battery_car" },
      { "x": -1, "y": 1, "part": "tank" },
      { "x": 0, "y": 1, "part": "rac2" },
      { "x": 0, "y": 0, "part": "ac5" }
    ],
    "items": [ { "x": 0, "y": 0, "chance": 40, "items": [ "jack", "primitive_armor_slab", "toolbox" ] } ]
  }
]
