[
  {
    "id": "shell_ac2",
    "type": "AMMO",
    "name": "AC/2 Shell",
    "description": "AC/2 ammo.",
    "weight": 9955,
    "volume": 45,
    "price": 500000,
    "material": [ "steel", "powder" ],
    "symbol": "=",
    "color": "grey",
    "count": 1,
    "stack_size": 45,
    "ammo_type": "shell_ac2",
    "damage": 444,
    "recoil": 130,
    "effects": [ "COOKOFF", "SHOT", "NEVER_MISFIRES" ]
  },{
    "id": "shell_ac5",
    "type": "AMMO",
    "name": "AC/5 Shell",
    "description": "AC/5 ammo.",
    "weight": 10000,
    "volume": 45,
    "price": 500000,
    "material": [ "steel", "powder" ],
    "symbol": "=",
    "color": "grey",
    "count": 1,
    "stack_size": 20,
    "ammo_type": "shell_ac5",
    "damage": 1111,
    "recoil": 325,
    "effects": [ "COOKOFF", "SHOT", "NEVER_MISFIRES" ]
  },{
    "id": "shell_ac10",
    "type": "AMMO",
    "name": "AC/10 Shell",
    "description": "AC/10 ammo.",
    "weight": 20000,
    "volume": 45,
    "price": 500000,
    "material": [ "steel", "powder" ],
    "symbol": "=",
    "color": "grey",
    "count": 1,
    "stack_size": 10,
    "ammo_type": "shell_ac10",
    "damage": 2222,
    "recoil": 450,
    "effects": [ "COOKOFF", "SHOT", "NEVER_MISFIRES" ]
  },{
    "id": "shell_ac20",
    "type": "AMMO",
    "name": "AC/20 Shell",
    "description": "AC/20 ammo.",
    "weight": 40000,
    "volume": 45,
    "price": 500000,
    "material": [ "steel", "powder" ],
    "symbol": "=",
    "color": "grey",
    "count": 1,
    "stack_size": 5,
    "ammo_type": "shell_ac20",
    "damage": 4444,
    "recoil": 450,
    "effects": [ "COOKOFF", "SHOT", "NEVER_MISFIRES" ]
  }
]

