[
  {
    "id": "autocannon_2",
    "type": "GUN",
    "symbol": "/",
    "color": "grey",
    "name": "Autocannon/2",
    "description": "The Autocannon is a direct-fire ballistic weapon, firing HEAP (High-Explosive Armor-Piercing) rounds at targets either singly or in bursts. This one has a rating of 2.",
    "price": 81750000,
    "material": "steel",
    "flags": [ "MOUNTED_GUN" ],
    "skill": "launcher",
    "ammo": "shell_ac2",
    "weight": 5443110,
    "volume": 66,
    "bashing": 314,
    "to_hit": -6,
    "range": 456,
    "dispersion": 24,
    "sight_dispersion": 10,
    "durability": 9,
    "clip_size": 45,
    "reload": 100,
    "loudness": 1340
  },{
    "id": "rotary_autocannon_2",
    "type": "GUN",
    "symbol": "/",
    "color": "grey",
    "name": "Rotary Autocannon/2",
    "description": "Developed in 3062 by the Federated Commonwealth, the Rotary Autocannon/2 is based only loosely on the Autocannon/2. While it has the same bore, it is capable of firing up to six times as many rounds as its standard cousin, allowing it to deal three times the damage of even an Ultra AC/2 (while the Inner Sphere variants suffer from a minor drop to effective range).",
    "price": 81750000,
    "material": "steel",
    "flags": [ "MOUNTED_GUN" ],
    "skill": "launcher",
    "ammo": "shell_ac2",
    "weight": 5443110,
    "volume": 66,
    "bashing": 314,
    "to_hit": -6,
    "range": 342,
    "dispersion": 76,
    "burst": 6,
    "sight_dispersion": 10,
    "durability": 9,
    "clip_size": 45,
    "reload": 100,
    "loudness": 2360
  },{
    "id": "autocannon_5",
    "type": "GUN",
    "symbol": "/",
    "color": "grey",
    "name": "Autocannon/5",
    "description": "The Autocannon is a direct-fire ballistic weapon, firing HEAP (High-Explosive Armor-Piercing) rounds at targets either singly or in bursts. This one has a rating of 5.",
    "price": 81750000,
    "material": "steel",
    "flags": [ "MOUNTED_GUN" ],
    "skill": "launcher",
    "ammo": "shell_ac5",
    "weight": 5443110,
    "volume": 33,
    "bashing": 314,
    "to_hit": -6,
    "range": 342,
    "dispersion": 24,
    "sight_dispersion": 10,
    "durability": 9,
    "clip_size": 20,
    "reload": 100,
    "loudness": 1340
  },{
    "id": "autocannon_10",
    "type": "GUN",
    "symbol": "/",
    "color": "grey",
    "name": "Autocannon/2",
    "description": "The Autocannon is a direct-fire ballistic weapon, firing HEAP (High-Explosive Armor-Piercing) rounds at targets either singly or in bursts. This one has a rating of 10.",
    "price": 81750000,
    "material": "steel",
    "flags": [ "MOUNTED_GUN" ],
    "skill": "launcher",
    "ammo": "shell_ac10",
    "weight": 5443110,
    "volume": 66,
    "bashing": 314,
    "to_hit": -6,
    "range": 380,
    "dispersion": 24,
    "sight_dispersion": 10,
    "durability": 9,
    "clip_size": 10,
    "reload": 100,
    "loudness": 1340
  },{
    "id": "autocannon_20",
    "type": "GUN",
    "symbol": "/",
    "color": "grey",
    "name": "Autocannon/20",
    "description": "The Autocannon is a direct-fire ballistic weapon, firing HEAP (High-Explosive Armor-Piercing) rounds at targets either singly or in bursts. This one has a rating of 20.",
    "price": 81750000,
    "material": "steel",
    "flags": [ "MOUNTED_GUN" ],
    "skill": "launcher",
    "ammo": "shell_ac20",
    "weight": 5443110,
    "volume": 660,
    "bashing": 314,
    "to_hit": -6,
    "range": 171,
    "dispersion": 24,
    "sight_dispersion": 10,
    "durability": 9,
    "clip_size": 5,
    "reload": 100,
    "loudness": 1340
  }
]
