[
  {
    "type" : "snippet",
    "category" : "ninja_snippet_note",
    "text": "どうやら暗号のようで理解できません。しかし、見取り図のようなものが書かれています。\nえ？これは...隠し通路？！"
  },{
    "type" : "snippet",
    "category" : "ninja_snippet_note",
    "text": "忍者の辞世の句です。\n字が汚くて読めませんが。"
  },{
    "type" : "snippet",
    "category" : "ninja_snippet_dojo",
    "text": "               - 抹殺指令 -     \n \n<full_name>\n \n(下手くそな似顔絵が手書きで書かれている...)"
  },{
    "type" : "snippet",
    "category" : "ninja_snippet_kitchen",
    "text": "ボードには様々なレシピが書いてあります。\n...\n黒後家蜘蛛の卵料理にはほとんどマル印が付いています。\nブルーギルの料理にはすべてバツ印が付いています。"
  },{
    "type" : "snippet",
    "category" : "ninja_snippet_tower",
    "text": "         [ニンジャ・エンタープライズ]\n \n            \"邪魔な人物 消します\"\n \n御用の方は受付を済ませてからお入りください。\n武装しての入場は堅くお断り致します。\n \n営業時間：9:00 - 17:00\n定休日  ：土日・祝日"
  },{
    "type" : "snippet",
    "category" : "ninja_snippet_combatroom1",
    "text": "       [戦闘訓練施設]      \n      - 利用上の注意 -\n1.訓練用ゾンビを逃さないこと\n2.罠は元に戻すこと\n3.急ぐと死ぬ"
  },{
    "type" : "snippet",
    "category" : "ninja_snippet_combatroom2",
    "text": " \n  -  開放厳禁 -   \n "

  },{
    "type" : "snippet",
    "category" : "ninja_snippet_const_warn",
    "text": " \n     [危  険]     \n      工事中\n "
  },{
    "type" : "snippet",
    "category" : "ninja_snippet_mansion",
    "text": "                [からくり忍者屋敷]\n \n        * * * 関係者以外 立ち入り禁止 * * *\n \n業者の方はインターホンで係の忍者をお呼びください。 \nむやみに中に入りますと命の保証はありません。\n \n「名勝：忍びの池」の参観は予約制となっております。"
  },{
    "type" : "snippet",
    "category" : "ninja_snippet_blaze_home",
    "text": "Hell-o !\n \n(パンクパンドのポスターがいくつも貼ってある...)"
  },{
    "type" : "snippet",
    "category" : "ninja_snippet_blaze_home",
    "text": "\"明日も働かない\"\n \n(パンクパンドのポスターがいくつも貼ってある...)"
  },{
    "type" : "snippet",
    "category" : "ninja_snippet_lab1",
    "text": "当施設は遺棄することとした。\n中央の装置はコンクリートが用意でき次第、石棺化を再開する。\n \n・職員は資料、物資を本社に移送すること。\n・石棺化が終わるまで装置に近づかないこと。\n・作業の際は防護服を着用すること。\n・異常をきたす職員が発生した場合は速やかに始末すること。\n・研究体が流出する可能性が生じた場合は措置シーケンスに従うこと。\n \n                          - ニンジャ・エンタープライズ 保安部"
  },{
    "type" : "snippet",
    "category" : "ninja_snippet_lab2",
    "text": " \n        - 最終措置シーケンス - \n \n...\n \n(黄色と黒のロゴで全てを察しました...)\n \n              [危  険]\n  開封時は必ず防護服を着用すること！"
  }
]
