[
  {
    "id": "ninja_map_cosplaypt",
    "type": "GENERIC",
    "category": "books",
    "symbol": ";",
    "color": "white",
    "name": "地図(コスプレパーティ会場)",
    "description": "特殊な趣味の人々が集まって*パーティ*を開きました。その会場の地図です。",
    "price": 100,
    "material": "paper",
    "weight": 30,
    "volume": 1,
    "to_hit": -1,
    "use_action": {
      "type": "reveal_map",
      "radius": 180,
      "terrain": ["dojo","Ninja Tower"],
      "message": "パーティ会場をマップに書き込みました。"
    }
  },{
    "id": "ninja_note",
    "type":"GENERIC",
    "category": "books",
    "symbol": ",",
    "color": "white",
    "name": "忍者の書付",
    "plural-name": "忍者の書付",
    "snippet_category": "ninja_snippet_note",
    "description": "忍者のメモです。互いの連絡事項や辞世の句を書くのに使います。字は墨で書かれています。",
    "price": 0,
    "material": "paper",
    "weight": 1,
    "volume": 0
  }
]
