[
  {
    "id" : "ninja_shuriken_star",
    "type":"AMMO",
    "name" : "手裏剣",
    "name_plural" : "手裏剣",
    "description" : "忍者が使用する十字型の小さな刃です。手の内に隠し持ち、相手を牽制するために用いられました。相手を倒すよりも怯ませるための道具です。",
    "color" : "drak gray",
    "symbol" : "+",
    "material" : ["steel"],
    "weight" : 120,
    "price" : 600,
    "volume" : 1,
    "bashing" : 1,
    "cutting" : 9,
    "to_hit" : 2,
    "ammo_type" : "ammo_type_ninja_shuriken",
    "damage" : 14,
    "pierce" : 2,
    "range" : 0,
    "dispersion" : 0,
    "recoil" : 0,
    "count" : 5,
    "qualities": [["CUT", 1], ["BUTCHER", 7]],
    "effects" : ["RECOVER_25"]
  },{
    "id" : "ninja_shuriken",
    "type":"AMMO",
    "name" : "棒手裏剣",
    "name_plural" : "棒手裏剣",
    "description" : "忍者が使用する棒状の手裏剣です。手の内に隠し持ち、相手を牽制するために用いられました。この手裏剣は\"飛苦無(とびくない)\"と呼ばれる種類のもので、達人が用いれば致命的な武器になり得ます。",
    "color" : "drak gray",
    "symbol" : "/",
    "material" : ["steel"],
    "weight" : 160,
    "price" : 700,
    "volume" : 1,
    "bashing" : 2,
    "cutting" : 15,
    "to_hit" : 2,
    "ammo_type" : "ammo_type_ninja_shuriken",
    "damage" : 19,
    "pierce" : 8,
    "range" : 0,
    "dispersion" : 0,
    "recoil" : 0,
    "count" : 3,
    "flags" : ["LENS"],
    "qualities": [["CUT", 1], ["BUTCHER", 7]],
    "effects" : ["RECOVER_25"]
  },{
    "id" : "ninja_shuriken_paper",
    "type":"AMMO",
    "name" : "折り紙手裏剣",
    "name_plural" : "折り紙手裏剣",
    "description" : "忍者ごっこをするときに使う紙で出来た手裏剣です。ニンジャソウルで強化することが出来ればゾンビも倒せるかも知れません。",
    "color" : "white",
    "symbol" : "+",
    "material" : ["paper"],
    "weight" : 0,
    "price" : 100,
    "volume" : 1,
    "bashing" : 1,
    "cutting" : 1,
    "to_hit" : -1,
    "ammo_type" : "ammo_type_ninja_shuriken",
    "damage" : 0,
    "range" : 0,
    "dispersion" : 0,
    "recoil" : 0,
    "count" : 5,
    "effects" : ["RECOVER_1"]
  },{
    "id" : "chem_rocket_fuel",
    "copy-from": "chem_rocket_fuel",
    "type" : "AMMO",
    "category" : "spare_parts",
    "price" : 500,
    "name" : "rocket fuel",
    "name_plural" : "rocket fuel",
    "symbol" : "=",
    "color" : "white",
    "description" : "A chunk of a zinc powder and sulfur mixture, bound together by superglue, that can be used as an impromptu rocket fuel.",
    "material" : "powder",
    "volume" : 1,
    "weight" : 70,
    "bashing" : 1,
    "ammo_type" : "ammo_type_ninja_jet_fuel",
    "damage" : 0,
    "range" : 0,
    "dispersion" : 0,
    "recoil" : 0,
    "count" : 10
   }
]
