[
  {
    "id" : "t_ninja_secret_door_c",
    "type" : "terrain",
    "name": "壁",
    "symbol": "LINE_OXOX",
    "color": "ltgray",
    "move_cost": 0,
    "roof": "t_flat_roof",
    "flags": ["FLAMMABLE", "NOITEM", "SUPPORTS_ROOF", "WALL", "AUTO_WALL_SYMBOL"],
    "open": "t_ninja_secret_door_o",
    "bash": {
      "str_min": 100, "str_max": 300,
      "sound": "smash!",
      "sound_fail": "whump!",
      "ter_set": "t_ninja_secret_door_d",
      "items": [
        {"item": "2x4" , "count":  4, "prob": 40},
        {"item": "rock", "count":  8, "prob": 60},
        {"item": "nail", "count": 10, "prob": 30}
      ]
    }
  },{
    "id" : "t_ninja_secret_door_d",
    "type" : "terrain",
    "name": "損傷した隠し扉(壁)",
    "symbol": "&",
    "color": "ltgray",
    "move_cost": 0,
    "roof": "t_flat_roof",
    "flags": ["TRANSPARENT", "FLAMMABLE_ASH", "NOITEM", "SUPPORTS_ROOF", "REDUCE_SCENT", "BARRICADABLE_DOOR_DAMAGED", "PERMEABLE", "CONNECT_TO_WALL"],
    "bash": {
      "str_min": 100, "str_max": 300,
      "sound": "crash!",
      "sound_fail": "whump!",
      "ter_set": "t_door_frame",
      "items": [
        {"item": "2x4" , "count":  4, "prob": 40},
        {"item": "rock", "count":  8, "prob": 60},
        {"item": "nail", "count": 10, "prob": 30}
      ]
    }
  },{
    "id" : "t_ninja_secret_door_o",
    "type" : "terrain",
    "name": "開いた隠し扉(壁)",
    "symbol": "'",
    "color": "ltgray",
    "move_cost": 2,
    "roof": "t_flat_roof",
    "flags": ["FLAMMABLE_ASH", "TRANSPARENT", "SUPPORTS_ROOF", "FLAT", "BARRICADABLE_DOOR", "CONNECT_TO_WALL", "ROAD"],
    "deconstruct": {
      "ter_set": "t_door_frame",
      "items": [
        {"item": "2x4" , "count":  4, "prob": 40},
        {"item": "rock", "count":  8, "prob": 60},
        {"item": "nail", "count": 10, "prob": 30}
      ]
    },
    "close": "t_ninja_secret_door_c",
    "bash": {
      "str_min": 100, "str_max": 300,
      "sound": "crash!",
      "sound_fail": "whump!",
      "ter_set": "t_door_frame",
      "items": [
        {"item": "2x4" , "count":  4, "prob": 40},
        {"item": "rock", "count":  8, "prob": 60},
        {"item": "nail", "count": 10, "prob": 30}
      ]
    }
  },{
    "id" : "t_ninja_secret_door_metal_c",
    "type" : "terrain",
    "name": "壁(金属)",
    "symbol": "LINE_OXOX",
    "color": "ltgray",
    "move_cost": 0,
    "roof": "t_flat_roof",
    "flags": ["FLAMMABLE", "NOITEM", "SUPPORTS_ROOF", "WALL", "AUTO_WALL_SYMBOL"],
    "open": "t_ninja_secret_door_metal_o",
    "bash": {
      "str_min": 200, "str_max": 600,
      "sound": "metal screeching!",
      "sound_fail": "clang!",
      "ter_set": "t_ninja_secret_door_metal_d",
      "items": [
        {"item": "steel_lump" , "count": [ 1,  4]},
        {"item": "steel_chunk", "count": [ 3, 12]},
        {"item": "scrap"      , "count": [ 9, 36]}
      ]
    }
  },{
    "id" : "t_ninja_secret_door_metal_d",
    "type" : "terrain",
    "name": "壊れた隠し扉(金属)",
    "symbol": "&",
    "color": "ltgray",
    "move_cost": 0,
    "roof": "t_flat_roof",
    "flags": ["TRANSPARENT", "FLAMMABLE_ASH", "NOITEM", "SUPPORTS_ROOF", "REDUCE_SCENT", "BARRICADABLE_DOOR_DAMAGED", "PERMEABLE", "CONNECT_TO_WALL"],
    "bash": {
      "str_min": 200, "str_max": 600,
      "sound": "metal screeching!",
      "sound_fail": "clang!",
      "ter_set": "t_mdoor_frame",
      "items": [
        {"item": "steel_lump" , "count": [ 1,  4]},
        {"item": "steel_chunk", "count": [ 3, 12]},
        {"item": "scrap"      , "count": [ 9, 36]}
      ]
    }
  },{
    "id" : "t_ninja_secret_door_metal_o",
    "type" : "terrain",
    "name": "開いた隠し扉(金属)",
    "symbol": "'",
    "color": "ltgray",
    "move_cost": 2,
    "roof": "t_flat_roof",
    "flags": ["FLAMMABLE_ASH", "TRANSPARENT", "FLAT", "SUPPORTS_ROOF",  "BARRICADABLE_DOOR", "CONNECT_TO_WALL", "ROAD"],
    "deconstruct": {
      "ter_set": "t_mdoor_frame",
      "items": [
        {"item": "steel_lump" , "count": [ 1,  4]},
        {"item": "steel_chunk", "count": [ 3, 12]},
        {"item": "scrap"      , "count": [ 9, 36]}
      ]
    },
    "close": "t_ninja_secret_door_metal_c",
    "bash": {
     "str_min": 200, "str_max": 600,
      "sound": "metal screeching!",
      "sound_fail": "clang!",
      "ter_set": "t_mdoor_frame",
      "items": [
        {"item": "steel_lump" , "count": [ 1,  4]},
        {"item": "steel_chunk", "count": [ 3, 12]},
        {"item": "scrap"      , "count": [ 9, 36]}
      ]
    }
  },{
    "id" : "t_ninja_secret_gate_control",
    "type" : "terrain",
    "name": "壁",
    "symbol": "LINE_OXOX",
    "color": "ltgray",
    "move_cost": 0,
    "roof": "t_flat_roof",
    "flags": ["FLAMMABLE", "NOITEM", "SUPPORTS_ROOF", "WALL", "AUTO_WALL_SYMBOL"],
    "bash": {
      "str_min": 100, "str_max": 300,
      "sound": "smash!",
      "sound_fail": "whump!",
      "ter_set": "t_ninja_secret_door_d",
      "items": [
        {"item": "2x4" , "count":  4, "prob": 40},
        {"item": "rock", "count":  8, "prob": 60},
        {"item": "nail", "count": 10, "prob": 30}
      ]
    },
    "examine_action": "controls_gate"
  },{
    "id" : "t_ninja_secret_wall",
    "type" : "terrain",
    "name": "壁",
    "symbol": "LINE_OXOX",
    "color": "ltgray",
    "move_cost": 0,
    "roof": "t_flat_roof",
    "flags": ["FLAMMABLE", "NOITEM", "SUPPORTS_ROOF", "WALL", "AUTO_WALL_SYMBOL"],
    "bash": {
      "str_min": 100, "str_max": 300,
      "sound": "smash!",
      "sound_fail": "whump!",
      "ter_set": "t_ninja_secret_door_d",
      "items": [
        {"item": "2x4" , "count":  4, "prob": 40},
        {"item": "rock", "count":  8, "prob": 60},
        {"item": "nail", "count": 10, "prob": 30}
      ]
    }
  },{
    "id" : "t_ninja_secret_rock_floor",
    "type" : "terrain",
    "name": "床(岩石)",
    "symbol": ".",
    "color": "ltgray",
    "move_cost": 2,
    "roof": "t_flat_roof",
    "flags": ["TRANSPARENT", "INDOORS", "FLAT", "SUPPORTS_ROOF", "ROAD"],
    "bash": {
      "ter_set": "t_null",
      "str_min": 75,
      "str_max": 400,
      "str_min_supported": 100,
      "bash_below": true
    }
  },{
    "id" : "t_ninja_secret_gate_control_metal",
    "type" : "terrain",
    "name": "壁(金属)",
    "symbol": "LINE_OXOX",
    "color": "ltgray",
    "move_cost": 0,
    "roof": "t_flat_roof",
    "flags": ["FLAMMABLE", "NOITEM", "SUPPORTS_ROOF", "WALL", "AUTO_WALL_SYMBOL"],
    "bash": {
      "str_min": 200, "str_max": 600,
      "sound": "metal screeching!",
      "sound_fail": "clang!",
      "ter_set": "t_ninja_secret_door_metal_d",
      "items": [
        {"item": "steel_lump" , "count": [ 1,  4]},
        {"item": "steel_chunk", "count": [ 3, 12]},
        {"item": "scrap"      , "count": [ 9, 36]}
      ]
    },
    "examine_action": "controls_gate"
  },{
    "id" : "t_ninja_secret_wall_metal",
    "type" : "terrain",
    "name": "壁(金属)",
    "symbol": "LINE_OXOX",
    "color": "ltgray",
    "move_cost": 0,
    "roof": "t_flat_roof",
    "flags": ["FLAMMABLE", "NOITEM", "SUPPORTS_ROOF", "WALL", "AUTO_WALL_SYMBOL"],
    "bash": {
      "str_min": 200, "str_max": 600,
      "sound": "metal screeching!",
      "sound_fail": "clang!",
      "ter_set": "t_ninja_secret_door_metal_d",
      "items": [
        {"item": "steel_lump" , "count": [ 1,  4]},
        {"item": "steel_chunk", "count": [ 3, 12]},
        {"item": "scrap"      , "count": [ 9, 36]}
      ]
    }
  },{
    "id" : "t_ninja_secret_floor",
    "type" : "terrain",
    "name": "床",
    "symbol": ".",
    "color": "ltgray",
    "move_cost": 2,
    "roof": "t_flat_roof",
    "flags": ["TRANSPARENT", "INDOORS", "FLAT", "SUPPORTS_ROOF", "ROAD"],
    "bash": {
      "ter_set": "t_null",
      "str_min": 75,
      "str_max": 400,
      "str_min_supported": 100,
      "bash_below": true
    }
  },{
    "id" : "t_ninja_secret_gate_control_air",
    "type" : "terrain",
    "name": "床",
    "symbol": ".",
    "color": "ltgray",
    "move_cost": 2,
    "roof": "t_flat_roof",
    "flags": ["TRANSPARENT", "INDOORS", "FLAT", "SUPPORTS_ROOF", "ROAD"],
    "bash": {
      "ter_set": "t_null",
      "str_min": 75,
      "str_max": 400,
      "str_min_supported": 100,
      "bash_below": true
    },
    "examine_action": "controls_gate"
  },{
    "id" : "t_ninja_secret_gate_control_water",
    "type" : "terrain",
    "name": "壁",
    "symbol": "LINE_OXOX",
    "color": "ltgray",
    "move_cost": 0,
    "roof": "t_flat_roof",
    "flags": ["FLAMMABLE", "NOITEM", "SUPPORTS_ROOF", "WALL", "AUTO_WALL_SYMBOL"],
    "bash": {
      "str_min": 100, "str_max": 300,
      "sound": "smash!",
      "sound_fail": "whump!",
      "ter_set": "t_ninja_secret_door_d",
      "items": [
        {"item": "2x4" , "count":  4, "prob": 40},
        {"item": "rock", "count":  8, "prob": 60},
        {"item": "nail", "count": 10, "prob": 30}
      ]
    },
    "examine_action": "controls_gate"
  }
]
