[
  {
    "id": "ninja_shuriken_smg",
    "type": "GUN",
    "symbol": "(",
    "color": "dark_gray",
    "name": "サブマシンガン(手裏剣)",
    "description": "コイルガンを改造した装置です。手裏剣を連続発射できます。使用するには車両に搭載すべきでしょう。",
    "price": 110000,
    "material": ["steel", "plastic"],
    "ammo_effects": ["SHOT"],
    "flags": ["NEVER_JAMS", "NO_RELOAD"],
    "skill": "smg",
    "ammo": "ammo_type_ninja_shuriken",
    "weight": 12000,
    "volume": 21,
    "bashing": 12,
    "to_hit": -1,
    "ranged_damage": 10,
    "pierce": 20,
    "range": 12,
    "dispersion": 0,
    "sight_dispersion": 150,
    "aim_speed" : 0,
    "recoil": 0,
    "durability": 8,
    "burst": 5,
    "clip_size": 50,
    "reload": 250,
    "valid_mod_locations": []
  },{
    "type" : "vehicle_part",
    "id" : "ninja_shuriken_smg",
    "name" : "車載/サブマシンガン(手裏剣)",
    "symbol" : "t",
    "color" : "blue",
    "broken_symbol" : "#",
    "broken_color" : "blue",
    "damage_modifier" : 80,
    "durability" : 200,
    "range" : 12,
    "folded_volume": 19,
    "item" : "ninja_shuriken_smg",
    "size" : 20,
    "difficulty" : 5,
    "location" : "on_roof",
    "flags" : ["TURRET", "CARGO", "FOLDABLE", "BATTERY_MOUNT"],
    "breaks_into" : [
        {"item": "scrap"        , "count"  : [ 8, 12]},
        {"item": "cable"        , "charges": [12, 40]},
        {"item": "e_scrap"      , "count"  : [ 6, 20]},
        {"item": "plastic_chunk", "count"  : [ 0,  4]},
        {"item": "steel_lump"   , "count"  : [ 1,  2]},
        {"item": "steel_chunk"  , "count"  : [ 1,  2]}
    ]
  },{
    "id" : "ninja_vp_tatami",
    "type" : "vehicle_part",
    "name" : "通路(畳)",
    "symbol" : "#",
    "color" : "brown",
    "broken_symbol" : "#",
    "broken_color" : "brown",
    "durability" : 200,
    "item" : "straw_pile",
    "difficulty" : 2,
    "location" : "center",
    "flags" : ["AISLE", "BED", "BOARDABLE"],
    "breaks_into": [
      {"item": "sheet_metal", "count": [1, 1]},
      {"item": "straw_pile" , "count": [5, 8]},
      {"item": "rag"        , "count": [2, 4]},
      {"item": "string_36"  , "count": [1, 2]}
    ]
  },{
    "id":"ninja_tatami_aisle",
    "type": "GENERIC",
    "symbol": "#",
    "color": "brown",
    "name": "通路(畳)",
    "description": "畳は日本古来の床材です。とても涼しげで落ち着きます。この畳は車両の床として設置出来ます。",
    "price": 5000,
    "material": ["wood","steel"],
    "weight": 4000,
    "volume": 12
  },{
    "id" : "ninja_tatami_aisle",
    "type" : "vehicle_part",
    "name" : "通路(畳)",
    "symbol" : "#",
    "color" : "brown",
    "broken_symbol" : "#",
    "broken_color" : "brown",
    "durability" : 200,
    "difficulty" : 2,
    "location" : "center",
    "flags" : ["AISLE", "BOARDABLE"],
    "item" : "ninja_tatami_aisle",
    "breaks_into": [
      {"item": "sheet_metal", "count": [1, 1]},
      {"item": "straw_pile" , "count": [5, 8]},
      {"item": "rag"        , "count": [2, 4]},
      {"item": "string_36"  , "count": [1, 2]}
    ]
  }
]
