[
  {
    "id" : "ninja_vehicle_ninja_ZX14",
    "type" : "vehicle",
    "name" : "Kawasaki Ninja ZX14",
    "parts" : [
      {"x":  0, "y": 0, "part": "frame_vertical_2"},
      {"x":  0, "y": 0, "part": "saddle"},
      {"x":  0, "y": 0, "part": "controls"},
      {"x":  0, "y": 0, "part": "vehicle_alarm"},
      {"x":  0, "y": 0, "part": "engine_inline4"},
      {"x":  0, "y": 0, "part": "alternator_motorbike"},
      {"x":  1, "y": 0, "part": "frame_handle"},
      {"x":  1, "y": 0, "part": "headlight"},
      {"x":  1, "y": 0, "part": "tank_small"},
      {"x":  1, "y": 0, "part": "battery_car"},
      {"x":  2, "y": 0, "part": "frame_vertical"},
      {"x":  2, "y": 0, "part": "wheel_motorbike_steerable"},
      {"x": -1, "y": 0, "part": "frame_vertical"},
      {"x": -1, "y": 0, "part": "wheel_motorbike"}
    ]
  },{
    "id" : "ninja_vehicle_ninja_ZX14_custom",
    "type" : "vehicle",
    "name" : "Kawasaki Ninja ZX14 Custom",
    "parts" : [
      {"x":  0, "y": 0, "part": "frame_vertical_2"},
      {"x":  0, "y": 0, "part": "saddle"},
      {"x":  0, "y": 0, "part": "controls"},
      {"x":  0, "y": 0, "part": "vehicle_alarm"},
      {"x":  0, "y": 0, "part": "engine_inline4"},
      {"x":  0, "y": 0, "part": "generator_7500w"},
      {"x":  0, "y": 0, "part": "ninja_shuriken_smg"},
      {"x":  0, "y": 0, "part": "plating_superalloy"},
      {"x":  1, "y": 0, "part": "frame_handle"},
      {"x":  1, "y": 0, "part": "headlight_reinforced"},
      {"x":  1, "y": 0, "part": "tank_small"},
      {"x":  1, "y": 0, "part": "battery_car"},
      {"x":  1, "y": 0, "part": "plating_superalloy"},
      {"x":  2, "y": 0, "part": "frame_vertical"},
      {"x":  2, "y": 0, "part": "wheel_motorbike_steerable"},
      {"x": -1, "y": 0, "part": "frame_vertical"},
      {"x": -1, "y": 0, "part": "wheel_motorbike"}
    ]
  },{
    "id" : "ninja_vehicle_yakata_car",
    "type" : "vehicle",
    "name" : "屋形装甲車",
    "parts" : [
      {"x": -5, "y": -1, "part": "hdframe_horizontal"},
      {"x": -5, "y": -1, "part": "hdboard_horizontal"},
      {"x": -5, "y": -1, "part": "plating_military"},
      {"x": -5, "y": -2, "part": "hdframe_sw"},
      {"x": -5, "y": -2, "part": "hdboard_sw"},
      {"x": -5, "y": -2, "part": "plating_military"},
      {"x": -5, "y": -2, "part": "muffler"},
      {"x": -5, "y": -2, "part": "wheel_armor"},
      {"x": -5, "y":  0, "part": "hdframe_horizontal"},
      {"x": -5, "y":  0, "part": "door_opaque"},
      {"x": -5, "y":  0, "part": "omnicam"},
      {"x": -5, "y":  0, "part": "plating_military"},
      {"x": -5, "y":  1, "part": "hdframe_horizontal"},
      {"x": -5, "y":  1, "part": "hdboard_horizontal"},
      {"x": -5, "y":  1, "part": "plating_military"},
      {"x": -5, "y":  2, "part": "hdframe_se"},
      {"x": -5, "y":  2, "part": "hdboard_se"},
      {"x": -5, "y":  2, "part": "plating_military"},
      {"x": -5, "y":  2, "part": "muffler"},
      {"x": -5, "y":  2, "part": "wheel_armor"},
      {"x": -4, "y": -1, "part": "hdframe_vertical_2"},
      {"x": -4, "y": -1, "part": "ninja_tatami_aisle"},
      {"x": -4, "y": -1, "part": "hdroof"},
      {"x": -4, "y": -2, "part": "hdframe_vertical"},
      {"x": -4, "y": -2, "part": "hdboard_vertical"},
      {"x": -4, "y": -2, "part": "plating_military"},
      {"x": -4, "y": -2, "part": "wheel_armor"},
      {"x": -4, "y":  0, "part": "hdframe_vertical_2"},
      {"x": -4, "y":  0, "part": "lit_aisle_horizontal"},
      {"x": -4, "y":  0, "part": "hdroof"},
      {"x": -4, "y":  1, "part": "hdframe_vertical_2"},
      {"x": -4, "y":  1, "part": "ninja_tatami_aisle"},
      {"x": -4, "y":  1, "part": "hdroof"},
      {"x": -4, "y":  2, "part": "hdframe_vertical"},
      {"x": -4, "y":  2, "part": "hdboard_vertical"},
      {"x": -4, "y":  2, "part": "plating_military"},
      {"x": -4, "y":  2, "part": "wheel_armor"},
      {"x": -3, "y": -1, "part": "hdframe_vertical_2"},
      {"x": -3, "y": -1, "part": "ninja_tatami_aisle"},
      {"x": -3, "y": -1, "part": "hdroof"},
      {"x": -3, "y": -2, "part": "hdframe_vertical"},
      {"x": -3, "y": -2, "part": "hdboard_vertical"},
      {"x": -3, "y": -2, "part": "plating_military"},
      {"x": -3, "y":  0, "part": "hdframe_vertical_2"},
      {"x": -3, "y":  0, "part": "lit_aisle_horizontal"},
      {"x": -3, "y":  0, "part": "hdroof"},
      {"x": -3, "y":  1, "part": "hdframe_vertical_2"},
      {"x": -3, "y":  1, "part": "ninja_tatami_aisle"},
      {"x": -3, "y":  1, "part": "hdroof"},
      {"x": -3, "y":  2, "part": "hdframe_vertical"},
      {"x": -3, "y":  2, "part": "hdboard_vertical"},
      {"x": -3, "y":  2, "part": "plating_military"},
      {"x": -2, "y": -1, "part": "hdframe_vertical_2"},
      {"x": -2, "y": -1, "part": "ninja_tatami_aisle"},
      {"x": -2, "y": -1, "part": "hdroof"},
      {"x": -2, "y": -2, "part": "hdframe_vertical"},
      {"x": -2, "y": -2, "part": "hdboard_vertical"},
      {"x": -2, "y": -2, "part": "plating_military"},
      {"x": -2, "y":  0, "part": "hdframe_vertical_2"},
      {"x": -2, "y":  0, "part": "lit_aisle_horizontal"},
      {"x": -2, "y":  0, "part": "hdroof"},
      {"x": -2, "y":  1, "part": "hdframe_vertical_2"},
      {"x": -2, "y":  1, "part": "ninja_tatami_aisle"},
      {"x": -2, "y":  1, "part": "hdroof"},
      {"x": -2, "y":  2, "part": "hdframe_vertical"},
      {"x": -2, "y":  2, "part": "hdboard_vertical"},
      {"x": -2, "y":  2, "part": "plating_military"},
      {"x": -1, "y": -1, "part": "hdframe_vertical_2"},
      {"x": -1, "y": -1, "part": "ninja_tatami_aisle"},
      {"x": -1, "y": -1, "part": "hdroof"},
      {"x": -1, "y": -2, "part": "hdframe_vertical"},
      {"x": -1, "y": -2, "part": "hdboard_vertical"},
      {"x": -1, "y": -2, "part": "plating_military"},
      {"x": -1, "y":  0, "part": "hdframe_vertical_2"},
      {"x": -1, "y":  0, "part": "lit_aisle_horizontal"},
      {"x": -1, "y":  0, "part": "hdroof"},
      {"x": -1, "y":  1, "part": "hdframe_vertical_2"},
      {"x": -1, "y":  1, "part": "ninja_tatami_aisle"},
      {"x": -1, "y":  1, "part": "hdroof"},
      {"x": -1, "y":  2, "part": "hdframe_vertical"},
      {"x": -1, "y":  2, "part": "hdboard_vertical"},
      {"x": -1, "y":  2, "part": "plating_military"},
      {"x":  0, "y": -1, "part": "hdframe_vertical_2"},
      {"x":  0, "y": -1, "part": "ninja_tatami_aisle"},
      {"x":  0, "y": -1, "part": "hdroof"},
      {"x":  0, "y": -2, "part": "hdframe_vertical"},
      {"x":  0, "y": -2, "part": "hdboard_vertical"},
      {"x":  0, "y": -2, "part": "plating_military"},
      {"x":  0, "y":  0, "part": "hdframe_vertical_2"},
      {"x":  0, "y":  0, "part": "lit_aisle_horizontal"},
      {"x":  0, "y":  0, "part": "hdroof"},
      {"x":  0, "y":  1, "part": "hdframe_vertical_2"},
      {"x":  0, "y":  1, "part": "ninja_tatami_aisle"},
      {"x":  0, "y":  1, "part": "hdroof"},
      {"x":  0, "y":  2, "part": "hdframe_vertical"},
      {"x":  0, "y":  2, "part": "hdboard_vertical"},
      {"x":  0, "y":  2, "part": "plating_military"},
      {"x":  1, "y": -1, "part": "hdframe_vertical_2"},
      {"x":  1, "y": -1, "part": "ninja_tatami_aisle"},
      {"x":  1, "y": -1, "part": "hdroof"},
      {"x":  1, "y": -2, "part": "hdframe_vertical"},
      {"x":  1, "y": -2, "part": "hdboard_vertical"},
      {"x":  1, "y": -2, "part": "plating_military"},
      {"x":  1, "y":  0, "part": "hdframe_vertical_2"},
      {"x":  1, "y":  0, "part": "lit_aisle_horizontal"},
      {"x":  1, "y":  0, "part": "hdroof"},
      {"x":  1, "y":  1, "part": "hdframe_vertical_2"},
      {"x":  1, "y":  1, "part": "ninja_tatami_aisle"},
      {"x":  1, "y":  1, "part": "hdroof"},
      {"x":  1, "y":  2, "part": "hdframe_vertical"},
      {"x":  1, "y":  2, "part": "hdboard_vertical"},
      {"x":  1, "y":  2, "part": "plating_military"},
      {"x":  2, "y": -1, "part": "hdframe_vertical_2"},
      {"x":  2, "y": -1, "part": "ninja_tatami_aisle"},
      {"x":  2, "y": -1, "part": "hdroof"},
      {"x":  2, "y": -2, "part": "hdframe_vertical"},
      {"x":  2, "y": -2, "part": "hdboard_vertical"},
      {"x":  2, "y": -2, "part": "plating_military"},
      {"x":  2, "y": -2, "part": "omnicam"},
      {"x":  2, "y":  0, "part": "hdframe_vertical_2"},
      {"x":  2, "y":  0, "part": "lit_aisle_horizontal"},
      {"x":  2, "y":  0, "part": "hdroof"},
      {"x":  2, "y":  1, "part": "hdframe_vertical_2"},
      {"x":  2, "y":  1, "part": "ninja_tatami_aisle"},
      {"x":  2, "y":  1, "part": "hdroof"},
      {"x":  2, "y":  2, "part": "hdframe_vertical"},
      {"x":  2, "y":  2, "part": "hdboard_vertical"},
      {"x":  2, "y":  2, "part": "plating_military"},
      {"x":  2, "y":  2, "part": "omnicam"},
      {"x":  3, "y": -1, "part": "hdframe_vertical_2"},
      {"x":  3, "y": -1, "part": "seat"},
      {"x":  3, "y": -1, "part": "controls"},
      {"x":  3, "y": -1, "part": "vehicle_clock"},
      {"x":  3, "y": -1, "part": "seatbelt_heavyduty"},
      {"x":  3, "y": -1, "part": "hdroof"},
      {"x":  3, "y": -2, "part": "hdframe_vertical"},
      {"x":  3, "y": -2, "part": "wheel_armor_steerable"},
      {"x":  3, "y": -2, "part": "plating_military"},
      {"x":  3, "y": -2, "part": "door_opaque"},
      {"x":  3, "y":  0, "part": "hdframe_vertical_2"},
      {"x":  3, "y":  0, "part": "lit_aisle_horizontal"},
      {"x":  3, "y":  0, "part": "hdroof"},
      {"x":  3, "y":  0, "part": "diesel_engine_v6"},
      {"x":  3, "y":  0, "part": "battery_car"},
      {"x":  3, "y":  0, "part": "alternator_truck"},
      {"x":  3, "y":  0, "part": "plating_military"},
      {"x":  3, "y":  1, "part": "hdframe_vertical_2"},
      {"x":  3, "y":  1, "part": "cam_control"},
      {"x":  3, "y":  1, "part": "plating_military"},
      {"x":  3, "y":  1, "part": "tank_small"},
      {"x":  3, "y":  1, "part": "seat"},
      {"x":  3, "y":  1, "part": "seatbelt_heavyduty"},
      {"x":  3, "y":  1, "part": "mounted_m134", "ammo": 50},
      {"x":  3, "y":  2, "part": "hdframe_vertical"},
      {"x":  3, "y":  2, "part": "wheel_armor_steerable"},
      {"x":  3, "y":  2, "part": "plating_military"},
      {"x":  3, "y":  2, "part": "door_opaque"},
      {"x":  4, "y": -1, "part": "hdframe_horizontal"},
      {"x":  4, "y": -1, "part": "reinforced_windshield"},
      {"x":  4, "y": -1, "part": "headlight_reinforced"},
      {"x":  4, "y": -1, "part": "plating_military"},
      {"x":  4, "y": -2, "part": "hdframe_nw"},
      {"x":  4, "y": -2, "part": "hdboard_nw"},
      {"x":  4, "y": -2, "part": "plating_military"},
      {"x":  4, "y":  0, "part": "hdframe_horizontal"},
      {"x":  4, "y":  0, "part": "hdboard_ne"},
      {"x":  4, "y":  0, "part": "plating_military"},
      {"x":  4, "y":  1, "part": "hdframe_horizontal"},
      {"x":  4, "y":  1, "part": "hdboard_horizontal"},
      {"x":  4, "y":  1, "part": "headlight_reinforced"},
      {"x":  4, "y":  1, "part": "plating_military"},
      {"x":  4, "y":  2, "part": "hdframe_ne"},
      {"x":  4, "y":  2, "part": "hdboard_ne"},
      {"x":  4, "y":  2, "part": "plating_military"},
      {"x":  5, "y": -1, "part": "hdframe_horizontal"},
      {"x":  5, "y": -1, "part": "hdhalfboard_horizontal"},
      {"x":  5, "y": -1, "part": "plating_military"},
      {"x":  5, "y": -2, "part": "hdframe_nw"},
      {"x":  5, "y": -2, "part": "hdhalfboard_nw"},
      {"x":  5, "y": -2, "part": "plating_military"},
      {"x":  5, "y":  0, "part": "hdframe_horizontal"},
      {"x":  5, "y":  0, "part": "hdhalfboard_horizontal"},
      {"x":  5, "y":  0, "part": "horn_big"},
      {"x":  5, "y":  0, "part": "plating_military"},
      {"x":  5, "y":  1, "part": "hdframe_horizontal"},
      {"x":  5, "y":  1, "part": "hdhalfboard_horizontal"},
      {"x":  5, "y":  1, "part": "plating_military"},
      {"x":  5, "y":  2, "part": "hdframe_ne"},
      {"x":  5, "y":  2, "part": "hdhalfboard_ne"},
      {"x":  5, "y":  2, "part": "plating_military"}
    ]
  },{
    "id" : "ninja_vehicle_house_trailer",
    "type" : "vehicle",
    "name" : "Ignite 'Blaze'のトレーラーハウス",
    "parts" : [
      {"x":  0, "y":  0, "part": "hdframe_vertical_2"},
      {"x":  0, "y":  0, "part": "veh_table_wood"},
      {"x":  0, "y":  0, "part": "battery_car"},
      {"x":  0, "y":  0, "part": "vehicle_clock"},
      {"x":  0, "y":  0, "part": "roof"},
      {"x":  0, "y":  0, "part": "solar_panel"},

      {"x":  0, "y": -1, "part": "hdframe_vertical_2"},
      {"x":  0, "y": -1, "part": "reclining_seat"},
      {"x":  0, "y": -1, "part": "roof"},
      {"x":  0, "y": -1, "part": "solar_panel"},

      {"x":  0, "y":  1, "part": "hdframe_horizontal"},
      {"x":  0, "y":  1, "part": "reclining_seat"},
      {"x":  0, "y":  1, "part": "roof"},

      {"x":  0, "y": -2, "part": "hdframe_horizontal"},
      {"x":  0, "y": -2, "part": "ninja_tatami_aisle"},
      {"x":  0, "y": -2, "part": "roof"},

      {"x":  0, "y":  2, "part": "hdframe_vertical"},
      {"x":  0, "y":  2, "part": "board_vertical"},

      {"x":  0, "y": -3, "part": "hdframe_vertical"},
      {"x":  0, "y": -3, "part": "board_vertical"},

      {"x":  1, "y":  0, "part": "hdframe_horizontal"},
      {"x":  1, "y":  0, "part": "reclining_seat"},
      {"x":  1, "y":  0, "part": "roof"},
      {"x":  1, "y":  0, "part": "solar_panel"},

      {"x":  1, "y": -1, "part": "hdframe_horizontal"},
      {"x":  1, "y": -1, "part": "ninja_tatami_aisle"},
      {"x":  1, "y": -1, "part": "roof"},
      {"x":  1, "y": -1, "part": "solar_panel"},

      {"x":  1, "y":  1, "part": "hdframe_horizontal"},
      {"x":  1, "y":  1, "part": "ninja_tatami_aisle"},
      {"x":  1, "y":  1, "part": "roof"},

      {"x":  1, "y": -2, "part": "hdframe_horizontal"},
      {"x":  1, "y": -2, "part": "ninja_tatami_aisle"},
      {"x":  1, "y": -2, "part": "roof"},

      {"x":  1, "y":  2, "part": "hdframe_vertical"},
      {"x":  1, "y":  2, "part": "board_vertical"},

      {"x":  1, "y": -3, "part": "hdframe_vertical"},
      {"x":  1, "y": -3, "part": "door_opaque"},

      {"x": -1, "y":  0, "part": "hdframe_cross"},
      {"x": -1, "y":  0, "part": "reclining_seat"},
      {"x": -1, "y":  0, "part": "roof"},

      {"x": -1, "y": -1, "part": "hdframe_cross"},
      {"x": -1, "y": -1, "part": "ninja_tatami_aisle"},
      {"x": -1, "y": -1, "part": "roof"},

      {"x": -1, "y":  1, "part": "hdframe_horizontal"},
      {"x": -1, "y":  1, "part": "ninja_tatami_aisle"},
      {"x": -1, "y":  1, "part": "roof"},

      {"x": -1, "y": -2, "part": "hdframe_horizontal"},
      {"x": -1, "y": -2, "part": "ninja_tatami_aisle"},
      {"x": -1, "y": -2, "part": "roof"},

      {"x": -1, "y":  2, "part": "hdframe_horizontal"},
      {"x": -1, "y":  2, "part": "windshield"},
      {"x": -1, "y":  2, "part": "v_curtain"},

      {"x": -1, "y": -3, "part": "hdframe_horizontal"},
      {"x": -1, "y": -3, "part": "windshield"},
      {"x": -1, "y": -3, "part": "v_curtain"},

      {"x":  2, "y":  0, "part": "hdframe_horizontal"},
      {"x":  2, "y":  0, "part": "ninja_tatami_aisle"},
      {"x":  2, "y":  0, "part": "roof"},

      {"x":  2, "y": -1, "part": "hdframe_horizontal"},
      {"x":  2, "y": -1, "part": "ninja_tatami_aisle"},
      {"x":  2, "y": -1, "part": "roof"},

      {"x":  2, "y":  1, "part": "hdframe_horizontal"},
      {"x":  2, "y":  1, "part": "ninja_tatami_aisle"},
      {"x":  2, "y":  1, "part": "roof"},

      {"x":  2, "y": -2, "part": "hdframe_horizontal"},
      {"x":  2, "y": -2, "part": "ninja_tatami_aisle"},
      {"x":  2, "y": -2, "part": "roof"},

      {"x":  2, "y":  2, "part": "hdframe_vertical"},
      {"x":  2, "y":  2, "part": "board_vertical"},

      {"x":  2, "y": -3, "part": "hdframe_vertical"},
      {"x":  2, "y": -3, "part": "board_vertical"},

      {"x": -2, "y":  0, "part": "hdframe_cross"},
      {"x": -2, "y":  0, "part": "ninja_tatami_aisle"},
      {"x": -2, "y":  0, "part": "roof"},

      {"x": -2, "y": -1, "part": "hdframe_cross"},
      {"x": -2, "y": -1, "part": "ninja_tatami_aisle"},
      {"x": -2, "y": -1, "part": "roof"},

      {"x": -2, "y":  1, "part": "hdframe_horizontal"},
      {"x": -2, "y":  1, "part": "wheel_wide"},
      {"x": -2, "y":  1, "part": "ninja_tatami_aisle"},
      {"x": -2, "y":  1, "part": "roof"},

      {"x": -2, "y": -2, "part": "hdframe_horizontal"},
      {"x": -2, "y": -2, "part": "wheel_wide"},
      {"x": -2, "y": -2, "part": "ninja_tatami_aisle"},
      {"x": -2, "y": -2, "part": "roof"},

      {"x": -2, "y":  2, "part": "hdframe_horizontal"},
      {"x": -2, "y":  2, "part": "windshield"},
      {"x": -2, "y":  2, "part": "v_curtain"},
      {"x": -2, "y":  2, "part": "wheel_wide"},

      {"x": -2, "y": -3, "part": "hdframe_horizontal"},
      {"x": -2, "y": -3, "part": "windshield"},
      {"x": -2, "y": -3, "part": "v_curtain"},
      {"x": -2, "y": -3, "part": "wheel_wide"},

      {"x":  3, "y":  0, "part": "hdframe_horizontal"},
      {"x":  3, "y":  0, "part": "ninja_tatami_aisle"},
      {"x":  3, "y":  0, "part": "roof"},

      {"x":  3, "y": -1, "part": "hdframe_horizontal"},
      {"x":  3, "y": -1, "part": "ninja_tatami_aisle"},
      {"x":  3, "y": -1, "part": "roof"},

      {"x":  3, "y":  1, "part": "hdframe_horizontal"},
      {"x":  3, "y":  1, "part": "wheel_wide"},
      {"x":  3, "y":  1, "part": "box"},
      {"x":  3, "y":  1, "part": "roof"},

      {"x":  3, "y": -2, "part": "hdframe_horizontal"},
      {"x":  3, "y": -2, "part": "wheel_wide"},
      {"x":  3, "y": -2, "part": "ninja_tatami_aisle"},
      {"x":  3, "y": -2, "part": "roof"},

      {"x":  3, "y":  2, "part": "hdframe_vertical"},
      {"x":  3, "y":  2, "part": "wheel_wide"},
      {"x":  3, "y":  2, "part": "windshield"},
      {"x":  3, "y":  2, "part": "v_curtain"},

      {"x":  3, "y": -3, "part": "hdframe_vertical"},
      {"x":  3, "y": -3, "part": "wheel_wide"},
      {"x":  3, "y": -3, "part": "windshield"},
      {"x":  3, "y": -3, "part": "v_curtain"},

      {"x": -3, "y":  0, "part": "hdframe_horizontal"},
      {"x": -3, "y":  0, "part": "bed"},
      {"x": -3, "y":  0, "part": "roof"},

      {"x": -3, "y": -1, "part": "hdframe_horizontal"},
      {"x": -3, "y": -1, "part": "ninja_tatami_aisle"},
      {"x": -3, "y": -1, "part": "roof"},

      {"x": -3, "y":  1, "part": "hdframe_horizontal"},
      {"x": -3, "y":  1, "part": "ninja_tatami_aisle"},
      {"x": -3, "y":  1, "part": "roof"},

      {"x": -3, "y": -2, "part": "hdframe_horizontal"},
      {"x": -3, "y": -2, "part": "box"},
      {"x": -3, "y": -2, "part": "tank"},
      {"x": -3, "y": -2, "part": "roof"},

      {"x": -3, "y":  2, "part": "hdframe_vertical"},
      {"x": -3, "y":  2, "part": "board_vertical"},

      {"x": -3, "y": -3, "part": "hdframe_vertical"},
      {"x": -3, "y": -3, "part": "board_vertical"},

      {"x":  4, "y":  0, "part": "hdframe_cross"},
      {"x":  4, "y":  0, "part": "ninja_tatami_aisle"},
      {"x":  4, "y":  0, "part": "tank"},
      {"x":  4, "y":  0, "part": "funnel"},
      {"x":  4, "y":  0, "part": "roof"},

      {"x":  4, "y": -1, "part": "hdframe_cross"},
      {"x":  4, "y": -1, "part": "minifridge"},
      {"x":  4, "y": -1, "part": "controls_electronic"},
      {"x":  4, "y": -1, "part": "stereo"},
      {"x":  4, "y": -1, "part": "roof"},

      {"x":  4, "y":  1, "part": "hdframe_horizontal"},
      {"x":  4, "y":  1, "part": "wheel_wide"},
      {"x":  4, "y":  1, "part": "box"},
      {"x":  4, "y":  1, "part": "roof"},

      {"x":  4, "y": -2, "part": "hdframe_horizontal"},
      {"x":  4, "y": -2, "part": "wheel_wide"},
      {"x":  4, "y": -2, "part": "kitchen_unit"},
      {"x":  4, "y": -2, "part": "roof"},

      {"x":  4, "y":  2, "part": "hdframe_vertical"},
      {"x":  4, "y":  2, "part": "wheel_wide"},
      {"x":  4, "y":  2, "part": "windshield"},
      {"x":  4, "y":  2, "part": "v_curtain"},

      {"x":  4, "y": -3, "part": "hdframe_vertical"},
      {"x":  4, "y": -3, "part": "wheel_wide"},
      {"x":  4, "y": -3, "part": "windshield"},
      {"x":  4, "y": -3, "part": "v_curtain"},

      {"x": -4, "y":  0, "part": "hdframe_horizontal"},
      {"x": -4, "y":  0, "part": "board_horizontal"},

      {"x": -4, "y": -1, "part": "hdframe_horizontal"},
      {"x": -4, "y": -1, "part": "board_horizontal"},

      {"x": -4, "y":  1, "part": "hdframe_horizontal"},
      {"x": -4, "y":  1, "part": "board_horizontal"},

      {"x": -4, "y": -2, "part": "hdframe_horizontal"},
      {"x": -4, "y": -2, "part": "board_horizontal"},

      {"x": -4, "y":  2, "part": "hdframe_se"},
      {"x": -4, "y":  2, "part": "board_se"},

      {"x": -4, "y": -3, "part": "hdframe_sw"},
      {"x": -4, "y": -3, "part": "board_sw"},

      {"x":  5, "y":  0, "part": "hdframe_horizontal"},
      {"x":  5, "y":  0, "part": "board_horizontal"},

      {"x":  5, "y": -1, "part": "hdframe_horizontal"},
      {"x":  5, "y": -1, "part": "board_horizontal"},

      {"x":  5, "y":  1, "part": "hdframe_horizontal"},
      {"x":  5, "y":  1, "part": "board_horizontal"},

      {"x":  5, "y": -2, "part": "hdframe_horizontal"},
      {"x":  5, "y": -2, "part": "board_horizontal"},

      {"x":  5, "y":  2, "part": "hdframe_ne"},
      {"x":  5, "y":  2, "part": "board_ne"},

      {"x":  5, "y": -3, "part": "hdframe_nw"},
      {"x":  5, "y": -3, "part": "board_nw"}
    ],
    "items" : [
      {"x":  4, "y":  1, "chance": 25, "item_groups": "fast_food"},
      {"x":  3, "y":  1, "chance": 25, "item_groups": "snacks"},

      {"x":  4, "y": -1, "chance": 100, "item_groups": ["fridge", "fridge", "fridge"]},
      {"x":  4, "y": -1, "chance":  50, "item_groups": ["fridge", "fridge", "fridge"]},
      {"x":  4, "y": -1, "chance": 100, "items"      : ["water_clean", "water_clean", "water_clean", "water_clean", "water_clean"]},

      {"x": -3, "y": -2, "chance": 100, "items"      : ["molotov", "molotov", "molotov", "molotov", "molotov", "molotov"]},
      {"x": -3, "y": -2, "chance":  50, "items"      : ["molotov", "molotov", "molotov", "molotov", "molotov", "molotov"]},
      {"x": -3, "y": -2, "chance": 100, "items"      : ["acoustic_guitar"]},

      {"x": -3, "y":  0, "chance": 100, "items"      : ["pillow", "down_blanket"]}
    ]
  }
]