[
  {
    "id": "mon_ninja_decoy",
    "type": "MONSTER",
    "name": "身代わり人形",
    "description": "木にシャツを着せ、紐を付けて動きを演出出来るようにしたものです。床に設置されています。",
    "default_faction": "player",
    "species": "ROBOT",
    "symbol": "@",
    "color": "brown",
    "size": "MEDIUM",
    "material": ["wood","cotton"],
    "hp": 300,
    "aggression": 0,
    "diff": 10,
    "speed": 10,
    "morale": 0,
    "luminance": 0,
    "armor_bash": 1,
    "armor_cut": 1,
    "death_drops": {
      "groups": [["ninja_decoy",10]]
    },
    "death_function": "DISAPPEAR",
    "flags": [ "SEES", "NOHEAD", "IMMOBILE", "NO_BREATHE" ]
  },{
    "id": "ninja_decoy",
    "type" : "item_group",
    "subtype": "collection",
    "entries":
    [
      {"item": "2x4"      , "count": 4, "prob":  80},
      {"item": "rag"      , "count": 4, "prob":  80},
      {"item": "string_36", "count": 1, "prob":  80}
    ]
  },{
    "id" : "mon_ninja_afterimage",
    "type" : "MONSTER",
    "name": "残像",
    "species":"ROBOT",
    "default_faction":"player",
    "symbol":"@",
    "color":"gray",
    "size":"MEDIUM",
    "material":"powder",
    "diff":0,
    "aggression":0,
    "morale":100,
    "speed":100,
    "melee_skill":0,
    "melee_dice":0,
    "melee_dice_sides":0,
    "melee_cut":0,
    "dodge":3,
    "armor_bash":0,
    "armor_cut":0,
    "hp":1,
    "death_function":"DISAPPEAR",
    "special_attacks":[["DISAPPEAR", 80]],
    "description": "ゴシゴシ...。これは、残像...！",
    "flags":["NO_BREATHE"]
  },{
    "id": "mon_ninja_spring_floor",
    "type": "MONSTER",
    "name": "スプリングフロア",
    "description": "床型の防衛用ロボットです。跳ね上がって侵入者を弾き飛ばします。\"殺害しない防衛方法\"として考案されたにも関わらず、飛ばした先に残虐な罠を仕掛けるユーザーが後を絶たず、非人道的であるとして製造が禁止されました。",
    "default_faction": "defense_bot",
    "species": "ROBOT",
    "symbol": "r",
    "color": "blue",
    "size": "MEDIUM",
    "material": ["steel"],
    "hp": 60,
    "aggression": 100,
    "melee_skill":10,
    "melee_dice":8,
    "melee_dice_sides":3,
    "melee_cut":0,
    "dodge":0,
    "diff": 10,
    "speed": 100,
    "morale": 100,
    "luminance": 0,
    "armor_bash": 5,
    "armor_cut": 5,
    "vision_day":5,
    "vision_night":5,
    "death_drops": {
      "groups": [["robots", 4], ["secubot", 1]]
    },
    "death_function": "EXPLODE",
    "special_attacks":[["SMASH", 10]], "//": "cool down 10.",
    "flags": ["SEES", "NOHEAD", "IMMOBILE", "NO_BREATHE", "NIGHT_INVISIBILITY"]
  }
]
