[
  {
    "type": "GUN",
    "name": "'Firedrake' Support Needler",
    "name_plural": "'Firedrake' Support Needlers",
    "skill": "shotgun",
    "ammo": "if_block",
    "id": "fd_needler",
    "type": "GUN",
    "description": "The 'Firedrake' Incendiary Support Needler is a support weapon produced by Mauser & Gray Firearms for the Lyran Alliance. First introduced in 3061, the 'Firedrake' continues in the spirit of previous weapons like the Shredder Heavy Needler on improving the range and power of traditional flechette-based weapons, this time by combining a high rate-of-fire and superior range with the incendiary properties of its special ammunition. A single ten-shot burst of these white-hot needles can cover a broad area, allowing the 'Firedrake' to saturate a full squad of enemy soldiers and ignite the surrounding terrain in a blaze in less than five seconds, though it has no effect on armored units such as combat vehicles or battle armor as the flechettes simply bounce off.",
    "weight": 25000,
    "volume": 8,
    "price": 169900,
    "to_hit": -1,
    "bashing": 12,
    "material": [ "steel", "plastic" ],
    "ranged_damage": 4,
    "dispersion": 345,
    "durability": 9,
    "clip_size": 30,
    "flags": [ "RELOAD_ONE" ],
    "valid_mod_locations": [
      [ "accessories", 4 ],
      [ "barrel", 1 ],
      [ "bore", 1 ],
      [ "grip", 1 ],
      [ "mechanism", 4 ],
      [ "muzzle", 1 ],
      [ "rail", 1 ],
      [ "sights", 1 ],
      [ "stock", 1 ],
      [ "underbarrel", 1 ]
    ]
  }
]
