[
    {
        "method": "json",
        "object": {
            "fill_ter": "t_floor",
            "furniture": {
                "@": "f_bed",
                "S": "f_sink",
                "T": "f_toilet",
                "U": "f_statue",
                "^": "f_indoor_plant",
                "b": "f_bench",
                "c": "f_counter",
                "d": "f_desk",
                "h": "f_chair",
                "l": "f_locker",
                "n": "f_table",
                "o": "f_bookcase",
                "r": "f_rack",
                "z": "f_crate_c"
            },
            "rows": [
                "UUUUUUUUUUUUUUUUUUUUUUUU",
                "U|||||||||||||||||||||||",
                "U|||..........||||......",
                "U|||..........||||......",
                "U|||..........||||......",
                "U|||..........||||......",
                "U|||..........||||......",
                "U|||..........||||......",
                "U|||||||||||||||||......",
                "U|||||||||||||||||......",
                "U|||||||||||||||||......",
                "U|||||||||||||||||......",
                "U|||..........||||......",
                "U|||..........||||......",
                "U|||..........||||......",
                "U|||..........||||......",
                "U|||..........||||......",
                "U|||..........||||......",
                "U|||||||||||||||||......",
                "U|||||||||||||||||......",
                "U|||||||||||||||||......",
                "U|||||||||||||||||......",
                "U|||..........||||......",
                "U|||..........||||......"
            ],
            "terrain": {
                " ": "t_dirt",
                "%": "t_shrub",
                ")": "t_wreckage",
                "+": "t_door_c",
                ",": "t_pavement_y",
                ".": "t_floor",
                "/": "t_sky",
                "2": "t_utility_light",
                "<": "t_stairs_up",
                ">": "t_stairs_down",
                "@": "t_floor",
                "D": "t_door_metal_c",
                "E": "t_elevator",
                "G": "t_door_glass_c",
                "H": "t_wall_glass_h",
                "I": "t_column",
                "L": "t_floor",
                "R": "t_railing_v",
                "S": "t_floor",
                "T": "t_floor",
                "V": "t_wall_glass_v",
                "X": "t_door_metal_locked",
                "^": "t_floor",
                "_": "t_pavement",
                "b": "t_dirt",
                "c": "t_floor",
                "d": "t_floor",
                "h": "t_floor",
                "k": "t_floor",
                "l": "t_floor",
                "n": "t_floor",
                "o": "t_floor",
                "p": "t_floor",
                "r": "t_floor",
                "s": "t_sidewalk",
                "u": "t_floor",
                "x": "t_console_broken",
                "z": "t_floor",
                "{": "t_rubble",
                "}": "t_manhole_cover",
                "~": "t_rock"
            }
        },
        "om_terrain": "battletech_bullshit_1",
        "type": "mapgen",
        "weight": 250
    },
    {
        "method": "json",
        "object": {
            "fill_ter": "t_floor",
            "furniture": {
                "@": "f_bed",
                "S": "f_sink",
                "T": "f_toilet",
                "U": "f_statue",
                "^": "f_indoor_plant",
                "b": "f_bench",
                "c": "f_counter",
                "d": "f_desk",
                "h": "f_chair",
                "l": "f_locker",
                "n": "f_table",
                "o": "f_bookcase",
                "r": "f_rack",
                "z": "f_crate_c"
            },
            "rows": [
                "UUUUUUUUUUUUUUUUUUUUU...",
                "|||||||||||||||||||||...",
                "....h.h.h..........||...",
                "....h.h.h..........||...",
                "....h.h.h..........||...",
                "....h.h.h..........||...",
                "....h.h.h..........||...",
                "....h.h.h..........||...",
                "...|h|*|*||||||||||||...",
                "...|h|.|.||||||||||||...",
                "...|h....||||||||||||...",
                "...|h||||||||||||||||...",
                "....h.h.h..........||...",
                "....h.h.h..........||...",
                "....h.h.h..........||...",
                "....h.h.h..........||...",
                "....h.h.h..........||...",
                "....h.h.h..........||...",
                "...|h|*|*||||||||||||...",
                "...|h|.|.||||||||||||...",
                "...|h....||||||||||||...",
                "...|h||||||||||||||||...",
                "....h.h.h..........||...",
                "....h.h.h..........||..."
            ],
            "terrain": {
                " ": "t_dirt",
                "%": "t_shrub",
                ")": "t_wreckage",
                "+": "t_door_c",
                ",": "t_pavement_y",
                ".": "t_floor",
                "/": "t_sky",
                "2": "t_utility_light",
                "<": "t_stairs_up",
                ">": "t_stairs_down",
                "@": "t_floor",
                "D": "t_door_metal_c",
                "E": "t_elevator",
                "G": "t_door_glass_c",
                "H": "t_wall_glass_h",
                "I": "t_column",
                "L": "t_floor",
                "R": "t_railing_v",
                "S": "t_floor",
                "T": "t_floor",
                "V": "t_wall_glass_v",
                "X": "t_door_metal_locked",
                "^": "t_floor",
                "_": "t_pavement",
                "b": "t_dirt",
                "c": "t_floor",
                "d": "t_floor",
                "h": "t_floor",
                "k": "t_floor",
                "l": "t_floor",
                "n": "t_floor",
                "o": "t_floor",
                "p": "t_floor",
                "r": "t_floor",
                "s": "t_sidewalk",
                "u": "t_floor",
                "x": "t_console_broken",
                "z": "t_floor",
                "{": "t_rubble",
                "}": "t_manhole_cover",
                "~": "t_rock"
            }
        },
        "om_terrain": "battletech_bullshit_2",
        "type": "mapgen",
        "weight": 250
    },
    {
        "method": "json",
        "object": {
            "fill_ter": "t_floor",
            "furniture": {
                "@": "f_bed",
                "S": "f_sink",
                "T": "f_toilet",
                "U": "f_statue",
                "^": "f_indoor_plant",
                "b": "f_bench",
                "c": "f_counter",
                "d": "f_desk",
                "h": "f_chair",
                "l": "f_locker",
                "n": "f_table",
                "o": "f_bookcase",
                "r": "f_rack",
                "z": "f_crate_c"
            },
            "rows": [
                "U|||..........||||......",
                "U|||..........||||......",
                "U|||..........||||......",
                "U|||..........||||......",
                "U|||||||||||||||||......",
                "U|||||||||||||||||......",
                "U|||||||||||||||||]|....",
                "........................",
                "........................",
                "........................",
                "........................",
                "........................",
                "........................",
                "........................",
                "........................",
                "........................",
                "........................",
                "........................",
                "........................",
                "........................",
                "........................",
                "........................",
                "........................",
                "........................"
            ],
            "terrain": {
                " ": "t_dirt",
                "%": "t_shrub",
                ")": "t_wreckage",
                "+": "t_door_c",
                ",": "t_pavement_y",
                ".": "t_floor",
                "/": "t_sky",
                "2": "t_utility_light",
                "<": "t_stairs_up",
                ">": "t_stairs_down",
                "@": "t_floor",
                "D": "t_door_metal_c",
                "E": "t_elevator",
                "G": "t_door_glass_c",
                "H": "t_wall_glass_h",
                "I": "t_column",
                "L": "t_floor",
                "R": "t_railing_v",
                "S": "t_floor",
                "T": "t_floor",
                "V": "t_wall_glass_v",
                "X": "t_door_metal_locked",
                "^": "t_floor",
                "_": "t_pavement",
                "b": "t_dirt",
                "c": "t_floor",
                "d": "t_floor",
                "h": "t_floor",
                "k": "t_floor",
                "l": "t_floor",
                "n": "t_floor",
                "o": "t_floor",
                "p": "t_floor",
                "r": "t_floor",
                "s": "t_sidewalk",
                "u": "t_floor",
                "x": "t_console_broken",
                "z": "t_floor",
                "{": "t_rubble",
                "}": "t_manhole_cover",
                "~": "t_rock"
            }
        },
        "om_terrain": "battletech_bullshit_3",
        "type": "mapgen",
        "weight": 250
    },
    {
        "method": "json",
        "object": {
            "fill_ter": "t_floor",
            "furniture": {
                "@": "f_bed",
                "S": "f_sink",
                "T": "f_toilet",
                "U": "f_statue",
                "^": "f_indoor_plant",
                "b": "f_bench",
                "c": "f_counter",
                "d": "f_desk",
                "h": "f_chair",
                "l": "f_locker",
                "n": "f_table",
                "o": "f_bookcase",
                "r": "f_rack",
                "z": "f_crate_c"
            },
            "rows": [
                "....h.h.h..........||...",
                "....h.h.h..........||...",
                "....h.h.h..........||...",
                "....h.h.h..........||...",
                "....h|*|*||||||||||||...",
                "....h|.|.||||||||||||...",
                "...|[|..................",
                "........................",
                "........................",
                "........................",
                "........................",
                "........................",
                "........................",
                "........................",
                "........................",
                "........................",
                "........................",
                "........................",
                "........................",
                "........................",
                "........................",
                "........................",
                "........................",
                "........................"
            ],
            "terrain": {
                " ": "t_dirt",
                "%": "t_shrub",
                ")": "t_wreckage",
                "+": "t_door_c",
                ",": "t_pavement_y",
                ".": "t_floor",
                "/": "t_sky",
                "2": "t_utility_light",
                "<": "t_stairs_up",
                ">": "t_stairs_down",
                "@": "t_floor",
                "D": "t_door_metal_c",
                "E": "t_elevator",
                "G": "t_door_glass_c",
                "H": "t_wall_glass_h",
                "I": "t_column",
                "L": "t_floor",
                "R": "t_railing_v",
                "S": "t_floor",
                "T": "t_floor",
                "V": "t_wall_glass_v",
                "X": "t_door_metal_locked",
                "^": "t_floor",
                "_": "t_pavement",
                "b": "t_dirt",
                "c": "t_floor",
                "d": "t_floor",
                "h": "t_floor",
                "k": "t_floor",
                "l": "t_floor",
                "n": "t_floor",
                "o": "t_floor",
                "p": "t_floor",
                "r": "t_floor",
                "s": "t_sidewalk",
                "u": "t_floor",
                "x": "t_console_broken",
                "z": "t_floor",
                "{": "t_rubble",
                "}": "t_manhole_cover",
                "~": "t_rock"
            }
        },
        "om_terrain": "battletech_bullshit_4",
        "type": "mapgen",
        "weight": 250
    }
]