[
  {
    "id": "laser_pistol_IS",
    "type": "GUN",
    "reload_noise_volume": 2,
    "name": "Laser Pistol",
    "description": "The Laser Pistol is the standard sidearm of many pilots and officers in the more technologically-advanced militaries of the Inner Sphere. Though popular with superior range and punch compared to ballistic pistols, laser pistols are expensive and require the use of power packs to supply the necessary energy. The Laser Pistol can also be used as a cutting tool by keeping the trigger held down.",
    "weight": 1000,
    "volume": 0.5,
    "price": 75000,
    "to_hit": -1,
    "bashing": 5,
    "material": [ "steel", "plastic" ],
    "symbol": "-",
    "color": "light_grey",
    "skill": "pistol",
    "range": 52,
    "ranged_damage": 23,
    "pierce": 4,
    "dispersion": 10,
    "durability": 8,
    "burst": 5,
    "use_action": "OXYTORCH",
    "loudness": 4,
    "ups_charges": 2,
    "reload": 0,
    "valid_mod_locations": [
      [ "accessories", 4 ],
      [ "emitter", 1 ],
      [ "grip", 1 ],
      [ "lens", 1 ],
      [ "rail", 1 ],
      [ "sights", 1 ],
      [ "stock", 1 ],
      [ "underbarrel", 1 ]
    ],
    "ammo_effects": [ "LASER", "INCENDIARY", "DRAW_AS_LINE", "NOGIB", "BLINDS_EYES" ],
    "flags": [ "NEVER_JAMS", "NO_UNLOAD" ]
  }
]
