[
  {
    "type": "GUN",
    "name": "'Firedrake' Support Needler",
    "name_plural": "'Firedrake' Support Needlers",
    "skill": "shotgun",
    "ammo": "if_block",
    "id": "fd_needler",
    "description": "The 'Firedrake' Incendiary Support Needler is a support weapon produced by Mauser & Gray Firearms for the Lyran Alliance. First introduced in 3061, the 'Firedrake' continues in the spirit of previous weapons like the Shredder Heavy Needler on improving the range and power of traditional flechette-based weapons, this time by combining a high rate-of-fire and superior range with the incendiary properties of its special ammunition. A single ten-shot burst of these white-hot needles can cover a broad area, allowing the 'Firedrake' to saturate a full squad of enemy soldiers and ignite the surrounding terrain in a blaze in less than five seconds, though it has no effect on armored units such as combat vehicles or battle armor as the flechettes simply bounce off.",
    "weight": 25000,
    "volume": 9,
    "price": 150000,
    "to_hit": -1,
    "bashing": 12,
    "material": [ "steel", "plastic" ],
    "ranged_damage": 4,
    "dispersion": 345,
    "durability": 9,
    "clip_size": 30,
    "symbol": "=",
    "range": 35,
    "reload": 80,
    "burst": 10,
    "flags": [ "RELOAD_ONE" ],
    "valid_mod_locations": [
      [ "accessories", 4 ],
      [ "barrel", 1 ],
      [ "bore", 1 ],
      [ "grip", 1 ],
      [ "mechanism", 4 ],
      [ "muzzle", 1 ],
      [ "rail", 1 ],
      [ "sights", 1 ],
      [ "stock", 1 ],
      [ "underbarrel", 1 ]
    ]
  },{
    "type": "GUN",
    "name": "'Shredder' Heavy Needler",
    "name_plural": "'Shredder' Heavy Needlers",
    "skill": "shotgun",
    "ammo": "hf_block",
    "id": "shred_needler",
    "description": "The 'Shredder' Heavy Needler is a Needler Rifle produced by Omnitech for the Lyran Alliance. Resembling a small, wide-barreled rifle, the Shredder is designed specifically to overcome the usual ineffectiveness of flechettes against armor. Its high-speed cutters launch heavy flechette rounds at much greater speeds than normal, allowing them to penetrate armored targets more effectively.",
    "weight": 1000,
    "volume": 8,
    "price": 15000,
    "to_hit": -1,
    "bashing": 7,
    "material": [ "steel", "plastic" ],
    "ranged_damage": 4,
    "dispersion": 245,
    "durability": 9,
    "clip_size": 10,
    "symbol": "=",
    "range": 10,
    "flags": [ "RELOAD_ONE" ],
    "valid_mod_locations": [
      [ "accessories", 4 ],
      [ "barrel", 1 ],
      [ "bore", 1 ],
      [ "grip", 1 ],
      [ "mechanism", 4 ],
      [ "muzzle", 1 ],
      [ "rail", 1 ],
      [ "sights", 1 ],
      [ "stock", 1 ],
      [ "underbarrel", 1 ]
    ]
  },{
    "type": "GUN",
    "name": "Needler Rifle",
    "name_plural": "Needler Rifles",
    "skill": "shotgun",
    "ammo": "fl_block",
    "id": "rifle_needler",
    "description": "The Needler Rifle is a vicious weapon that fires a spray of tiny fletchettes that can easily shred flesh. These fletchettes are created by shredding a polymer-composite block and fired by a burst of compressed gas, making the weapon noiseless with little to no recoil and the favorite choice of assassins. However, it is an incredibly short-ranged weapon with almost no armor penetration capabilities. This limits its use to self-defense and close-quarters combat, though it serves as an ideal weapon for boarding space-vessels.",
    "weight": 1000,
    "volume": 8,
    "price": 15000,
    "to_hit": -1,
    "bashing": 6,
    "material": [ "steel", "plastic" ],
    "ranged_damage": 4,
    "dispersion": 115,
    "durability": 9,
    "clip_size": 10,
    "symbol": "=",
    "range": 19,
    "valid_mod_locations": [
      [ "accessories", 4 ],
      [ "barrel", 1 ],
      [ "bore", 1 ],
      [ "grip", 1 ],
      [ "mechanism", 1 ],
      [ "muzzle", 1 ],
      [ "rail", 1 ],
      [ "sights", 1 ],
      [ "stock", 1 ],
      [ "underbarrel", 1 ]
    ]
  },{
    "type": "GUN",
    "name": "Needler Pistol",
    "name_plural": "Needler Pistols",
    "skill": "pistol",
    "ammo": "fl_block",
    "id": "pistol_needler",
    "description": "The Needler Rifle is a vicious weapon that fires a spray of tiny fletchettes that can easily shred flesh. These fletchettes are created by shredding a polymer-composite block and fired by a burst of compressed gas, making the weapon noiseless with little to no recoil and the favorite choice of assassins. However, it is an incredibly short-ranged weapon with almost no armor penetration capabilities. This limits its use to self-defense and close-quarters combat, though it serves as an ideal weapon for boarding space-vessels.",
    "weight": 300,
    "volume": 0.5,
    "price": 15000,
    "to_hit": 0,
    "bashing": 3,
    "material": [ "steel", "plastic" ],
    "ranged_damage": 2,
    "dispersion": 80,
    "durability": 9,
    "clip_size": 10,
    "symbol": "=",
    "burst": 5,
    "range": 8,
    "valid_mod_locations": [
      [ "accessories", 1 ],
      [ "grip", 1 ],
      [ "muzzle", 1 ],
      [ "sights", 1 ],
      [ "stock", 1 ]
    ]
  }
]
