[
  {
    "id": "magic_items",
    "type": "item_group",
    "items": [
      [ "gauntlets_necro", 15 ]
    ]
  },
  {
    "id": "magic_consumables",
    "type": "item_group",
    "items": [
      [ "totem_acidspray", 1 ]
    ]
  },
  {
    "id": "magic_tools",
    "type": "item_group",
    "items": [
      [ "mana_gem", 5 ]
    ]
  },
  {
    "id": "magic_books",
    "type": "item_group",
    "items": [
      [ "book_syncretism", 1 ]
    ]
  },
  {
    "id": "essence",
    "type": "item_group",
    "items": [ [ "essence", 1 ] ]
  },
  {
    "id": "essence_blood",
    "type": "item_group",
    "items": [ { "item": "essence_blood", "prob": 100, "count": [1, 3] } ]
  },
  {
    "id": "essence_boss",
    "type": "item_group",
    "items": [ { "item": "essence", "prob": 100, "count": [2, 5] } ]
  },
  {
    "id": "essence_nether",
    "type": "item_group",
    "items": [ { "item": "essence", "prob": 100, "count": [1, 3] } ]
  },
  {
    "id": "homebooks",
    "type": "item_group",
    "items": [ [ "book_potioncraft", 1 ], [ "book_scrollcraft", 1 ] ]
  },
  {
    "id": "church",
    "type": "item_group",
    "items": [ [ "hexenhammer", 1 ], [ "book_hexenhammer", 1 ] ]
  },
  {
    "id": "mansion_bookcase",
    "type": "item_group",
    "subtype": "collection",
    "groups": [
      [ "magic_books", 8 ]
    ]
  },
  {
    "id": "cop_evidence",
    "type": "item_group",
    "items": [ [ "offering_chalice_used", 1 ], [ "blood_athame", 1 ] ]
  },
  {
    "id": "creepy",
    "type": "item_group",
    "items": [ [ "offering_chalice_used", 5 ], [ "blood_athame", 5 ] ]
  },
  {
    "id": "vault",
    "type": "item_group",
    "items": [
      [ "totem_lightning", 1 ]
    ]
  },
  {
    "id": "art",
    "type": "item_group",
    "items": [
      [ "totem_lightning", 1 ]
    ]
  },
  {
    "id": "jewelry_back",
    "type": "item_group",
    "items": [
      [ "totem_lightning", 1 ]
    ]
  },
  {
    "id": "spider",
    "type": "item_group",
    "items": [
      [ "essence_blood", 5 ]
    ]
  }
]
