[
  {
    "id": "mon_aerial_beast_infantry",
    "type": "MONSTER",
    "name": "branth rider",
    "description": "This Aerial Beast unit is able to cover large distances thanks to their Branth mounts, reaching speeds of 54 kph, and can easily induce terror into even the most hardened conventional infantry force.",
    "default_faction": "Free_Worlds_League",
    "species": [ "HUMAN" ],
    "diff": 265,
    "volume": "2000000 ml",
    "weight": "720000",
    "hp": 947,
    "speed": 45,
    "material": [ "flesh" ],
    "symbol": "A",
    "color": "dark_gray_red",
    "aggression": 5,
    "morale": 100,
    "melee_skill": 5,
    "melee_dice": 3,
    "melee_dice_sides": 6,
    "melee_cut": 2,
    "armor_bash": 128,
    "armor_cut": 54,
    "armor_acid": 35,
    "armor_fire": 15,
    "vision_day": 40,
    "vision_night": 4,
    "death_drops": "aerial_branth_infantry_drop",
    "death_function": [ "NORMAL" ],
    "burn_into": "burning_branth",
    "flags": [
      "SEES",
      "HEARS",
      "SMELLS",
      "WARM",
      "BASHES",
      "GROUP_BASH",
      "POISON",
      "BLEED",
      "ATTACKMON",
      "BONES"
    ]
  },{
    "id": "mon_aerial_beast_infantry_squad",
    "type": "MONSTER",
    "name": "branth rider squad",
    "description": "This Aerial Beast unit is able to cover large distances thanks to their Branth mounts, reaching speeds of 54 kph, and can easily induce terror into even the most hardened conventional infantry force.",
    "default_faction": "Free_Worlds_League",
    "species": [ "HUMAN" ],
    "diff": 265,
    "volume": "17290000 ml",
    "weight": "5705000",
    "hp": 7329,
    "speed": 25,
    "material": [ "flesh" ],
    "symbol": "A",
    "color": "dark_gray_red",
    "aggression": 5,
    "morale": 100,
    "melee_skill": 5,
    "melee_dice": 3,
    "melee_dice_sides": 6,
    "melee_cut": 2,
    "armor_bash": 128,
    "armor_cut": 54,
    "armor_acid": 35,
    "armor_fire": 15,
    "vision_day": 40,
    "vision_night": 4,
    "death_drops": "aerial_branth_infantry_drop",
    "death_function": [ "NORMAL" ],
    "burn_into": "burning_branth",
    "flags": [
      "SEES",
      "HEARS",
      "SMELLS",
      "WARM",
      "BASHES",
      "GROUP_BASH",
      "POISON",
      "BLEED",
      "ATTACKMON",
      "BONES"
    ]
  },{
    "id": "mon_branth_irregular",
    "type": "MONSTER",
    "name": "Branth Irregulars, Beta Regiment, Fifth Legionaire",
    "description": "This Aerial Beast unit is able to cover large distances thanks to their Branth mounts, reaching speeds of 54 kph, and can easily induce terror into even the most hardened conventional infantry force.",
    "default_faction": "Free_Worlds_League",
    "species": [ "HUMAN" ],
    "diff": 265,
    "volume": "2000000 ml",
    "weight": "720000",
    "hp": 2040,
    "speed": 45,
    "material": [ "flesh" ],
    "symbol": "A",
    "color": "dark_gray_red",
    "aggression": 5,
    "morale": 100,
    "melee_skill": 5,
    "melee_dice": 3,
    "melee_dice_sides": 12,
    "melee_cut": 1,
    "armor_bash": 84,
    "armor_cut": 54,
    "armor_acid": 35,
    "armor_fire": 15,
    "vision_day": 50,
    "vision_night": 6,
    "death_drops": "aerial_branth_infantry_drop",
    "death_function": [ "NORMAL" ],
    "burn_into": "insane_burning_branth",
    "flags": [
      "SEES",
      "HEARS",
      "SMELLS",
      "WARM",
      "BASHES",
      "GROUP_BASH",
      "POISON",
      "BLEED",
      "ATTACKMON",
      "BONES"
    ]
  },{
    "id": "burning_branth",
    "type": "MONSTER",
    "name": "branth rider",
    "description": "This Branth is angry...",
    "default_faction": "Free_Worlds_League",
    "species": [ "HUMAN" ],
    "diff": 265,
    "volume": "2375000 ml",
    "weight": "720000",
    "hp": 4025,
    "speed": 45,
    "material": [ "flesh" ],
    "symbol": "A",
    "color": "dark_gray_red",
    "aggression": -25,
    "morale": 100,
    "melee_skill": 2,
    "melee_dice": 2,
    "melee_dice_sides": 2,
    "armor_bash": 8,
    "armor_cut": 12,
    "armor_acid": 5,
    "armor_fire": 1,
    "vision_day": 50,
    "vision_night": 6,
    "death_drops": "burning_branth_boss_drop",
    "death_function": [ "NORMAL" ],
    "flags": [
      "SEES",
      "HEARS",
      "WARM",
      "BASHES",
      "PUSH_MON",
      "POISON",
      "BLEED",
      "ATTACKMON",
      "BONES"
    ]
  },{
    "id": "insane_burning_branth",
    "type": "MONSTER",
    "name": "burning branth",
    "description": "This BRANTH is on FIRE! Or was on fire, now he's just leaderless and angry.",
    "default_faction": "Free_Worlds_League",
    "species": [ "HUMAN" ],
    "diff": 265,
    "volume": "2000000 ml",
    "weight": "720000",
    "hp": 16099,
    "speed": 45,
    "material": [ "flesh" ],
    "symbol": "A",
    "color": "dark_gray_red",
    "aggression": 100,
    "morale": 100,
    "melee_skill": 6,
    "melee_dice": 8,
    "melee_dice_sides": 20,
    "armor_bash": 60,
    "armor_cut": 60,
    "armor_acid": 35,
    "armor_fire": 35,
    "vision_day": 50,
    "vision_night": 6,
    "death_drops": "burning_branth_boss_drop",
    "death_function": [ "NORMAL" ],
    "flags": [
      "SEES",
      "HEARS",
      "WARM",
      "BASHES",
      "PUSH_MON",
      "POISON",
      "BLEED",
      "ATTACKMON",
      "BONES"
    ]
  }
]
