[
  {
    "id": "mon_zombie_survivor_death_drops",
    "type": "item_group",
    "subtype": "collection",
    "entries": [
      { "group": "magic_books", "prob": 10 }
    ]
  },
  {
    "id": "archon_drops",
    "type": "item_group",
    "//": "chalice-specific loot, plus boss-level essence",
    "subtype": "collection",
    "entries": [
      { "group": "essence_boss", "prob": 100 },
      { "item": "thunder_sigil", "prob": 100 },
      { "group": "jackets", "prob": 20, "damage-min": 1, "damage-max": 4 },
      { "group": "bags", "prob": 6, "damage-min": 1, "damage-max": 4 }
    ]
  }
]
