[
  {
 "type" : "overmap_terrain",
    "id" : "s_jewelry",
    "name" : "jewelry store",
    "rotate" : true,
    "sym" : 74,
    "color" : "white",
    "see_cost" : 5,
    "extras" : "build",
    "mondensity" : 2,
    "sidewalk" : true,
    "mapgen": [ {
            "method": "json",
            "weight": 500,
            "object": {
            "rows": [
            "....________________....",
            "....,____,____,____,....",
            "....,____,____,____,....",
            "....,____,____,____,....",
            "....,____,____,____,....",
            "....FFFFFFFFFFFFFFFF....",
            "....FFFFFFFFFFFFFFFF....",
            "....|-hhhhh++hhhhh-|....",
            "....|              |....",
            "....|hh          hh|....",
            "....|#v   hhhh   v#|....",
            "....|#v   v##v   v#|....",
            "....|#v   v##v   v#|....",
            "85^5|#v   hhhh   v#|....",
            "8___|hh          hh|....",
            "8___|             r|....",
            "8___|             r|....",
            "8__f|#####        r|....",
            "8__f|          rrrr|....",
            "8___|-&------------|....",
            "8___&    ######   T|....",
            "8555| c           T|....",
            "....|GG            |....",
            "....|--------------|...."
            ],
            "place_npcs": [
                { "class": "bandit", "chance": 1, "x": [2,21], "y": [2,21], "repeat": [1,3] },
                { "class": "thug", "chance": 1, "x": [2,21], "y": [2,21], "repeat": [1,3] }
            ],
            "terrain": {
            ".": ["t_grass", "t_grass", "t_grass", "t_grass", "t_grass", "t_grass", "t_dirt"],
            "_": "t_pavement",
            ",": "t_pavement_y",
            " ": "t_floor",
            "-": "t_wall",
            "|": "t_wall",
            "O": ["t_window", "t_window_taped", "t_window_boarded", "t_wall_wood", "t_curtains", "t_wall_wood_chipped", "t_window_boarded", "t_wall_log", "t_curtains", "t_wall_log_chipped"],
            "L": ["t_door_c", "t_door_boarded", "t_door_c", "t_palisade", "t_door_c", "t_wall_wood", "t_door_c", "t_wall_wood_chipped", "t_door_c", "t_wall_log", "t_door_c", "t_wall_log_chipped"],
            "+": ["t_door_glass_c", "t_wall_wood", "t_wall_wood_chipped", "t_wall_log", "t_wall_log_chipped", "t_door_makeshift_c", "t_door_c", "t_palisade"],
            "h": ["t_wall_glass", "t_wall_wood", "t_wall_wood", "t_wall_wood", "t_wall_wood_chipped", "t_palisade", "t_palisade", "t_palisade", "t_wall_log", "t_wall_log", "t_wall_log", "t_wall_log_chipped"],
            "x": "t_console_broken",
            "c": "t_floor",
            "#": "t_floor",
            "r": "t_floor",
            "^": ["t_chaingate_c", "t_chaingate_c", "t_chaingate_c", "t_chaingate_o"],
            "t": "t_floor",
            "F": "t_sidewalk",
            "@": "t_floor",
            ":": "t_floor",
            "T": "t_floor",
            "l": "t_floor",
            "=": "t_floor",
            "G": "t_floor",
            "f": "t_pavement",
            "&": ["t_door_c", "t_door_boarded", "t_door_c", "t_palisade", "t_door_c", "t_wall_wood", "t_door_c", "t_wall_wood_chipped", "t_door_c", "t_wall_log", "t_door_c", "t_wall_log_chipped"],
            "B": "t_palisade",
            "*": ["t_door_c", "t_door_boarded", "t_door_c", "t_palisade", "t_door_c", "t_wall_wood", "t_door_c", "t_wall_wood_chipped", "t_door_c", "t_wall_log", "t_door_c", "t_wall_log_chipped"],
            "5": "t_chainfence_h",
            "8": "t_chainfence_v",
            "v": ["t_wall_glass", "t_wall_wood", "t_wall_wood", "t_wall_wood", "t_wall_wood_chipped", "t_palisade", "t_palisade", "t_palisade", "t_wall_log", "t_wall_log", "t_wall_log", "t_wall_log_chipped"],
            "M": "t_floor"
            },
            "furniture": {
            ".": "f_null",
            "_": "f_null",
            ",": "f_null",
            " ": "f_null",
            "-": "f_null",
            "|": "f_null",
            "O": "f_null",
            "L": "f_null",
            "+": "f_null",
            "M": ["f_anvil", "f_null", "f_null", "f_null", "f_null", "f_null", "f_null", "f_anvil", "f_wreckage", "f_anvil"],
            "w": "f_null",
            "x": "f_null",
            "c": ["f_chair", "f_null", "f_null", "f_null", "f_null", "f_null", "f_null", "f_chair", "f_rubble", "f_chair"],
            "#": ["f_counter", "f_null", "f_null", "f_null", "f_null", "f_null", "f_null", "f_counter", "f_rubble", "f_counter"],
            "&": "f_null",
            "r": ["f_rack", "f_null", "f_null", "f_null", "f_null", "f_null", "f_null", "f_rack", "f_rubble", "f_rack"],
            "^": "f_null",
            "t": ["f_table", "f_null", "f_null", "f_null", "f_null", "f_null", "f_null", "f_table", "f_rubble", "f_table"],
            "F": "f_null",
            "@": "f_null",
            ":": ["f_dresser", "f_null", "f_null", "f_null", "f_null", "f_null", "f_null", "f_dresser", "f_rubble", "f_dresser"],
            "l": ["f_vending_c", "f_null", "f_null", "f_null", "f_null", "f_null", "f_null", "f_vending_c", "f_wreckage", "f_vending_c"],
            "S": "f_null",
            "G": ["f_desk", "f_null", "f_null", "f_null", "f_null", "f_null", "f_null", "f_desk", "f_rubble", "f_desk"],
            "f": ["f_trashcan", "f_null", "f_null", "f_null", "f_null", "f_null", "f_null", "f_trashcan", "f_rubble", "f_trashcan"],
            "T": ["f_safe_l", "f_null", "f_null", "f_null", "f_null", "f_null", "f_null", "f_safe_l", "f_wreckage", "f_safe_l"],
            "h": "f_null",
            "v": "f_null"
            }
}
}
]
}
]
