[
    {
        "type": "mapgen",
        "om_terrain": [
            "s_electronics"
        ],
        "method": "json",
        "weight": 1000,
        "object": {
            "rows": [
                "                        ",
                "                        ",
                "                        ",
                "   -------::-+--:::---  ",
                "   |{{{{{........#...|  ",
                "   |{............#...|  ",
                "   |{............#...|  ",
                "   |{............###.|  ",
                "   |{................|  ",
                "   |{................:  ",
                "   |{................:  ",
                "   |{................:  ",
                "   |{................|  ",
                "   |{................|  ",
                "   |{................:  ",
                "   |#....{.....{....#:  ",
                "   |#....{.....{....#:  ",
                "   |#....{.....{....#|  ",
                "   |#....{.....{....#|  ",
                "   |#....{.....{....#|  ",
                "   |#################|  ",
                "   -------------------  ",
                "                        ",
                "                        "
            ],
            "place_npcs": [
                { "class": "bandit", "chance": 1, "x": [2,21], "y": [2,21], "repeat": [1,3] },
                { "class": "thug", "chance": 1, "x": [2,21], "y": [2,21], "repeat": [1,3] }
            ],
            "terrain": {
                ":": ["t_window", "t_window_taped", "t_window_boarded", "t_wall_wood", "t_curtains", "t_wall_wood_chipped", "t_window_boarded", "t_wall_log", "t_curtains", "t_wall_log_chipped"],
                "+": ["t_door_c", "t_door_locked_alarm", "t_door_c", "t_door_locked", "t_door_c", "t_door_locked_peep", "t_door_c", "t_rdoor_boarded_damaged", "t_door_c", "t_rdoor_boarded", "t_door_c", "t_door_boarded_peep", "t_door_c", "t_door_boarded_damaged", "t_door_c", "t_door_boarded", "t_door_c", "t_door_c_peep", "t_door_c", "t_wall_wood", "t_door_c", "t_wall_wood_chipped", "t_door_c", "t_wall_log", "t_door_c", "t_wall_log_chipped", "t_door_c", "t_door_curtain_c", "t_door_c", "t_door_makeshift_c", "t_door_c", "t_palisade", "t_door_c", "t_bars", "t_door_c", "t_door_bar_c", "t_door_c", "t_door_bar_locked"],

                "|": "t_wall",
                "-": "t_wall",
                "#": "t_floor",
                "{": "t_floor",
                ".": "t_floor",
                " ": [ "t_grass", "t_grass", "t_grass", "t_dirt" ]
            },
            "furniture": {
                "#": ["f_counter", "f_null", "f_null", "f_null", "f_null", "f_null", "f_null", "f_counter", "f_rubble", "f_counter"],
                "{": ["f_rack", "f_null", "f_null", "f_null", "f_null", "f_null", "f_null", "f_rack", "f_rubble", "f_rack"]
            }
        }
    }
]
