[
    {
        "type": "mapgen",
        "om_terrain": [
            "campsite"
        ],
        "weight": 500,
        "method": "json",
        "object": {
            "rows": [
                "........................",
                "........................",
                "........................",
                "........................",
                ".........###............",
                "......t..#'#...t........",
                ".........#+#............",
                "....###.................",
                "....#'+....-............",
                "....###..-ddd-..........",
                "..........ddd...........",
                "....###..-ddd-..........",
                "....#'+....-............",
                "....###.................",
                ".........#+#..#+#.......",
                "....-r-..#'#..#'#.......",
                "....-r-..###..###.......",
                "........................",
                "....-r-...t....t........",
                "....-r-.............t...",
                "........................",
                "........................",
                "........................",
                "........................"
            ],
            "place_npcs": [
                { "class": "bandit", "chance": 1, "x": [2,21], "y": [2,21], "repeat": [1,3] },
                { "class": "thug", "chance": 1, "x": [2,21], "y": [2,21], "repeat": [1,3] }
            ],
            "terrain": {
                ".": [ "t_grass", "t_grass", "t_grass", "t_grass", "t_grass", "t_dirt" ],
                "#": ["t_grass", "t_grass", "t_grass", "t_grass", "t_grass", "t_grass", "t_dirt"],
                "'": ["t_grass", "t_grass", "t_grass", "t_grass", "t_grass", "t_grass", "t_dirt"],
                "+": ["t_grass", "t_grass", "t_grass", "t_grass", "t_grass", "t_grass", "t_dirt"],
                "t": ["t_tree", "t_tree", "t_tree", "t_tree_young", "t_tree_dead"],
                "-": ["t_dirt", "t_dirt", "t_dirt", "t_dirt", "t_dirt", "t_dirt", "t_grass"],
                "d": ["t_dirt", "t_dirt", "t_dirt", "t_dirt", "t_dirt", "t_dirt", "t_grass"],
                "r": ["t_dirt", "t_dirt", "t_dirt", "t_dirt", "t_dirt", "t_dirt", "t_grass"]
            },
            "furniture": {
                "#": "f_canvas_wall",
                "'": "f_center_groundsheet",
                "+": "f_canvas_door",
                "-": ["f_chair", "f_null", "f_null", "f_null", "f_null", "f_null", "f_null", "f_chair", "f_rubble", "f_chair"],
                "r": ["f_table", "f_null", "f_null", "f_null", "f_null", "f_null", "f_null", "f_table", "f_rubble", "f_table"]
            },
            "set": [
                { "point": "trap", "id": "tr_brazier", "x": 11, "y": 10}
            ]
        }
    },{
        "type": "mapgen",
        "om_terrain": [
            "campsite_cabin_incomplete"
        ],
        "weight": 500,
        "method": "json",
        "object": {
            "rows": [
                "........................",
                "........................",
                "..###..........xxwwxx...",
                "..#'#..........xffffx...",
                "..#+#............fffx...",
                "......-r-.........ffx...",
                "..ddd.............f.....",
                "..ddd-..................",
                "..ddd..........k.k.k....",
                "...............k.k.k....",
                "...............k.k.k....",
                "...............k.k.k....",
                "........................",
                ".................k......",
                "..............kkk.......",
                "....................k...",
                ".t.................k....",
                ".....t.............k....",
                "..........t....t..k.....",
                ".......t....t.......t...",
                "...t............t.......",
                "........t...t...........",
                ".t................t.....",
                "........................"
            ],
            "place_npcs": [
                { "class": "bandit", "chance": 1, "x": [2,21], "y": [2,21], "repeat": [1,3] },
                { "class": "thug", "chance": 1, "x": [2,21], "y": [2,21], "repeat": [1,3] }
            ],
            "terrain": {
                ".": [ "t_grass", "t_grass", "t_grass", "t_grass", "t_grass", "t_dirt" ],
                "#": ["t_grass", "t_grass", "t_grass", "t_grass", "t_grass", "t_grass", "t_dirt"],
                "'": ["t_grass", "t_grass", "t_grass", "t_grass", "t_grass", "t_grass", "t_dirt"],
                "+": ["t_grass", "t_grass", "t_grass", "t_grass", "t_grass", "t_grass", "t_dirt"],
                "t": ["t_tree", "t_tree", "t_tree", "t_tree_young", "t_tree_dead"],
                "-": ["t_dirt", "t_dirt", "t_dirt", "t_dirt", "t_dirt", "t_dirt", "t_grass"],
                "d": ["t_dirt", "t_dirt", "t_dirt", "t_dirt", "t_dirt", "t_dirt", "t_grass"],
                "r": ["t_dirt", "t_dirt", "t_dirt", "t_dirt", "t_dirt", "t_dirt", "t_grass"],
                "x": "t_wall_log",
                "f": "t_floor",
                "w": "t_window",
                "k": "t_trunk"
            },
            "furniture": {
                "#": "f_canvas_wall",
                "'": "f_center_groundsheet",
                "+": "f_canvas_door",
                "-": ["f_chair", "f_null", "f_null", "f_null", "f_null", "f_null", "f_null", "f_chair", "f_rubble", "f_chair"],
                "r": ["f_table", "f_null", "f_null", "f_null", "f_null", "f_null", "f_null", "f_table", "f_rubble", "f_table"]
            },
            "set": [
                { "point": "trap", "id": "tr_brazier", "x": 3, "y": 8}
            ]
        }
    },{
        "type": "mapgen",
        "om_terrain": [
            "campsite_field_biker"
        ],
        "weight": 500,
        "method": "json",
        "object": {
            "rows": [
                "........................",
                "........................",
                "........................",
                "........................",
                ".........###............",
                ".........#'#............",
                ".........#+#............",
                "....###.................",
                "....#'+.....-...........",
                "....###...-ddd-.........",
                "...........ddd..........",
                "....###...-ddd-...###...",
                "....#'+.....-.....+'#...",
                "....###...........###...",
                ".........#+#..#+#.......",
                ".........#'#..#'#.......",
                ".........###..###.......",
                "........................",
                "........................",
                "........................",
                "........................",
                "........................",
                "........................",
                "........................"
            ],
            "place_npcs": [
                { "class": "bandit", "chance": 1, "x": [2,21], "y": [2,21], "repeat": [1,3] },
                { "class": "thug", "chance": 1, "x": [2,21], "y": [2,21], "repeat": [1,3] }
            ],
            "terrain": {
                ".": [ "t_grass", "t_grass", "t_grass", "t_grass", "t_grass", "t_dirt" ],
                "#": ["t_grass", "t_grass", "t_grass", "t_grass", "t_grass", "t_grass", "t_dirt"],
                "'": ["t_grass", "t_grass", "t_grass", "t_grass", "t_grass", "t_grass", "t_dirt"],
                "+": ["t_grass", "t_grass", "t_grass", "t_grass", "t_grass", "t_grass", "t_dirt"],
                "t": ["t_tree", "t_tree", "t_tree", "t_tree_young", "t_tree_dead"],
                "-": ["t_dirt", "t_dirt", "t_dirt", "t_dirt", "t_dirt", "t_dirt", "t_grass"],
                "d": ["t_dirt", "t_dirt", "t_dirt", "t_dirt", "t_dirt", "t_dirt", "t_grass"],
                "r": ["t_dirt", "t_dirt", "t_dirt", "t_dirt", "t_dirt", "t_dirt", "t_grass"]
            },
            "furniture": {
                "#": "f_canvas_wall",
                "'": "f_center_groundsheet",
                "+": "f_canvas_door",
                "-": ["f_chair", "f_null", "f_null", "f_null", "f_null", "f_null", "f_null", "f_chair", "f_rubble", "f_chair"],
                "r": ["f_table", "f_null", "f_null", "f_null", "f_null", "f_null", "f_null", "f_table", "f_rubble", "f_table"]
            },
            "set": [
                { "point": "trap", "id": "tr_brazier", "x": 12, "y": 10}
            ]
        }
    },{
        "type": "mapgen",
        "om_terrain": [
            "campsite_field_biker_destroyed"
        ],
        "weight": 500,
        "method": "json",
        "object": {
            "rows": [
                "........................",
                "........................",
                "........................",
                "........................",
                "...........#............",
                ".........#'#............",
                ".........#+.............",
                "......#.................",
                "....#'+.....-...........",
                "....##....-ddd-.........",
                "...........ddd..........",
                "..........-ddd-...###...",
                "....#'......-......'#...",
                "....###...........###...",
                "........................",
                ".........#'#............",
                ".........###..##........",
                "........................",
                "........................",
                "........................",
                "........................",
                "........................",
                "........................",
                "........................"
            ],
            "place_npcs": [
                { "class": "bandit", "chance": 1, "x": [2,21], "y": [2,21], "repeat": [1,3] },
                { "class": "thug", "chance": 1, "x": [2,21], "y": [2,21], "repeat": [1,3] }
            ],
            "terrain": {
                ".": [ "t_grass", "t_grass", "t_grass", "t_grass", "t_grass", "t_dirt" ],
                "#": ["t_grass", "t_grass", "t_grass", "t_grass", "t_grass", "t_grass", "t_dirt"],
                "'": ["t_grass", "t_grass", "t_grass", "t_grass", "t_grass", "t_grass", "t_dirt"],
                "+": ["t_grass", "t_grass", "t_grass", "t_grass", "t_grass", "t_grass", "t_dirt"],
                "t": ["t_tree", "t_tree", "t_tree", "t_tree_young", "t_tree_dead"],
                "-": ["t_dirt", "t_dirt", "t_dirt", "t_dirt", "t_dirt", "t_dirt", "t_grass"],
                "d": ["t_dirt", "t_dirt", "t_dirt", "t_dirt", "t_dirt", "t_dirt", "t_grass"],
                "r": ["t_dirt", "t_dirt", "t_dirt", "t_dirt", "t_dirt", "t_dirt", "t_grass"]
            },
            "furniture": {
                "#": "f_canvas_wall",
                "'": "f_center_groundsheet",
                "+": "f_canvas_door",
                "-": ["f_chair", "f_null", "f_null", "f_null", "f_null", "f_null", "f_null", "f_chair", "f_rubble", "f_chair"],
                "r": ["f_table", "f_null", "f_null", "f_null", "f_null", "f_null", "f_null", "f_table", "f_rubble", "f_table"]
            },
            "set": [
                { "point": "trap", "id": "tr_brazier", "x": 12, "y": 10}
            ]
        }
    },{
        "type": "mapgen",
        "om_terrain": [
            "campsite_a"
        ],
        "weight": 500,
        "method": "json",
        "object": {
            "rows": [
                "........................",
                "........................",
                "..###..........t..xxx...",
                "..#'#............|xfx...",
                "..#+#.-r-........pxDx...",
                "...-..pppppppppppppp....",
                "..ddd.###........p..t...",
                "..ddd-+'#.......p.......",
                "..ddd.###......p...t....",
                "..............pp..t..t..",
                "..#+#........p.pt...j...",
                "..#'#.......p..p..t..t..",
                "..###......p...p........",
                ".iiiiiii..p....piiiiiii.",
                ".........p.....p........",
                "........p.......p..###..",
                ".......p....i....p.#'#..",
                "......-r-...i..-r-p#+#..",
                "...-........i.......-...",
                "..ddd.###...i......ddd..",
                "..ddd-+'#...i......ddd..",
                "..ddd.###...i......ddd..",
                "............i...........",
                "........................"
            ],
            "place_npcs": [
                { "class": "bandit", "chance": 1, "x": [2,21], "y": [2,21], "repeat": [1,3] },
                { "class": "thug", "chance": 1, "x": [2,21], "y": [2,21], "repeat": [1,3] }
            ],
            "terrain": {
                ".": [ "t_grass", "t_grass", "t_grass", "t_grass", "t_grass", "t_dirt" ],
                "#": ["t_grass", "t_grass", "t_grass", "t_grass", "t_grass", "t_grass", "t_dirt"],
                "'": ["t_grass", "t_grass", "t_grass", "t_grass", "t_grass", "t_grass", "t_dirt"],
                "+": ["t_grass", "t_grass", "t_grass", "t_grass", "t_grass", "t_grass", "t_dirt"],
                "t": ["t_tree", "t_tree", "t_tree", "t_tree_young", "t_tree_dead"],
                "-": ["t_dirt", "t_dirt", "t_dirt", "t_dirt", "t_dirt", "t_dirt", "t_grass"],
                "|": ["t_dirt", "t_dirt", "t_dirt", "t_dirt", "t_dirt", "t_dirt", "t_grass"],
                "p": ["t_dirt", "t_dirt", "t_dirt", "t_dirt", "t_dirt", "t_dirt", "t_grass"],
                "d": ["t_dirt", "t_dirt", "t_dirt", "t_dirt", "t_dirt", "t_dirt", "t_grass"],
                "r": ["t_dirt", "t_dirt", "t_dirt", "t_dirt", "t_dirt", "t_dirt", "t_grass"],
                "x": "t_wall",
                "f": "t_floor",
                "w": "t_window",
                "k": "t_trunk",
                "D": "t_door_c",
                "i": "t_fence_v",
                "j": "t_covered_well"
            },
            "furniture": {
                "#": "f_canvas_wall",
                "'": "f_center_groundsheet",
                "+": "f_canvas_door",
                "-": ["f_chair", "f_null", "f_null", "f_null", "f_null", "f_null", "f_null", "f_chair", "f_rubble", "f_chair"],
                "|": ["f_crate_o", "f_null", "f_null", "f_null", "f_null", "f_null", "f_null", "f_crate_o", "f_rubble", "f_crate_o"],
                "f": ["f_toilet", "f_null", "f_null", "f_null", "f_null", "f_null", "f_null", "f_toilet", "f_rubble", "f_toilet"],
                "r": ["f_table", "f_null", "f_null", "f_null", "f_null", "f_null", "f_null", "f_table", "f_rubble", "f_table"]
            },
            "set": [
                { "point": "trap", "id": "tr_brazier", "x": 3, "y": 7},
                { "point": "trap", "id": "tr_brazier", "x": 3, "y": 20},
                { "point": "trap", "id": "tr_brazier", "x": 20, "y": 20}
            ]
        }
    }
]