[
    {
        "type": "mapgen",
        "om_terrain": [
            "cabin_strange"
        ],
        "method": "json",
        "weight": 300,
        "object": {
            "fill_ter": "t_floor",
            "rows": [
                "                        ",
                "^  FfffffffffffGfffffF  ",
                "   F                 F  ",
                "   F              ^  F  ",
                "  ^F  |-w---|        F  ",
                "   F  |cSecu|sssss   F  ",
                "  |-w-|O....=sssss|---| ",
                "  |H.T|c...u|-w-w-|>..w ",
                "  |H..+....u|d....|-|-| ",
                "  |..S|.....+.....+.|r| ",
                "  |-+-|.....|...bb|r|.| ",
                "  |.........|---|-|-|+| ",
                "  w...hh....aaaa|.d...| ",
                "  |..htth.......|.....w ",
                "  w..htth.......D..bb.w ",
                "  w...hh.......o|..bb.| ",
                "  |o...........A|-----| ",
                "  w.............|d.bb.| ",
                "  |.............+..bb.w ",
                "  |-+|-w-==-w-|-|.....| ",
                "  |L.|ssssssss|r+.....| ",
                "  |--|ssssssss|-|--w--| ",
                "     ssCssssCss         ",
                "  ^                 ^   "
            ],
            "place_npcs": [
                { "class": "bandit", "chance": 1, "x": [2,21], "y": [2,21], "repeat": [1,3] },
                { "class": "thug", "chance": 1, "x": [2,21], "y": [2,21], "repeat": [1,3] }
            ],
            "terrain": {
                "w": ["t_window_domestic", "t_window_boarded", "t_curtains", "t_window_domestic_taped", "t_wall_wood", "t_wall_wood_chipped", "t_wall_log", "t_wall_log_chipped"],
                "+": ["t_door_c", "t_door_locked_alarm", "t_door_c", "t_door_locked", "t_door_c", "t_door_locked_peep", "t_door_c", "t_rdoor_boarded_damaged", "t_door_c", "t_rdoor_boarded", "t_door_c", "t_door_boarded_peep", "t_door_c", "t_door_boarded_damaged", "t_door_c", "t_door_boarded", "t_door_c", "t_door_c_peep", "t_door_c", "t_wall_wood", "t_door_c", "t_wall_wood_chipped", "t_door_c", "t_wall_log", "t_door_c", "t_wall_log_chipped", "t_door_c", "t_door_curtain_c", "t_door_c", "t_door_makeshift_c", "t_door_c", "t_palisade", "t_door_c", "t_bars", "t_door_c", "t_door_bar_c", "t_door_c", "t_door_bar_locked"],
                "D": ["t_door_c", "t_door_boarded", "t_door_c", "t_palisade", "t_door_c", "t_wall_wood", "t_door_c", "t_wall_wood_chipped", "t_door_c", "t_wall_log", "t_door_c", "t_wall_log_chipped"],
                "=": ["t_door_c", "t_door_boarded", "t_door_c", "t_palisade", "t_door_c", "t_wall_wood", "t_door_c", "t_wall_wood_chipped", "t_door_c", "t_wall_log", "t_door_c", "t_wall_log_chipped"],

                " ": [ "t_grass", "t_grass", "t_grass", "t_dirt" ],
                "%": "t_shrub",
                "^": ["t_tree", "t_tree", "t_tree", "t_tree_young", "t_tree_dead"],
                "f": "t_fence_h",
                "F": "t_fence_v",
                "G": ["t_fencegate_c", "t_fencegate_c", "t_fencegate_c", "t_fencegate_o"],
                "C": "t_column",
                "-": "t_wall",
                "|": "t_wall",
                "s": "t_sidewalk",
                ">": "t_stairs_down"
            },
            "furniture": {
                "H": ["f_bathtub", "f_null", "f_null", "f_null", "f_null", "f_null", "f_null", "f_bathtub", "f_wreckage", "f_bathtub"],
                "a": ["f_sofa", "f_null", "f_null", "f_null", "f_null", "f_null", "f_null", "f_sofa", "f_rubble", "f_sofa"],
                "A": ["f_armchair", "f_null", "f_null", "f_null", "f_null", "f_null", "f_null", "f_armchair", "f_rubble", "f_armchair"],
                "b": ["f_bed", "f_null", "f_null", "f_null", "f_null", "f_null", "f_null", "f_bed", "f_rubble", "f_bed"],
                "t": ["f_table", "f_null", "f_null", "f_null", "f_null", "f_null", "f_null", "f_table", "f_rubble", "f_table"],
                "S": ["f_sink", "f_null", "f_null", "f_null", "f_null", "f_null", "f_null", "f_sink", "f_rubble", "f_sink"],
                "h": ["f_chair", "f_null", "f_null", "f_null", "f_null", "f_null", "f_null", "f_chair", "f_rubble", "f_chair"],
                "c": ["f_counter", "f_null", "f_null", "f_null", "f_null", "f_null", "f_null", "f_counter", "f_rubble", "f_counter"],
                "O": ["f_oven", "f_null", "f_null", "f_null", "f_null", "f_null", "f_null", "f_oven", "f_wreckage", "f_oven"]
            },
            "toilets": {
                "T": { }
            },
            "mapping": {
                "u": {
                    "furniture": ["f_cupboard", "f_null", "f_null", "f_null", "f_null", "f_null", "f_null", "f_cupboard", "f_rubble", "f_cupboard"]
                },
                "e": {
                    "furniture": ["f_fridge", "f_null", "f_null", "f_null", "f_null", "f_null", "f_null", "f_fridge", "f_wreckage", "f_fridge"]
                },
                "o": {
                    "furniture": ["f_bookcase", "f_null", "f_null", "f_null", "f_null", "f_null", "f_null", "f_bookcase", "f_rubble", "f_bookcase"]
                },
                "d": {
                    "furniture": ["f_dresser", "f_null", "f_null", "f_null", "f_null", "f_null", "f_null", "f_dresser", "f_rubble", "f_dresser"]
                },
                "r": {
                    "furniture": ["f_rack", "f_null", "f_null", "f_null", "f_null", "f_null", "f_null", "f_rack", "f_rubble", "f_rack"]
                },
                "L": {
                    "furniture": ["f_locker", "f_null", "f_null", "f_null", "f_null", "f_null", "f_null", "f_locker", "f_wreckage", "f_locker"]
                }
            },
            "place_monster": [
                { "x": 8, "y": 10, "monster": "mon_darkman" }
            ]
        }
    },
    {
        "type": "mapgen",
        "om_terrain": [
            "cabin_strange_b"
        ],
        "method": "json",
        "weight": 300,
        "object": {
            "fill_ter": "t_dirtfloor",
            "rows": [
                "########################",
                "################...h...#",
                "########c.cc####.httth.#",
                "###T..##c....+...ht.th.#",
                "###...G....c####.......#",
                "###BB.##....############",
                "##########D###|---|---|#",
                "##########.###|cdc|<..|#",
                "##.hhh.##...##|.h.|-D-|#",
                "#.......#.C.##|-+-|..h##",
                "#.hh.hh.D...##c......c##",
                "#.......#.C.##ccC..Ccc##",
                "#.hh.hh.#...##cc.....r##",
                "#.......#.C.##ccC..C.r##",
                "#.hh.hh.#...##tt..ch.r##",
                "#.......#.C.##ttCccC..##",
                "#.......#............A##",
                "#.b.S.b.#.C..C.cC..C..##",
                "##.....##..h..ccccBBo.##",
                "###+#+##################",
                "##.....#################",
                "##.....#################",
                "##.....#################",
                "########################"
            ],
            "place_npcs": [
                { "class": "bandit", "chance": 1, "x": [2,21], "y": [2,21], "repeat": [1,3] },
                { "class": "thug", "chance": 1, "x": [2,21], "y": [2,21], "repeat": [1,3] }
            ],
            "terrain": {
                "+": ["t_door_c", "t_door_locked_alarm", "t_door_c", "t_door_locked", "t_door_c", "t_door_locked_peep", "t_door_c", "t_rdoor_boarded_damaged", "t_door_c", "t_rdoor_boarded", "t_door_c", "t_door_boarded_peep", "t_door_c", "t_door_boarded_damaged", "t_door_c", "t_door_boarded", "t_door_c", "t_door_c_peep", "t_door_c", "t_wall_wood", "t_door_c", "t_wall_wood_chipped", "t_door_c", "t_wall_log", "t_door_c", "t_wall_log_chipped", "t_door_c", "t_door_curtain_c", "t_door_c", "t_door_makeshift_c", "t_door_c", "t_palisade", "t_door_c", "t_bars", "t_door_c", "t_door_bar_c", "t_door_c", "t_door_bar_locked"],
                "D": ["t_door_c", "t_door_boarded", "t_door_c", "t_palisade", "t_door_c", "t_wall_wood", "t_door_c", "t_wall_wood_chipped", "t_door_c", "t_wall_log", "t_door_c", "t_wall_log_chipped"],
                "=": ["t_door_c", "t_door_boarded", "t_door_c", "t_palisade", "t_door_c", "t_wall_wood", "t_door_c", "t_wall_wood_chipped", "t_door_c", "t_wall_log", "t_door_c", "t_wall_log_chipped"],

                "#": "t_rock",
                "G": "t_door_bar_locked",
                "C": "t_column",
                "-": "t_wall",
                "|": "t_wall",
                "<": "t_stairs_up"
            },
            "furniture": {
                "A": ["f_armchair", "f_null", "f_null", "f_null", "f_null", "f_null", "f_null", "f_armchair", "f_rubble", "f_armchair"],
                "t": ["f_table", "f_null", "f_null", "f_null", "f_null", "f_null", "f_null", "f_table", "f_rubble", "f_table"],
                "B": ["f_bed", "f_null", "f_null", "f_null", "f_null", "f_null", "f_null", "f_bed", "f_rubble", "f_bed"],
                "h": ["f_chair", "f_null", "f_null", "f_null", "f_null", "f_null", "f_null", "f_chair", "f_rubble", "f_chair"],
                "d": ["f_desk", "f_null", "f_null", "f_null", "f_null", "f_null", "f_null", "f_desk", "f_rubble", "f_desk"]
            },
            "toilets": {
                "T": { }
            },
            "mapping": {
                "b": {
                    "item": { "item": "brazier" }
                },
                "S": {
                    "furniture": ["f_table", "f_null", "f_null", "f_null", "f_null", "f_null", "f_null", "f_table", "f_rubble", "f_table"]
                },
                "o": {
                    "furniture": ["f_bookcase", "f_null", "f_null", "f_null", "f_null", "f_null", "f_null", "f_bookcase", "f_rubble", "f_bookcase"]
                },
                "c": {
                    "furniture": ["f_crate_o", "f_null", "f_null", "f_null", "f_null", "f_null", "f_null", "f_crate_o", "f_rubble", "f_crate_o"]
                },
                "r": {
                    "furniture": ["f_rack", "f_null", "f_null", "f_null", "f_null", "f_null", "f_null", "f_rack", "f_rubble", "f_rack"]
                }
            },
            "place_monster": [
                { "x": 4, "y": 12, "monster": "mon_dementia", "repeat": [3, 6] },
                { "x": 19, "y": 2, "monster": "mon_dementia", "repeat": [1, 4] },
                { "x": 4, "y": 21, "monster": "mon_blood_sacrifice", "repeat": 1 }
            ]
        }
    }
]
