[
    {
        "type"       : "overmap_terrain",
        "id"         : "bowling_alley",
        "name"       : "bowling alley",
        "rotate"     : true,
        "sym"        : 66,
        "color"      : "red",
        "see_cost"   : 5,
        "extras"     : "build",
        "mondensity" : 2,
        "sidewalk"   : true,
        "mapgen":
        [
            {
                "method": "json",
                "weight": 10000000,
                "object": {
                    "rows": [
                        ",,,,,__________________,",
                        ",,,,,_y____y____y____y_,",
                        ",,,,,_y____y____y____y_,",
                        ",,,,,_y____y____y____y_,",
                        ",,,,,_y____y____y____y_,",
                        ",,,,,_y____y____y____y_,",
                        ",,,,,_y____y____y____y_,",
                        "|-+------OOOO----OOOO--|",
                        "|            lll&   # r|",
                        "|ctc   ctc          # r|",
                        "|ctc   ctc             |",
                        "|ctc   ctc     c    c  |",
                        "|             ctc  ctc |",
                        "|          r           |",
                        "| ####     r    =  =   |",
                        "|r   #c   &| GSSGSSGSSG|",
                        "|r   #     | GSSGSSGSSG|",
                        "|r   #c    | GSSGSSGSSG|",
                        "|-+--|     | GSSGSSGSSG|",
                        "|F  r|     | GSSGSSGSSG|",
                        "|F  r|+-|+-| GSSGSSGSSG|",
                        "|F  r|LU|LU| GSSGSSGSSG|",
                        "|F  r|T%|T%| GSSGSSGSSG|",
                        "|----------------------|"
                    ],
            "place_npcs": [
                { "class": "bandit", "chance": 1, "x": [2,21], "y": [2,21], "repeat": [1,3] },
                { "class": "thug", "chance": 1, "x": [2,21], "y": [2,21], "repeat": [1,3] }
            ],
                    "terrain": {
                "O": ["t_window", "t_window_taped", "t_window_boarded", "t_wall_wood", "t_curtains", "t_wall_wood_chipped", "t_window_boarded", "t_wall_log", "t_curtains", "t_wall_log_chipped"],
                "+": ["t_door_c", "t_door_locked_alarm", "t_door_c", "t_door_locked", "t_door_c", "t_door_locked_peep", "t_door_c", "t_rdoor_boarded_damaged", "t_door_c", "t_rdoor_boarded", "t_door_c", "t_door_boarded_peep", "t_door_c", "t_door_boarded_damaged", "t_door_c", "t_door_boarded", "t_door_c", "t_door_c_peep", "t_door_c", "t_wall_wood", "t_door_c", "t_wall_wood_chipped", "t_door_c", "t_wall_log", "t_door_c", "t_wall_log_chipped", "t_door_c", "t_door_curtain_c", "t_door_c", "t_door_makeshift_c", "t_door_c", "t_palisade", "t_door_c", "t_bars", "t_door_c", "t_door_bar_c", "t_door_c", "t_door_bar_locked"],
                "M": ["t_door_metal_c", "t_wall_wood", "t_door_metal_c", "t_wall_wood_chipped", "t_door_metal_c", "t_wall_log", "t_door_metal_c", "t_wall_log_chipped"],

                        ".": ["t_grass", "t_grass", "t_grass", "t_grass", "t_grass", "t_grass", "t_dirt"],
                        "_": "t_pavement",
                        ",": "t_sidewalk",
                        "y": "t_pavement_y",
                        " ": "t_floor",
                        "-": "t_wall",
                        "|": "t_wall",
                        "w": "t_gates_mech_control",
                        "x": "t_console_broken",
                        "c": "t_floor",
                        "#": "t_floor",
                        "r": "t_floor",
                        "^": "t_floor",
                        "t": "t_floor",
                        "F": "t_floor",
                        "@": "t_floor",
                        ":": "t_floor",
                        "T": "t_linoleum_white",
                        "l": "t_floor",
                        "S": "t_floor_waxed",
                        "=": "t_floor",
                        "G": "t_floor",
                        "L": "t_linoleum_white",
                        "U": "t_linoleum_white",
                        "&": "t_floor",
                        "%": "t_linoleum_white"
                    },
                    "furniture": {
                        ".": "f_null",
                        "_": "f_null",
                        ",": "f_null",
                        " ": "f_null",
                        "-": "f_null",
                        "|": "f_null",
                        "O": "f_null",
                        "L": "f_null",
                        "+": "f_null",
                        "M": "f_null",
                        "w": "f_null",
                        "x": "f_null",
                        "c": ["f_chair", "f_null", "f_null", "f_null", "f_null", "f_null", "f_null", "f_chair", "f_rubble", "f_chair"],
                        "#": ["f_counter", "f_null", "f_null", "f_null", "f_null", "f_null", "f_null", "f_counter", "f_rubble", "f_counter"],
                        "r": ["f_rack", "f_null", "f_null", "f_null", "f_null", "f_null", "f_null", "f_rack", "f_rubble", "f_rack"],
                        "^": ["f_indoor_plant", "f_null", "f_null", "f_null", "f_null", "f_null", "f_null", "f_null"],
                        "t": ["f_table", "f_null", "f_null", "f_null", "f_null", "f_null", "f_null", "f_table", "f_rubble", "f_table"],
                        "F": ["f_fridge", "f_null", "f_null", "f_null", "f_null", "f_null", "f_null", "f_fridge", "f_wreckage", "f_fridge"],
                        "@": ["f_bed", "f_null", "f_null", "f_null", "f_null", "f_null", "f_null", "f_bed", "f_rubble", "f_bed"],
                        ":": ["f_dresser", "f_null", "f_null", "f_null", "f_null", "f_null", "f_null", "f_dresser", "f_rubble", "f_dresser"],
                        "l": ["f_vending_c", "f_null", "f_null", "f_null", "f_null", "f_null", "f_null", "f_vending_c", "f_wreckage", "f_vending_c"],
                        "S": "f_null",
                        "=": "f_ball_mach",
                        "G": "f_lane",
                        "U": ["f_sink", "f_null", "f_null", "f_null", "f_null", "f_null", "f_null", "f_sink", "f_rubble", "f_sink"],
                        "&": ["f_trashcan", "f_null", "f_null", "f_null", "f_null", "f_null", "f_null", "f_trashcan", "f_rubble", "f_trashcan"],
                        "%": ["f_trashcan", "f_null", "f_null", "f_null", "f_null", "f_null", "f_null", "f_trashcan", "f_rubble", "f_trashcan"]
                    },
                    "set": [
                    ],
                    "toilets": {
                        "T": { }
                    }
                }
            }
        ]
    }
]
