[
    {
        "type": "mapgen",
        "om_terrain": [ "s_hardware" ],
        "method": "json",
        "weight": 500,
        "object": {
            "rows": [
                "ppppp~~~~~~~~~~~~~~~~~~~",
                "ppppp###---##++##---###~",
                "ppppp#b.........v....P#'",
                "ppppp#b.b.b.r..r.o.o.P#'",
                "ppppp#b.b.b.c..c.o.o.P#'",
                "ppppp#..v.........v..P#'",
                "ppppp#.llllll..hhhhh.P#'",
                "ppppp#v..............P#'",
                "ppppp#lllllll..hhhhhvP#'",
                "ppppp########++########'",
                "ppppp#HHHHHHH__HHHHHHH#'",
                "pVppp#_____T_____T____#'",
                "ppppp#HHHHHHH__HHHHHHH#'",
                "ppppp#__T________T____#'",
                "ppppp#HHHH#HHT_HH#HHHH#'",
                "pppppwppppppppppppppppw'",
                "pppppwHHHHHHHppHHHHHHHw'",
                "ppppp|ppppppppppppppppw'",
                "ppppp|pppppppppHpHpHpHw'",
                "pppppwMpMpMpMppHpHpHpHw'",
                "pppppwpppppppppHpHpHpHw'",
                "'D'D'wMpMpMpMppHpHpHpHw'",
                "'''''WWWWWWWWWWWWWWWWWW'",
                "''''''''''''''''''''''''"
            ],
            "place_npcs": [
                { "class": "bandit", "chance": 1, "x": [2,21], "y": [2,21], "repeat": [1,3] },
                { "class": "thug", "chance": 1, "x": [2,21], "y": [2,21], "repeat": [1,3] }
            ],
            "terrain": {
                "+": ["t_door_glass_c", "t_wall_wood", "t_wall_wood_chipped", "t_wall_log", "t_wall_log_chipped", "t_door_makeshift_c", "t_door_c", "t_palisade"],

                "'": [ "t_grass", "t_grass", "t_dirt" ],
                "~": "t_sidewalk",
                "W": "t_chainfence_h",
                "w": "t_chainfence_v",
                "|": ["t_chaingate_c", "t_chaingate_c", "t_chaingate_c", "t_chaingate_c", "t_chaingate_o"],
                "#": "t_wall",
                ".": "t_floor",
                "-": ["t_wall_glass", "t_wall_wood", "t_wall_wood", "t_wall_wood", "t_wall_wood_chipped", "t_palisade", "t_palisade", "t_palisade", "t_wall_log", "t_wall_log", "t_wall_log", "t_wall_log_chipped"],
                "p": "t_pavement",
                "D": ["t_dirt", "t_dirt", "t_dirt", "t_dirt", "t_dirt", "t_dirt", "t_grass"],
                "b": "t_floor",
                "c": "t_floor",
                "r": "t_console_broken",
                "o": "t_floor",
                "P": "t_floor",
                "l": "t_floor",
                "h": "t_floor",
                "H": "t_pavement",
                "M": "t_pavement",
                "v": "t_floor",
                "T": "t_floor",
                "V": "t_pavement",
                "_": "t_floor"
            },
            "furniture": {
                "D": ["f_dumpster", "f_dumpster", "f_null", "f_null", "f_null", "f_null", "f_null", "f_null", "f_dumpster", "f_dumpster", "f_rubble", "f_dumpster", "f_dumpster"],
                "b": ["f_rack", "f_null", "f_null", "f_null", "f_null", "f_null", "f_null", "f_rack", "f_rubble", "f_rack"],
                "c": ["f_counter", "f_null", "f_null", "f_null", "f_null", "f_null", "f_null", "f_counter", "f_rubble", "f_counter"],
                "o": ["f_rack", "f_null", "f_null", "f_null", "f_null", "f_null", "f_null", "f_rack", "f_rubble", "f_rack"],
                "P": ["f_rack", "f_null", "f_null", "f_null", "f_null", "f_null", "f_null", "f_rack", "f_rubble", "f_rack"],
                "l": ["f_rack", "f_null", "f_null", "f_null", "f_null", "f_null", "f_null", "f_rack", "f_rubble", "f_rack"],
                "h": ["f_rack", "f_null", "f_null", "f_null", "f_null", "f_null", "f_null", "f_rack", "f_rubble", "f_rack"],
                "H": ["f_rack", "f_null", "f_null", "f_null", "f_null", "f_null", "f_null", "f_rack", "f_rubble", "f_rack"]
            }
        }
    }
]

