[
    {
        "type": "mapgen",
        "om_terrain": ["hotel_tower_1_1"],
        "method": "json",
        "weight": 250,
        "object": {
            "rows": [
               "ssssssssssssssssssssssss",
               "_____,_____,_____,_____s",
               "_____,_____,_____,_____s",
               "_____,_____,_V___,_____s",
               "_____,_____,_____,_____s",
               "_____,_____,_____,_____s",
               "_____,_____,_____,_____s",
               "_______________________s",
               "_______________________s",
               "_______________________s",
               "_______________________s",
               "_______________________s",
               "_____,_____,_____,_____s",
               "_____,_____,_____,_____s",
               "_____,_V___,_V___,_____s",
               "_____,_____,_____,_____s",
               "_____,_____,_____,_____s",
               "_____,_____,_____,_____s",
               "ssssssssssssssssssssssss",
               "ssssssssssssssssssssssss",
               "_____,_____,_____,_____s",
               "_____,_____,_____,_____s",
               "_____,_____,_____,_____s",
               "_____,_____,_____,_____s"
            ],
            "place_npcs": [
                { "class": "bandit", "chance": 1, "x": [2,21], "y": [2,21], "repeat": [1,3] },
                { "class": "thug", "chance": 1, "x": [2,21], "y": [2,21], "repeat": [1,3] }
            ],
            "terrain": {
                "_": "t_pavement",
                "V": "t_pavement",
                ",": "t_pavement_y",
                "s": "t_sidewalk"
            }
        }
    },{
        "type": "mapgen",
        "om_terrain": ["hotel_tower_1_2"],
        "method": "json",
        "weight": 250,
        "object": {
            "rows": [
               "ss________sssss________s",
               "_,________s'''s________,",
               "_,________s'''s________,",
               "_,________s'''s________,",
               "_,________s'''s________,",
               "_,________sssss________,",
               "_,_____________________,",
               "________________________",
               "________________________",
               "________________________",
               "________________________",
               "________________________",
               "_,_____________________,",
               "_,________sssss________,",
               "_,________s'''s________,",
               "_,________s'''s________,",
               "_,________s'''s________,",
               "_,________s'''s________,",
               "ss________s'''s________s",
               "ss________s'''s________s",
               "_,________s'''s________,",
               "_,________s'''s________,",
               "_,________sssss________,",
               "_,_____________________,"
            ],
            "place_npcs": [
                { "class": "bandit", "chance": 1, "x": [2,21], "y": [2,21], "repeat": [1,3] },
                { "class": "thug", "chance": 1, "x": [2,21], "y": [2,21], "repeat": [1,3] }
            ],
            "terrain": {
                "'": ["t_grass", "t_grass", "t_grass", "t_grass", "t_grass", "t_grass", "t_dirt"],
                "_": "t_pavement",
                ",": "t_pavement_y",
                "s": "t_sidewalk"
            }
        }
    },{
        "type": "mapgen",
        "om_terrain": ["hotel_tower_1_3"],
        "method": "json",
        "weight": 250,
        "object": {
            "fill_ter": "t_pavement",
            "rows": [
               " sssssssssssssssssssssss",
               " s_____,_____,_____,____",
               " s_____,_____,_____,____",
               " s_____,_____,_____,____",
               " s_____,_V___,_____,____",
               " s_____,_____,_____,____",
               " s_____,_____,_____,____",
               " s______________________",
               " s______________________",
               " s______________________",
               " s______________________",
               " s______________________",
               " s_____,_____,_____,____",
               " s_____,_____,_____,____",
               " s_____,_____,_____,____",
               " s_____,_____,_____,____",
               " s_____,_____,___v_,____",
               " s_____,_____,_____,____",
               " sssssssssssssssssssssss",
               " sssssssssssssssssssssss",
               " s_____,_____,_____,____",
               " s_____,_____,_____,____",
               " s_____,_____,_____,____",
               " s_____,_____,_____,____"
            ],
            "place_npcs": [
                { "class": "bandit", "chance": 1, "x": [2,21], "y": [2,21], "repeat": [1,3] },
                { "class": "thug", "chance": 1, "x": [2,21], "y": [2,21], "repeat": [1,3] }
            ],
            "terrain": {
                " ": ["t_grass", "t_grass", "t_grass", "t_dirt"],
                "_": "t_pavement",
                ",": "t_pavement_y",
                "s": "t_sidewalk"
            }
        }
    },{
        "type": "mapgen",
        "om_terrain": ["hotel_tower_1_4"],
        "method": "json",
        "weight": 250,
        "object": {
            "fill_ter": "t_floor",
            "rows": [
               "_____,_____,_____,_____s",
               "_____,_____,_____,_____s",
               "_______________________s",
               "_______________________s",
               "_______________________s",
               "_______________________s",
               "_______________________s",
               "_______________________s",
               "_____,_____,_____,_____s",
               "_____,_V___,_____,_____s",
               "_____,_____,_____,_____s",
               "_____,_____,_____,_____s",
               "_____,_____,_____,___v_s",
               "_____,_____,_____,_____s",
               "ssssssssssssssssssssssss",
               "ssssssssssssssssssssssss",
               "'''''''''''''''''''''''s",
               "'''''''''''''''''''''''s",
               "''''''T'''''T''''''''''s",
               "'''''''''''''''''''''''s",
               "|-www-|-www-|-www-|''''s",
               "|d....|d..L.|d....|''''s",
               "|BB..o|BB..c|BB..c|''''s",
               "|BB..c|BB..o|BB..o|''''s"
            ],
            "place_npcs": [
                { "class": "bandit", "chance": 1, "x": [2,21], "y": [2,21], "repeat": [1,3] },
                { "class": "thug", "chance": 1, "x": [2,21], "y": [2,21], "repeat": [1,3] }
            ],
            "terrain": {
                "w": ["t_window_domestic", "t_window_boarded", "t_curtains", "t_window_domestic_taped", "t_wall_wood", "t_wall_wood_chipped", "t_wall_log", "t_wall_log_chipped"],

                "'": ["t_grass", "t_grass", "t_grass", "t_grass", "t_grass", "t_grass", "t_dirt"],
                "_": "t_pavement",
                "v": "t_pavement",
                "V": "t_pavement",
                ",": "t_pavement_y",
                "-": "t_wall",
                "|": "t_wall",
                "T": "t_tree_young",
                "s": "t_sidewalk"
            },
            "furniture": {
                "B": ["f_bed", "f_null", "f_null", "f_null", "f_null", "f_null", "f_null", "f_bed", "f_rubble", "f_bed"],
                "c": ["f_counter", "f_null", "f_null", "f_null", "f_null", "f_null", "f_null", "f_counter", "f_rubble", "f_counter"],
                "o": ["f_counter", "f_null", "f_null", "f_null", "f_null", "f_null", "f_null", "f_counter", "f_rubble", "f_counter"],
                "d": ["f_dresser", "f_null", "f_null", "f_null", "f_null", "f_null", "f_null", "f_dresser", "f_rubble", "f_dresser"]
            }
        }
    },{
        "type": "mapgen",
        "om_terrain": ["hotel_tower_1_5"],
        "method": "json",
        "weight": 250,
        "object": {
            "fill_ter": "t_floor",
            "rows": [
               "_,_____________________,",
               "_,_____________________,",
               "________________________",
               "________________________",
               "________________________",
               "________________________",
               "________________________",
               "__sssssssssssssssssssss_",
               "_,sssssCsssssssssCsssss,",
               "_,sssssssssssssssssssss,",
               "_,sss|HHHGGHHHGGHHH|sss,",
               "_,sssV............^|sss,",
               "_,sssV^............Vsss,",
               "_,sss|cccc.........Vsss,",
               "sssss|LL.c.........Vssss",
               "sssss|...x......hh.|ssss",
               "'''''|h..c......tt.V''''",
               "'''''|D.r|......tt.V''''",
               "''T''|-+-|......hh.V''T'",
               "'''''|^............|''''",
               "|-www||...........||www-",
               "|....d|...........|d..ht",
               "|c..BB|h.........h|BB..h",
               "|c.LBB|t.........t|BB..c"
            ],
            "place_npcs": [
                { "class": "bandit", "chance": 1, "x": [2,21], "y": [2,21], "repeat": [1,3] },
                { "class": "thug", "chance": 1, "x": [2,21], "y": [2,21], "repeat": [1,3] }
            ],
            "terrain": {
                "w": ["t_window_domestic", "t_window_boarded", "t_curtains", "t_window_domestic_taped", "t_wall_wood", "t_wall_wood_chipped", "t_wall_log", "t_wall_log_chipped"],
                "+": ["t_door_c", "t_door_locked_alarm", "t_door_c", "t_door_locked", "t_door_c", "t_door_locked_peep", "t_door_c", "t_rdoor_boarded_damaged", "t_door_c", "t_rdoor_boarded", "t_door_c", "t_door_boarded_peep", "t_door_c", "t_door_boarded_damaged", "t_door_c", "t_door_boarded", "t_door_c", "t_door_c_peep", "t_door_c", "t_wall_wood", "t_door_c", "t_wall_wood_chipped", "t_door_c", "t_wall_log", "t_door_c", "t_wall_log_chipped", "t_door_c", "t_door_curtain_c", "t_door_c", "t_door_makeshift_c", "t_door_c", "t_palisade", "t_door_c", "t_bars", "t_door_c", "t_door_bar_c", "t_door_c", "t_door_bar_locked"],
                "G": ["t_door_glass_c", "t_wall_wood", "t_wall_wood_chipped", "t_wall_log", "t_wall_log_chipped", "t_door_makeshift_c", "t_door_c", "t_palisade"],

                "'": ["t_grass", "t_grass", "t_grass", "t_grass", "t_grass", "t_grass", "t_dirt"],
                "T": "t_tree_young",
                "V": ["t_wall_glass", "t_wall_wood", "t_wall_wood", "t_wall_wood", "t_wall_wood_chipped", "t_palisade", "t_palisade", "t_palisade", "t_wall_log", "t_wall_log", "t_wall_log", "t_wall_log_chipped"],
                "H": ["t_wall_glass", "t_wall_wood", "t_wall_wood", "t_wall_wood", "t_wall_wood_chipped", "t_palisade", "t_palisade", "t_palisade", "t_wall_log", "t_wall_log", "t_wall_log", "t_wall_log_chipped"],
                "_": "t_pavement",
                ",": "t_pavement_y",
                "C": "t_column",
                "x": "t_console_broken",
                "-": "t_wall",
                "|": "t_wall",
                "s": "t_sidewalk"
            },
            "furniture": {
                "r": ["f_rack", "f_null", "f_null", "f_null", "f_null", "f_null", "f_null", "f_rack", "f_rubble", "f_rack"],
                "D": ["f_desk", "f_null", "f_null", "f_null", "f_null", "f_null", "f_null", "f_desk", "f_rubble", "f_desk"],
                "B": ["f_bed", "f_null", "f_null", "f_null", "f_null", "f_null", "f_null", "f_bed", "f_rubble", "f_bed"],
                "^": ["f_indoor_plant", "f_null", "f_null", "f_null", "f_null", "f_null", "f_null", "f_null"],
                "t": ["f_table", "f_null", "f_null", "f_null", "f_null", "f_null", "f_null", "f_table", "f_rubble", "f_table"],
                "h": ["f_chair", "f_null", "f_null", "f_null", "f_null", "f_null", "f_null", "f_chair", "f_rubble", "f_chair"],
                "c": ["f_counter", "f_null", "f_null", "f_null", "f_null", "f_null", "f_null", "f_counter", "f_rubble", "f_counter"],
                "o": ["f_counter", "f_null", "f_null", "f_null", "f_null", "f_null", "f_null", "f_counter", "f_rubble", "f_counter"],
                "d": ["f_dresser", "f_null", "f_null", "f_null", "f_null", "f_null", "f_null", "f_dresser", "f_rubble", "f_dresser"]
            },
            "place_vehicles": [
                { "vehicle": "luggage_cart", "x": [10, 15], "y": [11, 19], "chance": 10, "repeat": [1, 3] }
            ]
        }
    },{
        "type": "mapgen",
        "om_terrain": ["hotel_tower_1_5"],
        "method": "json",
        "weight": 250,
        "object": {
            "fill_ter": "t_floor",
            "rows": [
               "________________________",
               "________________________",
               "________________________",
               "________________________",
               "________________________",
               "__,,,,,,,,,,,,,,,,,,,,,_",
               "___C_____C_____C_____C__",
               "________________________",
               "________________________",
               "________________________",
               "________________________",
               "________________________",
               "________________________",
               "__'''''''''''''''''''''_",
               "ssssssssssssssssssssssss",
               "sssss|---HGGHGGH---|ssss",
               "'''''|.............|''''",
               "'''''V.............V''''",
               "''T''V....ccccc....V''T'",
               "'''''|^...cDxDc...^|''''",
               "|-www||......hc...||www-",
               "|....d|...ccccc...|d..ht",
               "|c..BB|...........|BB..h",
               "|c.LBB|h.........h|BB..c"
            ],
            "place_npcs": [
                { "class": "bandit", "chance": 1, "x": [2,21], "y": [2,21], "repeat": [1,3] },
                { "class": "thug", "chance": 1, "x": [2,21], "y": [2,21], "repeat": [1,3] }
            ],
            "terrain": {
                "w": ["t_window_domestic", "t_window_boarded", "t_curtains", "t_window_domestic_taped", "t_wall_wood", "t_wall_wood_chipped", "t_wall_log", "t_wall_log_chipped"],
                "+": ["t_door_c", "t_door_locked_alarm", "t_door_c", "t_door_locked", "t_door_c", "t_door_locked_peep", "t_door_c", "t_rdoor_boarded_damaged", "t_door_c", "t_rdoor_boarded", "t_door_c", "t_door_boarded_peep", "t_door_c", "t_door_boarded_damaged", "t_door_c", "t_door_boarded", "t_door_c", "t_door_c_peep", "t_door_c", "t_wall_wood", "t_door_c", "t_wall_wood_chipped", "t_door_c", "t_wall_log", "t_door_c", "t_wall_log_chipped", "t_door_c", "t_door_curtain_c", "t_door_c", "t_door_makeshift_c", "t_door_c", "t_palisade", "t_door_c", "t_bars", "t_door_c", "t_door_bar_c", "t_door_c", "t_door_bar_locked"],
                "G": ["t_door_glass_c", "t_wall_wood", "t_wall_wood_chipped", "t_wall_log", "t_wall_log_chipped", "t_door_makeshift_c", "t_door_c", "t_palisade"],

                "'": ["t_grass", "t_grass", "t_grass", "t_grass", "t_grass", "t_grass", "t_dirt"],
                "T": "t_tree_young",
                "V": ["t_wall_glass", "t_wall_wood", "t_wall_wood", "t_wall_wood", "t_wall_wood_chipped", "t_palisade", "t_palisade", "t_palisade", "t_wall_log", "t_wall_log", "t_wall_log", "t_wall_log_chipped"],
                "H": ["t_wall_glass", "t_wall_wood", "t_wall_wood", "t_wall_wood", "t_wall_wood_chipped", "t_palisade", "t_palisade", "t_palisade", "t_wall_log", "t_wall_log", "t_wall_log", "t_wall_log_chipped"],
                "_": "t_pavement",
                ",": "t_pavement_y",
                "C": "t_column",
                "x": "t_console_broken",
                "-": "t_wall",
                "|": "t_wall",
                "s": "t_sidewalk",
                "~": "t_thconc_floor"
            },
            "furniture": {
                "r": ["f_rack", "f_null", "f_null", "f_null", "f_null", "f_null", "f_null", "f_rack", "f_rubble", "f_rack"],
                "D": ["f_desk", "f_null", "f_null", "f_null", "f_null", "f_null", "f_null", "f_desk", "f_rubble", "f_desk"],
                "B": ["f_bed", "f_null", "f_null", "f_null", "f_null", "f_null", "f_null", "f_bed", "f_rubble", "f_bed"],
                "^": ["f_indoor_plant", "f_null", "f_null", "f_null", "f_null", "f_null", "f_null", "f_null"],
                "t": ["f_table", "f_null", "f_null", "f_null", "f_null", "f_null", "f_null", "f_table", "f_rubble", "f_table"],
                "h": ["f_chair", "f_null", "f_null", "f_null", "f_null", "f_null", "f_null", "f_chair", "f_rubble", "f_chair"],
                "c": ["f_counter", "f_null", "f_null", "f_null", "f_null", "f_null", "f_null", "f_counter", "f_rubble", "f_counter"],
                "o": ["f_counter", "f_null", "f_null", "f_null", "f_null", "f_null", "f_null", "f_counter", "f_rubble", "f_counter"],
                "d": ["f_dresser", "f_null", "f_null", "f_null", "f_null", "f_null", "f_null", "f_dresser", "f_rubble", "f_dresser"]
            }
        }
    },{
        "type": "mapgen",
        "om_terrain": ["hotel_tower_1_5"],
        "method": "json",
        "weight": 250,
        "object": {
            "fill_ter": "t_floor",
            "rows": [
               "_,_____________________,",
               "_,_____________________,",
               "________________________",
               "________________________",
               "________________________",
               "________________________",
               "________________________",
               "_____sssssssssssssss____",
               "_,_sssssssssssssssssss_,",
               "_,sssssssssssssssssssss,",
               "_,ssssss-HHGGGHH-ssssss,",
               "_,sssss||^.....^||sssss,",
               "_,ssss||^......Yc||ssss,",
               "_,sss||^.......YcD||sss,",
               "sssssV^........YcxDVssss",
               "sssssV..........ch.Vssss",
               "'''''V.j.t......c..V''''",
               "'''''V.j.t......ch.V''''",
               "''T''V.j........c..V''T'",
               "'''''|.jjj......c.L|''''",
               "|-www||.........-+||www-",
               "|....d|...........|d..ht",
               "|c..BB|h.........h|BB..h",
               "|c.LBB|t.........t|BB..c"
            ],
            "place_npcs": [
                { "class": "bandit", "chance": 1, "x": [2,21], "y": [2,21], "repeat": [1,3] },
                { "class": "thug", "chance": 1, "x": [2,21], "y": [2,21], "repeat": [1,3] }
            ],
            "terrain": {
                "w": ["t_window_domestic", "t_window_boarded", "t_curtains", "t_window_domestic_taped", "t_wall_wood", "t_wall_wood_chipped", "t_wall_log", "t_wall_log_chipped"],
                "+": ["t_door_c", "t_door_locked_alarm", "t_door_c", "t_door_locked", "t_door_c", "t_door_locked_peep", "t_door_c", "t_rdoor_boarded_damaged", "t_door_c", "t_rdoor_boarded", "t_door_c", "t_door_boarded_peep", "t_door_c", "t_door_boarded_damaged", "t_door_c", "t_door_boarded", "t_door_c", "t_door_c_peep", "t_door_c", "t_wall_wood", "t_door_c", "t_wall_wood_chipped", "t_door_c", "t_wall_log", "t_door_c", "t_wall_log_chipped", "t_door_c", "t_door_curtain_c", "t_door_c", "t_door_makeshift_c", "t_door_c", "t_palisade", "t_door_c", "t_bars", "t_door_c", "t_door_bar_c", "t_door_c", "t_door_bar_locked"],
                "G": ["t_door_glass_c", "t_wall_wood", "t_wall_wood_chipped", "t_wall_log", "t_wall_log_chipped", "t_door_makeshift_c", "t_door_c", "t_palisade"],

                "'": ["t_grass", "t_grass", "t_grass", "t_grass", "t_grass", "t_grass", "t_dirt"],
                "T": "t_tree_young",
                "V": ["t_wall_glass", "t_wall_wood", "t_wall_wood", "t_wall_wood", "t_wall_wood_chipped", "t_palisade", "t_palisade", "t_palisade", "t_wall_log", "t_wall_log", "t_wall_log", "t_wall_log_chipped"],
                "H": ["t_wall_glass", "t_wall_wood", "t_wall_wood", "t_wall_wood", "t_wall_wood_chipped", "t_palisade", "t_palisade", "t_palisade", "t_wall_log", "t_wall_log", "t_wall_log", "t_wall_log_chipped"],
                "_": "t_pavement",
                ",": "t_pavement_y",
                "C": "t_column",
                "x": "t_console_broken",
                "-": "t_wall",
                "|": "t_wall",
                "s": "t_sidewalk"
            },
            "furniture": {
                "r": ["f_rack", "f_null", "f_null", "f_null", "f_null", "f_null", "f_null", "f_rack", "f_rubble", "f_rack"],
                "D": ["f_desk", "f_null", "f_null", "f_null", "f_null", "f_null", "f_null", "f_desk", "f_rubble", "f_desk"],
                "B": ["f_bed", "f_null", "f_null", "f_null", "f_null", "f_null", "f_null", "f_bed", "f_rubble", "f_bed"],
                "^": ["f_indoor_plant", "f_null", "f_null", "f_null", "f_null", "f_null", "f_null", "f_null"],
                "t": ["f_table", "f_null", "f_null", "f_null", "f_null", "f_null", "f_null", "f_table", "f_rubble", "f_table"],
                "h": ["f_chair", "f_null", "f_null", "f_null", "f_null", "f_null", "f_null", "f_chair", "f_rubble", "f_chair"],
                "c": ["f_counter", "f_null", "f_null", "f_null", "f_null", "f_null", "f_null", "f_counter", "f_rubble", "f_counter"],
                "o": ["f_counter", "f_null", "f_null", "f_null", "f_null", "f_null", "f_null", "f_counter", "f_rubble", "f_counter"],
                "d": ["f_dresser", "f_null", "f_null", "f_null", "f_null", "f_null", "f_null", "f_dresser", "f_rubble", "f_dresser"],
                "j": ["f_sofa", "f_null", "f_null", "f_null", "f_null", "f_null", "f_null", "f_sofa", "f_rubble", "f_sofa"]
            },
            "vehicles": {
                "Y": { "vehicle": "luggage_cart", "chance": 15 }
            }
        }
    },{
        "type": "mapgen",
        "om_terrain": ["hotel_tower_1_6"],
        "method": "json",
        "weight": 250,
        "object": {
            "fill_ter": "t_floor",
            "rows": [
               " s_____,_____,_____,____",
               " s_____,_____,_____,____",
               " s______________________",
               " s______________________",
               " s______________________",
               " s______________________",
               " s______________________",
               " s______________________",
               " s_____,_____,_____,____",
               " s_____,_____,_____,____",
               " s_____,_____,_____,____",
               " s_____,_____,_____,____",
               " s_____,___v_,_____,____",
               " s_____,_____,_____,____",
               " sssssssssssssssssssssss",
               " sssssssssssssssssssssss",
               " s''''''''''''''''''''''",
               " s''''''''''''''''''''''",
               " s''''''''''T'''''T'''''",
               " s''''''''''''''''''''''",
               " s''''|-www-|-www-|-www-",
               " s''''|...Ld|....d|....d",
               " s''''|c..BB|o..BB|c.LBB",
               " s''''|c..BB|c..BB|o..BB"
            ],
            "place_npcs": [
                { "class": "bandit", "chance": 1, "x": [2,21], "y": [2,21], "repeat": [1,3] },
                { "class": "thug", "chance": 1, "x": [2,21], "y": [2,21], "repeat": [1,3] }
            ],
            "terrain": {
                "w": ["t_window_domestic", "t_window_boarded", "t_curtains", "t_window_domestic_taped", "t_wall_wood", "t_wall_wood_chipped", "t_wall_log", "t_wall_log_chipped"],

                " ": ["t_grass", "t_grass", "t_grass", "t_dirt"],
                "'": ["t_grass", "t_grass", "t_grass", "t_grass", "t_grass", "t_grass", "t_dirt"],
                "_": "t_pavement",
                "v": "t_pavement",
                ",": "t_pavement_y",
                "-": "t_wall",
                "|": "t_wall",
                "T": "t_tree_young",
                "s": "t_sidewalk"
            },
            "furniture": {
                "B": ["f_bed", "f_null", "f_null", "f_null", "f_null", "f_null", "f_null", "f_bed", "f_rubble", "f_bed"],
                "c": ["f_counter", "f_null", "f_null", "f_null", "f_null", "f_null", "f_null", "f_counter", "f_rubble", "f_counter"],
                "o": ["f_counter", "f_null", "f_null", "f_null", "f_null", "f_null", "f_null", "f_counter", "f_rubble", "f_counter"],
                "d": ["f_dresser", "f_null", "f_null", "f_null", "f_null", "f_null", "f_null", "f_dresser", "f_rubble", "f_dresser"]
            }
        }
    },{
        "type": "mapgen",
        "om_terrain": ["hotel_tower_1_7"],
        "method": "json",
        "weight": 250,
        "object": {
            "fill_ter": "t_floor",
            "rows": [
               "|....c|....c|....c|''''s",
               "|h...L|h....|h....|''''s",
               "|th...|th...|th...|''''s",
               "|--|..|--|..|--|..|''''s",
               "|S.+..|S.+..|S.+..|''''s",
               "|T.|..|T.|..|T.|..|''''s",
               "|bb|..|bb|..|bb|..|--|'s",
               "|--|D-|--|D-|--|D-|<.|'s",
               "..................|..|ss",
               "..................+..=ss",
               "..................|..|ss",
               "|--|D-|--|D-|--|D-|..|  ",
               "|bb|..|bb|..|bb|..|--|  ",
               "|T.|..|T.|..|T.|..|     ",
               "|S.+..|S.+..|S.+..|     ",
               "|--|..|--|..|--|..|     ",
               "|th...|BB...|th...|     ",
               "|h....|BB..c|h....|     ",
               "|....o|dL..c|....o|     ",
               "|BB..c|BB..o|BB..c|     ",
               "|BB..c|BB..h|BB..c|     ",
               "|dL...|d..ht|d....|     ",
               "|-www-|-www-|-www-|     ",
               "                        "
            ],
            "place_npcs": [
                { "class": "bandit", "chance": 1, "x": [2,21], "y": [2,21], "repeat": [1,3] },
                { "class": "thug", "chance": 1, "x": [2,21], "y": [2,21], "repeat": [1,3] }
            ],
            "terrain": {
                "w": ["t_window_domestic", "t_window_boarded", "t_curtains", "t_window_domestic_taped", "t_wall_wood", "t_wall_wood_chipped", "t_wall_log", "t_wall_log_chipped"],
                "+": ["t_door_c", "t_door_locked_alarm", "t_door_c", "t_door_locked", "t_door_c", "t_door_locked_peep", "t_door_c", "t_rdoor_boarded_damaged", "t_door_c", "t_rdoor_boarded", "t_door_c", "t_door_boarded_peep", "t_door_c", "t_door_boarded_damaged", "t_door_c", "t_door_boarded", "t_door_c", "t_door_c_peep", "t_door_c", "t_wall_wood", "t_door_c", "t_wall_wood_chipped", "t_door_c", "t_wall_log", "t_door_c", "t_wall_log_chipped", "t_door_c", "t_door_curtain_c", "t_door_c", "t_door_makeshift_c", "t_door_c", "t_palisade", "t_door_c", "t_bars", "t_door_c", "t_door_bar_c", "t_door_c", "t_door_bar_locked"],
                "D": ["t_door_c", "t_door_boarded", "t_door_c", "t_palisade", "t_door_c", "t_wall_wood", "t_door_c", "t_wall_wood_chipped", "t_door_c", "t_wall_log", "t_door_c", "t_wall_log_chipped"],
                "=": ["t_door_c", "t_door_boarded", "t_door_c", "t_palisade", "t_door_c", "t_wall_wood", "t_door_c", "t_wall_wood_chipped", "t_door_c", "t_wall_log", "t_door_c", "t_wall_log_chipped"],

                " ": ["t_grass", "t_grass", "t_grass", "t_dirt"],
                "'": ["t_grass", "t_grass", "t_grass", "t_grass", "t_grass", "t_grass", "t_dirt"],
                "<": "t_stairs_down",
                "-": "t_wall",
                "|": "t_wall",
                "s": "t_sidewalk"
            },
            "furniture": {
                "b": ["f_bathtub", "f_null", "f_null", "f_null", "f_null", "f_null", "f_null", "f_bathtub", "f_wreckage", "f_bathtub"],
                "B": ["f_bed", "f_null", "f_null", "f_null", "f_null", "f_null", "f_null", "f_bed", "f_rubble", "f_bed"],
                "t": ["f_table", "f_null", "f_null", "f_null", "f_null", "f_null", "f_null", "f_table", "f_rubble", "f_table"],
                "T": ["f_toilet", "f_null", "f_null", "f_null", "f_null", "f_null", "f_null", "f_toilet", "f_rubble", "f_toilet"],
                "S": ["f_sink", "f_null", "f_null", "f_null", "f_null", "f_null", "f_null", "f_sink", "f_rubble", "f_sink"],
                "h": ["f_chair", "f_null", "f_null", "f_null", "f_null", "f_null", "f_null", "f_chair", "f_rubble", "f_chair"],
                "c": ["f_counter", "f_null", "f_null", "f_null", "f_null", "f_null", "f_null", "f_counter", "f_rubble", "f_counter"],
                "o": ["f_counter", "f_null", "f_null", "f_null", "f_null", "f_null", "f_null", "f_counter", "f_rubble", "f_counter"],
                "d": ["f_dresser", "f_null", "f_null", "f_null", "f_null", "f_null", "f_null", "f_dresser", "f_rubble", "f_dresser"]
            },
            "toilets": {
                "T": { }
            }
        }
    },{
        "type": "mapgen",
        "om_terrain": ["hotel_tower_1_8"],
        "method": "json",
        "weight": 250,
        "object": {
            "fill_ter": "t_floor",
            "rows": [
               "|c....|t.........t|d...c",
               "|....h|h.........h|BB..c",
               "|...ht|^.........^|BB...",
               "|..|--|---|...|---|--|..",
               "|..+.S|EEE=...|xEE|S.+..",
               "|..|.T|EEE=...=EEE|T.|..",
               "|..|bb|EEx|...=EEE|bb|..",
               "|-D|--|---|...|---|--|D-",
               "........................",
               "........................",
               "........................",
               "|-D|--|-D|--|--|D-|--|D-",
               "|..|bb|..|bb|bb|..|bb|..",
               "|..|.T|..|.T|T.|..|T.|..",
               "|..+.S|..+.S|S.+..|S.+..",
               "|..|--|..|--|--|..|--|..",
               "|...ht|...ht|BB..L|th...",
               "|....h|....h|BB..c|h....",
               "|c...L|o....|d...c|....c",
               "|c..BB|c..BB|BB..o|BB..o",
               "|o..BB|c..BB|BB..h|BB..c",
               "|....d|....d|d..ht|d....",
               "|-www-|-www-|-www-|-www-",
               "                        "
            ],
            "place_npcs": [
                { "class": "bandit", "chance": 1, "x": [2,21], "y": [2,21], "repeat": [1,3] },
                { "class": "thug", "chance": 1, "x": [2,21], "y": [2,21], "repeat": [1,3] }
            ],
            "terrain": {
                "w": ["t_window_domestic", "t_window_boarded", "t_curtains", "t_window_domestic_taped", "t_wall_wood", "t_wall_wood_chipped", "t_wall_log", "t_wall_log_chipped"],
                "+": ["t_door_c", "t_door_locked_alarm", "t_door_c", "t_door_locked", "t_door_c", "t_door_locked_peep", "t_door_c", "t_rdoor_boarded_damaged", "t_door_c", "t_rdoor_boarded", "t_door_c", "t_door_boarded_peep", "t_door_c", "t_door_boarded_damaged", "t_door_c", "t_door_boarded", "t_door_c", "t_door_c_peep", "t_door_c", "t_wall_wood", "t_door_c", "t_wall_wood_chipped", "t_door_c", "t_wall_log", "t_door_c", "t_wall_log_chipped", "t_door_c", "t_door_curtain_c", "t_door_c", "t_door_makeshift_c", "t_door_c", "t_palisade", "t_door_c", "t_bars", "t_door_c", "t_door_bar_c", "t_door_c", "t_door_bar_locked"],
                "D": ["t_door_c", "t_door_boarded", "t_door_c", "t_palisade", "t_door_c", "t_wall_wood", "t_door_c", "t_wall_wood_chipped", "t_door_c", "t_wall_log", "t_door_c", "t_wall_log_chipped"],
                "=": ["t_door_metal_c", "t_wall_wood", "t_door_metal_c", "t_wall_wood_chipped", "t_door_metal_c", "t_wall_log", "t_door_metal_c", "t_wall_log_chipped"],

                "E": "t_elevator",
                "x": "t_elevator_control_off",
                "-": "t_wall",
                "|": "t_wall"
            },
            "furniture": {
                "b": ["f_bathtub", "f_null", "f_null", "f_null", "f_null", "f_null", "f_null", "f_bathtub", "f_wreckage", "f_bathtub"],
                "B": ["f_bed", "f_null", "f_null", "f_null", "f_null", "f_null", "f_null", "f_bed", "f_rubble", "f_bed"],
                "^": ["f_indoor_plant", "f_null", "f_null", "f_null", "f_null", "f_null", "f_null", "f_null"],
                "t": ["f_table", "f_null", "f_null", "f_null", "f_null", "f_null", "f_null", "f_table", "f_rubble", "f_table"],
                "T": ["f_toilet", "f_null", "f_null", "f_null", "f_null", "f_null", "f_null", "f_toilet", "f_rubble", "f_toilet"],
                "S": ["f_sink", "f_null", "f_null", "f_null", "f_null", "f_null", "f_null", "f_sink", "f_rubble", "f_sink"],
                "h": ["f_chair", "f_null", "f_null", "f_null", "f_null", "f_null", "f_null", "f_chair", "f_rubble", "f_chair"],
                "c": ["f_counter", "f_null", "f_null", "f_null", "f_null", "f_null", "f_null", "f_counter", "f_rubble", "f_counter"],
                "o": ["f_counter", "f_null", "f_null", "f_null", "f_null", "f_null", "f_null", "f_counter", "f_rubble", "f_counter"],
                "d": ["f_dresser", "f_null", "f_null", "f_null", "f_null", "f_null", "f_null", "f_dresser", "f_rubble", "f_dresser"]
            },
            "toilets": {
                "T": { }
            }
        }
    },{
        "type": "mapgen",
        "om_terrain": ["hotel_tower_1_9"],
        "method": "json",
        "weight": 250,
        "object": {
            "fill_ter": "t_floor",
            "rows": [
               " s''''|o....|c....|c....",
               " s''''|....h|...Lh|....h",
               " s''''|...ht|...ht|...ht",
               " s''''|..|--|..|--|..|--",
               " s''''|..+.S|..+.S|..+.S",
               " s''''|..|.T|..|.T|..|.T",
               " s'|--|..|bb|..|bb|..|bb",
               " s'|.<|-D|--|-D|--|-D|--",
               " ss|..|.................",
               " ss=..+.................",
               " ss|..|^................",
               "   |..|-D|--|-D|--|-D|--",
               "   |--|..|bb|..|bb|..|bb",
               "      |..|.T|..|.T|..|.T",
               "      |..+.S|..+.S|..+.S",
               "      |..|--|..|--|..|--",
               "      |..Lht|..LBB|...ht",
               "      |....h|o..BB|....h",
               "      |c....|c...d|c....",
               "      |o..BB|c..BB|c..BB",
               "      |c..BB|h..BB|o..BB",
               "      |....d|th..d|....d",
               "      |-www-|-www-|-www-",
               "                        "
            ],
            "place_npcs": [
                { "class": "bandit", "chance": 1, "x": [2,21], "y": [2,21], "repeat": [1,3] },
                { "class": "thug", "chance": 1, "x": [2,21], "y": [2,21], "repeat": [1,3] }
            ],
            "terrain": {
                "w": ["t_window_domestic", "t_window_boarded", "t_curtains", "t_window_domestic_taped", "t_wall_wood", "t_wall_wood_chipped", "t_wall_log", "t_wall_log_chipped"],
                "+": ["t_door_c", "t_door_locked_alarm", "t_door_c", "t_door_locked", "t_door_c", "t_door_locked_peep", "t_door_c", "t_rdoor_boarded_damaged", "t_door_c", "t_rdoor_boarded", "t_door_c", "t_door_boarded_peep", "t_door_c", "t_door_boarded_damaged", "t_door_c", "t_door_boarded", "t_door_c", "t_door_c_peep", "t_door_c", "t_wall_wood", "t_door_c", "t_wall_wood_chipped", "t_door_c", "t_wall_log", "t_door_c", "t_wall_log_chipped", "t_door_c", "t_door_curtain_c", "t_door_c", "t_door_makeshift_c", "t_door_c", "t_palisade", "t_door_c", "t_bars", "t_door_c", "t_door_bar_c", "t_door_c", "t_door_bar_locked"],
                "D": ["t_door_c", "t_door_boarded", "t_door_c", "t_palisade", "t_door_c", "t_wall_wood", "t_door_c", "t_wall_wood_chipped", "t_door_c", "t_wall_log", "t_door_c", "t_wall_log_chipped"],
                "=": ["t_door_c", "t_door_boarded", "t_door_c", "t_palisade", "t_door_c", "t_wall_wood", "t_door_c", "t_wall_wood_chipped", "t_door_c", "t_wall_log", "t_door_c", "t_wall_log_chipped"],

                " ": ["t_grass", "t_grass", "t_grass", "t_dirt"],
                "'": ["t_grass", "t_grass", "t_grass", "t_grass", "t_grass", "t_grass", "t_dirt"],
                "<": "t_stairs_down",
                "-": "t_wall",
                "|": "t_wall",
                "s": "t_sidewalk"
            },
            "furniture": {
                "b": ["f_bathtub", "f_null", "f_null", "f_null", "f_null", "f_null", "f_null", "f_bathtub", "f_wreckage", "f_bathtub"],
                "B": ["f_bed", "f_null", "f_null", "f_null", "f_null", "f_null", "f_null", "f_bed", "f_rubble", "f_bed"],
                "^": ["f_indoor_plant", "f_null", "f_null", "f_null", "f_null", "f_null", "f_null", "f_null"],
                "t": ["f_table", "f_null", "f_null", "f_null", "f_null", "f_null", "f_null", "f_table", "f_rubble", "f_table"],
                "T": ["f_toilet", "f_null", "f_null", "f_null", "f_null", "f_null", "f_null", "f_toilet", "f_rubble", "f_toilet"],
                "S": ["f_sink", "f_null", "f_null", "f_null", "f_null", "f_null", "f_null", "f_sink", "f_rubble", "f_sink"],
                "h": ["f_chair", "f_null", "f_null", "f_null", "f_null", "f_null", "f_null", "f_chair", "f_rubble", "f_chair"],
                "c": ["f_counter", "f_null", "f_null", "f_null", "f_null", "f_null", "f_null", "f_counter", "f_rubble", "f_counter"],
                "o": ["f_counter", "f_null", "f_null", "f_null", "f_null", "f_null", "f_null", "f_counter", "f_rubble", "f_counter"],
                "d": ["f_dresser", "f_null", "f_null", "f_null", "f_null", "f_null", "f_null", "f_dresser", "f_rubble", "f_dresser"]
            },
            "toilets": {
                "T": { }
            }
        }
    },{
        "type": "mapgen",
        "om_terrain": ["hotel_tower_b_1"],
        "method": "json",
        "weight": 250,
        "object": {
            "fill_ter": "t_floor",
            "rows": [
               "|#######################",
               "|#######################",
               "|#######################",
               "|#######################",
               "|#######################",
               "|#######################",
               "|#################|--|##",
               "|-----------------|..|##",
               "tth..............^|..|##",
               "..................+..|##",
               "..................|..|##",
               "...|-HHHHHHHH-----|<.|##",
               "...|^.............|--|##",
               "...V..E..E..E..E..|#####",
               "...V..............|#####",
               "...G..............|#####",
               "...V..............|#####",
               "...V..E.........E.|#####",
               "...V..............|#####",
               "...V..E...........|#####",
               "...|..............|#####",
               "th^|...ee..E......|#####",
               "---|--------------|#####",
               "########################"
            ],
            "place_npcs": [
                { "class": "bandit", "chance": 1, "x": [2,21], "y": [2,21], "repeat": [1,3] },
                { "class": "thug", "chance": 1, "x": [2,21], "y": [2,21], "repeat": [1,3] }
            ],
            "terrain": {
                "+": ["t_door_c", "t_door_locked_alarm", "t_door_c", "t_door_locked", "t_door_c", "t_door_locked_peep", "t_door_c", "t_rdoor_boarded_damaged", "t_door_c", "t_rdoor_boarded", "t_door_c", "t_door_boarded_peep", "t_door_c", "t_door_boarded_damaged", "t_door_c", "t_door_boarded", "t_door_c", "t_door_c_peep", "t_door_c", "t_wall_wood", "t_door_c", "t_wall_wood_chipped", "t_door_c", "t_wall_log", "t_door_c", "t_wall_log_chipped", "t_door_c", "t_door_curtain_c", "t_door_c", "t_door_makeshift_c", "t_door_c", "t_palisade", "t_door_c", "t_bars", "t_door_c", "t_door_bar_c", "t_door_c", "t_door_bar_locked"],
                "G": ["t_door_glass_c", "t_wall_wood", "t_wall_wood_chipped", "t_wall_log", "t_wall_log_chipped", "t_door_makeshift_c", "t_door_c", "t_palisade"],

                "<": "t_stairs_up",
                "H": ["t_wall_glass", "t_wall_wood", "t_wall_wood", "t_wall_wood", "t_wall_wood_chipped", "t_palisade", "t_palisade", "t_palisade", "t_wall_log", "t_wall_log", "t_wall_log", "t_wall_log_chipped"],
                "V": ["t_wall_glass", "t_wall_wood", "t_wall_wood", "t_wall_wood", "t_wall_wood_chipped", "t_palisade", "t_palisade", "t_palisade", "t_wall_log", "t_wall_log", "t_wall_log", "t_wall_log_chipped"],
                "-": "t_wall",
                "|": "t_wall",
                "#": "t_rock"
            },
            "furniture": {
                "E": ["f_exercise", "f_null", "f_null", "f_null", "f_null", "f_null", "f_null", "f_exercise", "f_wreckage", "f_exercise"],
                "^": ["f_indoor_plant", "f_null", "f_null", "f_null", "f_null", "f_null", "f_null", "f_null"],
                "t": ["f_table", "f_null", "f_null", "f_null", "f_null", "f_null", "f_null", "f_table", "f_rubble", "f_table"],
                "e": ["f_fridge", "f_null", "f_null", "f_null", "f_null", "f_null", "f_null", "f_fridge", "f_wreckage", "f_fridge"],
                "h": ["f_chair", "f_null", "f_null", "f_null", "f_null", "f_null", "f_null", "f_chair", "f_rubble", "f_chair"]
            }
        }
    },{
        "type": "mapgen",
        "om_terrain": ["hotel_tower_b_2"],
        "method": "json",
        "weight": 250,
        "object": {
            "fill_ter": "t_floor",
            "rows": [
               "|-----|-----------|-----",
               "|T+...|.rrr...l..l|...+T",
               "|-|..c|..........l|c..|-",
               "|T+..S|---|-+-|---|S..+T",
               "|-|..c|EEE+..^|xEE|c..|-",
               "|.+..S|EEE+...+EEE|S..+.",
               "|T|..c|EEx|...+EEE|c..|T",
               "|---+-|---|HGH|---|-+---",
               "h......................h",
               "........................",
               "........................",
               "........................",
               "sssssssssssssssssssssss.",
               "swwwwwwwwwwwwWWWWWWWWWs.",
               "swwwwwwwwwwwwWWWWWWWWWs.",
               "swwwwwwwwwwwwWWWWWWWWWs.",
               "swwwwwwwwwwwwWWWWWWWWWs.",
               "swwwwwwwwwwwwWWWWWWWWWs.",
               "swwwwwwwwwwwwWWWWWWWWWs.",
               "sssssssssssssssssssssss.",
               "........................",
               ".......^rrr^..........ht",
               "------------------------",
               "########################"
            ],
            "place_npcs": [
                { "class": "bandit", "chance": 1, "x": [2,21], "y": [2,21], "repeat": [1,3] },
                { "class": "thug", "chance": 1, "x": [2,21], "y": [2,21], "repeat": [1,3] }
            ],
            "terrain": {
                "G": ["t_door_glass_c", "t_wall_wood", "t_wall_wood_chipped", "t_wall_log", "t_wall_log_chipped", "t_door_makeshift_c", "t_door_c", "t_palisade"],

                "E": "t_elevator",
                "W": "t_water_dp",
                "w": "t_water_sh",
                "H": ["t_wall_glass", "t_wall_wood", "t_wall_wood", "t_wall_wood", "t_wall_wood_chipped", "t_palisade", "t_palisade", "t_palisade", "t_wall_log", "t_wall_log", "t_wall_log", "t_wall_log_chipped"],
                "x": "t_elevator_control_off",
                "-": "t_wall",
                "|": "t_wall",
                "#": "t_rock",
                "+": "t_door_c",
                "s": "t_sidewalk"
            },
            "furniture": {
                "r": ["f_rack", "f_null", "f_null", "f_null", "f_null", "f_null", "f_null", "f_rack", "f_rubble", "f_rack"],
                "^": ["f_indoor_plant", "f_null", "f_null", "f_null", "f_null", "f_null", "f_null", "f_null"],
                "t": ["f_table", "f_null", "f_null", "f_null", "f_null", "f_null", "f_null", "f_table", "f_rubble", "f_table"],
                "T": ["f_toilet", "f_null", "f_null", "f_null", "f_null", "f_null", "f_null", "f_toilet", "f_rubble", "f_toilet"],
                "S": ["f_sink", "f_null", "f_null", "f_null", "f_null", "f_null", "f_null", "f_sink", "f_rubble", "f_sink"],
                "h": ["f_chair", "f_null", "f_null", "f_null", "f_null", "f_null", "f_null", "f_chair", "f_rubble", "f_chair"],
                "c": ["f_counter", "f_null", "f_null", "f_null", "f_null", "f_null", "f_null", "f_counter", "f_rubble", "f_counter"],
                "l": ["f_locker", "f_null", "f_null", "f_null", "f_null", "f_null", "f_null", "f_locker", "f_wreckage", "f_locker"]
            },
            "toilets": {
                "T": { }
            },
            "items": {
                "l": { "item": "cleaning", "chance": 60 }
            },
            "item": {
                "r": { "item": "towel", "chance": 2, "amount": [1, 2] }
            }
        }
    },{
        "type": "mapgen",
        "om_terrain": ["hotel_tower_b_3"],
        "method": "json",
        "weight": 250,
        "object": {
            "fill_ter": "t_floor",
            "rows": [
               "########################",
               "########################",
               "########################",
               "########################",
               "########################",
               "########################",
               "###|--|#################",
               "###|..|-----------------",
               "###|..|^.............htt",
               "###|..+.................",
               "###|..|.................",
               "###|.<|-------++---|....",
               "###|--|cWWWW......r|....",
               "######|c..........r|....",
               "######|S..........r|....",
               "######|cDDDDrr....r|....",
               "######|--------=---|....",
               "######|............|....",
               "######|...$........|....",
               "######|...$........|....",
               "######|$$$$$PP$$$$.|....",
               "######|............|^...",
               "######|------------|----",
               "########################"
            ],
            "place_npcs": [
                { "class": "bandit", "chance": 1, "x": [2,21], "y": [2,21], "repeat": [1,3] },
                { "class": "thug", "chance": 1, "x": [2,21], "y": [2,21], "repeat": [1,3] }
            ],
            "terrain": {
                "P": "t_sewage_pump",
                "$": "t_sewage_pipe",
                "<": "t_stairs_up",
                "-": "t_wall",
                "|": "t_wall",
                "#": "t_rock",
                "+": "t_door_c",
                "=": "t_door_locked_interior"
            },
            "furniture": {
                "r": ["f_rack", "f_null", "f_null", "f_null", "f_null", "f_null", "f_null", "f_rack", "f_rubble", "f_rack"],
                "W": ["f_washer", "f_null", "f_null", "f_null", "f_null", "f_null", "f_null", "f_washer", "f_wreckage", "f_washer"],
                "D": ["f_dryer", "f_null", "f_null", "f_null", "f_null", "f_null", "f_null", "f_dryer", "f_wreckage", "f_dryer"],
                "^": ["f_indoor_plant", "f_null", "f_null", "f_null", "f_null", "f_null", "f_null", "f_null"],
                "t": ["f_table", "f_null", "f_null", "f_null", "f_null", "f_null", "f_null", "f_table", "f_rubble", "f_table"],
                "S": ["f_sink", "f_null", "f_null", "f_null", "f_null", "f_null", "f_null", "f_sink", "f_rubble", "f_sink"],
                "h": ["f_chair", "f_null", "f_null", "f_null", "f_null", "f_null", "f_null", "f_chair", "f_rubble", "f_chair"],
                "c": ["f_counter", "f_null", "f_null", "f_null", "f_null", "f_null", "f_null", "f_counter", "f_rubble", "f_counter"]
            },
            "items": {
                "r": { "item": "home_hw", "chance": 60 },
                "W": { "item": "dresser", "chance": 25 },
                "D": { "item": "dresser", "chance": 25 }
            },
            "item": {
                "W": { "item": "blanket", "chance": 12 },
                "D": { "item": "blanket", "chance": 12 }
            }
        }
    }
]
