[
    {
        "type": "mapgen",
        "om_terrain": [
            "s_library"
        ],
        "method": "json",
        "weight": 500,
        "object": {
            "rows": [
                    "~~~~~~~~~~~~~~~~~~~~~~~~",
                    "~~~~~~~~~~~~~~~~~~~~~~~~",
                    "********~~**************",
                    "*qrqrqrq~~qrqrqrqrqrqrq*",
                    "*|----==::=====|--OO--|*",
                    "*|d..#.........|.hh.h.|*",
                    "*|d..%.....hTh.|.TTTT.|*",
                    "*|d..#.....hTh.|..hhh.|*",
                    "*|f..%.........|+-----|*",
                    "*|...#................O*",
                    "*O........h%%h...]]..]|*",
                    "*|]..]]...h%%h...]]..]|*",
                    "*|]..]]...h%%h...]]..]|*",
                    "*|]..]]...h%%h...]]..]|*",
                    "*|]..]]...h%%h...]]..]|*",
                    "*|....................|*",
                    "*|]]]]]]]]]]]]]]]]]]]]|*",
                    "*|--------------------|*",
                    "************************",
                    "************************",
                    "****4*******************",
                    "*******************4****",
                    "************************",
                    "************************"
            ],
            "place_npcs": [
                { "class": "bandit", "chance": 1, "x": [2,21], "y": [2,21], "repeat": [1,3] },
                { "class": "thug", "chance": 1, "x": [2,21], "y": [2,21], "repeat": [1,3] }
            ],
            "terrain": {
                ".": "t_floor",
                "*": ["t_grass", "t_grass", "t_grass", "t_grass", "t_grass", "t_grass", "t_dirt"],
                "~": "t_sidewalk",
                "-": "t_wall",
                "|": "t_wall",
                "+": ["t_door_c", "t_door_locked_alarm", "t_door_c", "t_door_locked", "t_door_c", "t_door_locked_peep", "t_door_c", "t_rdoor_boarded_damaged", "t_door_c", "t_rdoor_boarded", "t_door_c", "t_door_boarded_peep", "t_door_c", "t_door_boarded_damaged", "t_door_c", "t_door_boarded", "t_door_c", "t_door_c_peep", "t_door_c", "t_wall_wood", "t_door_c", "t_wall_wood_chipped", "t_door_c", "t_wall_log", "t_door_c", "t_wall_log_chipped", "t_door_c", "t_door_curtain_c", "t_door_c", "t_door_makeshift_c", "t_door_c", "t_palisade", "t_door_c", "t_bars", "t_door_c", "t_door_bar_c", "t_door_c", "t_door_bar_locked"],
                ";": ["t_door_c", "t_door_boarded", "t_door_c", "t_palisade", "t_door_c", "t_wall_wood", "t_door_c", "t_wall_wood_chipped", "t_door_c", "t_wall_log", "t_door_c", "t_wall_log_chipped"],
                ":": ["t_door_glass_c", "t_wall_wood", "t_wall_wood_chipped", "t_wall_log", "t_wall_log_chipped", "t_door_makeshift_c", "t_door_c", "t_palisade"],
                "O": ["t_window", "t_window_taped", "t_window_boarded", "t_wall_wood", "t_curtains", "t_wall_wood_chipped", "t_window_boarded", "t_wall_log", "t_curtains", "t_wall_log_chipped"],
                "=": ["t_wall_glass", "t_wall_wood", "t_wall_wood", "t_wall_wood", "t_wall_wood_chipped", "t_palisade", "t_palisade", "t_palisade", "t_wall_log", "t_wall_log", "t_wall_log", "t_wall_log_chipped"],
                "#": "t_floor",
                "h": "t_floor",
                "T": "t_floor",
                "f": "t_floor",
                "d": "t_floor",
                "]": "t_floor",
                "q": ["t_grass", "t_grass", "t_grass", "t_grass", "t_grass", "t_grass", "t_dirt"],
                "r": ["t_grass", "t_grass", "t_grass", "t_grass", "t_grass", "t_grass", "t_dirt"],
                "4": "t_tree_pine",
                "%": "t_console_broken"
            },
            "furniture": {
                "#": ["f_counter", "f_null", "f_null", "f_null", "f_null", "f_null", "f_null", "f_counter", "f_rubble", "f_counter"],
                "h": ["f_chair", "f_null", "f_null", "f_null", "f_null", "f_null", "f_null", "f_chair", "f_rubble", "f_chair"],
                "T": ["f_table", "f_null", "f_null", "f_null", "f_null", "f_null", "f_null", "f_table", "f_rubble", "f_table"],
                "f": ["f_indoor_plant", "f_null", "f_null", "f_null", "f_null", "f_null", "f_null", "f_null"],
                "d": ["f_desk", "f_null", "f_null", "f_null", "f_null", "f_null", "f_null", "f_desk", "f_rubble", "f_desk"],
                "]": ["f_bookcase", "f_null", "f_null", "f_null", "f_null", "f_null", "f_null", "f_bookcase", "f_rubble", "f_bookcase"],
                "q": ["f_bluebell", "f_null", "f_null", "f_null", "f_null", "f_null", "f_null", "f_dahlia", "f_null", "f_null", "f_null", "f_null", "f_null", "f_null", "f_datura", "f_null", "f_null", "f_null", "f_null", "f_null", "f_null", "f_dandelion", "f_null", "f_null", "f_null", "f_null", "f_null", "f_null", "f_chamomile", "f_null", "f_null", "f_null", "f_null", "f_null", "f_null", "f_mutpoppy"],
                "r": ["f_bluebell", "f_null", "f_null", "f_null", "f_null", "f_null", "f_null", "f_dahlia", "f_null", "f_null", "f_null", "f_null", "f_null", "f_null", "f_datura", "f_null", "f_null", "f_null", "f_null", "f_null", "f_null", "f_dandelion", "f_null", "f_null", "f_null", "f_null", "f_null", "f_null", "f_chamomile", "f_null", "f_null", "f_null", "f_null", "f_null", "f_null", "f_mutpoppy"]
            },
            "comment": "end of mapgen json definition ---v"
        },
        "comment": "end of mapgen entry ---v"
    }
]

