[
    {
    "type" : "overmap_terrain",
    "id" : "fire_station",
    "name" : "fire station",
    "rotate" : true,
    "sym" : 70,
    "color" : "red",
    "see_cost" : 5,
    "extras" : "build",
    "mondensity" : 2,
    "sidewalk" : true,
    "mapgen": [ {
            "method": "json",
            "weight": 10000000,
            "object": {
                "rows": [
                    "________________________",
                    "--O--_,_______,_______,_",
                    "|lcx|_,_______,_______,_",
                    "| c#O_,_______,_______,_",
                    "| ##|_,_______,_______,_",
                    "|r  L_,_______,_______,_",
                    "|r  |_,_______,_______,_",
                    "|w ^|_,_______,_______,_",
                    "|-M----MMMMMMM-MMMMMMM--",
                    "|w    w               w|",
                    "|                      |",
                    "|ctc                   |",
                    "|ctc |                 |",
                    "|ctc |                 |",
                    "|    |                 |",
                    "|-+--|                 |",
                    "|F @@|                 |",
                    "|t  :|                 |",
                    "|c @@|                 |",
                    "|   :|                 |",
                    "|+|  |                 |",
                    "|T|GS|  l l l   l l l  |",
                    "|----------------------|",
                    "........................"
                ],
            "place_npcs": [
                { "class": "bandit", "chance": 1, "x": [2,21], "y": [2,21], "repeat": [1,3] },
                { "class": "thug", "chance": 1, "x": [2,21], "y": [2,21], "repeat": [1,3] }
            ],
                "terrain": {
                "O": ["t_window", "t_window_taped", "t_window_boarded", "t_wall_wood", "t_curtains", "t_wall_wood_chipped", "t_window_boarded", "t_wall_log", "t_curtains", "t_wall_log_chipped"],
                "+": ["t_door_c", "t_door_locked_alarm", "t_door_c", "t_door_locked", "t_door_c", "t_door_locked_peep", "t_door_c", "t_rdoor_boarded_damaged", "t_door_c", "t_rdoor_boarded", "t_door_c", "t_door_boarded_peep", "t_door_c", "t_door_boarded_damaged", "t_door_c", "t_door_boarded", "t_door_c", "t_door_c_peep", "t_door_c", "t_wall_wood", "t_door_c", "t_wall_wood_chipped", "t_door_c", "t_wall_log", "t_door_c", "t_wall_log_chipped", "t_door_c", "t_door_curtain_c", "t_door_c", "t_door_makeshift_c", "t_door_c", "t_palisade", "t_door_c", "t_bars", "t_door_c", "t_door_bar_c", "t_door_c", "t_door_bar_locked"],
                "L": ["t_door_c", "t_door_boarded", "t_door_c", "t_palisade", "t_door_c", "t_wall_wood", "t_door_c", "t_wall_wood_chipped", "t_door_c", "t_wall_log", "t_door_c", "t_wall_log_chipped"],
                "M": ["t_door_metal_c", "t_wall_wood", "t_door_metal_c", "t_wall_wood_chipped", "t_door_metal_c", "t_wall_log", "t_door_metal_c", "t_wall_log_chipped"],

                    ".": ["t_grass", "t_grass", "t_grass", "t_grass", "t_grass", "t_grass", "t_dirt"],
                    "_": "t_pavement",
                    ",": "t_pavement_y",
                    " ": "t_floor",
                    "-": "t_brick_wall",
                    "|": "t_brick_wall",
                    "w": "t_gates_control_brick",
                    "x": "t_console_broken",
                    "c": "t_floor",
                    "#": "t_floor",
                    "r": "t_floor",
                    "^": "t_floor",
                    "t": "t_floor",
                    "F": "t_floor",
                    "@": "t_floor",
                    ":": "t_floor",
                    "T": "t_floor",
                    "l": "t_floor",
                    "S": "t_floor",
                    "G": "t_floor"
                },
                "furniture": {
                    ".": "f_null",
                    "_": "f_null",
                    ",": "f_null",
                    " ": "f_null",
                    "-": "f_null",
                    "|": "f_null",
                    "O": "f_null",
                    "L": "f_null",
                    "+": "f_null",
                    "M": "f_null",
                    "w": "f_null",
                    "x": "f_null",
                    "c": ["f_chair", "f_null", "f_null", "f_null", "f_null", "f_null", "f_null", "f_chair", "f_rubble", "f_chair"],
                    "#": ["f_counter", "f_null", "f_null", "f_null", "f_null", "f_null", "f_null", "f_counter", "f_rubble", "f_counter"],
                    "r": ["f_rack", "f_null", "f_null", "f_null", "f_null", "f_null", "f_null", "f_rack", "f_rubble", "f_rack"],
                    "^": ["f_indoor_plant", "f_null", "f_null", "f_null", "f_null", "f_null", "f_null", "f_null"],
                    "t": ["f_table", "f_null", "f_null", "f_null", "f_null", "f_null", "f_null", "f_table", "f_rubble", "f_table"],
                    "F": ["f_fridge", "f_null", "f_null", "f_null", "f_null", "f_null", "f_null", "f_fridge", "f_wreckage", "f_fridge"],
                    "@": ["f_bed", "f_null", "f_null", "f_null", "f_null", "f_null", "f_null", "f_bed", "f_rubble", "f_bed"],
                    ":": ["f_dresser", "f_null", "f_null", "f_null", "f_null", "f_null", "f_null", "f_dresser", "f_rubble", "f_dresser"],
                    "l": ["f_locker", "f_null", "f_null", "f_null", "f_null", "f_null", "f_null", "f_locker", "f_wreckage", "f_locker"],
                    "S": ["f_sink", "f_null", "f_null", "f_null", "f_null", "f_null", "f_null", "f_sink", "f_rubble", "f_sink"],
                    "G": ["f_oven", "f_null", "f_null", "f_null", "f_null", "f_null", "f_null", "f_oven", "f_wreckage", "f_oven"]
                },
                "toilets": {
                    "T": { }
                },
                "set": [
                    { "point": "terrain", "id": "t_dirt", "x": [ 0, 23 ], "y": 23, "repeat": [ 5, 8 ] }
                ]
            }
        } ]
    }
]
