[
    {
        "type" : "mapgen",
        "om_terrain" : ["pwr_sub_s"],
        "method": "json",
        "weight": 10,
        "object": {
            "fill_ter": "t_concrete",
            "rows": [
            "........................",
            "------------------------",
            "|   T                  |",
            "|                      |",
            "|   }                  |",
            "| T hST                |",
            "|              wwwwdwwww",
            "| T {BT        vc******v",
            "|              Wc******v",
            "| T hsT{BT     vC******W",
            "|              vC******W",
            "|        8S    vC******W",
            "| T      T     Wc******v",
            "|    888       Wc******v",
            "|    888       wwwwdwwww",
            "| T  888 T             |",
            "|        8S            |",
            "|                      |",
            "| T hST{BT             |",
            "|   {              -++--",
            "|   B              |  ..",
            "| T hST            |  ..",
            "|   }              |  ..",
            "--------------------...."
            ],
            "place_npcs": [
                { "class": "bandit", "chance": 1, "x": [2,21], "y": [2,21], "repeat": [1,3] },
                { "class": "thug", "chance": 1, "x": [2,21], "y": [2,21], "repeat": [1,3] }
            ],
            "terrain": {
            ".": ["t_grass", "t_grass", "t_grass", "t_grass", "t_grass", "t_grass", "t_dirt"],
            " ": "t_concrete",
            "-": "t_chainfence_h",
            "|": "t_chainfence_v",
            "x": "t_chainfence_posts",
            "+": ["t_chaingate_c", "t_chaingate_c", "t_chaingate_c", "t_chaingate_c", "t_chaingate_o"],
            "T": "t_support_l",
            "B": "t_oil_circ_brkr_l",
            "S": "t_switchgear_l",
            "s": "t_switchgear_s",
            "w": "t_wall",
            "v": "t_wall",
            "d": ["t_door_c", "t_door_boarded", "t_door_c", "t_palisade", "t_door_c", "t_wall_wood", "t_door_c", "t_wall_wood_chipped", "t_door_c", "t_wall_log", "t_door_c", "t_wall_log_chipped"],
            "C": "t_console_broken",
            "*": "t_floor",
            "c": "t_floor",
            "}": "t_lgtn_arrest",
            "h": "t_station_disc",
            "{": "t_current_trans",
            "8": "t_potential_trans",
            "W": ["t_window", "t_window_taped", "t_window_boarded", "t_wall_wood", "t_curtains", "t_wall_wood_chipped", "t_window_boarded", "t_wall_log", "t_curtains", "t_wall_log_chipped"]
            },
            "furniture": {
            "c": ["f_counter", "f_null", "f_null", "f_null", "f_null", "f_null", "f_null", "f_counter", "f_rubble", "f_counter"]
            }
        }
    }
]
