[
    {
        "type" : "mapgen",
        "om_terrain" : ["house"],
        "method" : "json",
        "weight" : 200,
        "object" : {
            "fill_ter" : "t_floor",
            "rows" : [
                "......ss................",
                "......ss................",
                "......ss................",
                "......ss................",
                "......ss................",
                "......ss....|----v--|...",
                "......ss....|o|    d|...",
                "......ss....| +   @@|...",
                "..QQQQssQQQQ| +   @@|...",
                "..q..#ss#...|d|     v...",
                "..q..#ss#.|-|-|     v...",
                "..q###ss##|C| +    K|...",
                "..|--v;;v--+| |   kk|...",
                "..|oo       + |--+--|...",
                "..|        -| W|d d|....",
                "..vKK      f| Y|-+-|....",
                "..v   ? hh C| ||  B|....",
                "..vnn ? nn O| +   B%....",
                "..|   ? nn S|+|cSt |....",
                "..|???? hh D|d|-%--|....",
                "..|-vv--vv----|.........",
                "........................",
                "........................",
                "........................"
            ],
            "place_npcs": [
                { "class": "bandit", "chance": 1, "x": [2,21], "y": [2,21], "repeat": [1,3] },
                { "class": "thug", "chance": 1, "x": [2,21], "y": [2,21], "repeat": [1,3] }
            ],
            "terrain" : {
                "|" : "t_wall",
                "-" : "t_wall",
                "." : ["t_grass", "t_grass", "t_grass", "t_grass", "t_grass", "t_grass", "t_dirt"],
                "#" : "t_shrub",
                "+": ["t_door_c", "t_door_locked_alarm", "t_door_c", "t_door_locked", "t_door_c", "t_door_locked_peep", "t_door_c", "t_rdoor_boarded_damaged", "t_door_c", "t_rdoor_boarded", "t_door_c", "t_door_boarded_peep", "t_door_c", "t_door_boarded_damaged", "t_door_c", "t_door_boarded", "t_door_c", "t_door_c_peep", "t_door_c", "t_wall_wood", "t_door_c", "t_wall_wood_chipped", "t_door_c", "t_wall_log", "t_door_c", "t_wall_log_chipped", "t_door_c", "t_door_curtain_c", "t_door_c", "t_door_makeshift_c", "t_door_c", "t_palisade", "t_door_c", "t_bars", "t_door_c", "t_door_bar_c", "t_door_c", "t_door_bar_locked"],
                ";" : ["t_door_c_peep", "t_door_c_peep", "t_door_b_peep", "t_door_c_peep", "t_door_c_peep", "t_door_frame", "t_door_c_peep", "t_door_c_peep", "t_wall_wood", "t_door_c_peep", "t_door_c_peep", "t_wall_wood_chipped", "t_door_c_peep", "t_door_c_peep", "t_wall_wood_broken", "t_door_o_peep", "t_door_o_peep", "t_wall_log", "t_door_o_peep", "t_door_o_peep", "t_wall_log_chipped", "t_door_o_peep", "t_door_o_peep", "t_wall_log_broken"],
                "%" : ["t_window_domestic", "t_window_boarded", "t_curtains", "t_window_domestic_taped", "t_wall_wood", "t_wall_wood_chipped", "t_wall_log", "t_wall_log_chipped"],
                "?" : "t_floor",
                "@" : "t_floor",
                "B" : "t_floor",
                "C" : "t_floor",
                "c" : "t_floor",
                "D" : "t_floor",
                "d" : "t_floor",
                "f" : "t_floor",
                "h" : "t_floor",
                "K" : "t_floor",
                "k" : "t_floor",
                "n" : "t_floor",
                "O" : "t_floor",
                "o" : "t_floor",
                "Q" : "t_fence_h",
                "q" : "t_fence_v",
                "S" : "t_floor",
                "s" : "t_sidewalk",
                "v": ["t_window_domestic", "t_window_boarded", "t_curtains", "t_window_domestic_taped", "t_wall_wood", "t_wall_wood_chipped", "t_wall_log", "t_wall_log_chipped"],
                "W" : "t_floor",
                "Y" : "t_floor"
            },
            "furniture" : {
                "?" : ["f_sofa", "f_null", "f_null", "f_null", "f_null", "f_null", "f_null", "f_sofa", "f_rubble", "f_sofa"],
                "@" : ["f_bed", "f_null", "f_null", "f_null", "f_null", "f_null", "f_null", "f_bed", "f_rubble", "f_bed"],
                "B" : ["f_bathtub", "f_null", "f_null", "f_null", "f_null", "f_null", "f_null", "f_bathtub", "f_wreckage", "f_bathtub"],
                "C" : ["f_cupboard", "f_null", "f_null", "f_null", "f_null", "f_null", "f_null", "f_cupboard", "f_rubble", "f_cupboard"],
                "c" : ["f_counter", "f_null", "f_null", "f_null", "f_null", "f_null", "f_null", "f_counter", "f_rubble", "f_counter"],
                "D" : ["f_trashcan", "f_null", "f_null", "f_null", "f_null", "f_null", "f_null", "f_trashcan", "f_rubble", "f_trashcan"],
                "d" : ["f_dresser", "f_null", "f_null", "f_null", "f_null", "f_null", "f_null", "f_dresser", "f_rubble", "f_dresser"],
                "f" : ["f_fridge", "f_null", "f_null", "f_null", "f_null", "f_null", "f_null", "f_fridge", "f_wreckage", "f_fridge"],
                "h" : ["f_chair", "f_null", "f_null", "f_null", "f_null", "f_null", "f_null", "f_chair", "f_rubble", "f_chair"],
                "K" : ["f_armchair", "f_null", "f_null", "f_null", "f_null", "f_null", "f_null", "f_armchair", "f_rubble", "f_armchair"],
                "k" : ["f_desk", "f_null", "f_null", "f_null", "f_null", "f_null", "f_null", "f_desk", "f_rubble", "f_desk"],
                "n" : ["f_table", "f_null", "f_null", "f_null", "f_null", "f_null", "f_null", "f_table", "f_rubble", "f_table"],
                "O" : ["f_oven", "f_null", "f_null", "f_null", "f_null", "f_null", "f_null", "f_oven", "f_wreckage", "f_oven"],
                "o" : ["f_bookcase", "f_null", "f_null", "f_null", "f_null", "f_null", "f_null", "f_bookcase", "f_rubble", "f_bookcase"],
                "S" : ["f_sink", "f_null", "f_null", "f_null", "f_null", "f_null", "f_null", "f_sink", "f_rubble", "f_sink"],
                "W" : ["f_washer", "f_null", "f_null", "f_null", "f_null", "f_null", "f_null", "f_washer", "f_wreckage", "f_washer"],
                "Y" : ["f_dryer", "f_null", "f_null", "f_null", "f_null", "f_null", "f_null", "f_dryer", "f_wreckage", "f_dryer"]
            },
            "toilets" : {
                "t" : { }
            },
            "set" : [
                { "point" : "terrain", "id" : "t_dirt", "x" : [ 0, 1], "y" : [ 0,23], "repeat" : [8,14] },
                { "point" : "terrain", "id" : "t_dirt", "x" : [ 2, 5], "y" : [ 0, 7], "repeat" : [8,11] },
                { "point" : "terrain", "id" : "t_dirt", "x" : [ 2,23], "y" : [21,23], "repeat" : [8,14] },
                { "point" : "terrain", "id" : "t_dirt", "x" : [ 3, 4], "y" : [ 9,10], "repeat" : [0, 1] },
                { "point" : "terrain", "id" : "t_dirt", "x" : [ 8,11], "y" : [ 0, 7], "repeat" : [8,11] },
                { "point" : "terrain", "id" : "t_dirt", "x" : [ 9, 9], "y" : [ 9,10], "repeat" : [0, 1] },
                { "point" : "terrain", "id" : "t_dirt", "x" : [10,11], "y" : [ 9, 9], "repeat" : [0, 1] },
                { "point" : "terrain", "id" : "t_dirt", "x" : [12,23], "y" : [ 0, 4], "repeat" : [8,14] },
                { "point" : "terrain", "id" : "t_dirt", "x" : [15,23], "y" : [20,20], "repeat" : [1, 2] },
                { "point" : "terrain", "id" : "t_dirt", "x" : [20,23], "y" : [14,19], "repeat" : [5, 8] },
                { "point" : "terrain", "id" : "t_dirt", "x" : [21,23], "y" : [ 5,13], "repeat" : [6, 9] }
            ]
        }
    }
]
