[
    {
        "type" : "mapgen",
        "om_terrain" : ["house"],
        "method" : "json",
        "weight" : 300,
        "object" : {
            "fill_ter" : "t_floor",
            "rows" : [
                ".#...sssss#..#sssss...#.",
                ".#...sssss#..#sssss...#.",
                ".#...sssss#..#sssss...#.",
                ".#...sssss#..#sssss...#.",
                ".#...sssss#..#sssss...#.",
                ".#...sssss####sssss...#.",
                ".#...ssssssssssssss...#.",
                ".#...ssssssssssssss...#.",
                ".#...ssssssssssssss...#.",
                ".#...ssssssssssssss...#.",
                ".#...ssssssssssssss...#.",
                ".#...#####.ss.#####...#.",
                ".|--------v;;v--------|.",
                ".|B  S|         |n   f|.",
                ".|B  t|  nnnnn  |n   Ov.",
                ".|    |  nnnnn  |    cv.",
                ".|    +         +    c|.",
                ".-----|---+------+----|.",
                ".w..  |o      +      h|.",
                ".w.. h|o     h|     @@|.",
                ".w.. h|      ?|     @@|.",
                ".w..  ;   h???|      d|.",
                ".Iwwww--vv-------vv----.",
                "........................"
            ],
            "place_npcs": [
                { "class": "bandit", "chance": 1, "x": [2,21], "y": [2,21], "repeat": [1,3] },
                { "class": "thug", "chance": 1, "x": [2,21], "y": [2,21], "repeat": [1,3] }
            ],
            "terrain" : {
                "|" : "t_wall",
                "-" : "t_wall",
                "." : ["t_grass", "t_grass", "t_grass", "t_grass", "t_grass", "t_grass", "t_dirt"],
                "#" : "t_shrub",
                "+": ["t_door_c", "t_door_locked_alarm", "t_door_c", "t_door_locked", "t_door_c", "t_door_locked_peep", "t_door_c", "t_rdoor_boarded_damaged", "t_door_c", "t_rdoor_boarded", "t_door_c", "t_door_boarded_peep", "t_door_c", "t_door_boarded_damaged", "t_door_c", "t_door_boarded", "t_door_c", "t_door_c_peep", "t_door_c", "t_wall_wood", "t_door_c", "t_wall_wood_chipped", "t_door_c", "t_wall_log", "t_door_c", "t_wall_log_chipped", "t_door_c", "t_door_curtain_c", "t_door_c", "t_door_makeshift_c", "t_door_c", "t_palisade", "t_door_c", "t_bars", "t_door_c", "t_door_bar_c", "t_door_c", "t_door_bar_locked"],
                ";": ["t_door_c", "t_door_boarded", "t_door_c", "t_palisade", "t_door_c", "t_wall_wood", "t_door_c", "t_wall_wood_chipped", "t_door_c", "t_wall_log", "t_door_c", "t_wall_log_chipped"],
                "?" : "t_floor",
                "@" : "t_floor",
                "B" : "t_floor",
                "c" : "t_floor",
                "d" : "t_floor",
                "f" : "t_floor",
                "h" : "t_floor",
                "I" : "t_column",
                "n" : "t_floor",
                "O" : "t_floor",
                "o" : "t_floor",
                "S" : "t_floor",
                "s" : "t_sidewalk",
                "v": ["t_window_domestic", "t_window_boarded", "t_curtains", "t_window_domestic_taped", "t_wall_wood", "t_wall_wood_chipped", "t_wall_log", "t_wall_log_chipped"],
                "w": ["t_window", "t_window_taped", "t_window_boarded", "t_wall_wood", "t_curtains", "t_wall_wood_chipped", "t_window_boarded", "t_wall_log", "t_curtains", "t_wall_log_chipped"]
            },
            "furniture" : {
                "?" : ["f_sofa", "f_null", "f_null", "f_null", "f_null", "f_null", "f_null", "f_sofa", "f_rubble", "f_sofa"],
                "@" : ["f_bed", "f_null", "f_null", "f_null", "f_null", "f_null", "f_null", "f_bed", "f_rubble", "f_bed"],
                "B" : ["f_bathtub", "f_null", "f_null", "f_null", "f_null", "f_null", "f_null", "f_bathtub", "f_wreckage", "f_bathtub"],
                "c" : ["f_counter", "f_null", "f_null", "f_null", "f_null", "f_null", "f_null", "f_counter", "f_rubble", "f_counter"],
                "d" : ["f_dresser", "f_null", "f_null", "f_null", "f_null", "f_null", "f_null", "f_dresser", "f_rubble", "f_dresser"],
                "f" : ["f_fridge", "f_null", "f_null", "f_null", "f_null", "f_null", "f_null", "f_fridge", "f_wreckage", "f_fridge"],
                "h" : ["f_chair", "f_null", "f_null", "f_null", "f_null", "f_null", "f_null", "f_chair", "f_rubble", "f_chair"],
                "n" : ["f_table", "f_null", "f_null", "f_null", "f_null", "f_null", "f_null", "f_table", "f_rubble", "f_table"],
                "O" : ["f_oven", "f_null", "f_null", "f_null", "f_null", "f_null", "f_null", "f_oven", "f_wreckage", "f_oven"],
                "o" : ["f_bookcase", "f_null", "f_null", "f_null", "f_null", "f_null", "f_null", "f_bookcase", "f_rubble", "f_bookcase"],
                "S" : ["f_sink", "f_null", "f_null", "f_null", "f_null", "f_null", "f_null", "f_sink", "f_rubble", "f_sink"]
            },
            "toilets" : {
                "t" : { }
            },
            "set" : [
                { "point" : "terrain", "id" : "t_dirt",                 "x" : [ 0, 0], "y" : [ 0,23], "repeat" : [5,10] },
                { "point" : "terrain", "id" : "t_dirt",                 "x" : [23,23], "y" : [ 0,23], "repeat" : [5,10] },
                { "point" : "terrain", "id" : "t_dirt",                 "x" : [ 0,23], "y" : [23,23], "repeat" : [5, 8] },
                { "point" : "terrain", "id" : "t_door_locked_interior", "x" : [ 6, 6], "y" : [21,21], "repeat" : [0, 1] },
                { "point" : "terrain", "id" : "t_door_c",               "x" : [11,12], "y" : [12,12], "repeat" : [0, 1] }
            ]
        }
    }
]
