[
    {
        "type" : "overmap_terrain",
        "id" : "mortuary",
        "name" : "mortuary",
        "rotate" : true,
        "sym" : 77,
        "color" : "i_blue",
        "see_cost" : 5,
        "extras" : "build",
        "mondensity" : 6,
        "sidewalk" : true,
        "mapgen": [ {
            "method": "json",
            "weight": 100,
            "object": {
                "rows": [
                    "..,,,,,...uuuu...,,,,,..",
                    "..,,,,,..uaaaau..,,,,,..",
                    "..,,,,,.uaffffau.,,,,,..",
                    "..,,,,,..uuuuuu..,,,,,..",
                    "..,,,,,..........,,,,,..",
                    "..,,,,,,........,,,,,,..",
                    "..,,,,,,,,,,,,,,,,,,,,..",
                    "..,,,,,,,,,,,,,,,,,,,,..",
                    "..,,,,,,,,,,,,,,,,,,,,..",
                    "..,,,,,,,,,,,,,,,,,,,,..",
                    "...,,,,,,,,,,,,,,,,,,...",
                    "....uuuu.|o++o|.uuuu....",
                    "..|-oooo-|P  P|-oooo-|u.",
                    "..|P cc P|H  H|      |fu",
                    ".u|c    c|H  H| H H  ofu",
                    ".uoc    c|    | H H  |fu",
                    ".u|c     +    + H H P|u.",
                    "..|D ll P|P  P| H H C|..",
                    "..|------|-++-| H H P|u.",
                    "..|dT~T~L|C  O| H H  |fu",
                    "..|d~~~~~*   O| H H  ofu",
                    "..|dT~T~i|C  O|      |fu",
                    "..|------|-++-|-o--o-|u.",
                    ".........u.,,.u........."
                ],
                "place_npcs": [
                    { "class": "bandit", "chance": 1, "x": [2,21], "y": [2,21], "repeat": [1,3] },
                    { "class": "thug", "chance": 1, "x": [2,21], "y": [2,21], "repeat": [1,3] }
                ],
                "terrain": {
                    ".": ["t_grass", "t_grass", "t_grass", "t_grass", "t_grass", "t_grass", "t_dirt"],
                    ",": "t_pavement",
                    " ": "t_floor",
                    "H": "t_floor",
                    "c": "t_floor",
                    "P": "t_floor",
                    "C": "t_floor",
                    "O": "t_floor",
                    "D": "t_floor",
                    "l": "t_floor",
                    "~": "t_linoleum_white",
                    "T": "t_linoleum_white",
                    "d": "t_linoleum_white",
                    "L": "t_linoleum_white",
                    "i": "t_linoleum_white",
                    "-": "t_wall",
                    "|": "t_wall",
                    "o": ["t_window_domestic", "t_window_boarded", "t_window_domestic", "t_curtains", "t_window_domestic", "t_window_domestic_taped", "t_window_domestic", "t_window_open", "t_window_domestic", "t_window_empty", "t_window_domestic", "t_window_frame", "t_window_domestic", "t_wall_wood", "t_window_domestic", "t_wall_wood_chipped", "t_window_domestic", "t_wall_wood_broken", "t_window_domestic", "t_wall_log", "t_window_domestic", "t_wall_log_chipped", "t_window_domestic", "t_wall_log_broken"],
                    "*": ["t_door_c", "t_door_c", "t_door_locked_alarm", "t_door_c", "t_door_c", "t_door_locked_interior", "t_door_c", "t_door_c", "t_door_locked", "t_door_c", "t_door_c", "t_door_locked_peep", "t_door_c", "t_door_c", "t_door_b_peep", "t_door_c", "t_door_c", "t_door_boarded_damaged_peep", "t_door_c", "t_door_c", "t_rdoor_boarded_damaged", "t_door_c", "t_door_c", "t_rdoor_boarded", "t_door_c", "t_door_c", "t_door_boarded_peep", "t_door_c", "t_door_c", "t_door_boarded_damaged", "t_door_c", "t_door_c", "t_door_boarded", "t_door_c", "t_door_c", "t_rdoor_o", "t_door_c", "t_door_c", "t_rdoor_c", "t_door_c", "t_door_c", "t_door_o_peep", "t_door_c", "t_door_c", "t_door_c_peep", "t_door_c", "t_door_c", "t_door_b", "t_door_c", "t_door_c", "t_door_frame", "t_door_c", "t_door_c", "t_wall_wood", "t_door_c", "t_door_c", "t_wall_wood_chipped", "t_door_c", "t_door_c", "t_wall_wood_broken", "t_door_o", "t_door_o", "t_wall_log", "t_door_o", "t_door_o", "t_wall_log_chipped", "t_door_o", "t_door_o", "t_wall_log_broken", "t_door_o", "t_door_o", "t_door_curtain_c", "t_door_o", "t_door_o", "t_door_makeshift_c", "t_door_o", "t_door_o", "t_door_curtain_o", "t_door_o", "t_door_o", "t_door_makeshift_o", "t_door_o", "t_door_o", "t_palisade", "t_door_o", "t_door_o", "t_bars", "t_door_o", "t_door_o", "t_door_bar_o", "t_door_o", "t_door_o", "t_door_bar_c", "t_door_o", "t_door_o", "t_door_bar_locked"],
                    "+": ["t_door_c", "t_door_c", "t_door_b", "t_door_c", "t_door_c", "t_door_frame", "t_door_c", "t_door_c", "t_wall_wood", "t_door_c", "t_door_c", "t_wall_wood_chipped", "t_door_c", "t_door_c", "t_wall_wood_broken", "t_door_o", "t_door_o", "t_wall_log", "t_door_o", "t_door_o", "t_wall_log_chipped", "t_door_o", "t_door_o", "t_wall_log_broken"],
                    "u" : ["t_underbrush", "t_grass", "t_grass", "t_grass", "t_grass", "t_grass", "t_grass", "t_grass", "t_grass", "t_shrub_blueberry", "t_underbrush", "t_grass", "t_grass", "t_grass", "t_grass", "t_grass", "t_grass", "t_grass", "t_grass", "t_shrub_strawberry", "t_underbrush", "t_grass", "t_grass", "t_grass", "t_grass", "t_grass", "t_grass", "t_grass", "t_grass", "t_tree_apple", "t_underbrush", "t_grass", "t_grass", "t_grass", "t_grass", "t_grass", "t_grass", "t_grass", "t_grass", "t_tree_pear", "t_underbrush", "t_dirt", "t_dirt", "t_dirt", "t_dirt", "t_dirt", "t_dirt", "t_dirt", "t_dirtmound", "t_tree_cherry", "t_underbrush", "t_grass", "t_grass", "t_grass", "t_grass", "t_grass", "t_grass", "t_grass", "t_grass", "t_tree_peach", "t_underbrush", "t_grass", "t_grass", "t_grass", "t_grass", "t_grass", "t_grass", "t_grass", "t_grass", "t_tree_apricot", "t_underbrush", "t_grass", "t_grass", "t_grass", "t_grass", "t_grass", "t_grass", "t_grass", "t_grass", "t_tree_plum", "t_underbrush", "t_grass", "t_grass", "t_grass", "t_grass", "t_grass", "t_grass", "t_grass", "t_grass", "t_tree_pine", "t_underbrush", "t_dirt", "t_dirt", "t_dirt", "t_dirt", "t_dirt", "t_dirt", "t_dirt", "t_dirtmound", "t_tree_birch", "t_underbrush", "t_grass", "t_grass", "t_grass", "t_grass", "t_grass", "t_grass", "t_grass", "t_grass", "t_tree_willow", "t_underbrush", "t_grass", "t_grass", "t_grass", "t_grass", "t_grass", "t_grass", "t_grass", "t_grass", "t_tree_maple", "t_underbrush", "t_grass", "t_grass", "t_grass", "t_grass", "t_grass", "t_grass", "t_grass", "t_grass", "t_tree_hickory", "t_underbrush", "t_grass", "t_grass", "t_grass", "t_grass", "t_grass", "t_grass", "t_grass", "t_grass", "t_shrub", "t_underbrush", "t_dirt", "t_dirt", "t_dirt", "t_dirt", "t_dirt", "t_dirt", "t_dirt", "t_dirtmound", "t_trunk", "t_underbrush", "t_grass", "t_grass", "t_grass", "t_grass", "t_grass", "t_grass", "t_grass", "t_grass", "t_tree_blackjack", "t_underbrush", "t_grass", "t_grass", "t_grass", "t_grass", "t_grass", "t_grass", "t_grass", "t_grass", "t_tree", "t_underbrush", "t_grass", "t_grass", "t_grass", "t_grass", "t_grass", "t_grass", "t_grass", "t_grass", "t_tree_dead", "t_underbrush", "t_grass", "t_grass", "t_grass", "t_grass", "t_grass", "t_grass", "t_grass", "t_grass", "t_tree_young", "t_underbrush", "t_dirt", "t_dirt", "t_dirt", "t_dirt", "t_dirt", "t_dirt", "t_dirt", "t_dirtmound", "t_shrub"],
                    "a": "t_dirt",
                    "f": "t_dirt"
                },
                "furniture": {
                    "c" : ["f_sofa", "f_null", "f_null", "f_null", "f_null", "f_null", "f_null", "f_sofa", "f_rubble", "f_sofa"],
                    "H" : ["f_bench", "f_null", "f_null", "f_null", "f_null", "f_null", "f_null", "f_bench", "f_rubble", "f_bench"],
                    "B" : ["f_bathtub", "f_null", "f_null", "f_null", "f_null", "f_null", "f_null", "f_bathtub", "f_wreckage", "f_bathtub"],
                    "C" : ["f_coffin_c", "f_null", "f_null", "f_null", "f_null", "f_null", "f_null", "f_coffin_c", "f_rubble", "f_coffin_c"],
                    "O" : ["f_coffin_o", "f_null", "f_null", "f_null", "f_null", "f_null", "f_null", "f_coffin_o", "f_rubble", "f_coffin_o"],
                    "D" : ["f_desk", "f_null", "f_null", "f_null", "f_null", "f_null", "f_null", "f_desk", "f_rubble", "f_desk"],
                    "T" : ["f_table", "f_null", "f_null", "f_null", "f_null", "f_null", "f_null", "f_table", "f_rubble", "f_table"],
                    "l" : ["f_bookcase", "f_null", "f_null", "f_null", "f_null", "f_null", "f_null", "f_bookcase", "f_rubble", "f_bookcase"],
                    "i" : ["f_sink", "f_null", "f_null", "f_null", "f_null", "f_null", "f_null", "f_sink", "f_rubble", "f_sink"],
                    "n" : ["f_table", "f_null", "f_null", "f_null", "f_null", "f_null", "f_null", "f_table", "f_rubble", "f_table"],
                    "L" : ["f_locker", "f_null", "f_null", "f_null", "f_null", "f_null", "f_null", "f_locker", "f_wreckage", "f_locker"],
                    "o" : ["f_bookcase", "f_null", "f_null", "f_null", "f_null", "f_null", "f_null", "f_bookcase", "f_rubble", "f_bookcase"],
                    "d" : ["f_rack", "f_null", "f_null", "f_null", "f_null", "f_null", "f_null", "f_rack", "f_rubble", "f_rack"],
                    "a" : ["f_bluebell", "f_null", "f_dahlia", "f_null", "f_datura", "f_null", "f_dandelion", "f_null", "f_chamomile", "f_null", "f_mutpoppy"],
                    "f" : ["f_bluebell", "f_null", "f_dahlia", "f_null", "f_datura", "f_null", "f_dandelion", "f_null", "f_chamomile", "f_null", "f_mutpoppy"]
                },
                "place_signs": [
                    { "x": 15, "y": 11, "signage": "The mortuary name followed by a hastily written message that reads: 'I am not liable if your loved ones will not stay dead.'" }
                ]
            }
        } ]
    }
]
