[
    {
        "type" : "mapgen",
        "om_terrain" : ["house"],
        "method" : "json",
        "weight" : 300,
        "object" : {
            "fill_ter" : "t_floor",
            "rows" : [
                ".###..#########s##..###.",
                ".---vv----v----;--vvv--.",
                ".|  nn o|B  |r|   nnnn|.",
                ".|d    o|B t| |       |.",
                ".|d     |B  | +      0|.",
                ".|      |c c| |  ?    |.",
                ".|  @@  |c S|r|  ?    |.",
                ".| n@@n |c c|-|  n??? |.",
                ".|-----+--+-| |       |.",
                ".|    |     ---       |.",
                ".|d   |               |.",
                ".|d   +               |.",
                ".|    |           | h |.",
                ".|n   |           |kkk|.",
                ".|@@ n|---+--     ----|.",
                ".|@@ n|r|  c|      D  |.",
                ".|n   + |  S|   h     ;.",
                ".|    |-|  c| hnn     |.",
                ".|    +    c|  nnh   C|.",
                ".|k   |-|   |  h     f|.",
                ".|kh  + |  t|        C|.",
                ".|kkk |r|BBB|    cScOc|.",
                ".--vv---------;---vv---.",
                "........................"
            ],
            "place_npcs": [
                { "class": "bandit", "chance": 1, "x": [2,21], "y": [2,21], "repeat": [1,3] },
                { "class": "thug", "chance": 1, "x": [2,21], "y": [2,21], "repeat": [1,3] }
            ],
            "terrain" : {
                "|" : "t_wall",
                "-" : "t_wall",
                "." : ["t_grass", "t_grass", "t_grass", "t_grass", "t_grass", "t_grass", "t_dirt"],
                "0" : "t_floor",
                "#" : "t_shrub",
                "+": ["t_door_c", "t_door_locked_alarm", "t_door_c", "t_door_locked", "t_door_c", "t_door_locked_peep", "t_door_c", "t_rdoor_boarded_damaged", "t_door_c", "t_rdoor_boarded", "t_door_c", "t_door_boarded_peep", "t_door_c", "t_door_boarded_damaged", "t_door_c", "t_door_boarded", "t_door_c", "t_door_c_peep", "t_door_c", "t_wall_wood", "t_door_c", "t_wall_wood_chipped", "t_door_c", "t_wall_log", "t_door_c", "t_wall_log_chipped", "t_door_c", "t_door_curtain_c", "t_door_c", "t_door_makeshift_c", "t_door_c", "t_palisade", "t_door_c", "t_bars", "t_door_c", "t_door_bar_c", "t_door_c", "t_door_bar_locked"],
                ";": ["t_door_c", "t_door_boarded", "t_door_c", "t_palisade", "t_door_c", "t_wall_wood", "t_door_c", "t_wall_wood_chipped", "t_door_c", "t_wall_log", "t_door_c", "t_wall_log_chipped"],
                "?" : "t_floor",
                "@" : "t_floor",
                "B" : "t_floor",
                "C" : "t_floor",
                "c" : "t_floor",
                "D" : "t_floor",
                "d" : "t_floor",
                "f" : "t_floor",
                "h" : "t_floor",
                "k" : "t_floor",
                "n" : "t_floor",
                "O" : "t_floor",
                "o" : "t_floor",
                "r" : "t_floor",
                "S" : "t_floor",
                "s" : "t_sidewalk",
                "v": ["t_window_domestic", "t_window_boarded", "t_curtains", "t_window_domestic_taped", "t_wall_wood", "t_wall_wood_chipped", "t_wall_log", "t_wall_log_chipped"]
            },
            "furniture" : {
                "0" : ["f_fireplace", "f_null", "f_null", "f_null", "f_null", "f_null", "f_null", "f_fireplace", "f_rubble_rock", "f_fireplace"],
                "?" : ["f_sofa", "f_null", "f_null", "f_null", "f_null", "f_null", "f_null", "f_sofa", "f_rubble", "f_sofa"],
                "@" : ["f_bed", "f_null", "f_null", "f_null", "f_null", "f_null", "f_null", "f_bed", "f_rubble", "f_bed"],
                "B" : ["f_bathtub", "f_null", "f_null", "f_null", "f_null", "f_null", "f_null", "f_bathtub", "f_wreckage", "f_bathtub"],
                "C" : ["f_cupboard", "f_null", "f_null", "f_null", "f_null", "f_null", "f_null", "f_cupboard", "f_rubble", "f_cupboard"],
                "c" : ["f_counter", "f_null", "f_null", "f_null", "f_null", "f_null", "f_null", "f_counter", "f_rubble", "f_counter"],
                "D" : ["f_trashcan", "f_null", "f_null", "f_null", "f_null", "f_null", "f_null", "f_trashcan", "f_rubble", "f_trashcan"],
                "d" : ["f_dresser", "f_null", "f_null", "f_null", "f_null", "f_null", "f_null", "f_dresser", "f_rubble", "f_dresser"],
                "f" : ["f_fridge", "f_null", "f_null", "f_null", "f_null", "f_null", "f_null", "f_fridge", "f_wreckage", "f_fridge"],
                "h" : ["f_chair", "f_null", "f_null", "f_null", "f_null", "f_null", "f_null", "f_chair", "f_rubble", "f_chair"],
                "k" : ["f_desk", "f_null", "f_null", "f_null", "f_null", "f_null", "f_null", "f_desk", "f_rubble", "f_desk"],
                "n" : ["f_table", "f_null", "f_null", "f_null", "f_null", "f_null", "f_null", "f_table", "f_rubble", "f_table"],
                "O" : ["f_oven", "f_null", "f_null", "f_null", "f_null", "f_null", "f_null", "f_oven", "f_wreckage", "f_oven"],
                "o" : ["f_bookcase", "f_null", "f_null", "f_null", "f_null", "f_null", "f_null", "f_bookcase", "f_rubble", "f_bookcase"],
                "r" : ["f_rack", "f_null", "f_null", "f_null", "f_null", "f_null", "f_null", "f_rack", "f_rubble", "f_rack"],
                "S" : ["f_sink", "f_null", "f_null", "f_null", "f_null", "f_null", "f_null", "f_sink", "f_rubble", "f_sink"]
            },
            "toilets" : {
                "t" : { }
            },
            "set" : [
                { "point" : "terrain", "id" : "t_dirt",       "x" : [ 0, 0], "y" : [ 0,23], "repeat" : [5,10] },
                { "point" : "terrain", "id" : "t_dirt",       "x" : [23,23], "y" : [ 0,23], "repeat" : [5,10] },
                { "point" : "terrain", "id" : "t_dirt",       "x" : [ 0,23], "y" : [23,23], "repeat" : [5, 8] },
                { "point" : "terrain", "id" : "t_dirt",       "x" : [ 0,14], "y" : [ 0, 0], "repeat" : [5, 8] },
                { "point" : "terrain", "id" : "t_tree_young", "x" : [ 0,14], "y" : [ 0, 0], "chance" :  5 },
                { "point" : "terrain", "id" : "t_tree_apple", "x" : [ 0,14], "y" : [ 0, 0], "chance" : 10, "repeat" : [ 1, 2] }
            ]
        }
    }
]
