[
    {
        "type" : "mapgen",
        "om_terrain" : ["s_restaurant"],
        "method": "json",
        "weight": 1000,
        "object": {
            "fill_ter": "t_floor",
            "rows": [
                "ssssssssssssssssssssssss",
                "ssssssssssssssssssssssss",
                "ssss|-------------|sssss",
                "____|&wlwF|.......|sssss",
                "____DwlwlF|A...@#^gsssss",
                "____|lwlw#|.......+sssss",
                "____|#lwlS|A......+sssss",
                "___d|#wlwS|......^gsssss",
                "___d|Rlwl#|A......|sssss",
                "____|Rwlw#|......BCsssss",
                "____|#lwlO|A.....T'sssss",
                "____|#wlwO|......BCsssss",
                "____|#lwl#|A......|sssss",
                "____|{wlw{|.......|sssss",
                "____|wlwlw|A.....BCsssss",
                "_|--|--+--|......T'sssss",
                "_|Sl+............BCsssss",
                "_|ll|.............|sssss",
                "_|Pl|.............|sssss",
                "_|--|BTB..BTB..BTB|sssss",
                "____|C'C--C'C--C'C|sssss",
                "sssbbbbbbbbbbbbbbbbbssss",
                "ssssssssssssssssssssssss",
                "ssssssssssssssssssssssss"
            ],
            "place_npcs": [
                { "class": "bandit", "chance": 1, "x": [2,21], "y": [2,21], "repeat": [1,3] },
                { "class": "thug", "chance": 1, "x": [2,21], "y": [2,21], "repeat": [1,3] }
            ],
            "terrain": {
                "|": "t_wall",
                "-": "t_wall",
                "W": ["t_window", "t_window_taped", "t_window_boarded", "t_wall_wood", "t_curtains", "t_wall_wood_chipped", "t_window_boarded", "t_wall_log", "t_curtains", "t_wall_log_chipped"],
                "+": ["t_door_c", "t_door_locked_alarm", "t_door_c", "t_door_locked", "t_door_c", "t_door_locked_peep", "t_door_c", "t_rdoor_boarded_damaged", "t_door_c", "t_rdoor_boarded", "t_door_c", "t_door_boarded_peep", "t_door_c", "t_door_boarded_damaged", "t_door_c", "t_door_boarded", "t_door_c", "t_door_c_peep", "t_door_c", "t_wall_wood", "t_door_c", "t_wall_wood_chipped", "t_door_c", "t_wall_log", "t_door_c", "t_wall_log_chipped", "t_door_c", "t_door_curtain_c", "t_door_c", "t_door_makeshift_c", "t_door_c", "t_palisade", "t_door_c", "t_bars", "t_door_c", "t_door_bar_c", "t_door_c", "t_door_bar_locked"],
                "D": ["t_door_c", "t_door_boarded", "t_door_c", "t_palisade", "t_door_c", "t_wall_wood", "t_door_c", "t_wall_wood_chipped", "t_door_c", "t_wall_log", "t_door_c", "t_wall_log_chipped"],
                "_": "t_pavement",
                ",": "t_pavement_y",
                "G": ["t_wall_glass", "t_wall_wood", "t_wall_wood", "t_wall_wood", "t_wall_wood_chipped", "t_palisade", "t_palisade", "t_palisade", "t_wall_log", "t_wall_log", "t_wall_log", "t_wall_log_chipped"],
                "g": ["t_wall_glass", "t_wall_wood", "t_wall_wood", "t_wall_wood", "t_wall_wood_chipped", "t_palisade", "t_palisade", "t_palisade", "t_wall_log", "t_wall_log", "t_wall_log", "t_wall_log_chipped"],
                "C": ["t_window_domestic", "t_window_boarded", "t_curtains", "t_window_domestic_taped", "t_wall_wood", "t_wall_wood_chipped", "t_wall_log", "t_wall_log_chipped"],
                "s": "t_sidewalk",
                "@": "t_console_broken",
                "b": "t_shrub",
                "'": ["t_window", "t_window_taped", "t_window_boarded", "t_wall_wood", "t_curtains", "t_wall_wood_chipped", "t_window_boarded", "t_wall_log", "t_curtains", "t_wall_log_chipped"],
                "f": "t_floor",
                ".": "t_carpet_green",
                "w": "t_linoleum_white",
                "l": "t_linoleum_gray",
                "d": "t_pavement",
                "#": "t_linoleum_white",
                "&": "t_linoleum_white",
                "{": "t_linoleum_white",
                "O": "t_linoleum_white",
                "S": "t_linoleum_white",
                "P": "t_linoleum_white",
                "R": "t_linoleum_white",
                "F": "t_linoleum_white"
            },
            "furniture": {
                "B": ["f_bench", "f_null", "f_null", "f_null", "f_null", "f_null", "f_null", "f_bench", "f_rubble", "f_bench"],
                "T": ["f_table", "f_null", "f_null", "f_null", "f_null", "f_null", "f_null", "f_table", "f_rubble", "f_table"],
                "#": ["f_counter", "f_null", "f_null", "f_null", "f_null", "f_null", "f_null", "f_counter", "f_rubble", "f_counter"],
                "F": ["f_fridge", "f_null", "f_null", "f_null", "f_null", "f_null", "f_null", "f_fridge", "f_wreckage", "f_fridge"],
                "S": ["f_sink", "f_null", "f_null", "f_null", "f_null", "f_null", "f_null", "f_sink", "f_rubble", "f_sink"],
                "d": ["f_dumpster", "f_dumpster", "f_null", "f_null", "f_null", "f_null", "f_null", "f_null", "f_dumpster", "f_dumpster", "f_rubble", "f_dumpster", "f_dumpster"],
                "{": ["f_rack", "f_null", "f_null", "f_null", "f_null", "f_null", "f_null", "f_rack", "f_rubble", "f_rack"],
                "O": ["f_oven", "f_null", "f_null", "f_null", "f_null", "f_null", "f_null", "f_oven", "f_wreckage", "f_oven"],
                "R": ["f_woodstove", "f_null", "f_null", "f_null", "f_null", "f_null", "f_null", "f_woodstove", "f_wreckage", "f_woodstove"],
                "&": ["f_trashcan", "f_null", "f_null", "f_null", "f_null", "f_null", "f_null", "f_trashcan", "f_rubble", "f_trashcan"],
                "^": ["f_indoor_plant", "f_null", "f_null", "f_null", "f_null", "f_null", "f_null", "f_null"],
                "A": ["f_statue", "f_null", "f_null", "f_null", "f_null", "f_null", "f_null", "f_statue", "f_rubble_rock", "f_statue"]
            },
            "toilets": {
                "P": { }
            }
        }
    }
]
