[
    {
        "type": "mapgen",
        "om_terrain": [
            "office_cubical"
        ],
        "method": "json",
        "weight": 300,
        "object": {
            "fill_ter": "t_floor",
            "rows": [
                "           ss           ",
                " |-wwww-|  ss  |-wwww-| ",
                " |......|$$ss$$|...h.o| ",
                " |.htth.|--++--|..xd.o| ",
                " |.htth.|......|.....o| ",
                " |.htth.+......+..hhh^| ",
                " |.htth.|......|---|--| ",
                " |......|..cccc|T..|.l| ",
                " |------|..ch..|S..|..| ",
                " |^.....+......|-+-|+-| ",
                " |..hc.h|..----|V....S| ",
                " |.cdx.n|......+.....e| ",
                " |------|......-------| ",
                " |ch................hd| ",
                " |xdc|....clcc^...|ccx| ",
                " |---|..|------|..|---| ",
                " |.h....|xcccxd|....hc| ",
                " |cdx|..|dh..h....|ldx| ",
                " |---|..|------|..|---| ",
                " |dh......h..h.|....h.| ",
                " |cxc|^.|lxccdx|..|xdc| ",
                " |---|--|------|D-|---| ",
                "              ^sss^     ",
                "               sss      "
            ],
            "place_npcs": [
                { "class": "bandit", "chance": 1, "x": [2,21], "y": [2,21], "repeat": [1,3] },
                { "class": "thug", "chance": 1, "x": [2,21], "y": [2,21], "repeat": [1,3] }
            ],
            "terrain": {
                " ": [ "t_grass", "t_grass", "t_dirt" ],
                "x": "t_console_broken",
                "$": "t_shrub",
                "|": "t_wall",
                "-": "t_wall",
                "+": ["t_door_c", "t_door_locked_alarm", "t_door_c", "t_door_locked", "t_door_c", "t_door_locked_peep", "t_door_c", "t_rdoor_boarded_damaged", "t_door_c", "t_rdoor_boarded", "t_door_c", "t_door_boarded_peep", "t_door_c", "t_door_boarded_damaged", "t_door_c", "t_door_boarded", "t_door_c", "t_door_c_peep", "t_door_c", "t_wall_wood", "t_door_c", "t_wall_wood_chipped", "t_door_c", "t_wall_log", "t_door_c", "t_wall_log_chipped", "t_door_c", "t_door_curtain_c", "t_door_c", "t_door_makeshift_c", "t_door_c", "t_palisade", "t_door_c", "t_bars", "t_door_c", "t_door_bar_c", "t_door_c", "t_door_bar_locked"],
                "D": ["t_door_c", "t_door_boarded", "t_door_c", "t_palisade", "t_door_c", "t_wall_wood", "t_door_c", "t_wall_wood_chipped", "t_door_c", "t_wall_log", "t_door_c", "t_wall_log_chipped"],
                "w": ["t_window", "t_window_taped", "t_window_boarded", "t_wall_wood", "t_curtains", "t_wall_wood_chipped", "t_window_boarded", "t_wall_log", "t_curtains", "t_wall_log_chipped"],
                "s": "t_sidewalk"
            },
            "furniture": {
                "#": ["f_bench", "f_null", "f_null", "f_null", "f_null", "f_null", "f_null", "f_bench", "f_rubble", "f_bench"],
                "t": ["f_table", "f_null", "f_null", "f_null", "f_null", "f_null", "f_null", "f_table", "f_rubble", "f_table"],
                "^": ["f_indoor_plant", "f_null", "f_null", "f_null", "f_null", "f_null", "f_null", "f_null"],
                "o": ["f_bookcase", "f_null", "f_null", "f_null", "f_null", "f_null", "f_null", "f_bookcase", "f_rubble", "f_bookcase"],
                "h": ["f_chair", "f_null", "f_null", "f_null", "f_null", "f_null", "f_null", "f_chair", "f_rubble", "f_chair"],
                "c": ["f_counter", "f_null", "f_null", "f_null", "f_null", "f_null", "f_null", "f_counter", "f_rubble", "f_counter"],
                "d": ["f_desk", "f_null", "f_null", "f_null", "f_null", "f_null", "f_null", "f_desk", "f_rubble", "f_desk"],
                "l": ["f_locker", "f_null", "f_null", "f_null", "f_null", "f_null", "f_null", "f_locker", "f_wreckage", "f_locker"],
                "n": ["f_safe_l", "f_null", "f_null", "f_null", "f_null", "f_null", "f_null", "f_safe_l", "f_wreckage", "f_safe_l"],
                "S": ["f_sink", "f_null", "f_null", "f_null", "f_null", "f_null", "f_null", "f_sink", "f_rubble", "f_sink"],
                "e": ["f_fridge", "f_null", "f_null", "f_null", "f_null", "f_null", "f_null", "f_fridge", "f_wreckage", "f_fridge"]
            },
            "toilets": {
                "T": { }
            },
            "vehicles": {
                ".": { "vehicle": "swivel_chair", "status": 0, "chance": 1 }
            }
        }
    }
]
