[
    {
        "type": "overmap_terrain",
        "id" : "home_improvement",
        "name" : "home improvement store",
        "rotate" : true,
        "sym" : [94, 62, 118, 60],
        "color" : "c_yellow_green",
        "see_cost" : 5,
        "extras" : "build",
        "mondensity" : 2,
        "sidewalk" : true,
        "mapgen": [
            {
            "method": "json",
            "weight": 10000,
            "object": {
            "rows": [
        ",,,,,,,,,,,,,,,,,,,,,,,,",
        ",,,,,,,,,,,,,,,,,,,,,,,,",
        ",----------++---------|,",
        ",|.@.@.@.@.rr?????????|,",
        ",O.........rr.........O,",
        ",|.@.@.@.@.rr?????????|,",
        ",|rrrrrrrrrrrrrrrrrrrr|,",
        ",|rrrrrrrrrrrrrrrrrrrr|,",
        ",|:::::::::rryyyyyyyyy|,",
        ",|.........rr.........|,",
        ",|:::::::::rr^^^^^^^^^|,",
        ",|rrrrrrrrrrrrrrrrrrrr|,",
        ",|rrrrrrrrrrrrrrrrrrrr|,",
        ",O.........rr.........O,",
        ",O.........rr.........O,",
        ",|rrrrrrrrrrrrrrrrrrrr|,",
        ",|rrrrrrrrrrrrrrrrrrrr|,",
        ",|#########rr#########|,",
        ",O.........rr.........O,",
        ",|#########rr#########|,",
        ",O.........rr.........O,",
        ",|#########rr#########|,",
        ",---------------------|,",
        ",,,,,,,,,,,,,,,,,,,,,,,,"
            ],
            "place_npcs": [
                { "class": "bandit", "chance": 1, "x": [2,21], "y": [2,21], "repeat": [1,3] },
                { "class": "thug", "chance": 1, "x": [2,21], "y": [2,21], "repeat": [1,3] }
            ],
            "terrain": {
                "O": ["t_window", "t_window_taped", "t_window_boarded", "t_wall_wood", "t_curtains", "t_wall_wood_chipped", "t_window_boarded", "t_wall_log", "t_curtains", "t_wall_log_chipped"],
                "+": ["t_door_c", "t_door_locked_alarm", "t_door_c", "t_door_locked", "t_door_c", "t_door_locked_peep", "t_door_c", "t_rdoor_boarded_damaged", "t_door_c", "t_rdoor_boarded", "t_door_c", "t_door_boarded_peep", "t_door_c", "t_door_boarded_damaged", "t_door_c", "t_door_boarded", "t_door_c", "t_door_c_peep", "t_door_c", "t_wall_wood", "t_door_c", "t_wall_wood_chipped", "t_door_c", "t_wall_log", "t_door_c", "t_wall_log_chipped", "t_door_c", "t_door_curtain_c", "t_door_c", "t_door_makeshift_c", "t_door_c", "t_palisade", "t_door_c", "t_bars", "t_door_c", "t_door_bar_c", "t_door_c", "t_door_bar_locked"],
                "L": ["t_door_c", "t_door_boarded", "t_door_c", "t_palisade", "t_door_c", "t_wall_wood", "t_door_c", "t_wall_wood_chipped", "t_door_c", "t_wall_log", "t_door_c", "t_wall_log_chipped"],
                "M": ["t_door_metal_c", "t_wall_wood", "t_door_metal_c", "t_wall_wood_chipped", "t_door_metal_c", "t_wall_log", "t_door_metal_c", "t_wall_log_chipped"],

            ".": "t_floor",
            ",": "t_pavement",
            "_": "t_pavement_y",
            " ": "t_floor",
            "-": "t_wall",
            "|": "t_wall",
            "w": "t_gates_mech_control",
            "x": "t_console_broken",
            "c": "t_floor",
            "#": "t_floor",
            "r": "t_carpet_red",
            "^": "t_floor",
            "t": "t_floor",
            "F": "t_floor",
            "@": "t_floor",
            ":": "t_floor",
            "T": "t_floor",
            "l": "t_floor",
            "S": "t_floor",
            "y": "t_floor",
            "?": "t_floor",
            "G": "t_floor"
            },
            "furniture": {
            ".": "f_null",
            "_": "f_null",
            ",": "f_null",
            " ": "f_null",
            "-": "f_null",
            "|": "f_null",
            "O": "f_null",
            "L": "f_null",
            "+": "f_null",
            "M": "f_null",
            "w": "f_null",
            "x": "f_null",
            "c": ["f_chair", "f_null", "f_null", "f_null", "f_null", "f_null", "f_null", "f_chair", "f_rubble", "f_chair"],
            "#": ["f_counter", "f_null", "f_null", "f_null", "f_null", "f_null", "f_null", "f_counter", "f_rubble", "f_counter"],
            "r": "f_null",
            "^": ["f_indoor_plant", "f_null", "f_null", "f_null", "f_null", "f_null", "f_null", "f_null"],
            "y": ["f_indoor_plant_y", "f_null", "f_null", "f_null", "f_null", "f_null", "f_null", "f_null"],
            "t": ["f_table", "f_null", "f_null", "f_null", "f_null", "f_null", "f_null", "f_table", "f_rubble", "f_table"],
            "F": ["f_fridge", "f_null", "f_null", "f_null", "f_null", "f_null", "f_null", "f_fridge", "f_wreckage", "f_fridge"],
            "@": ["f_bed", "f_null", "f_null", "f_null", "f_null", "f_null", "f_null", "f_bed", "f_rubble", "f_bed"],
            ":": ["f_dresser", "f_null", "f_null", "f_null", "f_null", "f_null", "f_null", "f_dresser", "f_rubble", "f_dresser"],
            "T": ["f_toilet", "f_null", "f_null", "f_null", "f_null", "f_null", "f_null", "f_toilet", "f_rubble", "f_toilet"],
            "l": ["f_locker", "f_null", "f_null", "f_null", "f_null", "f_null", "f_null", "f_locker", "f_wreckage", "f_locker"],
            "S": ["f_sink", "f_null", "f_null", "f_null", "f_null", "f_null", "f_null", "f_sink", "f_rubble", "f_sink"],
            "?": ["f_statue", "f_null", "f_null", "f_null", "f_null", "f_null", "f_null", "f_statue", "f_rubble_rock", "f_statue"],
            "G": ["f_oven", "f_null", "f_null", "f_null", "f_null", "f_null", "f_null", "f_oven", "f_wreckage", "f_oven"]
            }
        },
        "comment": "end of mapgen entry ---v"
    }
    ]
    }
]
