[
    {
        "type": "mapgen",
        "om_terrain": [
            "park"
        ],
        "weight": 500,
        "method": "json",
        "object": {
            "rows": [
                "                        ",
                "                        ",
                "                        ",
                "                        ",
                "             t          ",
                "      t         ##      ",
                "                ##      ",
                "                        ",
                "    mmm                 ",
                "    mmm    s        t   ",
                "   tmmm    s            ",
                "           s            ",
                "           s            ",
                "                        ",
                "                        ",
                "      -            t    ",
                "     t-                 ",
                "               t        ",
                "         t              ",
                "                        ",
                "                        ",
                "                        ",
                "                        ",
                "                        "
            ],
            "place_npcs": [
                { "class": "bandit", "chance": 1, "x": [2,21], "y": [2,21], "repeat": [1,3] },
                { "class": "thug", "chance": 1, "x": [2,21], "y": [2,21], "repeat": [1,3] }
            ],
            "terrain": {
                " ": [ "t_grass", "t_grass", "t_grass", "t_grass", "t_grass", "t_dirt" ],
                "#": "t_sandbox",
                "m": "t_monkey_bars",
                "s": "t_slide",
                "t": ["t_underbrush", "t_grass", "t_grass", "t_grass", "t_grass", "t_grass", "t_grass", "t_grass", "t_grass", "t_shrub_blueberry", "t_underbrush", "t_grass", "t_grass", "t_grass", "t_grass", "t_grass", "t_grass", "t_grass", "t_grass", "t_shrub_strawberry", "t_underbrush", "t_grass", "t_grass", "t_grass", "t_grass", "t_grass", "t_grass", "t_grass", "t_grass", "t_tree_apple", "t_underbrush", "t_grass", "t_grass", "t_grass", "t_grass", "t_grass", "t_grass", "t_grass", "t_grass", "t_tree_pear", "t_underbrush", "t_dirt", "t_dirt", "t_dirt", "t_dirt", "t_dirt", "t_dirt", "t_dirt", "t_dirtmound", "t_tree_cherry", "t_underbrush", "t_grass", "t_grass", "t_grass", "t_grass", "t_grass", "t_grass", "t_grass", "t_grass", "t_tree_peach", "t_underbrush", "t_grass", "t_grass", "t_grass", "t_grass", "t_grass", "t_grass", "t_grass", "t_grass", "t_tree_apricot", "t_underbrush", "t_grass", "t_grass", "t_grass", "t_grass", "t_grass", "t_grass", "t_grass", "t_grass", "t_tree_plum", "t_underbrush", "t_grass", "t_grass", "t_grass", "t_grass", "t_grass", "t_grass", "t_grass", "t_grass", "t_tree_pine", "t_underbrush", "t_dirt", "t_dirt", "t_dirt", "t_dirt", "t_dirt", "t_dirt", "t_dirt", "t_dirtmound", "t_tree_birch", "t_underbrush", "t_grass", "t_grass", "t_grass", "t_grass", "t_grass", "t_grass", "t_grass", "t_grass", "t_tree_willow", "t_underbrush", "t_grass", "t_grass", "t_grass", "t_grass", "t_grass", "t_grass", "t_grass", "t_grass", "t_tree_maple", "t_underbrush", "t_grass", "t_grass", "t_grass", "t_grass", "t_grass", "t_grass", "t_grass", "t_grass", "t_tree_hickory", "t_underbrush", "t_grass", "t_grass", "t_grass", "t_grass", "t_grass", "t_grass", "t_grass", "t_grass", "t_shrub", "t_underbrush", "t_dirt", "t_dirt", "t_dirt", "t_dirt", "t_dirt", "t_dirt", "t_dirt", "t_dirtmound", "t_trunk", "t_underbrush", "t_grass", "t_grass", "t_grass", "t_grass", "t_grass", "t_grass", "t_grass", "t_grass", "t_tree_blackjack", "t_underbrush", "t_grass", "t_grass", "t_grass", "t_grass", "t_grass", "t_grass", "t_grass", "t_grass", "t_tree", "t_underbrush", "t_grass", "t_grass", "t_grass", "t_grass", "t_grass", "t_grass", "t_grass", "t_grass", "t_tree_dead", "t_underbrush", "t_grass", "t_grass", "t_grass", "t_grass", "t_grass", "t_grass", "t_grass", "t_grass", "t_tree_young", "t_underbrush", "t_dirt", "t_dirt", "t_dirt", "t_dirt", "t_dirt", "t_dirt", "t_dirt", "t_dirtmound", "t_shrub"],
                "-": ["t_dirt", "t_dirt", "t_dirt", "t_dirt", "t_dirt", "t_dirt", "t_grass"]
            },
            "furniture": {
                "-": ["f_bench", "f_bench", "f_bench", "f_bench", "f_bench", "f_rubble", "f_null"]
            },
            "rotation": [ 0, 3 ]
        }
    },{
        "type": "mapgen",
        "om_terrain": [
            "park"
        ],
        "weight": 1000,
        "method": "json",
        "object": {
            "fill_ter": "t_pavement",
            "rows": [
                "                        ",
                " ---------------------- ",
                " +  . .   . 7 .   . . + ",
                " |V . .   .   .   . . | ",
                " |  . .   .....   . . | ",
                " |  .  .  .   .  .  . | ",
                " |H .   .  ...  .   .H| ",
                " |H .    .......    .H| ",
                " |H .               .H| ",
                " |H .      ...      .H| ",
                " |H .     .   .     .H| ",
                " |  ................. | ",
                " |H .     .   .     .H| ",
                " |H .      ...      .H| ",
                " |H .               .H| ",
                " |H .    .......    .H| ",
                " |H .   .  ...  .   .H| ",
                " |  .  .  .   .  .  . | ",
                " |  . .   .....   . . | ",
                " |R . .   .   .   . . | ",
                " +  . .   . 7 .   . . + ",
                " ---------------------- ",
                "                        ",
                "                        "
            ],
            "place_npcs": [
                { "class": "bandit", "chance": 1, "x": [2,21], "y": [2,21], "repeat": [1,3] },
                { "class": "thug", "chance": 1, "x": [2,21], "y": [2,21], "repeat": [1,3] }
            ],
            "terrain": {
                ".": ["t_pavement_y", "t_pavement_y", "t_pavement_y", "t_pavement_y", "t_pavement_y", "t_pavement_y", "t_pavement_y", "t_grass"],
                "7": "t_backboard",
                "|": "t_chainfence_v",
                "-": "t_chainfence_h",
                "+": ["t_chaingate_c", "t_chaingate_c", "t_chaingate_c", "t_chaingate_o"],
                "H": ["t_pavement", "t_pavement", "t_pavement", "t_pavement", "t_pavement", "t_pavement", "t_pavement", "t_grass"],
                "R": ["t_pavement", "t_pavement", "t_pavement", "t_pavement", "t_pavement", "t_pavement", "t_pavement", "t_grass"]
            },
            "furniture": {
                "H": ["f_bench", "f_bench", "f_bench", "f_bench", "f_bench", "f_rubble", "f_null"],
                "R": ["f_trashcan", "f_trashcan", "f_null"]
            },
            "rotation": [ 0, 3 ]
        }
    },{
        "type": "mapgen",
        "om_terrain": [
            "park"
        ],
        "weight": 500,
        "method": "json",
        "object": {
            "fill_ter": "t_pavement",
            "rows": [
                "                        ",
                " ---------------------  ",
                " + ........[........ +  ",
                " | ........[........ |V ",
                " | .   .   [   .   . |H ",
                " | .   .   [   .   . |H ",
                " | .   ....[....   . |  ",
                " | .   .   [   .   . |  ",
                " | .   .   [   .   . |  ",
                " | ........[........ |  ",
                " | ........[........ |  ",
                " |                   |  ",
                " |                   |  ",
                " | ........[........ |  ",
                " | ........[........ |  ",
                " | .   .   [   .   . |  ",
                " | .   .   [   .   . |  ",
                " | .   ....[....   . |  ",
                " | .   .   [   .   . |H ",
                " | .   .   [   .   . |H ",
                " | ........[........ |R ",
                " + ........[........ +  ",
                " ---------------------  ",
                "                        " 
            ],
            "place_npcs": [
                { "class": "bandit", "chance": 1, "x": [2,21], "y": [2,21], "repeat": [1,3] },
                { "class": "thug", "chance": 1, "x": [2,21], "y": [2,21], "repeat": [1,3] }
            ],
            "terrain": {
                ".": ["t_pavement_y", "t_pavement_y", "t_pavement_y", "t_pavement_y", "t_pavement_y", "t_pavement_y", "t_pavement_y", "t_grass"],
                "[": "t_fence_rope",
                "|": "t_chainfence_v",
                "-": "t_chainfence_h",
                "+": ["t_chaingate_c", "t_chaingate_c", "t_chaingate_c", "t_chaingate_o"],
                "H": ["t_pavement", "t_pavement", "t_pavement", "t_pavement", "t_pavement", "t_pavement", "t_pavement", "t_grass"],
                "R": ["t_pavement", "t_pavement", "t_pavement", "t_pavement", "t_pavement", "t_pavement", "t_pavement", "t_grass"]
            },
            "furniture": {
                "H": ["f_bench", "f_bench", "f_bench", "f_bench", "f_bench", "f_rubble", "f_null"],
                "R": ["f_trashcan", "f_trashcan", "f_null"]
            },
            "rotation": [ 0, 3 ]
        }
    },{
        "type": "mapgen",
        "om_terrain": [
            "park"
        ],
        "weight": 200,
        "method": "json",
        "object": {
            "fill_ter": "t_grass",
            "rows": [
                "RHHH                    ",
                "   ,,,,,,,,,[,,,,,,,,,  ",
                "  ,$$$$$$$$$[$$$$$$$$$, ",
                "  ,$$$$$$$$$[$$$$$$$$$, ",
                "  ,$$$$$$$$$[$$$$$$$$$, ",
                "  ,$$$$$$$$$[$$$$$$$$$, ",
                "  ,$$$$$$$$$[$$$$$$$$$, ",
                "  ,$$$$$$$$$[$$$$$$$$$, ",
                "  ,$$$$$$$$$[$$$$$$$$$, ",
                "  ,$$$$$$$$$[$$$$$$$$$, ",
                "   ,,,,,,,,,[,,,,,,,,,  ",
                "                        ",
                "                        ",
                "   ,,,,,,,,,[,,,,,,,,,  ",
                "  ,$$$$$$$$$[$$$$$$$$$, ",
                "  ,$$$$$$$$$[$$$$$$$$$, ",
                "  ,$$$$$$$$$[$$$$$$$$$, ",
                "  ,$$$$$$$$$[$$$$$$$$$, ",
                "  ,$$$$$$$$$[$$$$$$$$$, ",
                "  ,$$$$$$$$$[$$$$$$$$$, ",
                "  ,$$$$$$$$$[$$$$$$$$$, ",
                "  ,$$$$$$$$$[$$$$$$$$$, ",
                "   ,,,,,,,,,[,,,,,,,,,  ",
                "                     HHH" 
            ],
            "place_npcs": [
                { "class": "bandit", "chance": 1, "x": [2,21], "y": [2,21], "repeat": [1,3] },
                { "class": "thug", "chance": 1, "x": [2,21], "y": [2,21], "repeat": [1,3] }
            ],
            "terrain": {
                ".": ["t_pavement_y", "t_pavement_y", "t_pavement_y", "t_pavement_y", "t_pavement_y", "t_pavement_y", "t_pavement_y", "t_grass"],
                "[": "t_fence_rope",
                ",": ["t_dirt", "t_dirt", "t_dirt", "t_dirt", "t_dirt", "t_dirt", "t_grass"],
                "$": ["t_sand", "t_sand", "t_sand", "t_sand", "t_sand", "t_sand", "t_grass"],
                "H": ["t_dirt", "t_dirt", "t_dirt", "t_dirt", "t_dirt", "t_dirt", "t_grass"]
            },
            "furniture": {
                "H": ["f_bench", "f_bench", "f_bench", "f_bench", "f_bench", "f_rubble", "f_null"],
                "R": ["f_trashcan", "f_trashcan", "f_null"]
            },
            "rotation": [ 0, 3 ]
        }
    },{
        "type": "mapgen",
        "om_terrain": [
            "park"
        ],
        "weight": 500,
        "method": "json",
        "object": {
            "fill_ter": "t_grass",
            "rows": [
                "         ......         ",
                "  zzzzzzzz....zzzzzzzz  ",
                " z         ..         z ",
                " z    ,HTH,.. t  *`*  z ",
                " z  t ,HTH,..   *```* z ",
                " z  R ..........````` z ",
                " z ,,..,,  ..   *```* z ",
                " z HH.,,,  ..    *`*  z ",
                " z TT.,,, ....    .   z ",
                ".z HH.   .ssss.   . t z.",
                ".. ,,.  .ss~~ss.  .   ..",
                ".........s~~~~s.........",
                ".........s~~~~s.........",
                "..   .  .ss~~ss.  .   ..",
                ".z   .   .ssss.   .   z.",
                " z   .    ....    . # z ",
                " z t . t   ..     . H z ",
                " z   ..    ..    .. H z ",
                " z fss............  # z ",
                " z sAs  t  ..         z ",
                " z fsf     ..  #HH# t z ",
                " z         ..         z ",
                "  zzzzzzzz....zzzzzzzz  ",
                "         ......         " 
            ],
            "place_npcs": [
                { "class": "bandit", "chance": 1, "x": [2,21], "y": [2,21], "repeat": [1,3] },
                { "class": "thug", "chance": 1, "x": [2,21], "y": [2,21], "repeat": [1,3] }
            ],
            "terrain": {
                ".": ["t_pavement", "t_pavement", "t_pavement", "t_pavement", "t_pavement", "t_pavement", "t_pavement", "t_grass"],
                "`": "t_floor",
                "s": ["t_sidewalk", "t_sidewalk", "t_sidewalk", "t_sidewalk", "t_sidewalk", "t_grass"],
                "z": ["t_underbrush", "t_grass", "t_grass", "t_grass", "t_grass", "t_grass", "t_grass", "t_grass", "t_grass", "t_shrub_blueberry", "t_underbrush", "t_grass", "t_grass", "t_grass", "t_grass", "t_grass", "t_grass", "t_grass", "t_grass", "t_shrub_strawberry", "t_underbrush", "t_grass", "t_grass", "t_grass", "t_grass", "t_grass", "t_grass", "t_grass", "t_grass", "t_tree_apple", "t_underbrush", "t_grass", "t_grass", "t_grass", "t_grass", "t_grass", "t_grass", "t_grass", "t_grass", "t_tree_pear", "t_underbrush", "t_dirt", "t_dirt", "t_dirt", "t_dirt", "t_dirt", "t_dirt", "t_dirt", "t_dirtmound", "t_tree_cherry", "t_underbrush", "t_grass", "t_grass", "t_grass", "t_grass", "t_grass", "t_grass", "t_grass", "t_grass", "t_tree_peach", "t_underbrush", "t_grass", "t_grass", "t_grass", "t_grass", "t_grass", "t_grass", "t_grass", "t_grass", "t_tree_apricot", "t_underbrush", "t_grass", "t_grass", "t_grass", "t_grass", "t_grass", "t_grass", "t_grass", "t_grass", "t_tree_plum", "t_underbrush", "t_grass", "t_grass", "t_grass", "t_grass", "t_grass", "t_grass", "t_grass", "t_grass", "t_tree_pine", "t_underbrush", "t_dirt", "t_dirt", "t_dirt", "t_dirt", "t_dirt", "t_dirt", "t_dirt", "t_dirtmound", "t_tree_birch", "t_underbrush", "t_grass", "t_grass", "t_grass", "t_grass", "t_grass", "t_grass", "t_grass", "t_grass", "t_tree_willow", "t_underbrush", "t_grass", "t_grass", "t_grass", "t_grass", "t_grass", "t_grass", "t_grass", "t_grass", "t_tree_maple", "t_underbrush", "t_grass", "t_grass", "t_grass", "t_grass", "t_grass", "t_grass", "t_grass", "t_grass", "t_tree_hickory", "t_underbrush", "t_grass", "t_grass", "t_grass", "t_grass", "t_grass", "t_grass", "t_grass", "t_grass", "t_shrub", "t_underbrush", "t_dirt", "t_dirt", "t_dirt", "t_dirt", "t_dirt", "t_dirt", "t_dirt", "t_dirtmound", "t_trunk", "t_underbrush", "t_grass", "t_grass", "t_grass", "t_grass", "t_grass", "t_grass", "t_grass", "t_grass", "t_tree_blackjack", "t_underbrush", "t_grass", "t_grass", "t_grass", "t_grass", "t_grass", "t_grass", "t_grass", "t_grass", "t_tree", "t_underbrush", "t_grass", "t_grass", "t_grass", "t_grass", "t_grass", "t_grass", "t_grass", "t_grass", "t_tree_dead", "t_underbrush", "t_grass", "t_grass", "t_grass", "t_grass", "t_grass", "t_grass", "t_grass", "t_grass", "t_tree_young", "t_underbrush", "t_dirt", "t_dirt", "t_dirt", "t_dirt", "t_dirt", "t_dirt", "t_dirt", "t_dirtmound", "t_shrub"],
                "t": ["t_underbrush", "t_grass", "t_grass", "t_grass", "t_grass", "t_grass", "t_grass", "t_grass", "t_grass", "t_shrub_blueberry", "t_underbrush", "t_grass", "t_grass", "t_grass", "t_grass", "t_grass", "t_grass", "t_grass", "t_grass", "t_shrub_strawberry", "t_underbrush", "t_grass", "t_grass", "t_grass", "t_grass", "t_grass", "t_grass", "t_grass", "t_grass", "t_tree_apple", "t_underbrush", "t_grass", "t_grass", "t_grass", "t_grass", "t_grass", "t_grass", "t_grass", "t_grass", "t_tree_pear", "t_underbrush", "t_dirt", "t_dirt", "t_dirt", "t_dirt", "t_dirt", "t_dirt", "t_dirt", "t_dirtmound", "t_tree_cherry", "t_underbrush", "t_grass", "t_grass", "t_grass", "t_grass", "t_grass", "t_grass", "t_grass", "t_grass", "t_tree_peach", "t_underbrush", "t_grass", "t_grass", "t_grass", "t_grass", "t_grass", "t_grass", "t_grass", "t_grass", "t_tree_apricot", "t_underbrush", "t_grass", "t_grass", "t_grass", "t_grass", "t_grass", "t_grass", "t_grass", "t_grass", "t_tree_plum", "t_underbrush", "t_grass", "t_grass", "t_grass", "t_grass", "t_grass", "t_grass", "t_grass", "t_grass", "t_tree_pine", "t_underbrush", "t_dirt", "t_dirt", "t_dirt", "t_dirt", "t_dirt", "t_dirt", "t_dirt", "t_dirtmound", "t_tree_birch", "t_underbrush", "t_grass", "t_grass", "t_grass", "t_grass", "t_grass", "t_grass", "t_grass", "t_grass", "t_tree_willow", "t_underbrush", "t_grass", "t_grass", "t_grass", "t_grass", "t_grass", "t_grass", "t_grass", "t_grass", "t_tree_maple", "t_underbrush", "t_grass", "t_grass", "t_grass", "t_grass", "t_grass", "t_grass", "t_grass", "t_grass", "t_tree_hickory", "t_underbrush", "t_grass", "t_grass", "t_grass", "t_grass", "t_grass", "t_grass", "t_grass", "t_grass", "t_shrub", "t_underbrush", "t_dirt", "t_dirt", "t_dirt", "t_dirt", "t_dirt", "t_dirt", "t_dirt", "t_dirtmound", "t_trunk", "t_underbrush", "t_grass", "t_grass", "t_grass", "t_grass", "t_grass", "t_grass", "t_grass", "t_grass", "t_tree_blackjack", "t_underbrush", "t_grass", "t_grass", "t_grass", "t_grass", "t_grass", "t_grass", "t_grass", "t_grass", "t_tree", "t_underbrush", "t_grass", "t_grass", "t_grass", "t_grass", "t_grass", "t_grass", "t_grass", "t_grass", "t_tree_dead", "t_underbrush", "t_grass", "t_grass", "t_grass", "t_grass", "t_grass", "t_grass", "t_grass", "t_grass", "t_tree_young", "t_underbrush", "t_dirt", "t_dirt", "t_dirt", "t_dirt", "t_dirt", "t_dirt", "t_dirt", "t_dirtmound", "t_shrub"],
                "*": "t_wall_wood",
                "#": "t_rock",
                "~": "t_water_sh",
                ",": ["t_dirt", "t_dirt", "t_dirt", "t_dirt", "t_dirt", "t_dirt", "t_grass"],
                "f": ["t_dirt", "t_dirt", "t_dirt", "t_dirt", "t_dirt", "t_dirt", "t_grass"],
                "A": ["t_sidewalk", "t_sidewalk", "t_sidewalk", "t_sidewalk", "t_sidewalk", "t_grass"],
                "H": ["t_dirt", "t_dirt", "t_dirt", "t_dirt", "t_dirt", "t_dirt", "t_grass"],
                "T": ["t_dirt", "t_dirt", "t_dirt", "t_dirt", "t_dirt", "t_dirt", "t_grass"],
                "R": ["t_dirt", "t_dirt", "t_dirt", "t_dirt", "t_dirt", "t_dirt", "t_grass"]
                
            },
            "furniture": {
                "A": ["f_statue", "f_statue", "f_statue", "f_statue", "f_statue", "f_statue", "f_statue", "f_statue", "f_statue", "f_rubble_rock"],
                "H": ["f_bench", "f_bench", "f_bench", "f_bench", "f_bench", "f_rubble", "f_null"],
                "R": ["f_trashcan", "f_trashcan", "f_null"],
                "T": ["f_table", "f_table", "f_table", "f_table", "f_table", "f_rubble", "f_null"],
                "f": ["f_bluebell", "f_null", "f_null", "f_null", "f_null", "f_null", "f_null", "f_dahlia", "f_null", "f_null", "f_null", "f_null", "f_null", "f_null", "f_datura", "f_null", "f_null", "f_null", "f_null", "f_null", "f_null", "f_dandelion", "f_null", "f_null", "f_null", "f_null", "f_null", "f_null", "f_chamomile", "f_null", "f_null", "f_null", "f_null", "f_null", "f_null", "f_mutpoppy"]
            },
            "rotation": [ 0, 3 ]
        }
    },{
        "type": "mapgen",
        "om_terrain": [
            "park"
        ],
        "weight": 500,
        "method": "json",
        "object": {
            "fill_ter": "t_grass",
            "rows": [
                "   ,   z ...... z     , ",
                ",    zzz .o..o. zzz,    ",
                " , zzz  z......z  zzz   ",
                "  zz    H......H    zz, ",
                "  z    tH......Ht    z  ",
                " zz  t  H......H  t  zz ",
                " z      z......z      z ",
                "zz  t   ........   t  zz",
                "  zHHHz..........zHHHz  ",
                "..........ssss..........",
                ".o.......ssffss.......o.",
                ".........sfzzfs.........",
                ".........sfzzfs.........",
                ".o.......ssffss.......o.",
                "..........ssss..........",
                "  zHHHz..........zHHHz  ",
                "zz  t   ........   t  zz",
                " z      z......z      z ",
                " zz  t  H......H  t  zz ",
                "  z    tH......Ht    z  ",
                "  zz    H......H    zz ,",
                ",  zzz  z......z  zzz   ",
                "     zzz .o..o. zzz ,   ",
                " , ,   z ...... z       " 
            ],
            "place_npcs": [
                { "class": "bandit", "chance": 1, "x": [2,21], "y": [2,21], "repeat": [1,3] },
                { "class": "thug", "chance": 1, "x": [2,21], "y": [2,21], "repeat": [1,3] }
            ],
            "terrain": {
                ".": ["t_pavement", "t_pavement", "t_pavement", "t_pavement", "t_pavement", "t_pavement", "t_pavement", "t_grass"],
                "s": ["t_sidewalk", "t_sidewalk", "t_sidewalk", "t_sidewalk", "t_sidewalk", "t_grass"],
                "z": ["t_underbrush", "t_grass", "t_grass", "t_grass", "t_grass", "t_grass", "t_grass", "t_grass", "t_grass", "t_shrub_blueberry", "t_underbrush", "t_grass", "t_grass", "t_grass", "t_grass", "t_grass", "t_grass", "t_grass", "t_grass", "t_shrub_strawberry", "t_underbrush", "t_grass", "t_grass", "t_grass", "t_grass", "t_grass", "t_grass", "t_grass", "t_grass", "t_tree_apple", "t_underbrush", "t_grass", "t_grass", "t_grass", "t_grass", "t_grass", "t_grass", "t_grass", "t_grass", "t_tree_pear", "t_underbrush", "t_dirt", "t_dirt", "t_dirt", "t_dirt", "t_dirt", "t_dirt", "t_dirt", "t_dirtmound", "t_tree_cherry", "t_underbrush", "t_grass", "t_grass", "t_grass", "t_grass", "t_grass", "t_grass", "t_grass", "t_grass", "t_tree_peach", "t_underbrush", "t_grass", "t_grass", "t_grass", "t_grass", "t_grass", "t_grass", "t_grass", "t_grass", "t_tree_apricot", "t_underbrush", "t_grass", "t_grass", "t_grass", "t_grass", "t_grass", "t_grass", "t_grass", "t_grass", "t_tree_plum", "t_underbrush", "t_grass", "t_grass", "t_grass", "t_grass", "t_grass", "t_grass", "t_grass", "t_grass", "t_tree_pine", "t_underbrush", "t_dirt", "t_dirt", "t_dirt", "t_dirt", "t_dirt", "t_dirt", "t_dirt", "t_dirtmound", "t_tree_birch", "t_underbrush", "t_grass", "t_grass", "t_grass", "t_grass", "t_grass", "t_grass", "t_grass", "t_grass", "t_tree_willow", "t_underbrush", "t_grass", "t_grass", "t_grass", "t_grass", "t_grass", "t_grass", "t_grass", "t_grass", "t_tree_maple", "t_underbrush", "t_grass", "t_grass", "t_grass", "t_grass", "t_grass", "t_grass", "t_grass", "t_grass", "t_tree_hickory", "t_underbrush", "t_grass", "t_grass", "t_grass", "t_grass", "t_grass", "t_grass", "t_grass", "t_grass", "t_shrub", "t_underbrush", "t_dirt", "t_dirt", "t_dirt", "t_dirt", "t_dirt", "t_dirt", "t_dirt", "t_dirtmound", "t_trunk", "t_underbrush", "t_grass", "t_grass", "t_grass", "t_grass", "t_grass", "t_grass", "t_grass", "t_grass", "t_tree_blackjack", "t_underbrush", "t_grass", "t_grass", "t_grass", "t_grass", "t_grass", "t_grass", "t_grass", "t_grass", "t_tree", "t_underbrush", "t_grass", "t_grass", "t_grass", "t_grass", "t_grass", "t_grass", "t_grass", "t_grass", "t_tree_dead", "t_underbrush", "t_grass", "t_grass", "t_grass", "t_grass", "t_grass", "t_grass", "t_grass", "t_grass", "t_tree_young", "t_underbrush", "t_dirt", "t_dirt", "t_dirt", "t_dirt", "t_dirt", "t_dirt", "t_dirt", "t_dirtmound", "t_shrub"],
                "t": ["t_underbrush", "t_grass", "t_grass", "t_grass", "t_grass", "t_grass", "t_grass", "t_grass", "t_grass", "t_shrub_blueberry", "t_underbrush", "t_grass", "t_grass", "t_grass", "t_grass", "t_grass", "t_grass", "t_grass", "t_grass", "t_shrub_strawberry", "t_underbrush", "t_grass", "t_grass", "t_grass", "t_grass", "t_grass", "t_grass", "t_grass", "t_grass", "t_tree_apple", "t_underbrush", "t_grass", "t_grass", "t_grass", "t_grass", "t_grass", "t_grass", "t_grass", "t_grass", "t_tree_pear", "t_underbrush", "t_dirt", "t_dirt", "t_dirt", "t_dirt", "t_dirt", "t_dirt", "t_dirt", "t_dirtmound", "t_tree_cherry", "t_underbrush", "t_grass", "t_grass", "t_grass", "t_grass", "t_grass", "t_grass", "t_grass", "t_grass", "t_tree_peach", "t_underbrush", "t_grass", "t_grass", "t_grass", "t_grass", "t_grass", "t_grass", "t_grass", "t_grass", "t_tree_apricot", "t_underbrush", "t_grass", "t_grass", "t_grass", "t_grass", "t_grass", "t_grass", "t_grass", "t_grass", "t_tree_plum", "t_underbrush", "t_grass", "t_grass", "t_grass", "t_grass", "t_grass", "t_grass", "t_grass", "t_grass", "t_tree_pine", "t_underbrush", "t_dirt", "t_dirt", "t_dirt", "t_dirt", "t_dirt", "t_dirt", "t_dirt", "t_dirtmound", "t_tree_birch", "t_underbrush", "t_grass", "t_grass", "t_grass", "t_grass", "t_grass", "t_grass", "t_grass", "t_grass", "t_tree_willow", "t_underbrush", "t_grass", "t_grass", "t_grass", "t_grass", "t_grass", "t_grass", "t_grass", "t_grass", "t_tree_maple", "t_underbrush", "t_grass", "t_grass", "t_grass", "t_grass", "t_grass", "t_grass", "t_grass", "t_grass", "t_tree_hickory", "t_underbrush", "t_grass", "t_grass", "t_grass", "t_grass", "t_grass", "t_grass", "t_grass", "t_grass", "t_shrub", "t_underbrush", "t_dirt", "t_dirt", "t_dirt", "t_dirt", "t_dirt", "t_dirt", "t_dirt", "t_dirtmound", "t_trunk", "t_underbrush", "t_grass", "t_grass", "t_grass", "t_grass", "t_grass", "t_grass", "t_grass", "t_grass", "t_tree_blackjack", "t_underbrush", "t_grass", "t_grass", "t_grass", "t_grass", "t_grass", "t_grass", "t_grass", "t_grass", "t_tree", "t_underbrush", "t_grass", "t_grass", "t_grass", "t_grass", "t_grass", "t_grass", "t_grass", "t_grass", "t_tree_dead", "t_underbrush", "t_grass", "t_grass", "t_grass", "t_grass", "t_grass", "t_grass", "t_grass", "t_grass", "t_tree_young", "t_underbrush", "t_dirt", "t_dirt", "t_dirt", "t_dirt", "t_dirt", "t_dirt", "t_dirt", "t_dirtmound", "t_shrub"],
                ",": ["t_dirt", "t_dirt", "t_dirt", "t_dirt", "t_dirt", "t_dirt", "t_grass"],
                "f": ["t_dirt", "t_dirt", "t_dirt", "t_dirt", "t_dirt", "t_dirt", "t_grass"],
                "H": ["t_dirt", "t_dirt", "t_dirt", "t_dirt", "t_dirt", "t_dirt", "t_grass"],
                "o": ["t_column", "t_column", "t_column", "t_column", "t_column", "t_column", "t_column", "t_column", "t_column", "t_null"]
                
            },
            "furniture": {
                "H": ["f_bench", "f_bench", "f_bench", "f_bench", "f_bench", "f_rubble", "f_null"],
                "f": ["f_bluebell", "f_null", "f_null", "f_null", "f_null", "f_null", "f_null", "f_dahlia", "f_null", "f_null", "f_null", "f_null", "f_null", "f_null", "f_datura", "f_null", "f_null", "f_null", "f_null", "f_null", "f_null", "f_dandelion", "f_null", "f_null", "f_null", "f_null", "f_null", "f_null", "f_chamomile", "f_null", "f_null", "f_null", "f_null", "f_null", "f_null", "f_mutpoppy"]
            },
            "rotation": [ 0, 3 ]
        }
    },{
        "type": "mapgen",
        "om_terrain": [
            "park"
        ],
        "weight": 500,
        "method": "json",
        "object": {
            "fill_ter": "t_grass",
            "rows": [
                " ,       ......  ,     ,",
                "  zzzzzzzz....Pzzzzzzz  ",
                " z---------++---------z ",
                " z|#~~s              |z ",
                " z|~~~s              |z ",
                " z|~~ss         t    |z ",
                " z|sss              ,|z,",
                " z|                ,H|z ",
                " z|                ,H|z ",
                ".P|                ,H|z.",
                "..|              t  ,|..",
                "..+        P         +..",
                "..+        R         +..",
                "..|,                 |..",
                ".z|H,                |P.",
                " z|H,t               |z ",
                " z|H,          t     |z ",
                ",z|,                 |z ",
                " z|     t            |z ",
                " z|           ,,,    |z,",
                " z|          ,HHH,   |z ",
                " z---------++---------z ",
                "  zzzzzzzP....zzzzzzzz  ",
                "     ,   ......         " 
            ],
            "place_npcs": [
                { "class": "bandit", "chance": 1, "x": [2,21], "y": [2,21], "repeat": [1,3] },
                { "class": "thug", "chance": 1, "x": [2,21], "y": [2,21], "repeat": [1,3] }
            ],
            "terrain": {
                ".": ["t_pavement", "t_pavement", "t_pavement", "t_pavement", "t_pavement", "t_pavement", "t_pavement", "t_grass"],
                "~": "t_water_sh",
                "s": ["t_sidewalk", "t_sidewalk", "t_sidewalk", "t_sidewalk", "t_sidewalk", "t_grass"],
                "z": ["t_underbrush", "t_grass", "t_grass", "t_grass", "t_grass", "t_grass", "t_grass", "t_grass", "t_grass", "t_shrub_blueberry", "t_underbrush", "t_grass", "t_grass", "t_grass", "t_grass", "t_grass", "t_grass", "t_grass", "t_grass", "t_shrub_strawberry", "t_underbrush", "t_grass", "t_grass", "t_grass", "t_grass", "t_grass", "t_grass", "t_grass", "t_grass", "t_tree_apple", "t_underbrush", "t_grass", "t_grass", "t_grass", "t_grass", "t_grass", "t_grass", "t_grass", "t_grass", "t_tree_pear", "t_underbrush", "t_dirt", "t_dirt", "t_dirt", "t_dirt", "t_dirt", "t_dirt", "t_dirt", "t_dirtmound", "t_tree_cherry", "t_underbrush", "t_grass", "t_grass", "t_grass", "t_grass", "t_grass", "t_grass", "t_grass", "t_grass", "t_tree_peach", "t_underbrush", "t_grass", "t_grass", "t_grass", "t_grass", "t_grass", "t_grass", "t_grass", "t_grass", "t_tree_apricot", "t_underbrush", "t_grass", "t_grass", "t_grass", "t_grass", "t_grass", "t_grass", "t_grass", "t_grass", "t_tree_plum", "t_underbrush", "t_grass", "t_grass", "t_grass", "t_grass", "t_grass", "t_grass", "t_grass", "t_grass", "t_tree_pine", "t_underbrush", "t_dirt", "t_dirt", "t_dirt", "t_dirt", "t_dirt", "t_dirt", "t_dirt", "t_dirtmound", "t_tree_birch", "t_underbrush", "t_grass", "t_grass", "t_grass", "t_grass", "t_grass", "t_grass", "t_grass", "t_grass", "t_tree_willow", "t_underbrush", "t_grass", "t_grass", "t_grass", "t_grass", "t_grass", "t_grass", "t_grass", "t_grass", "t_tree_maple", "t_underbrush", "t_grass", "t_grass", "t_grass", "t_grass", "t_grass", "t_grass", "t_grass", "t_grass", "t_tree_hickory", "t_underbrush", "t_grass", "t_grass", "t_grass", "t_grass", "t_grass", "t_grass", "t_grass", "t_grass", "t_shrub", "t_underbrush", "t_dirt", "t_dirt", "t_dirt", "t_dirt", "t_dirt", "t_dirt", "t_dirt", "t_dirtmound", "t_trunk", "t_underbrush", "t_grass", "t_grass", "t_grass", "t_grass", "t_grass", "t_grass", "t_grass", "t_grass", "t_tree_blackjack", "t_underbrush", "t_grass", "t_grass", "t_grass", "t_grass", "t_grass", "t_grass", "t_grass", "t_grass", "t_tree", "t_underbrush", "t_grass", "t_grass", "t_grass", "t_grass", "t_grass", "t_grass", "t_grass", "t_grass", "t_tree_dead", "t_underbrush", "t_grass", "t_grass", "t_grass", "t_grass", "t_grass", "t_grass", "t_grass", "t_grass", "t_tree_young", "t_underbrush", "t_dirt", "t_dirt", "t_dirt", "t_dirt", "t_dirt", "t_dirt", "t_dirt", "t_dirtmound", "t_shrub"],
                "t": ["t_underbrush", "t_grass", "t_grass", "t_grass", "t_grass", "t_grass", "t_grass", "t_grass", "t_grass", "t_shrub_blueberry", "t_underbrush", "t_grass", "t_grass", "t_grass", "t_grass", "t_grass", "t_grass", "t_grass", "t_grass", "t_shrub_strawberry", "t_underbrush", "t_grass", "t_grass", "t_grass", "t_grass", "t_grass", "t_grass", "t_grass", "t_grass", "t_tree_apple", "t_underbrush", "t_grass", "t_grass", "t_grass", "t_grass", "t_grass", "t_grass", "t_grass", "t_grass", "t_tree_pear", "t_underbrush", "t_dirt", "t_dirt", "t_dirt", "t_dirt", "t_dirt", "t_dirt", "t_dirt", "t_dirtmound", "t_tree_cherry", "t_underbrush", "t_grass", "t_grass", "t_grass", "t_grass", "t_grass", "t_grass", "t_grass", "t_grass", "t_tree_peach", "t_underbrush", "t_grass", "t_grass", "t_grass", "t_grass", "t_grass", "t_grass", "t_grass", "t_grass", "t_tree_apricot", "t_underbrush", "t_grass", "t_grass", "t_grass", "t_grass", "t_grass", "t_grass", "t_grass", "t_grass", "t_tree_plum", "t_underbrush", "t_grass", "t_grass", "t_grass", "t_grass", "t_grass", "t_grass", "t_grass", "t_grass", "t_tree_pine", "t_underbrush", "t_dirt", "t_dirt", "t_dirt", "t_dirt", "t_dirt", "t_dirt", "t_dirt", "t_dirtmound", "t_tree_birch", "t_underbrush", "t_grass", "t_grass", "t_grass", "t_grass", "t_grass", "t_grass", "t_grass", "t_grass", "t_tree_willow", "t_underbrush", "t_grass", "t_grass", "t_grass", "t_grass", "t_grass", "t_grass", "t_grass", "t_grass", "t_tree_maple", "t_underbrush", "t_grass", "t_grass", "t_grass", "t_grass", "t_grass", "t_grass", "t_grass", "t_grass", "t_tree_hickory", "t_underbrush", "t_grass", "t_grass", "t_grass", "t_grass", "t_grass", "t_grass", "t_grass", "t_grass", "t_shrub", "t_underbrush", "t_dirt", "t_dirt", "t_dirt", "t_dirt", "t_dirt", "t_dirt", "t_dirt", "t_dirtmound", "t_trunk", "t_underbrush", "t_grass", "t_grass", "t_grass", "t_grass", "t_grass", "t_grass", "t_grass", "t_grass", "t_tree_blackjack", "t_underbrush", "t_grass", "t_grass", "t_grass", "t_grass", "t_grass", "t_grass", "t_grass", "t_grass", "t_tree", "t_underbrush", "t_grass", "t_grass", "t_grass", "t_grass", "t_grass", "t_grass", "t_grass", "t_grass", "t_tree_dead", "t_underbrush", "t_grass", "t_grass", "t_grass", "t_grass", "t_grass", "t_grass", "t_grass", "t_grass", "t_tree_young", "t_underbrush", "t_dirt", "t_dirt", "t_dirt", "t_dirt", "t_dirt", "t_dirt", "t_dirt", "t_dirtmound", "t_shrub"],
                ",": ["t_dirt", "t_dirt", "t_dirt", "t_dirt", "t_dirt", "t_dirt", "t_grass"],
                "R": ["t_dirt", "t_dirt", "t_dirt", "t_dirt", "t_dirt", "t_dirt", "t_grass"],
                "H": ["t_dirt", "t_dirt", "t_dirt", "t_dirt", "t_dirt", "t_dirt", "t_grass"],
                "|": "t_chainfence_v",
                "-": "t_chainfence_h",
                "+": ["t_chaingate_c", "t_chaingate_c", "t_chaingate_c", "t_chaingate_o"]
            },
            "furniture": {
                "H": ["f_bench", "f_bench", "f_bench", "f_bench", "f_bench", "f_rubble", "f_null"],
                "R": ["f_trashcan", "f_trashcan", "f_null"]
            },
            "place_signs": [
                { "x": 11, "y": 11, "signage": "Scoop the Poop!" },
                { "x": 1, "y": 9, "signage": "DANGER! Doggy Minefield!" },
                { "x": 9, "y": 22, "signage": "Dog Park: Off Leash Area" },
                { "x": 14, "y": 1, "signage": "Watch your step!" },
                { "x": 22, "y": 14, "signage": "Use park at your own risk." }
            ],
            "rotation": [ 0, 3 ]
        }
    }
]