[
    {
        "type" : "mapgen",
        "om_terrain" : ["house"],
        "method" : "json",
        "weight" : 300,
        "object" : {
            "fill_ter" : "t_floor",
            "rows" : [
                ".###....................",
                ".#-----v---v---;-------.",
                ".#|B |d     k|   hnnh v.",
                ".#vt |  @@   |   hnnh v.",
                ".#|S +  @@   |        |.",
                ".|----------+|   c????v.",
                ".v      |        ?    v.",
                ".|d @@  |k       ?    |.",
                ".v  @@c |k            |.",
                ".|-----+-         cccc|.",
                ".|d                  Ov.",
                ".|d               CfSC|.",
                ".|--+-|-[---[---v-----|.",
                ".vB  S|       ........q.",
                ".|B  t|  hnnh ........q.",
                ".------  hnnh ........q.",
                ".q....................q.",
                ".q....................q.",
                ".q..............|--;--|.",
                ".q..............|c   c|.",
                ".q..T...........|r   r|.",
                ".q..............|r   r|.",
                ".QQQQQQQQQQQQQQQ-------.",
                "........................"
            ],
            "place_npcs": [
                { "class": "bandit", "chance": 1, "x": [2,21], "y": [2,21], "repeat": [1,3] },
                { "class": "thug", "chance": 1, "x": [2,21], "y": [2,21], "repeat": [1,3] }
            ],
            "terrain" : {
                "|" : "t_wall",
                "-" : "t_wall",
                "." : ["t_grass", "t_grass", "t_grass", "t_grass", "t_grass", "t_grass", "t_dirt"],
                "0" : "t_floor",
                "#" : "t_shrub",
                "+": ["t_door_c", "t_door_locked_alarm", "t_door_c", "t_door_locked", "t_door_c", "t_door_locked_peep", "t_door_c", "t_rdoor_boarded_damaged", "t_door_c", "t_rdoor_boarded", "t_door_c", "t_door_boarded_peep", "t_door_c", "t_door_boarded_damaged", "t_door_c", "t_door_boarded", "t_door_c", "t_door_c_peep", "t_door_c", "t_wall_wood", "t_door_c", "t_wall_wood_chipped", "t_door_c", "t_wall_log", "t_door_c", "t_wall_log_chipped", "t_door_c", "t_door_curtain_c", "t_door_c", "t_door_makeshift_c", "t_door_c", "t_palisade", "t_door_c", "t_bars", "t_door_c", "t_door_bar_c", "t_door_c", "t_door_bar_locked"],
                ";": ["t_door_c", "t_door_boarded", "t_door_c", "t_palisade", "t_door_c", "t_wall_wood", "t_door_c", "t_wall_wood_chipped", "t_door_c", "t_wall_log", "t_door_c", "t_wall_log_chipped"],
                "[": ["t_door_glass_c", "t_wall_wood", "t_wall_wood_chipped", "t_wall_log", "t_wall_log_chipped", "t_door_makeshift_c", "t_door_c", "t_palisade"],
                "?" : "t_floor",
                "@" : "t_floor",
                "B" : "t_floor",
                "C" : "t_floor",
                "c" : "t_floor",
                "D" : "t_floor",
                "d" : "t_floor",
                "f" : "t_floor",
                "h" : "t_floor",
                "k" : "t_floor",
                "n" : "t_floor",
                "O" : "t_floor",
                "Q" : "t_fence_h",
                "q" : "t_fence_v",
                "r" : "t_floor",
                "S" : "t_floor",
                "T" : ["t_tree", "t_tree", "t_tree", "t_tree_young", "t_tree_dead"],
                "v": ["t_window_domestic", "t_window_boarded", "t_curtains", "t_window_domestic_taped", "t_wall_wood", "t_wall_wood_chipped", "t_wall_log", "t_wall_log_chipped"]
            },
            "furniture" : {
                "?" : ["f_sofa", "f_null", "f_null", "f_null", "f_null", "f_null", "f_null", "f_sofa", "f_rubble", "f_sofa"],
                "@" : ["f_bed", "f_null", "f_null", "f_null", "f_null", "f_null", "f_null", "f_bed", "f_rubble", "f_bed"],
                "B" : ["f_bathtub", "f_null", "f_null", "f_null", "f_null", "f_null", "f_null", "f_bathtub", "f_wreckage", "f_bathtub"],
                "C" : ["f_cupboard", "f_null", "f_null", "f_null", "f_null", "f_null", "f_null", "f_cupboard", "f_rubble", "f_cupboard"],
                "c" : ["f_counter", "f_null", "f_null", "f_null", "f_null", "f_null", "f_null", "f_counter", "f_rubble", "f_counter"],
                "D" : ["f_trashcan", "f_null", "f_null", "f_null", "f_null", "f_null", "f_null", "f_trashcan", "f_rubble", "f_trashcan"],
                "d" : ["f_dresser", "f_null", "f_null", "f_null", "f_null", "f_null", "f_null", "f_dresser", "f_rubble", "f_dresser"],
                "f" : ["f_fridge", "f_null", "f_null", "f_null", "f_null", "f_null", "f_null", "f_fridge", "f_wreckage", "f_fridge"],
                "h" : ["f_chair", "f_null", "f_null", "f_null", "f_null", "f_null", "f_null", "f_chair", "f_rubble", "f_chair"],
                "k" : ["f_desk", "f_null", "f_null", "f_null", "f_null", "f_null", "f_null", "f_desk", "f_rubble", "f_desk"],
                "n" : ["f_table", "f_null", "f_null", "f_null", "f_null", "f_null", "f_null", "f_table", "f_rubble", "f_table"],
                "O" : ["f_oven", "f_null", "f_null", "f_null", "f_null", "f_null", "f_null", "f_oven", "f_wreckage", "f_oven"],
                "r" : ["f_rack", "f_null", "f_null", "f_null", "f_null", "f_null", "f_null", "f_rack", "f_rubble", "f_rack"],
                "S" : ["f_sink", "f_null", "f_null", "f_null", "f_null", "f_null", "f_null", "f_sink", "f_rubble", "f_sink"]
            },
            "toilets" : {
                "t" : { }
            },
            "set" : [
                { "point" : "terrain", "id" : "t_dirt",       "x": [ 0, 0], "y" : [ 0,23], "repeat" : [5,10] },
                { "point" : "terrain", "id" : "t_dirt",       "x": [23,23], "y" : [ 0,23], "repeat" : [5,10] },
                { "point" : "terrain", "id" : "t_dirt",       "x": [ 0,23], "y" : [23,23], "repeat" : [5, 8] },
                { "point" : "terrain", "id" : "t_dirt",       "x": [ 0,14], "y" : [ 0, 0], "repeat" : [5, 8] },
                { "point" : "terrain", "id" : "t_tree_apple", "x": [ 0,14], "y" : [ 0, 0], "repeat" : [1, 2] },
                { "point" : "terrain", "id" : "t_tree",       "x": [ 2,14], "y" : [17,21], "repeat" : [1, 3] },
                { "point" : "terrain", "id" : "t_tree_young", "x": [ 2,14], "y" : [17,21], "repeat" : [1, 3] }
            ]
        }
    }
]
