[
    {
        "type" : "overmap_terrain",
        "id" : "veterinarian",
        "name" : "veterinarian clinic",
        "rotate" : true,
        "sym" : [94, 62, 118, 60],
        "color" : "i_pink",
        "see_cost" : 5,
        "extras" : "build",
        "mondensity" : 2,
        "sidewalk" : true,
    "mapgen": [ {
        "weight": 400,
        "method": "json",
        "object": {
            "fill_ter": "t_floor",
            "rows": [
                "                        ",
                "                        ",
                "                        ",
                "                        ",
                "                        ",
                " ~~~~~~~~~~~~~~~~~~~~~~ ",
                " *--OO--OO--::--------* ",
                " *-TccccccTy..#%.c-CR-* ",
                " *-...........#c.d-sl-* ",
                " *-.ccccccT...--+---+-* ",
                " *-...........-E.#...-* ",
                " *--+---+---..-E...T.-* ",
                " *-ll-y....-..+....T.-* ",
                " *-sl-.ddd.-++---i----* ",
                " *-lt-].c..+..-rr..==-* ",
                " *----------..-#...^l-* ",
                " **~~~~~~~~;..-#...==-* ",
                "          ~-..i....^l-* ",
                "          ~-i--#...==-* ",
                "          D-.r-d...^l-* ",
                "          *-.$-]]%.==-* ",
                "          *-----------* ",
                "          ************* ",
                "                        "
            ],
            "place_npcs": [
                { "class": "bandit", "chance": 1, "x": [2,21], "y": [2,21], "repeat": [1,3] },
                { "class": "thug", "chance": 1, "x": [2,21], "y": [2,21], "repeat": [1,3] }
            ],
            "terrain": {
                ".": "t_floor",
                "*": "t_shrub",
                "-": "t_wall",
                "+": ["t_door_c", "t_door_locked_alarm", "t_door_c", "t_door_locked", "t_door_c", "t_door_locked_peep", "t_door_c", "t_rdoor_boarded_damaged", "t_door_c", "t_rdoor_boarded", "t_door_c", "t_door_boarded_peep", "t_door_c", "t_door_boarded_damaged", "t_door_c", "t_door_boarded", "t_door_c", "t_door_c_peep", "t_door_c", "t_wall_wood", "t_door_c", "t_wall_wood_chipped", "t_door_c", "t_wall_log", "t_door_c", "t_wall_log_chipped", "t_door_c", "t_door_curtain_c", "t_door_c", "t_door_makeshift_c", "t_door_c", "t_palisade", "t_door_c", "t_bars", "t_door_c", "t_door_bar_c", "t_door_c", "t_door_bar_locked"],
                ";": ["t_door_c", "t_door_boarded", "t_door_c", "t_palisade", "t_door_c", "t_wall_wood", "t_door_c", "t_wall_wood_chipped", "t_door_c", "t_wall_log", "t_door_c", "t_wall_log_chipped"],
                "i": ["t_door_locked_interior", "t_door_locked_interior", "t_door_c"],
                ":": ["t_door_glass_c", "t_wall_wood", "t_wall_wood_chipped", "t_wall_log", "t_wall_log_chipped", "t_door_makeshift_c", "t_door_c", "t_palisade"],
                "O": ["t_window", "t_window_taped", "t_window_boarded", "t_wall_wood", "t_curtains", "t_wall_wood_chipped", "t_window_boarded", "t_wall_log", "t_curtains", "t_wall_log_chipped"],
                "=": "t_chainfence_h",
                "^": ["t_chaingate_c", "t_chaingate_c", "t_chaingate_c", "t_chaingate_o"],
                "%": "t_console_broken",
                " ": "t_pavement",
                ",": "t_pavement_y",
                "~": "t_sidewalk",
                "C": "t_linoleum_white",
                "R": "t_linoleum_white",
                "s": "t_linoleum_white",
                "t": "t_linoleum_white",
                "l": "t_linoleum_white",
                "D": "t_sidewalk"
            },
            "furniture": {
                "#": ["f_counter", "f_null", "f_null", "f_null", "f_null", "f_null", "f_null", "f_counter", "f_rubble", "f_counter"],
                "C": ["f_counter", "f_null", "f_null", "f_null", "f_null", "f_null", "f_null", "f_counter", "f_rubble", "f_counter"],
                "c": ["f_chair", "f_null", "f_null", "f_null", "f_null", "f_null", "f_null", "f_chair", "f_rubble", "f_chair"],
                "T": ["f_table", "f_null", "f_null", "f_null", "f_null", "f_null", "f_null", "f_table", "f_rubble", "f_table"],
                "R": ["f_locker", "f_null", "f_null", "f_null", "f_null", "f_null", "f_null", "f_locker", "f_wreckage", "f_locker"],
                "r": ["f_rack", "f_null", "f_null", "f_null", "f_null", "f_null", "f_null", "f_rack", "f_rubble", "f_rack"],
                "$": ["f_safe_l", "f_null", "f_null", "f_null", "f_null", "f_null", "f_null", "f_safe_l", "f_wreckage", "f_safe_l"],
                "d": ["f_desk", "f_null", "f_null", "f_null", "f_null", "f_null", "f_null", "f_desk", "f_rubble", "f_desk"],
                "]": ["f_bookcase", "f_null", "f_null", "f_null", "f_null", "f_null", "f_null", "f_bookcase", "f_rubble", "f_bookcase"],
                "s": ["f_sink", "f_null", "f_null", "f_null", "f_null", "f_null", "f_null", "f_sink", "f_rubble", "f_sink"],
                "E": ["f_cupboard", "f_null", "f_null", "f_null", "f_null", "f_null", "f_null", "f_cupboard", "f_rubble", "f_cupboard"],
                "y": ["f_indoor_plant", "f_null", "f_null", "f_null", "f_null", "f_null", "f_null", "f_null"],
                "D": ["f_trashcan", "f_null", "f_null", "f_null", "f_null", "f_null", "f_null", "f_trashcan", "f_rubble", "f_trashcan"]
            },
            "toilets": {
                "t": { }
            }
        }
    }
    ]
}
]
