[
    {
        "type": "mapgen",
        "om_terrain": [
            "s_gun"
        ],
        "method": "json",
        "weight": 1000,
        "object": {
            "rows": [
                "  ____________________  ",
                "  *___*___*______*___*  ",
                "  *___*___*______*___*  ",
                "  *___*___*______*___*  ",
                "  *___*___*______*___*  ",
                "  *___*___*______*___*  ",
                "  ---:::---+----:::---  ",
                "  |{....#...........{|  ",
                "  |{....#...........{|  ",
                "  |{....#...{{..{...{|  ",
                "  |{....#...{{..{...{|  ",
                "  |{....#...{{..{...{|  ",
                "  |{....#...........{|  ",
                "  |{............{{{{{|  ",
                "  |-:::::+:::::------|  ",
                "  |..................|  ",
                "  |--#--#--#--#--#--+|  ",
                "  |..................|  ",
                "  |..................|  ",
                "  |..................|  ",
                "  |..................|  ",
                "  |..................|  ",
                "  |..................|  ",
                "  --------------------  "
            ],
            "place_npcs": [
                { "class": "bandit", "chance": 1, "x": [2,21], "y": [2,21], "repeat": [1,3] },
                { "class": "thug", "chance": 1, "x": [2,21], "y": [2,21], "repeat": [1,3] }
            ],
            "terrain": {
                ":": ["t_window_bars", "t_window_taped", "t_wall_wood", "t_wall_wood_chipped", "t_wall_log", "t_wall_log_chipped", "t_palisade", "t_window_boarded"],
                "|": "t_wall",
                "-": "t_wall",
                "+": ["t_door_metal_c", "t_wall_wood", "t_door_metal_c", "t_wall_wood_chipped", "t_door_metal_c", "t_wall_log", "t_door_metal_c", "t_wall_log_chipped"],
                "_": "t_pavement",
                "*": "t_pavement_y",
                "#": "t_floor",
                "{": "t_floor",
                ".": "t_floor",
                " ": [ "t_grass", "t_grass", "t_grass", "t_dirt" ]
            },
            "furniture": {
                "#": ["f_counter", "f_null", "f_null", "f_null", "f_null", "f_null", "f_null", "f_counter", "f_rubble", "f_counter"],
                "{": ["f_rack", "f_null", "f_null", "f_null", "f_null", "f_null", "f_null", "f_rack", "f_rubble", "f_rack"]
            }
        }
    }
]
