[
    {
        "type": "mapgen",
        "om_terrain": [
            "s_clothes"
        ],
        "method": "json",
        "weight": 1000,
        "object": {
            "rows": [
                "                        ",
                "                        ",
                "  --:::::::++:::::::--  ",
                "  |..................|  ",
                "  |..........--------|  ",
                "  |{............#....|  ",
                "  |{............#....|  ",
                "  |{............#....|  ",
                "  |{............###..|  ",
                "  |{.................|  ",
                "  |{...{{{{{{.......{|  ",
                "  |{...{{{{{{..{{...{|  ",
                "  |{...........{{...{|  ",
                "  |............{{...{|  ",
                "  |..{{{{{{{{..{{...{|  ",
                "  |..{{{{{{{{..{{...{|  ",
                "  |............{{...{|  ",
                "  |---------...{{...{|  ",
                "  |########|........{|  ",
                "  |.................{|  ",
                "  |---------.........|  ",
                "  |..|..|..|{{{{{{...|  ",
                "  --------------------  ",
                "                        "
            ],
            "place_npcs": [
                { "class": "bandit", "chance": 1, "x": [2,21], "y": [2,21], "repeat": [1,3] },
                { "class": "thug", "chance": 1, "x": [2,21], "y": [2,21], "repeat": [1,3] }
            ],
            "terrain": {
                "+": ["t_door_glass_c", "t_wall_wood", "t_wall_wood_chipped", "t_wall_log", "t_wall_log_chipped", "t_door_makeshift_c", "t_door_c", "t_palisade"],

                ":": ["t_wall_glass", "t_wall_wood", "t_wall_wood", "t_wall_wood", "t_wall_wood_chipped", "t_palisade", "t_palisade", "t_palisade", "t_wall_log", "t_wall_log", "t_wall_log", "t_wall_log_chipped"],
                "|": "t_wall",
                "-": "t_wall",
                "#": "t_floor",
                "{": "t_floor",
                ".": "t_floor",
                " ": [ "t_grass", "t_grass", "t_grass", "t_dirt" ]
            },
            "furniture": {
                "#": ["f_counter", "f_null", "f_null", "f_null", "f_null", "f_null", "f_null", "f_counter", "f_rubble", "f_counter"],
                "{": ["f_rack", "f_null", "f_null", "f_null", "f_null", "f_null", "f_null", "f_rack", "f_rubble", "f_rack"]
            },
            "place_terrain": [
                { "x": [3,4], "y": 20, "ter": "t_door_c" },
                { "x": [6,7], "y": 20, "ter": "t_door_c" },
                { "x": [9,10], "y": 20, "ter": "t_door_c" }
            ],
            "vehicles": {
                ".": { "vehicle": "shopping_cart", "chance": 1, "status": 1 }
            }
        }
    }
]
