[
    {
        "type" : "mapgen",
        "om_terrain" : ["garage_gas_1"],
        "method" : "json",
        "weight" : 250,
        "object" : {
            "fill_ter" : "t_floor",
            "rows" : [
                "ss______________________",
                "ss______________________",
                "ss______________________",
                "ss______________________",
                "ss______________________",
                "ss__________________ssss",
                "ss________I________sssss",
                "ss________&________sss|-",
                "ss________I________ssswr",
                "ss________s________sssw ",
                "ss________s________ssD|r",
                "ss________s________sss[ ",
                "ss________I________sss[ ",
                "ss________&________ssD|r",
                "_s________I________sssw ",
                "___________________sssw ",
                "___________________sss| ",
                "___________________sssw ",
                "___________________sssw ",
                "___________________sss|[",
                "___________________sss|r",
                "____________________ss| ",
                "___________________...|-",
                "_s......................"
            ],
            "place_npcs": [
                { "class": "bandit", "chance": 1, "x": [2,21], "y": [2,21], "repeat": [1,3] },
                { "class": "thug", "chance": 1, "x": [2,21], "y": [2,21], "repeat": [1,3] }
            ],
            "terrain" : {
                "w": ["t_window", "t_window_taped", "t_window_boarded", "t_wall_wood", "t_curtains", "t_wall_wood_chipped", "t_window_boarded", "t_wall_log", "t_curtains", "t_wall_log_chipped"],
                "[": ["t_door_glass_c", "t_wall_wood", "t_wall_wood_chipped", "t_wall_log", "t_wall_log_chipped", "t_door_makeshift_c", "t_door_c", "t_palisade"],

                "&" : "t_sidewalk",
                "|" : "t_wall",
                "-" : "t_wall",
                "." : ["t_grass", "t_grass", "t_grass", "t_grass", "t_grass", "t_grass", "t_dirt"],
                "_" : "t_pavement",
                "D" : "t_sidewalk",
                "I" : "t_column",
                "r" : "t_floor",
                "s" : "t_sidewalk"
            },
            "furniture" : {
                "D" : ["f_trashcan", "f_null", "f_null", "f_null", "f_null", "f_null", "f_null", "f_trashcan", "f_rubble", "f_trashcan"],
                "r" : ["f_rack", "f_null", "f_null", "f_null", "f_null", "f_null", "f_null", "f_rack", "f_rubble", "f_rack"]
            },
            "gaspumps" : {
                "&" : { }
            },
            "set" : [
                { "point" : "terrain", "id" : "t_dirt", "x" : [2,23], "y" : 23, "repeat" : [4,7] }
            ]
        }
    },{
        "type" : "mapgen",
        "om_terrain" : ["garage_gas_2"],
        "method" : "json",
        "weight" : 250,
        "object" : {
            "fill_ter" : "t_floor",
            "rows" : [
                "________________________",
                "________________________",
                "________________________",
                "________________________",
                "________________________",
                "ssssssssss__________s___",
                "sssssssllss________sss__",
                "www-www-|--========---==",
                "rrr rrrr| e             ",
                "        [           I   ",
                " cc     [               ",
                "     cc |               ",
                "     6  |r              ",
                "     c  |r          I   ",
                "     c r|r              ",
                "rrr  c r|r              ",
                "rrr  |+-|               ",
                "     |  +           I   ",
                "     | z|-www-+-|       ",
                "[[[[[| z| kkk  P|rrcccrr",
                "rrrrr| z|  h    |--www--",
                "     +  |    ooo|.......",
                "--------|-------|.......",
                "........................"
            ],
            "place_npcs": [
                { "class": "bandit", "chance": 1, "x": [2,21], "y": [2,21], "repeat": [1,3] },
                { "class": "thug", "chance": 1, "x": [2,21], "y": [2,21], "repeat": [1,3] }
            ],
            "terrain" : {
                "w": ["t_window", "t_window_taped", "t_window_boarded", "t_wall_wood", "t_curtains", "t_wall_wood_chipped", "t_window_boarded", "t_wall_log", "t_curtains", "t_wall_log_chipped"],
                "+": ["t_door_c", "t_door_locked_alarm", "t_door_c", "t_door_locked", "t_door_c", "t_door_locked_peep", "t_door_c", "t_rdoor_boarded_damaged", "t_door_c", "t_rdoor_boarded", "t_door_c", "t_door_boarded_peep", "t_door_c", "t_door_boarded_damaged", "t_door_c", "t_door_boarded", "t_door_c", "t_door_c_peep", "t_door_c", "t_wall_wood", "t_door_c", "t_wall_wood_chipped", "t_door_c", "t_wall_log", "t_door_c", "t_wall_log_chipped", "t_door_c", "t_door_curtain_c", "t_door_c", "t_door_makeshift_c", "t_door_c", "t_palisade", "t_door_c", "t_bars", "t_door_c", "t_door_bar_c", "t_door_c", "t_door_bar_locked"],
                "=": ["t_door_metal_c", "t_wall_wood", "t_door_metal_c", "t_wall_wood_chipped", "t_door_metal_c", "t_wall_log", "t_door_metal_c", "t_wall_log_chipped"],
                "[": ["t_door_glass_c", "t_wall_wood", "t_wall_wood_chipped", "t_wall_log", "t_wall_log_chipped", "t_door_makeshift_c", "t_door_c", "t_palisade"],

                "|" : "t_wall",
                "-" : "t_wall",
                "." : ["t_grass", "t_grass", "t_grass", "t_grass", "t_grass", "t_grass", "t_dirt"],
                "6" : "t_console_broken",
                "_" : "t_pavement",
                "c" : "t_floor",
                "e" : "t_gates_mech_control",
                "h" : "t_floor",
                "I" : "t_column",
                "k" : "t_floor",
                "l" : "t_sidewalk",
                "o" : "t_floor",
                "P" : "t_floor",
                "r" : "t_floor",
                "s" : "t_sidewalk",
                "z" : "t_floor"
            },
            "furniture" : {
                "c" : ["f_counter", "f_null", "f_null", "f_null", "f_null", "f_null", "f_null", "f_counter", "f_rubble", "f_counter"],
                "h" : ["f_chair", "f_null", "f_null", "f_null", "f_null", "f_null", "f_null", "f_chair", "f_rubble", "f_chair"],
                "k" : ["f_desk", "f_null", "f_null", "f_null", "f_null", "f_null", "f_null", "f_desk", "f_rubble", "f_desk"],
                "l" : ["f_vending_c", "f_null", "f_null", "f_null", "f_null", "f_null", "f_null", "f_vending_c", "f_wreckage", "f_vending_c"],
                "o" : ["f_bookcase", "f_null", "f_null", "f_null", "f_null", "f_null", "f_null", "f_bookcase", "f_rubble", "f_bookcase"],
                "P" : ["f_indoor_plant", "f_null", "f_null", "f_null", "f_null", "f_null", "f_null", "f_null"],
                "r" : ["f_rack", "f_null", "f_null", "f_null", "f_null", "f_null", "f_null", "f_rack", "f_rubble", "f_rack"],
                "z" : ["f_crate_c", "f_null", "f_null", "f_null", "f_null", "f_null", "f_null", "f_crate_c", "f_rubble", "f_crate_c"]
            },
            "set" : [
                { "point" : "terrain", "id" : "t_dirt", "x" : [ 0,23], "y" : [23,23], "repeat" : [4,8] },
                { "point" : "terrain", "id" : "t_dirt", "x" : [17,23], "y" : [21,22], "repeat" : [1,4] }
            ]
        }
    },{
        "type" : "mapgen",
        "om_terrain" : ["garage_gas_3"],
        "method" : "json",
        "weight" : 250,
        "object" : {
            "fill_ter" : "t_floor",
            "rows" : [
                "_________s..............",
                "_________s..............",
                "_________s..............",
                "_________s..............",
                "________ss..............",
                "_______sss..............",
                "______ssssss............",
                "======---|sssss.........",
                "      e  |ssssss........",
                "        r|---|ss........",
                "        r|  S|ss........",
                "        r|t  +ss........",
                "        c|---|ss........",
                "        c|t  +ss........",
                "        r|  S|s.........",
                "        r|---|s.........",
                "         +sssss.........",
                "         w..............",
                "         w..............",
                "rrcccrrrr|..............",
                "--www----|..............",
                "........................",
                "........................",
                "........................"
            ],
            "place_npcs": [
                { "class": "bandit", "chance": 1, "x": [2,21], "y": [2,21], "repeat": [1,3] },
                { "class": "thug", "chance": 1, "x": [2,21], "y": [2,21], "repeat": [1,3] }
            ],
            "terrain" : {
                "w": ["t_window", "t_window_taped", "t_window_boarded", "t_wall_wood", "t_curtains", "t_wall_wood_chipped", "t_window_boarded", "t_wall_log", "t_curtains", "t_wall_log_chipped"],
                "+": ["t_door_c", "t_door_locked_alarm", "t_door_c", "t_door_locked", "t_door_c", "t_door_locked_peep", "t_door_c", "t_rdoor_boarded_damaged", "t_door_c", "t_rdoor_boarded", "t_door_c", "t_door_boarded_peep", "t_door_c", "t_door_boarded_damaged", "t_door_c", "t_door_boarded", "t_door_c", "t_door_c_peep", "t_door_c", "t_wall_wood", "t_door_c", "t_wall_wood_chipped", "t_door_c", "t_wall_log", "t_door_c", "t_wall_log_chipped", "t_door_c", "t_door_curtain_c", "t_door_c", "t_door_makeshift_c", "t_door_c", "t_palisade", "t_door_c", "t_bars", "t_door_c", "t_door_bar_c", "t_door_c", "t_door_bar_locked"],
                "=": ["t_door_metal_c", "t_wall_wood", "t_door_metal_c", "t_wall_wood_chipped", "t_door_metal_c", "t_wall_log", "t_door_metal_c", "t_wall_log_chipped"],

                "|" : "t_wall",
                "-" : "t_wall",
                "." : ["t_grass", "t_grass", "t_grass", "t_grass", "t_grass", "t_grass", "t_dirt"],
                "_" : "t_pavement",
                "c" : "t_floor",
                "e" : "t_gates_mech_control",
                "r" : "t_floor",
                "S" : "t_floor",
                "s" : "t_sidewalk",
                "t" : "t_floor"
            },
            "furniture" : {
                "c" : ["f_counter", "f_null", "f_null", "f_null", "f_null", "f_null", "f_null", "f_counter", "f_rubble", "f_counter"],
                "r" : ["f_rack", "f_null", "f_null", "f_null", "f_null", "f_null", "f_null", "f_rack", "f_rubble", "f_rack"],
                "S" : ["f_sink", "f_null", "f_null", "f_null", "f_null", "f_null", "f_null", "f_sink", "f_rubble", "f_sink"]
            },
            "toilets" : {
                "t" : { }
            },
            "set" : [
                { "point" : "terrain",   "id" : "t_dirt",      "x" : [16,23], "y" : [ 0,23], "repeat" : [32,64] },
                { "point" : "terrain",   "id" : "t_dirt",      "x" : [10,15], "y" : [ 0, 5], "repeat" : [ 6,12] },
                { "point" : "terrain",   "id" : "t_dirt",      "x" : [10,15], "y" : [17,23], "repeat" : [ 7,14] },
                { "point" : "terrain",   "id" : "t_dirt",      "x" : [ 0, 9], "y" : [21,23], "repeat" : [ 5,10] },
                { "point" : "terrain",   "id" : "t_shrub",     "x" : [16,23], "y" : [ 0,23], "repeat" : [ 0, 2] },
                { "point" : "furniture", "id" : "f_dahlia",    "x" : [16,23], "y" : [ 0,23], "repeat" : [ 0, 1] },
                { "point" : "furniture", "id" : "f_mutpoppy",  "x" : [16,23], "y" : [ 0,23], "repeat" : [ 0, 1] },
                { "point" : "furniture", "id" : "f_bluebell",  "x" : [16,23], "y" : [ 0,23], "repeat" : [ 0, 1] }
            ]
        }
    }
]
