[
    {
        "type" : "mapgen",
        "om_terrain" : ["house"],
        "method" : "json",
        "weight" : 200,
        "object" : {
            "fill_ter" : "t_floor",
            "rows" : [
                ".......sss..............",
                ".......sss..............",
                ".......sss....T.........",
                ".......sss..............",
                ".......sssssssssssss....",
                ".......sssssssssssss....",
                "..................ss....",
                "...######..#####..ss....",
                "..#|vvvv|##|vvv|#.ss....",
                ".|-|????|--|???|-|ssQQq.",
                ".|               ;''''q.",
                ".| h nn ? hnnh  -|'''bq.",
                ".|0  nn ? hnnh  f|'''bq.",
                ".| h nn ?       Sv''''q.",
                ".|          D COC|'HH'q.",
                ".|-+-------+-+---|QQQQq.",
                ".|k D +  |  |  Dk|......",
                ".v    | t|t +    v......",
                ".v @@ | S|S | @@ v......",
                ".|d@@d|BB|BB| @@d|......",
                ".|------%|v------|...T..",
                "........................",
                "....T...................",
                "........................"
            ],
            "place_npcs": [
                { "class": "bandit", "chance": 1, "x": [2,21], "y": [2,21], "repeat": [1,3] },
                { "class": "thug", "chance": 1, "x": [2,21], "y": [2,21], "repeat": [1,3] }
            ],
            "terrain" : {
                "|" : "t_wall",
                "-" : "t_wall",
                "." : ["t_grass", "t_grass", "t_grass", "t_grass", "t_grass", "t_grass", "t_dirt"],
                "0" : "t_floor",
                "#" : "t_shrub",
                "+": ["t_door_c", "t_door_locked_alarm", "t_door_c", "t_door_locked", "t_door_c", "t_door_locked_peep", "t_door_c", "t_rdoor_boarded_damaged", "t_door_c", "t_rdoor_boarded", "t_door_c", "t_door_boarded_peep", "t_door_c", "t_door_boarded_damaged", "t_door_c", "t_door_boarded", "t_door_c", "t_door_c_peep", "t_door_c", "t_wall_wood", "t_door_c", "t_wall_wood_chipped", "t_door_c", "t_wall_log", "t_door_c", "t_wall_log_chipped", "t_door_c", "t_door_curtain_c", "t_door_c", "t_door_makeshift_c", "t_door_c", "t_palisade", "t_door_c", "t_bars", "t_door_c", "t_door_bar_c", "t_door_c", "t_door_bar_locked"],
                ";": ["t_door_c", "t_door_boarded", "t_door_c", "t_palisade", "t_door_c", "t_wall_wood", "t_door_c", "t_wall_wood_chipped", "t_door_c", "t_wall_log", "t_door_c", "t_wall_log_chipped"],
                "'" : "t_concrete",
                "%" : ["t_window_domestic", "t_window_boarded", "t_curtains", "t_window_domestic_taped", "t_wall_wood", "t_wall_wood_chipped", "t_wall_log", "t_wall_log_chipped"],
                "?" : "t_floor",
                "@" : "t_floor",
                "B" : "t_floor",
                "b" : "t_concrete",
                "C" : "t_floor",
                "D" : "t_floor",
                "d" : "t_floor",
                "f" : "t_floor",
                "H" : "t_concrete",
                "h" : "t_floor",
                "k" : "t_floor",
                "n" : "t_floor",
                "O" : "t_floor",
                "Q" : "t_fence_h",
                "q" : "t_fence_v",
                "S" : "t_floor",
                "s" : "t_sidewalk",
                "v": ["t_window_domestic", "t_window_boarded", "t_curtains", "t_window_domestic_taped", "t_wall_wood", "t_wall_wood_chipped", "t_wall_log", "t_wall_log_chipped"],
                "T" : ["t_tree", "t_tree_young", "t_tree_dead", "t_trunk", "t_shrub", "t_tree_apple", "t_tree_pear", "t_tree_cherry", "t_tree_hickory", "t_tree_pine", "t_tree_apricot", "t_tree_peach", "t_tree_birch", "t_tree_maple", "t_tree_willow", "t_tree_plum", "t_tree_blackjack"]
            },
            "furniture" : {
                "0" : ["f_fireplace", "f_null", "f_null", "f_null", "f_null", "f_null", "f_null", "f_fireplace", "f_rubble_rock", "f_fireplace"],
                "?" : ["f_sofa", "f_null", "f_null", "f_null", "f_null", "f_null", "f_null", "f_sofa", "f_rubble", "f_sofa"],
                "@" : ["f_bed", "f_null", "f_null", "f_null", "f_null", "f_null", "f_null", "f_bed", "f_rubble", "f_bed"],
                "B" : ["f_bathtub", "f_null", "f_null", "f_null", "f_null", "f_null", "f_null", "f_bathtub", "f_wreckage", "f_bathtub"],
                "b" : ["f_bench", "f_null", "f_null", "f_null", "f_null", "f_null", "f_null", "f_bench", "f_rubble", "f_bench"],
                "C" : ["f_cupboard", "f_null", "f_null", "f_null", "f_null", "f_null", "f_null", "f_cupboard", "f_rubble", "f_cupboard"],
                "D" : ["f_trashcan", "f_null", "f_null", "f_null", "f_null", "f_null", "f_null", "f_trashcan", "f_rubble", "f_trashcan"],
                "d" : ["f_dresser", "f_null", "f_null", "f_null", "f_null", "f_null", "f_null", "f_dresser", "f_rubble", "f_dresser"],
                "f" : ["f_fridge", "f_null", "f_null", "f_null", "f_null", "f_null", "f_null", "f_fridge", "f_wreckage", "f_fridge"],
                "H" : ["f_chair", "f_null", "f_null", "f_null", "f_null", "f_null", "f_null", "f_chair", "f_rubble", "f_chair"],
                "h" : ["f_chair", "f_null", "f_null", "f_null", "f_null", "f_null", "f_null", "f_chair", "f_rubble", "f_chair"],
                "k" : ["f_desk", "f_null", "f_null", "f_null", "f_null", "f_null", "f_null", "f_desk", "f_rubble", "f_desk"],
                "n" : ["f_table", "f_null", "f_null", "f_null", "f_null", "f_null", "f_null", "f_table", "f_rubble", "f_table"],
                "O" : ["f_oven", "f_null", "f_null", "f_null", "f_null", "f_null", "f_null", "f_oven", "f_wreckage", "f_oven"],
                "S" : ["f_sink", "f_null", "f_null", "f_null", "f_null", "f_null", "f_null", "f_sink", "f_rubble", "f_sink"]
            },
            "toilets" : {
                "t" : { }
            },
            "set" : [
                { "point" : "terrain", "id" : "t_dirt", "x" : [ 0, 0], "y" : [ 0,23], "repeat" : [5, 8] },
                { "point" : "terrain", "id" : "t_dirt", "x" : [ 1, 1], "y" : [ 0, 8], "repeat" : [1, 2] },
                { "point" : "terrain", "id" : "t_dirt", "x" : [ 1,23], "y" : [21,23], "repeat" : [8,14] },
                { "point" : "terrain", "id" : "t_dirt", "x" : [ 2, 2], "y" : [ 0, 7], "repeat" : [1, 2] },
                { "point" : "terrain", "id" : "t_dirt", "x" : [ 3, 6], "y" : [ 0, 6], "repeat" : [7,10] },
                { "point" : "terrain", "id" : "t_dirt", "x" : [ 7,17], "y" : [ 6, 6], "repeat" : [2, 3] },
                { "point" : "terrain", "id" : "t_dirt", "x" : [ 9,10], "y" : [ 7, 7], "repeat" : [0, 1] },
                { "point" : "terrain", "id" : "t_dirt", "x" : [10,23], "y" : [ 0, 3], "repeat" : [8,14] },
                { "point" : "terrain", "id" : "t_dirt", "x" : [16,17], "y" : [ 7, 7], "repeat" : [0, 1] },
                { "point" : "terrain", "id" : "t_dirt", "x" : [17,17], "y" : [ 8, 8], "repeat" : [0, 1] },
                { "point" : "terrain", "id" : "t_dirt", "x" : [18,23], "y" : [16,20], "repeat" : [7,11] },
                { "point" : "terrain", "id" : "t_dirt", "x" : [20,23], "y" : [ 4, 8], "repeat" : [4, 7] },
                { "point" : "terrain", "id" : "t_dirt", "x" : [23,23], "y" : [ 9,15], "repeat" : [1, 1] }
            ]
        }
    }
]
