[
    {
        "type" : "mapgen",
        "om_terrain" : ["hdwr_large_entrance"],
        "method": "json",
        "weight": 100,
        "object": {            "fill_ter": "t_dirt",
            "rows":[
            ".|s....................|",
            ".|t.............rrrrrrr|",
            ".......................|",
            ".................ccc...|",
            ".---.....r|r...........|",
            ".|CT.....r|r.....ccc...|", 
            ".|s......r|r...........|",
            ".|t......r|r.....ccc...|",
            ".........r|r...........|",
            ".........r|r.....ccc...|",
            ".......................|",
            "...rrrrr.......^..^...&|",
            "+---------------++------",
            "..........|.............",
            "..........|_____________",
            "________________________",
            "________________________",
            "________________________",
            "________________________",
            "________________________",
            "________________________",
            "..........|_____________",
            "..........|_____________",
            "-----------_____________"
            ],
            "place_monsters": [
                { "monster": "GROUP_MALL", "x": [ 2, 23 ], "y": [ 2, 23 ], "density": 1 }
            ],
            "terrain": {".": ["t_dirt", "t_dirt", "t_dirt", "t_grass", "t_pavement", "t_dirt", "t_dirt", "t_dirt", "t_grass", "t_rock_floor", "t_dirt", "t_dirt", "t_dirt", "t_grass", "t_dirtmound", "t_dirt", "t_dirt", "t_dirt", "t_grass", "t_sidewalk", "t_dirt", "t_dirt", "t_dirt", "t_grass", "t_sand"], " ": ["t_dirt", "t_dirt", "t_dirt", "t_sidewalk", "t_pavement", "t_dirt", "t_dirt", "t_dirt", "t_sidewalk", "t_pavement", "t_dirt", "t_dirt", "t_dirt", "t_dirtmound", "t_sidewalk", "t_dirt", "t_dirt", "t_dirt", "t_dirtmound", "t_sidewalk", "t_dirt", "t_dirt", "t_dirt", "t_sand", "t_sand"]},
            "furniture": {
                "W": ["f_rubble", "f_rubble", "f_rubble", "f_rubble", "f_rubble", "f_rubble", "f_rubble", "f_ash", "f_rubble_rock", "f_ash", "f_null", "f_ash"],
                "+": ["f_rubble", "f_rubble", "f_rubble", "f_rubble", "f_rubble", "f_rubble", "f_rubble", "f_ash", "f_rubble_rock", "f_ash", "f_null", "f_ash"],

            "_": ["f_ash", "f_null", "f_null"],
            ".": ["f_ash", "f_rubble", "f_ash", "f_rubble", "f_ash", "f_null"],
            ",": ["f_ash", "f_null", "f_null"],
            "-": ["f_rubble", "f_rubble", "f_rubble", "f_rubble", "f_rubble", "f_rubble", "f_rubble", "f_ash", "f_rubble_rock", "f_ash", "f_null", "f_ash"],
            "|": ["f_rubble", "f_rubble", "f_rubble", "f_rubble", "f_rubble", "f_rubble", "f_rubble", "f_ash", "f_rubble_rock", "f_ash", "f_null", "f_ash"],
            "C": ["f_ash", "f_rubble", "f_ash", "f_rubble", "f_ash", "f_null"],
            "r": ["f_ash", "f_rubble", "f_ash", "f_rubble", "f_ash", "f_null"],
            "c": ["f_ash", "f_rubble", "f_ash", "f_rubble", "f_ash", "f_null"],
            "s": ["f_ash", "f_rubble", "f_ash", "f_rubble", "f_ash", "f_null"],
            "T": ["f_ash", "f_rubble", "f_ash", "f_rubble", "f_ash", "f_null"],
            "t": ["f_ash", "f_rubble", "f_ash", "f_rubble", "f_ash", "f_null"],
            "^": ["f_ash", "f_rubble", "f_ash", "f_rubble", "f_ash", "f_null"],
            "&": ["f_ash", "f_rubble", "f_ash", "f_rubble", "f_ash", "f_null"],
            "$": ["f_ash", "f_rubble", "f_ash", "f_rubble", "f_ash", "f_null"]
            }
        }
    },{
        "type" : "mapgen",
        "om_terrain" : ["hdwr_large_SW"],
        "method": "json",
        "weight": 10,
        "object": {            "fill_ter": "t_dirt",
            "rows":[
            "|rrrrrrr............|s..",
            "|...................|t..",
            "|rrrrrrr................",
            "|.......................",
            "|...................---.",
            "|..ccc..............|CT.", 
            "|...................|s..",
            "|..ccc..............|t..",
            "|........|..............",
            "|..ccc...|.CT.CT........",
            "|........|$.......|.....",
            "|..^..^..|.CT.CT.&|.....",
            "----++-----------------+",
            "...........|............",
            "___________|............",
            "________________________",
            "________________________",
            "________________________",
            "________________________",
            "________________________",
            "________________________",
            "___________|............",
            "___________|............",
            "___________-------------"
            ],
            "place_monsters": [
                { "monster": "GROUP_MALL", "x": [ 2, 23 ], "y": [ 2, 23 ], "density": 1 }
            ],
            "terrain": {".": ["t_dirt", "t_dirt", "t_dirt", "t_grass", "t_pavement", "t_dirt", "t_dirt", "t_dirt", "t_grass", "t_rock_floor", "t_dirt", "t_dirt", "t_dirt", "t_grass", "t_dirtmound", "t_dirt", "t_dirt", "t_dirt", "t_grass", "t_sidewalk", "t_dirt", "t_dirt", "t_dirt", "t_grass", "t_sand"], " ": ["t_dirt", "t_dirt", "t_dirt", "t_sidewalk", "t_pavement", "t_dirt", "t_dirt", "t_dirt", "t_sidewalk", "t_pavement", "t_dirt", "t_dirt", "t_dirt", "t_dirtmound", "t_sidewalk", "t_dirt", "t_dirt", "t_dirt", "t_dirtmound", "t_sidewalk", "t_dirt", "t_dirt", "t_dirt", "t_sand", "t_sand"]},
            "furniture": {
                "W": ["f_rubble", "f_rubble", "f_rubble", "f_rubble", "f_rubble", "f_rubble", "f_rubble", "f_ash", "f_rubble_rock", "f_ash", "f_null", "f_ash"],
                "+": ["f_rubble", "f_rubble", "f_rubble", "f_rubble", "f_rubble", "f_rubble", "f_rubble", "f_ash", "f_rubble_rock", "f_ash", "f_null", "f_ash"],

            "_": ["f_ash", "f_null", "f_null"],
            ".": ["f_ash", "f_rubble", "f_ash", "f_rubble", "f_ash", "f_null"],
            ",": ["f_ash", "f_null", "f_null"],
            "-": ["f_rubble", "f_rubble", "f_rubble", "f_rubble", "f_rubble", "f_rubble", "f_rubble", "f_ash", "f_rubble_rock", "f_ash", "f_null", "f_ash"],
            "|": ["f_rubble", "f_rubble", "f_rubble", "f_rubble", "f_rubble", "f_rubble", "f_rubble", "f_ash", "f_rubble_rock", "f_ash", "f_null", "f_ash"],
            "C": ["f_ash", "f_rubble", "f_ash", "f_rubble", "f_ash", "f_null"],
            "r": ["f_ash", "f_rubble", "f_ash", "f_rubble", "f_ash", "f_null"],
            "c": ["f_ash", "f_rubble", "f_ash", "f_rubble", "f_ash", "f_null"],
            "s": ["f_ash", "f_rubble", "f_ash", "f_rubble", "f_ash", "f_null"],
            "T": ["f_ash", "f_rubble", "f_ash", "f_rubble", "f_ash", "f_null"],
            "t": ["f_ash", "f_rubble", "f_ash", "f_rubble", "f_ash", "f_null"],
            "^": ["f_ash", "f_rubble", "f_ash", "f_rubble", "f_ash", "f_null"],
            "&": ["f_ash", "f_rubble", "f_ash", "f_rubble", "f_ash", "f_null"],
            "$": ["f_ash", "f_rubble", "f_ash", "f_rubble", "f_ash", "f_null"]
            }
        }
    },{
        "type" : "mapgen",
        "om_terrain" : ["hdwr_large_NW"],
        "method": "json",
        "weight": 10,
        "object": {            "fill_ter": "t_dirt",
            "rows": [
            "---------------------##-",
            "|t|t|t|t||..=...........",
            "|...........|...........",
            "|ssssss.....|...........",
            "|-----------|...........",
            "|ssssss.....|...........",
            "|...........|...........",
            "|t|t|t|t||..=...........",
            "|------------...........",
            "~^```````|........r|..r|",
            "~cccccc``|........r|..r|",
            "~^```````|........r|..r|",
            "~cccccc``|........r|..r|",
            "~^```````+..............",
            "~cccccc``|........r|..r|",
            "~^```````|........r|..r|",
            "~cccccc``|........r|..r|",
            "~^```````|..rrrrrrr|..r|",
            "|--------|..--------....",   
            "|rrrrrrr................",
            "|.......................",
            "|rrrrrrr................",
            "|...................---.",
            "|rrrrrrr............|CT."
            ],
            "place_monsters": [
                { "monster": "GROUP_MALL", "x": [ 2, 23 ], "y": [ 2, 23 ], "density": 1 }
            ],
            "terrain": {".": ["t_dirt", "t_dirt", "t_dirt", "t_grass", "t_pavement", "t_dirt", "t_dirt", "t_dirt", "t_grass", "t_rock_floor", "t_dirt", "t_dirt", "t_dirt", "t_grass", "t_dirtmound", "t_dirt", "t_dirt", "t_dirt", "t_grass", "t_sidewalk", "t_dirt", "t_dirt", "t_dirt", "t_grass", "t_sand"], " ": ["t_dirt", "t_dirt", "t_dirt", "t_sidewalk", "t_pavement", "t_dirt", "t_dirt", "t_dirt", "t_sidewalk", "t_pavement", "t_dirt", "t_dirt", "t_dirt", "t_dirtmound", "t_sidewalk", "t_dirt", "t_dirt", "t_dirt", "t_dirtmound", "t_sidewalk", "t_dirt", "t_dirt", "t_dirt", "t_sand", "t_sand"]},
            "furniture": {
                "W": ["f_rubble", "f_rubble", "f_rubble", "f_rubble", "f_rubble", "f_rubble", "f_rubble", "f_ash", "f_rubble_rock", "f_ash", "f_null", "f_ash"],
                "+": ["f_rubble", "f_rubble", "f_rubble", "f_rubble", "f_rubble", "f_rubble", "f_rubble", "f_ash", "f_rubble_rock", "f_ash", "f_null", "f_ash"],
                "#": ["f_rubble", "f_rubble", "f_rubble", "f_rubble", "f_rubble", "f_rubble", "f_rubble", "f_ash", "f_rubble_rock", "f_ash", "f_null", "f_ash"],
                "=": ["f_rubble", "f_rubble", "f_rubble", "f_rubble", "f_rubble", "f_rubble", "f_rubble", "f_ash", "f_rubble_rock", "f_ash", "f_null", "f_ash"],

            "_": ["f_ash", "f_null", "f_null"],
            ".": ["f_ash", "f_rubble", "f_ash", "f_rubble", "f_ash", "f_null"],
            ",": ["f_ash", "f_null", "f_null"],
            "-": ["f_rubble", "f_rubble", "f_rubble", "f_rubble", "f_rubble", "f_rubble", "f_rubble", "f_ash", "f_rubble_rock", "f_ash", "f_null", "f_ash"],
            "|": ["f_rubble", "f_rubble", "f_rubble", "f_rubble", "f_rubble", "f_rubble", "f_rubble", "f_ash", "f_rubble_rock", "f_ash", "f_null", "f_ash"],
            "C": ["f_ash", "f_rubble", "f_ash", "f_rubble", "f_ash", "f_null"],
            "r": ["f_ash", "f_rubble", "f_ash", "f_rubble", "f_ash", "f_null"],
            "~": ["f_wreckage", "f_wreckage", "f_wreckage", "f_wreckage", "f_wreckage", "f_wreckage", "f_rubble", "f_null"],
            "c": ["f_ash", "f_null", "f_null"],
            "`": ["f_ash", "f_null", "f_null"],
            "s": ["f_ash", "f_rubble", "f_ash", "f_rubble", "f_ash", "f_null"],
            "^": ["f_ash", "f_null", "f_null"],
            "T": ["f_ash", "f_rubble", "f_ash", "f_rubble", "f_ash", "f_null"],
            "t": ["f_ash", "f_rubble", "f_ash", "f_rubble", "f_ash", "f_null"],
            "&": ["f_ash", "f_rubble", "f_ash", "f_rubble", "f_ash", "f_null"],
            "$": ["f_ash", "f_rubble", "f_ash", "f_rubble", "f_ash", "f_null"]
            }
        }
    },{
        "type" : "mapgen",
        "om_terrain" : ["hdwr_large_NE"],
        "method": "json",
        "weight": 10,
        "object": {            "fill_ter": "t_dirt",
            "rows": [
            "------------------------",
            ".......&|cccccccccccccc|",
            "..CT....|c.............|",
            "........|c..cc.....cc..|",
            "..CT....|c..cc.....cc..|",
            "........|c.............|",
            "........|c..cc.....cc..|",
            "........|c..cc.....cc..|",
            ".......................|",
            "r..|r..................|",
            "r..|r..................|",
            "r..|r..................|",
            "r..|r........rr..rr....|",
            ".............rr..rr....|",
            "r..|r..................|",
            "r..|r..................|",
            "r..|r........rr..rr....|",
            "r..|rrrrrrr..rr..rr....|",
            "...--------............|",
            ".......................|",
            ".........rr..rr........|",
            ".........rr..rr........|",
            ".|--...................|",
            ".|CT...................|"
            ],
            "place_monsters": [
                { "monster": "GROUP_MALL", "x": [ 2, 23 ], "y": [ 2, 23 ], "density": 1 }
            ],
            "terrain": {".": ["t_dirt", "t_dirt", "t_dirt", "t_grass", "t_pavement", "t_dirt", "t_dirt", "t_dirt", "t_grass", "t_rock_floor", "t_dirt", "t_dirt", "t_dirt", "t_grass", "t_dirtmound", "t_dirt", "t_dirt", "t_dirt", "t_grass", "t_sidewalk", "t_dirt", "t_dirt", "t_dirt", "t_grass", "t_sand"], " ": ["t_dirt", "t_dirt", "t_dirt", "t_sidewalk", "t_pavement", "t_dirt", "t_dirt", "t_dirt", "t_sidewalk", "t_pavement", "t_dirt", "t_dirt", "t_dirt", "t_dirtmound", "t_sidewalk", "t_dirt", "t_dirt", "t_dirt", "t_dirtmound", "t_sidewalk", "t_dirt", "t_dirt", "t_dirt", "t_sand", "t_sand"]},
            "furniture": {
                "W": ["f_rubble", "f_rubble", "f_rubble", "f_rubble", "f_rubble", "f_rubble", "f_rubble", "f_ash", "f_rubble_rock", "f_ash", "f_null", "f_ash"],
                "+": ["f_rubble", "f_rubble", "f_rubble", "f_rubble", "f_rubble", "f_rubble", "f_rubble", "f_ash", "f_rubble_rock", "f_ash", "f_null", "f_ash"],

            "_": ["f_ash", "f_null", "f_null"],
            ".": ["f_ash", "f_rubble", "f_ash", "f_rubble", "f_ash", "f_null"],
            ",": ["f_ash", "f_null", "f_null"],
            "-": ["f_rubble", "f_rubble", "f_rubble", "f_rubble", "f_rubble", "f_rubble", "f_rubble", "f_ash", "f_rubble_rock", "f_ash", "f_null", "f_ash"],
            "|": ["f_rubble", "f_rubble", "f_rubble", "f_rubble", "f_rubble", "f_rubble", "f_rubble", "f_ash", "f_rubble_rock", "f_ash", "f_null", "f_ash"],
            "C": ["f_ash", "f_rubble", "f_ash", "f_rubble", "f_ash", "f_null"],
            "r": ["f_ash", "f_rubble", "f_ash", "f_rubble", "f_ash", "f_null"],
            "c": ["f_ash", "f_rubble", "f_ash", "f_rubble", "f_ash", "f_null"],
            "s": ["f_ash", "f_rubble", "f_ash", "f_rubble", "f_ash", "f_null"],
            "^": ["f_ash", "f_rubble", "f_ash", "f_rubble", "f_ash", "f_null"],
            "&": ["f_ash", "f_rubble", "f_ash", "f_rubble", "f_ash", "f_null"],
            "T": ["f_ash", "f_rubble", "f_ash", "f_rubble", "f_ash", "f_null"],
            "t": ["f_ash", "f_rubble", "f_ash", "f_rubble", "f_ash", "f_null"],
            "$": ["f_ash", "f_rubble", "f_ash", "f_rubble", "f_ash", "f_null"]
            }
        }
    },{
        "type" : "mapgen",
        "om_terrain" : ["hdwr_large_backroom"],
        "method": "json",
        "weight": 10,
        "object": {            "fill_ter": "t_dirt",
            "rows": [
            ",,,,,,,,,,,,,,,,,,,,,,,,",
            ",,,,,,,,,,,,,,,,,,,,,,,,",
            ",,,,,,,,,,,,,,,,,,,,,,,,",
            "________________________",
            "________________________",
            "________________________",
            "________________________",
            "________________________",
            "________________________",
            "________________________",
            "|-----------------------",
            "|xx.......xx...........|",
            "|xx.......xx...........|",
            "|................xx....|",
            "|xx....xx...xx...xx....|",
            "|xx....xx...xx.x.xx....|",
            "|.....................x|",
            "|..........xx.........x|",
            "|xx........xx..........+",   
            "|xx....................+",
            "|......................|",
            "|........CTC...........|",
            "|$...........C.....&---|",
            "|CTC...................|"
            ],
            "place_monsters": [
                { "monster": "GROUP_MALL", "x": [ 2, 23 ], "y": [ 2, 23 ], "density": 1 }
            ],
            "terrain": {".": ["t_dirt", "t_dirt", "t_dirt", "t_grass", "t_pavement", "t_dirt", "t_dirt", "t_dirt", "t_grass", "t_rock_floor", "t_dirt", "t_dirt", "t_dirt", "t_grass", "t_dirtmound", "t_dirt", "t_dirt", "t_dirt", "t_grass", "t_sidewalk", "t_dirt", "t_dirt", "t_dirt", "t_grass", "t_sand"], " ": ["t_dirt", "t_dirt", "t_dirt", "t_sidewalk", "t_pavement", "t_dirt", "t_dirt", "t_dirt", "t_sidewalk", "t_pavement", "t_dirt", "t_dirt", "t_dirt", "t_dirtmound", "t_sidewalk", "t_dirt", "t_dirt", "t_dirt", "t_dirtmound", "t_sidewalk", "t_dirt", "t_dirt", "t_dirt", "t_sand", "t_sand"]},
            "furniture": {
                "W": ["f_rubble", "f_rubble", "f_rubble", "f_rubble", "f_rubble", "f_rubble", "f_rubble", "f_ash", "f_rubble_rock", "f_ash", "f_null", "f_ash"],
                "+": ["f_rubble", "f_rubble", "f_rubble", "f_rubble", "f_rubble", "f_rubble", "f_rubble", "f_ash", "f_rubble_rock", "f_ash", "f_null", "f_ash"],

            "_": ["f_ash", "f_null", "f_null"],
            ".": ["f_ash", "f_rubble", "f_ash", "f_rubble", "f_ash", "f_null"],
            ",": ["f_ash", "f_ash", "f_ash", "f_null"],
            "-": ["f_rubble", "f_rubble", "f_rubble", "f_rubble", "f_rubble", "f_rubble", "f_rubble", "f_ash", "f_rubble_rock", "f_ash", "f_null", "f_ash"],
            "|": ["f_rubble", "f_rubble", "f_rubble", "f_rubble", "f_rubble", "f_rubble", "f_rubble", "f_ash", "f_rubble_rock", "f_ash", "f_null", "f_ash"],
            "C": ["f_ash", "f_rubble", "f_ash", "f_rubble", "f_ash", "f_null"],
            "r": ["f_ash", "f_rubble", "f_ash", "f_rubble", "f_ash", "f_null"],
            "c": ["f_ash", "f_rubble", "f_ash", "f_rubble", "f_ash", "f_null"],
            "s": ["f_ash", "f_rubble", "f_ash", "f_rubble", "f_ash", "f_null"],
            "^": ["f_ash", "f_rubble", "f_ash", "f_rubble", "f_ash", "f_null"],
            "T": ["f_ash", "f_rubble", "f_ash", "f_rubble", "f_ash", "f_null"],
            "t": ["f_ash", "f_rubble", "f_ash", "f_rubble", "f_ash", "f_null"],
            "&": ["f_ash", "f_rubble", "f_ash", "f_rubble", "f_ash", "f_null"],
            "x": ["f_ash", "f_rubble", "f_ash", "f_rubble", "f_ash", "f_null"],
            "$": ["f_ash", "f_rubble", "f_ash", "f_rubble", "f_ash", "f_null"]
            }
        }
    },{
        "type" : "mapgen",
        "om_terrain" : ["hdwr_large_loadingbay"],
        "method": "json",
        "weight": 10,
        "object": {            "fill_ter": "t_dirt",
            "rows": [
            ",,,,,,,,,,,,,,,,,,,,,,,,",
            ",,,,,,,,,,,,,,,,,,,,,,,,",
            ",,,,,,,,,,,,,,,,,,,,,,,,",
            "________________________",
            "________________________",
            "________________________",
            "________________________",
            "________________________",
            "________________________",
            "________________________",
            "XX______________________",
            "XX______________________",
            "________________________",
            "________________________",
            "________________________",
            "________________________",
            "________________________",
            "________________________",
            "_____|_____|_____|_____|",   
            "_____|_____|_____|_____|",
            "_____|_____|_____|_____|",
            "_____|_____|_____|_____|",
            "_____|_____|_____|_____|",
            "_____|_____|_____|_____|"
            ],
            "place_monsters": [
                { "monster": "GROUP_MALL", "x": [ 2, 23 ], "y": [ 2, 23 ], "density": 0.5 }
            ],
            "terrain": {".": ["t_dirt", "t_dirt", "t_dirt", "t_grass", "t_pavement", "t_dirt", "t_dirt", "t_dirt", "t_grass", "t_rock_floor", "t_dirt", "t_dirt", "t_dirt", "t_grass", "t_dirtmound", "t_dirt", "t_dirt", "t_dirt", "t_grass", "t_sidewalk", "t_dirt", "t_dirt", "t_dirt", "t_grass", "t_sand"], " ": ["t_dirt", "t_dirt", "t_dirt", "t_sidewalk", "t_pavement", "t_dirt", "t_dirt", "t_dirt", "t_sidewalk", "t_pavement", "t_dirt", "t_dirt", "t_dirt", "t_dirtmound", "t_sidewalk", "t_dirt", "t_dirt", "t_dirt", "t_dirtmound", "t_sidewalk", "t_dirt", "t_dirt", "t_dirt", "t_sand", "t_sand"]},
            "furniture": {
                "W": ["f_rubble", "f_rubble", "f_rubble", "f_rubble", "f_rubble", "f_rubble", "f_rubble", "f_ash", "f_rubble_rock", "f_ash", "f_null", "f_ash"],
                "+": ["f_rubble", "f_rubble", "f_rubble", "f_rubble", "f_rubble", "f_rubble", "f_rubble", "f_ash", "f_rubble_rock", "f_ash", "f_null", "f_ash"],

            "_": ["f_ash", "f_null", "f_null"],
            "X": ["f_ash", "f_null", "f_null"],
            ".": ["f_ash", "f_rubble", "f_ash", "f_rubble", "f_ash", "f_null"],
            ",": ["f_ash", "f_ash", "f_ash", "f_null"],
            "-": ["f_rubble", "f_rubble", "f_rubble", "f_rubble", "f_rubble", "f_rubble", "f_rubble", "f_ash", "f_rubble_rock", "f_ash", "f_null", "f_ash"],
            "|": ["f_ash", "f_null", "f_null"],
            "C": ["f_ash", "f_rubble", "f_ash", "f_rubble", "f_ash", "f_null"],
            "r": ["f_ash", "f_rubble", "f_ash", "f_rubble", "f_ash", "f_null"],
            "c": ["f_ash", "f_rubble", "f_ash", "f_rubble", "f_ash", "f_null"],
            "s": ["f_ash", "f_rubble", "f_ash", "f_rubble", "f_ash", "f_null"],
            "^": ["f_ash", "f_rubble", "f_ash", "f_rubble", "f_ash", "f_null"],
            "T": ["f_ash", "f_rubble", "f_ash", "f_rubble", "f_ash", "f_null"],
            "t": ["f_ash", "f_rubble", "f_ash", "f_rubble", "f_ash", "f_null"],
            "&": ["f_ash", "f_rubble", "f_ash", "f_rubble", "f_ash", "f_null"],
            "x": ["f_ash", "f_rubble", "f_ash", "f_rubble", "f_ash", "f_null"],
            "$": ["f_ash", "f_rubble", "f_ash", "f_rubble", "f_ash", "f_null"]
            }
        }
    }
]
