[
    {
        "type": "mapgen",
        "om_terrain": [
            "cabin_strange"
        ],
        "method": "json",
        "weight": 300,
        "object": {
            "fill_ter": "t_dirt",
            "rows": [
                "                        ",
                "^  FfffffffffffGfffffF  ",
                "   F                 F  ",
                "   F              ^  F  ",
                "  ^F  |-w---|        F  ",
                "   F  |cSecu|sssss   F  ",
                "  |-w-|O....=sssss|---| ",
                "  |H.T|c...u|-w-w-|>..w ",
                "  |H..+....u|d....|-|-| ",
                "  |..S|.....+.....+.|r| ",
                "  |-+-|.....|...bb|r|.| ",
                "  |.........|---|-|-|+| ",
                "  w...hh....aaaa|.d...| ",
                "  |..htth.......|.....w ",
                "  w..htth.......D..bb.w ",
                "  w...hh.......o|..bb.| ",
                "  |o...........A|-----| ",
                "  w.............|d.bb.| ",
                "  |.............+..bb.w ",
                "  |-+|-w-==-w-|-|.....| ",
                "  |L.|ssssssss|r+.....| ",
                "  |--|ssssssss|-|--w--| ",
                "     ssCssssCss         ",
                "  ^                 ^   "
            ],
            "terrain": {".": ["t_dirt", "t_dirt", "t_dirt", "t_grass", "t_pavement", "t_dirt", "t_dirt", "t_dirt", "t_grass", "t_rock_floor", "t_dirt", "t_dirt", "t_dirt", "t_grass", "t_dirtmound", "t_dirt", "t_dirt", "t_dirt", "t_grass", "t_sidewalk", "t_dirt", "t_dirt", "t_dirt", "t_grass", "t_sand"], " ": ["t_dirt", "t_dirt", "t_dirt", "t_sidewalk", "t_pavement", "t_dirt", "t_dirt", "t_dirt", "t_sidewalk", "t_pavement", "t_dirt", "t_dirt", "t_dirt", "t_dirtmound", "t_sidewalk", "t_dirt", "t_dirt", "t_dirt", "t_dirtmound", "t_sidewalk", "t_dirt", "t_dirt", "t_dirt", "t_sand", "t_sand"]},
            "furniture": {
                "w": ["f_rubble", "f_rubble", "f_rubble", "f_rubble", "f_rubble", "f_rubble", "f_rubble", "f_ash", "f_rubble_rock", "f_ash", "f_null", "f_ash"],
                "+": ["f_rubble", "f_rubble", "f_rubble", "f_rubble", "f_rubble", "f_rubble", "f_rubble", "f_ash", "f_rubble_rock", "f_ash", "f_null", "f_ash"],
                "D": ["f_rubble", "f_rubble", "f_rubble", "f_rubble", "f_rubble", "f_rubble", "f_rubble", "f_ash", "f_rubble_rock", "f_ash", "f_null", "f_ash"],
                "=": ["f_rubble", "f_rubble", "f_rubble", "f_rubble", "f_rubble", "f_rubble", "f_rubble", "f_ash", "f_rubble_rock", "f_ash", "f_null", "f_ash"],

                " ": ["f_ash", "f_ash", "f_ash", "f_null"],
                "%": ["f_ash", "f_ash", "f_ash", "f_null"],
                "^": ["f_ash", "f_rubble", "f_ash", "f_rubble", "f_ash", "f_null"],
                "f": ["f_ash", "f_rubble", "f_ash", "f_rubble", "f_ash", "f_null"],
                "F": ["f_ash", "f_rubble", "f_ash", "f_rubble", "f_ash", "f_null"],
                "G": ["f_ash", "f_rubble", "f_ash", "f_rubble", "f_ash", "f_null"],
                "C": ["f_rubble", "f_rubble", "f_rubble", "f_rubble", "f_rubble", "f_rubble", "f_rubble", "f_ash", "f_rubble_rock", "f_ash", "f_null", "f_ash"],
                "-": ["f_rubble", "f_rubble", "f_rubble", "f_rubble", "f_rubble", "f_rubble", "f_rubble", "f_ash", "f_rubble_rock", "f_ash", "f_null", "f_ash"],
                "|": ["f_rubble", "f_rubble", "f_rubble", "f_rubble", "f_rubble", "f_rubble", "f_rubble", "f_ash", "f_rubble_rock", "f_ash", "f_null", "f_ash"],
                "s": ["f_ash", "f_null", "f_null"],
                ">": ["f_rubble", "f_rubble", "f_rubble", "f_rubble", "f_rubble", "f_rubble", "f_rubble", "f_ash", "f_rubble_rock", "f_ash", "f_null", "f_ash"]
            },
            "toilets": {
                "T": { }
            },
            "place_monster": [
                { "x": 8, "y": 10, "monster": "mon_darkman" }
            ]
        }
    },
    {
        "type": "mapgen",
        "om_terrain": [
            "cabin_strange_b"
        ],
        "method": "json",
        "weight": 300,
        "object": {
            "fill_ter": "t_dirt",
            "rows": [
                "########################",
                "################...h...#",
                "########c.cc####.httth.#",
                "###T..##c....+...ht.th.#",
                "###...G....c####.......#",
                "###BB.##....############",
                "##########D###|---|---|#",
                "##########.###|cdc|<..|#",
                "##.hhh.##...##|.h.|-D-|#",
                "#.......#.C.##|-+-|..h##",
                "#.hh.hh.D...##c......c##",
                "#.......#.C.##ccC..Ccc##",
                "#.hh.hh.#...##cc.....r##",
                "#.......#.C.##ccC..C.r##",
                "#.hh.hh.#...##tt..ch.r##",
                "#.......#.C.##ttCccC..##",
                "#.......#............A##",
                "#.b.S.b.#.C..C.cC..C..##",
                "##.....##..h..ccccBBo.##",
                "###+#+##################",
                "##.....#################",
                "##.....#################",
                "##.....#################",
                "########################"
            ],
            "terrain": {".": ["t_dirt", "t_dirt", "t_dirt", "t_grass", "t_pavement", "t_dirt", "t_dirt", "t_dirt", "t_grass", "t_rock_floor", "t_dirt", "t_dirt", "t_dirt", "t_grass", "t_dirtmound", "t_dirt", "t_dirt", "t_dirt", "t_grass", "t_sidewalk", "t_dirt", "t_dirt", "t_dirt", "t_grass", "t_sand"], " ": ["t_dirt", "t_dirt", "t_dirt", "t_sidewalk", "t_pavement", "t_dirt", "t_dirt", "t_dirt", "t_sidewalk", "t_pavement", "t_dirt", "t_dirt", "t_dirt", "t_dirtmound", "t_sidewalk", "t_dirt", "t_dirt", "t_dirt", "t_dirtmound", "t_sidewalk", "t_dirt", "t_dirt", "t_dirt", "t_sand", "t_sand"]},
            "furniture": {
                "+": ["f_rubble", "f_rubble", "f_rubble", "f_rubble", "f_rubble", "f_rubble", "f_rubble", "f_ash", "f_rubble_rock", "f_ash", "f_null", "f_ash"],
                "D": ["f_rubble", "f_rubble", "f_rubble", "f_rubble", "f_rubble", "f_rubble", "f_rubble", "f_ash", "f_rubble_rock", "f_ash", "f_null", "f_ash"],
                "=": ["f_rubble", "f_rubble", "f_rubble", "f_rubble", "f_rubble", "f_rubble", "f_rubble", "f_ash", "f_rubble_rock", "f_ash", "f_null", "f_ash"],

                "#": ["f_ash", "f_ash", "f_ash", "f_null"],
                "G": ["f_wreckage", "f_wreckage", "f_wreckage", "f_wreckage", "f_wreckage", "f_wreckage", "f_rubble", "f_null"],
                "C": ["f_rubble", "f_rubble", "f_rubble", "f_rubble", "f_rubble", "f_rubble", "f_rubble", "f_ash", "f_rubble_rock", "f_ash", "f_null", "f_ash"],
                "-": ["f_rubble", "f_rubble", "f_rubble", "f_rubble", "f_rubble", "f_rubble", "f_rubble", "f_ash", "f_rubble_rock", "f_ash", "f_null", "f_ash"],
                "|": ["f_rubble", "f_rubble", "f_rubble", "f_rubble", "f_rubble", "f_rubble", "f_rubble", "f_ash", "f_rubble_rock", "f_ash", "f_null", "f_ash"],
                "<": ["f_rubble", "f_rubble", "f_rubble", "f_rubble", "f_rubble", "f_rubble", "f_rubble", "f_ash", "f_rubble_rock", "f_ash", "f_null", "f_ash"]
            },
            "place_monster": [
                { "x": 4, "y": 12, "monster": "mon_dementia", "repeat": [3, 6] },
                { "x": 19, "y": 2, "monster": "mon_dementia", "repeat": [1, 4] },
                { "x": 4, "y": 21, "monster": "mon_blood_sacrifice", "repeat": 1 }
            ]
        }
    }
]
