[
    {
        "type" : "overmap_terrain",
        "id" : "dojo",
        "name" : "dojo",
        "rotate" : true,
        "sym" : [94, 62, 118, 60],
        "color" : "i_ltcyan",
        "see_cost" : 5,
        "extras" : "build",
        "mondensity" : 2,
        "sidewalk" : true,
        "mapgen": [
            { "weight": 1000,
            "method": "json", "object": {
            "fill_ter": "t_dirt",
            "rows":[
                    "  --------ssss--------  ",
                    "  -,-----,ssss,-----,-  ",
                    "  -,-----,ssss,-----,-  ",
                    "  -,-----,ssss,-----,-  ",
                    "  -,-----,ssss,-----,-  ",
                    "  -,-----,ssss,-----,-  ",
                    "  qgggggggg++ggggggggq  ",
                    "  x..................x  ",
                    "  x.################.x  ",
                    "  x.################.x  ",
                    "  x.################.x  ",
                    "  x.################.x  ",
                    "  x.################.x  ",
                    "  x.################.x  ",
                    "  x.################.x  ",
                    "  x.################.x  ",
                    "  x..................x  ",
                    "  xqqqqqqqqqq''qqqqqqx  ",
                    "  xLLLLLLLLLx..x.DC..x  ",
                    "  xBBBBBBBBBx..x.DDD.x  ",
                    "  x.........'..'.....x  ",
                    "  xqqq...qqqx..x.....x  ",
                    "  xS.'...'.Tx..xXXXXXx  ",
                    "  qqqqqqqqqqqqqqqqqqqq  "
                ],
            "terrain": {".": ["t_dirt", "t_dirt", "t_dirt", "t_grass", "t_pavement", "t_dirt", "t_dirt", "t_dirt", "t_grass", "t_rock_floor", "t_dirt", "t_dirt", "t_dirt", "t_grass", "t_dirtmound", "t_dirt", "t_dirt", "t_dirt", "t_grass", "t_sidewalk", "t_dirt", "t_dirt", "t_dirt", "t_grass", "t_sand"], " ": ["t_dirt", "t_dirt", "t_dirt", "t_sidewalk", "t_pavement", "t_dirt", "t_dirt", "t_dirt", "t_sidewalk", "t_pavement", "t_dirt", "t_dirt", "t_dirt", "t_dirtmound", "t_sidewalk", "t_dirt", "t_dirt", "t_dirt", "t_dirtmound", "t_sidewalk", "t_dirt", "t_dirt", "t_dirt", "t_sand", "t_sand"]},
                "furniture":{
                "'": ["f_rubble", "f_rubble", "f_rubble", "f_rubble", "f_rubble", "f_rubble", "f_rubble", "f_ash", "f_rubble_rock", "f_ash", "f_null", "f_ash"],
                "+": ["f_rubble", "f_rubble", "f_rubble", "f_rubble", "f_rubble", "f_rubble", "f_rubble", "f_ash", "f_rubble_rock", "f_ash", "f_null", "f_ash"],

                    " ": ["f_ash", "f_ash", "f_ash", "f_null"],
                    "g": ["f_ash", "f_rubble", "f_ash", "f_rubble", "f_ash", "f_null"],
                    ",": ["f_ash", "f_null", "f_null"],
                    "-": ["f_ash", "f_null", "f_null"],
                    "#": ["f_ash", "f_rubble", "f_ash", "f_rubble", "f_ash", "f_null"],
                    ".": ["f_ash", "f_rubble", "f_ash", "f_rubble", "f_ash", "f_null"],
                    "q": ["f_rubble", "f_rubble", "f_rubble", "f_rubble", "f_rubble", "f_rubble", "f_rubble", "f_ash", "f_rubble_rock", "f_ash", "f_null", "f_ash"],
                    "x": ["f_rubble", "f_rubble", "f_rubble", "f_rubble", "f_rubble", "f_rubble", "f_rubble", "f_ash", "f_rubble_rock", "f_ash", "f_null", "f_ash"],
                    "L": ["f_ash", "f_rubble", "f_ash", "f_rubble", "f_ash", "f_null"],
                    "T": ["f_ash", "f_rubble", "f_ash", "f_rubble", "f_ash", "f_null"],
                    "S": ["f_ash", "f_rubble", "f_ash", "f_rubble", "f_ash", "f_null"],
                    "B": ["f_ash", "f_rubble", "f_ash", "f_rubble", "f_ash", "f_null"],
                    "D": ["f_ash", "f_rubble", "f_ash", "f_rubble", "f_ash", "f_null"],
                    "X": ["f_ash", "f_rubble", "f_ash", "f_rubble", "f_ash", "f_null"],
                    "C": ["f_ash", "f_rubble", "f_ash", "f_rubble", "f_ash", "f_null"],
                    "s": ["f_ash", "f_null", "f_null"]
                }
                }
            }
        ]
    }
]
