[
    {
    "type":"monstergroup",
    "name" : "GROUP_FIRE",
    "default" : "mon_zombie_fireman",
    "monsters" : [
        { "monster" : "mon_zombie_fireman", "freq" : 100, "cost_multiplier" : 2, "pack_size" : [3,5] },
        { "monster" : "mon_zombie", "freq" : 40, "cost_multiplier" : 1 }
    ]
    },{
    "type" : "overmap_terrain",
    "id" : "fire_station",
    "name" : "fire station",
    "rotate" : true,
    "sym" : 70,
    "color" : "red",
    "see_cost" : 5,
    "extras" : "build",
    "mondensity" : 2,
    "sidewalk" : true,
    "mapgen": [ {
            "method": "json",
            "weight": 10000000,
            "object": {            "fill_ter": "t_dirt",
            "rows": [
                    "________________________",
                    "--O--_,_______,_______,_",
                    "|lcx|_,_______,_______,_",
                    "| c#O_,_______,_______,_",
                    "| ##|_,_______,_______,_",
                    "|r  L_,_______,_______,_",
                    "|r  |_,_______,_______,_",
                    "|w ^|_,_______,_______,_",
                    "|-M----MMMMMMM-MMMMMMM--",
                    "|w    w               w|",
                    "|                      |",
                    "|ctc                   |",
                    "|ctc |                 |",
                    "|ctc |                 |",
                    "|    |                 |",
                    "|-+--|                 |",
                    "|F @@|                 |",
                    "|t  :|                 |",
                    "|c @@|                 |",
                    "|   :|                 |",
                    "|+|  |                 |",
                    "|T|GS|  l l l   l l l  |",
                    "|----------------------|",
                    "........................"
                ],
            "terrain": {".": ["t_dirt", "t_dirt", "t_dirt", "t_grass", "t_pavement", "t_dirt", "t_dirt", "t_dirt", "t_grass", "t_rock_floor", "t_dirt", "t_dirt", "t_dirt", "t_grass", "t_dirtmound", "t_dirt", "t_dirt", "t_dirt", "t_grass", "t_sidewalk", "t_dirt", "t_dirt", "t_dirt", "t_grass", "t_sand"], " ": ["t_dirt", "t_dirt", "t_dirt", "t_sidewalk", "t_pavement", "t_dirt", "t_dirt", "t_dirt", "t_sidewalk", "t_pavement", "t_dirt", "t_dirt", "t_dirt", "t_dirtmound", "t_sidewalk", "t_dirt", "t_dirt", "t_dirt", "t_dirtmound", "t_sidewalk", "t_dirt", "t_dirt", "t_dirt", "t_sand", "t_sand"]},
                "furniture": {
                "O": ["f_rubble", "f_rubble", "f_rubble", "f_rubble", "f_rubble", "f_rubble", "f_rubble", "f_ash", "f_rubble_rock", "f_ash", "f_null", "f_ash"],
                "+": ["f_rubble", "f_rubble", "f_rubble", "f_rubble", "f_rubble", "f_rubble", "f_rubble", "f_ash", "f_rubble_rock", "f_ash", "f_null", "f_ash"],
                "L": ["f_rubble", "f_rubble", "f_rubble", "f_rubble", "f_rubble", "f_rubble", "f_rubble", "f_ash", "f_rubble_rock", "f_ash", "f_null", "f_ash"],
                "M": ["f_wreckage", "f_wreckage", "f_wreckage", "f_wreckage", "f_wreckage", "f_wreckage", "f_rubble", "f_null"],

                    ".": ["f_ash", "f_ash", "f_ash", "f_null"],
                    "_": ["f_ash", "f_null", "f_null"],
                    ",": ["f_ash", "f_null", "f_null"],
                    " ": ["f_ash", "f_rubble", "f_ash", "f_rubble", "f_ash", "f_null"],
                    "-": ["f_rubble", "f_rubble", "f_rubble", "f_rubble", "f_rubble", "f_rubble", "f_rubble", "f_ash", "f_rubble_rock", "f_ash", "f_null", "f_ash"],
                    "|": ["f_rubble", "f_rubble", "f_rubble", "f_rubble", "f_rubble", "f_rubble", "f_rubble", "f_ash", "f_rubble_rock", "f_ash", "f_null", "f_ash"],
                    "w": ["f_rubble", "f_rubble", "f_rubble", "f_rubble", "f_rubble", "f_rubble", "f_rubble", "f_ash", "f_rubble_rock", "f_ash", "f_null", "f_ash"],
                    "x": ["f_wreckage", "f_wreckage", "f_wreckage", "f_wreckage", "f_wreckage", "f_wreckage", "f_rubble", "f_null"],
                    "c": ["f_ash", "f_rubble", "f_ash", "f_rubble", "f_ash", "f_null"],
                    "#": ["f_ash", "f_rubble", "f_ash", "f_rubble", "f_ash", "f_null"],
                    "r": ["f_ash", "f_rubble", "f_ash", "f_rubble", "f_ash", "f_null"],
                    "^": ["f_ash", "f_rubble", "f_ash", "f_rubble", "f_ash", "f_null"],
                    "t": ["f_ash", "f_rubble", "f_ash", "f_rubble", "f_ash", "f_null"],
                    "F": ["f_ash", "f_rubble", "f_ash", "f_rubble", "f_ash", "f_null"],
                    "@": ["f_ash", "f_rubble", "f_ash", "f_rubble", "f_ash", "f_null"],
                    ":": ["f_ash", "f_rubble", "f_ash", "f_rubble", "f_ash", "f_null"],
                    "T": ["f_ash", "f_rubble", "f_ash", "f_rubble", "f_ash", "f_null"],
                    "l": ["f_ash", "f_rubble", "f_ash", "f_rubble", "f_ash", "f_null"],
                    "S": ["f_ash", "f_rubble", "f_ash", "f_rubble", "f_ash", "f_null"],
                    "G": ["f_ash", "f_rubble", "f_ash", "f_rubble", "f_ash", "f_null"]
                },
                "place_monsters": [
                    { "monster": "GROUP_FIRE",  "chance": 1,  "x": [ 2, 21 ], "y": [ 9, 21 ]}
                ]
            }
        } ]
    }
]
