[
    {
        "comment" : "two bedroom one bath single garage home.",
        "type" : "mapgen",
        "om_terrain" : ["house"],
        "method" : "json",
        "weight" : 100,
        "object" : {
            "fill_ter": "t_dirt",
            "rows" : [
                "..........sss.ssssss....",
                "...i####i..s.Mssssss#...",
                "..--vvvv--#s#-======--..",
                "..|p((((p|Q9Q|      e|..",
                "..|((HH((|gsg|       |..",
                ".#v((NN((v#s#v       |#.",
                ".#v((HH((v#s#v       ;s.",
                "..|((((((|/s/|      c|D.",
                "..|-<<(((|/s/|      c|..",
                "..|f(((((v#s#v      cv#.",
                ".g|O((<((v#s#v      cv#.",
                ".#vS((<((|isi|L WYccc|..",
                ".g|C(((((|#s#--+------..",
                "..|-<<<((|V;V|o P|S|t|/.",
                ".i|P             +(((v#.",
                ".s;         k|-+-|BB(|/.",
                ".i| k??  ----|   ---+|..",
                ".#v ?    | do| h     |..",
                ".#v ? n  +   |kk   @@v#.",
                "..|      |h  ---   @@v#.",
                "..|P    P|k  @@|d   o|..",
                "..--V[[V---v-v----v---..",
                "...ssssss.g#.#g...#.....",
                "....ssss................"
            ],
            "terrain": {".": ["t_dirt", "t_dirt", "t_dirt", "t_grass", "t_pavement", "t_dirt", "t_dirt", "t_dirt", "t_grass", "t_rock_floor", "t_dirt", "t_dirt", "t_dirt", "t_grass", "t_dirtmound", "t_dirt", "t_dirt", "t_dirt", "t_grass", "t_sidewalk", "t_dirt", "t_dirt", "t_dirt", "t_grass", "t_sand"], " ": ["t_dirt", "t_dirt", "t_dirt", "t_sidewalk", "t_pavement", "t_dirt", "t_dirt", "t_dirt", "t_sidewalk", "t_pavement", "t_dirt", "t_dirt", "t_dirt", "t_dirtmound", "t_sidewalk", "t_dirt", "t_dirt", "t_dirt", "t_dirtmound", "t_sidewalk", "t_dirt", "t_dirt", "t_dirt", "t_sand", "t_sand"]},
            "furniture" : {
                "/" : ["f_ash", "f_null", "f_null"],
                "<" : ["f_ash", "f_rubble", "f_ash", "f_rubble", "f_ash", "f_null"],
                "|" : ["f_rubble", "f_rubble", "f_rubble", "f_rubble", "f_rubble", "f_rubble", "f_rubble", "f_ash", "f_rubble_rock", "f_ash", "f_null", "f_ash"],
                "-" : ["f_rubble", "f_rubble", "f_rubble", "f_rubble", "f_rubble", "f_rubble", "f_rubble", "f_ash", "f_rubble_rock", "f_ash", "f_null", "f_ash"],
                "." : ["f_ash", "f_ash", "f_ash", "f_null"],
                "9" : ["f_ash", "f_rubble", "f_ash", "f_rubble", "f_ash", "f_null"],
                "#" : ["f_ash", "f_ash", "f_ash", "f_null"],
                "=": ["f_wreckage", "f_wreckage", "f_wreckage", "f_wreckage", "f_wreckage", "f_wreckage", "f_rubble", "f_null"],
                "+": ["f_rubble", "f_rubble", "f_rubble", "f_rubble", "f_rubble", "f_rubble", "f_rubble", "f_ash", "f_rubble_rock", "f_ash", "f_null", "f_ash"],
                ";": ["f_rubble", "f_rubble", "f_rubble", "f_rubble", "f_rubble", "f_rubble", "f_rubble", "f_ash", "f_rubble_rock", "f_ash", "f_null", "f_ash"],
                "[": ["f_rubble", "f_rubble", "f_rubble", "f_rubble", "f_rubble", "f_rubble", "f_rubble", "f_ash", "f_rubble_rock", "f_ash", "f_null", "f_ash"],
                "(" : ["f_ash", "f_rubble", "f_ash", "f_rubble", "f_ash", "f_null"],
                "?" : ["f_ash", "f_rubble", "f_ash", "f_rubble", "f_ash", "f_null"],
                "@" : ["f_ash", "f_rubble", "f_ash", "f_rubble", "f_ash", "f_null"],
                "B" : ["f_ash", "f_rubble", "f_ash", "f_rubble", "f_ash", "f_null"],
                "C" : ["f_ash", "f_rubble", "f_ash", "f_rubble", "f_ash", "f_null"],
                "c" : ["f_ash", "f_rubble", "f_ash", "f_rubble", "f_ash", "f_null"],
                "D" : ["f_ash", "f_ash", "f_ash", "f_null"],
                "d" : ["f_ash", "f_rubble", "f_ash", "f_rubble", "f_ash", "f_null"],
                "e" : ["f_wreckage", "f_wreckage", "f_wreckage", "f_wreckage", "f_wreckage", "f_wreckage", "f_rubble", "f_null"],
                "f" : ["f_ash", "f_rubble", "f_ash", "f_rubble", "f_ash", "f_null"],
                "g" : ["f_ash", "f_null", "f_null"],
                "H" : ["f_ash", "f_rubble", "f_ash", "f_rubble", "f_ash", "f_null"],
                "h" : ["f_ash", "f_rubble", "f_ash", "f_rubble", "f_ash", "f_null"],
                "i" : ["f_ash", "f_null", "f_null"],
                "k" : ["f_ash", "f_rubble", "f_ash", "f_rubble", "f_ash", "f_null"],
                "L" : ["f_ash", "f_rubble", "f_ash", "f_rubble", "f_ash", "f_null"],
                "M" : ["f_ash", "f_ash", "f_ash", "f_null"],
                "N" : ["f_ash", "f_rubble", "f_ash", "f_rubble", "f_ash", "f_null"],
                "n" : ["f_ash", "f_rubble", "f_ash", "f_rubble", "f_ash", "f_null"],
                "O" : ["f_ash", "f_rubble", "f_ash", "f_rubble", "f_ash", "f_null"],
                "o" : ["f_ash", "f_rubble", "f_ash", "f_rubble", "f_ash", "f_null"],
                "P" : ["f_ash", "f_rubble", "f_ash", "f_rubble", "f_ash", "f_null"],
                "p" : ["f_ash", "f_rubble", "f_ash", "f_rubble", "f_ash", "f_null"],
                "Q" : ["f_ash", "f_rubble", "f_ash", "f_rubble", "f_ash", "f_null"],
                "S" : ["f_ash", "f_rubble", "f_ash", "f_rubble", "f_ash", "f_null"],
                "s" : ["f_ash", "f_null", "f_null"],
                "t" : ["f_ash", "f_rubble", "f_ash", "f_rubble", "f_ash", "f_null"],
                "V" : ["f_ash", "f_rubble", "f_ash", "f_rubble", "f_ash", "f_null"],
                "v": ["f_rubble", "f_rubble", "f_rubble", "f_rubble", "f_rubble", "f_rubble", "f_rubble", "f_ash", "f_rubble_rock", "f_ash", "f_null", "f_ash"],
                "W" : ["f_ash", "f_rubble", "f_ash", "f_rubble", "f_ash", "f_null"],
                "Y" : ["f_ash", "f_rubble", "f_ash", "f_rubble", "f_ash", "f_null"]
            },
            "place_monsters" : [
                { "monster" : "GROUP_ZOMBIE", "chance" : 2, "x" : [2,21], "y" : [2,21] }
            ]
        }
    }
]
