[
    {
        "type" : "mapgen",
        "om_terrain" : ["house"],
        "method" : "json",
        "weight" : 100,
        "object" : {
            "fill_ter": "t_dirt",
            "rows" : [
                ".QQssQQQQQQQQQQQQQQQQQ..",
                ".q.ss.....T..T...T..Tq..",
                ".q.ss..T.............q..",
                ".--;;---..T..T...T..Tq..",
                ".|   +d|.............q..",
                ".|   ----wwww---ww-ww-..",
                ".|   h   ???? |d   kk|..",
                ".wc  nn       +     h|..",
                ".wc  nn  K   o|      |..",
                ".|O   h    K o|   @@ |..",
                ".|Cfc         |  d@@d|..",
                ".|---+-|--+-----------..",
                ".|t S $|    rrrr rrrr|..",
                ".--w---|            c|..",
                ".q#####|--+----------|..",
                ".q..........mmmmmmmm.q..",
                ".q.X.m.m.m...........q..",
                ".q.X.m.m.m..mmmmmmmm.q..",
                ".q.X.m.m.m...........q..",
                ".q.x.m.m.m..mmmmmmmm.q..",
                ".q.x.m.m.m...........q..",
                ".q.x.m.m.m..mmmmmmmm.q..",
                ".QQQQQQQQQQQQQQQQQQQQQ..",
                "........................"
            ],
            "terrain": {".": ["t_dirt", "t_dirt", "t_dirt", "t_grass", "t_pavement", "t_dirt", "t_dirt", "t_dirt", "t_grass", "t_rock_floor", "t_dirt", "t_dirt", "t_dirt", "t_grass", "t_dirtmound", "t_dirt", "t_dirt", "t_dirt", "t_grass", "t_sidewalk", "t_dirt", "t_dirt", "t_dirt", "t_grass", "t_sand"], " ": ["t_dirt", "t_dirt", "t_dirt", "t_sidewalk", "t_pavement", "t_dirt", "t_dirt", "t_dirt", "t_sidewalk", "t_pavement", "t_dirt", "t_dirt", "t_dirt", "t_dirtmound", "t_sidewalk", "t_dirt", "t_dirt", "t_dirt", "t_dirtmound", "t_sidewalk", "t_dirt", "t_dirt", "t_dirt", "t_sand", "t_sand"]},
            "furniture" : {
                "|" : ["f_rubble", "f_rubble", "f_rubble", "f_rubble", "f_rubble", "f_rubble", "f_rubble", "f_ash", "f_rubble_rock", "f_ash", "f_null", "f_ash"],
                "-" : ["f_rubble", "f_rubble", "f_rubble", "f_rubble", "f_rubble", "f_rubble", "f_rubble", "f_ash", "f_rubble_rock", "f_ash", "f_null", "f_ash"],
                "." : ["f_ash", "f_ash", "f_ash", "f_null"],
                "#" : ["f_ash", "f_ash", "f_ash", "f_null"],
                "+": ["f_rubble", "f_rubble", "f_rubble", "f_rubble", "f_rubble", "f_rubble", "f_rubble", "f_ash", "f_rubble_rock", "f_ash", "f_null", "f_ash"],
                ";": ["f_rubble", "f_rubble", "f_rubble", "f_rubble", "f_rubble", "f_rubble", "f_rubble", "f_ash", "f_rubble_rock", "f_ash", "f_null", "f_ash"],
                "$" : ["f_ash", "f_rubble", "f_ash", "f_rubble", "f_ash", "f_null"],
                "?" : ["f_ash", "f_rubble", "f_ash", "f_rubble", "f_ash", "f_null"],
                "@" : ["f_ash", "f_rubble", "f_ash", "f_rubble", "f_ash", "f_null"],
                "B" : ["f_ash", "f_rubble", "f_ash", "f_rubble", "f_ash", "f_null"],
                "C" : ["f_ash", "f_rubble", "f_ash", "f_rubble", "f_ash", "f_null"],
                "c" : ["f_ash", "f_rubble", "f_ash", "f_rubble", "f_ash", "f_null"],
                "d" : ["f_ash", "f_rubble", "f_ash", "f_rubble", "f_ash", "f_null"],
                "f" : ["f_ash", "f_rubble", "f_ash", "f_rubble", "f_ash", "f_null"],
                "h" : ["f_ash", "f_rubble", "f_ash", "f_rubble", "f_ash", "f_null"],
                "K" : ["f_ash", "f_rubble", "f_ash", "f_rubble", "f_ash", "f_null"],
                "k" : ["f_ash", "f_rubble", "f_ash", "f_rubble", "f_ash", "f_null"],
                "m" : ["f_ash", "f_ash", "f_ash", "f_null"],
                "n" : ["f_ash", "f_rubble", "f_ash", "f_rubble", "f_ash", "f_null"],
                "O" : ["f_ash", "f_rubble", "f_ash", "f_rubble", "f_ash", "f_null"],
                "o" : ["f_ash", "f_rubble", "f_ash", "f_rubble", "f_ash", "f_null"],
                "Q" : ["f_ash", "f_rubble", "f_ash", "f_rubble", "f_ash", "f_null"],
                "q" : ["f_ash", "f_rubble", "f_ash", "f_rubble", "f_ash", "f_null"],
                "r" : ["f_ash", "f_rubble", "f_ash", "f_rubble", "f_ash", "f_null"],
                "S" : ["f_ash", "f_rubble", "f_ash", "f_rubble", "f_ash", "f_null"],
                "s" : ["f_ash", "f_null", "f_null"],
                "w": ["f_rubble", "f_rubble", "f_rubble", "f_rubble", "f_rubble", "f_rubble", "f_rubble", "f_ash", "f_rubble_rock", "f_ash", "f_null", "f_ash"],
                "X" : ["f_ash", "f_ash", "f_ash", "f_null"],
                "x" : ["f_ash", "f_ash", "f_ash", "f_null"],
                "T" : ["f_ash", "f_ash", "f_ash", "f_null"]
            },
            "place_monsters" : [
                { "monster" : "GROUP_ZOMBIE", "chance" : 2, "x" : [2,21], "y" : [2,21] }
            ]
        }
    }
]
