[
  {
    "type" : "mapgen",
    "om_terrain" : [
    "s_gun"
    ],
    "method" : "json",
    "weight" : 300,
    "object" :{            "fill_ter": "t_dirt",
            "rows" : [
        "_ssssssssssssssssssssss_",
        "_s@@@@@@@_ssss_@@@@@@@s_",
        "_s||555||_ssss_||555||s_",
        "_s|#####5_ssss_5#####|s_",
        "_s|.....5_ssss_5.....|s_",
        "_s|.....5_ssss_5.....|s_",
        "_s|.....|55++55|.....|s_",
        "_s|..................|s_",
        "_s|..................|s_",
        "_s|....rrr....rrr....|s_",
        "_s|u...rrr....rrr...u|s_",
        "_s|^................^|s_",
        "_||u...rrr....rrr...u|s_",
        "_A|....rrr....rrr....|s_",
        "_||..................|s_",
        "_s|..................|s_",
        "_s||D|||&&&&&&&&||L|||s_",
        "_s|....|..####..|..cE|s_",
        "_s|....|........D...E|s_",
        "_s|S..;|lll##lll|l...|s_",
        "_s|||||||||||||||||L||s_",
        "_ssssssssssssssssssssss_",
        "________________________",
        "________________________"
      ],
            "terrain": {".": ["t_dirt", "t_dirt", "t_dirt", "t_grass", "t_pavement", "t_dirt", "t_dirt", "t_dirt", "t_grass", "t_rock_floor", "t_dirt", "t_dirt", "t_dirt", "t_grass", "t_dirtmound", "t_dirt", "t_dirt", "t_dirt", "t_grass", "t_sidewalk", "t_dirt", "t_dirt", "t_dirt", "t_grass", "t_sand"], " ": ["t_dirt", "t_dirt", "t_dirt", "t_sidewalk", "t_pavement", "t_dirt", "t_dirt", "t_dirt", "t_sidewalk", "t_pavement", "t_dirt", "t_dirt", "t_dirt", "t_dirtmound", "t_sidewalk", "t_dirt", "t_dirt", "t_dirt", "t_dirtmound", "t_sidewalk", "t_dirt", "t_dirt", "t_dirt", "t_sand", "t_sand"]},
      "furniture": {
                "5": ["f_wreckage", "f_wreckage", "f_wreckage", "f_wreckage", "f_wreckage", "f_wreckage", "f_rubble", "f_null"],
                "D": ["f_rubble", "f_rubble", "f_rubble", "f_rubble", "f_rubble", "f_rubble", "f_rubble", "f_ash", "f_rubble_rock", "f_ash", "f_null", "f_ash"],
                "*": ["f_rubble", "f_rubble", "f_rubble", "f_rubble", "f_rubble", "f_rubble", "f_rubble", "f_ash", "f_rubble_rock", "f_ash", "f_null", "f_ash"],
                "+": ["f_wreckage", "f_wreckage", "f_wreckage", "f_wreckage", "f_wreckage", "f_wreckage", "f_rubble", "f_null"],
                "L": ["f_wreckage", "f_wreckage", "f_wreckage", "f_wreckage", "f_wreckage", "f_wreckage", "f_rubble", "f_null"],

        "_": ["f_ash", "f_null", "f_null"],
        "s": ["f_ash", "f_null", "f_null"],
        "|": ["f_rubble", "f_rubble", "f_rubble", "f_rubble", "f_rubble", "f_rubble", "f_rubble", "f_ash", "f_rubble_rock", "f_ash", "f_null", "f_ash"],
        ".": ["f_ash", "f_rubble", "f_ash", "f_rubble", "f_ash", "f_null"],
        "@": ["f_ash", "f_ash", "f_ash", "f_null"],
        "^": ["f_ash", "f_rubble", "f_ash", "f_rubble", "f_ash", "f_null"],
        "u": ["f_ash", "f_rubble", "f_ash", "f_rubble", "f_ash", "f_null"],
        "r": ["f_ash", "f_rubble", "f_ash", "f_rubble", "f_ash", "f_null"],
        "l": ["f_ash", "f_rubble", "f_ash", "f_rubble", "f_ash", "f_null"],
        "#": ["f_ash", "f_rubble", "f_ash", "f_rubble", "f_ash", "f_null"],
        "E": ["f_ash", "f_rubble", "f_ash", "f_rubble", "f_ash", "f_null"],
        "c": ["f_ash", "f_rubble", "f_ash", "f_rubble", "f_ash", "f_null"],
        "A": ["f_wreckage", "f_wreckage", "f_wreckage", "f_wreckage", "f_wreckage", "f_wreckage", "f_rubble", "f_null"],
        "S": ["f_ash", "f_rubble", "f_ash", "f_rubble", "f_ash", "f_null"],
        ";": ["f_ash", "f_rubble", "f_ash", "f_rubble", "f_ash", "f_null"],
        "&": ["f_wreckage", "f_wreckage", "f_wreckage", "f_wreckage", "f_wreckage", "f_wreckage", "f_rubble", "f_null"]
      }
        }
    }
]