[
    {
        "type": "mapgen",
        "om_terrain": [
            "s_bookstore"
        ],
        "method": "json",
        "weight": 500,
        "object": {            "fill_ter": "t_dirt",
            "rows": [
                    "~~~~~~~~~~~~~~~~~~~~~~~~",
                    "~~~~~~~~~~~~~~~~~~~~~~~~",
                    "*|----OOO-::--OO--OO--|*",
                    "*|s..#.Thf..#ccccccccc|*",
                    "*|e..%................|*",
                    "*|#..#.hT...##%#%#%#--|*",
                    "*|...%..............:.:*",
                    "*|.###.Th...........:.:*",
                    "*|..................--|*",
                    "*|.h..h...TT.TT..]]..]|*",
                    "*|.T..T..........]]..]|*",
                    "*|.h..h...TT.TT..]]..]|*",
                    "*|f..............]]..]|*",
                    "*|...............]]..]|*",
                    "*|]..]]..]]..]]].....]|*",
                    "*|]..]]..]]........|--|*",
                    "*|]..]]..]]........+..|*",
                    "*|]..........]]]]]]|st|*",
                    "*|-----------------|--|*",
                    "************************",
                    "************************",
                    "************************",
                    "***************^********",
                    "************************"
            ],
            "terrain": {".": ["t_dirt", "t_dirt", "t_dirt", "t_grass", "t_pavement", "t_dirt", "t_dirt", "t_dirt", "t_grass", "t_rock_floor", "t_dirt", "t_dirt", "t_dirt", "t_grass", "t_dirtmound", "t_dirt", "t_dirt", "t_dirt", "t_grass", "t_sidewalk", "t_dirt", "t_dirt", "t_dirt", "t_grass", "t_sand"], " ": ["t_dirt", "t_dirt", "t_dirt", "t_sidewalk", "t_pavement", "t_dirt", "t_dirt", "t_dirt", "t_sidewalk", "t_pavement", "t_dirt", "t_dirt", "t_dirt", "t_dirtmound", "t_sidewalk", "t_dirt", "t_dirt", "t_dirt", "t_dirtmound", "t_sidewalk", "t_dirt", "t_dirt", "t_dirt", "t_sand", "t_sand"]},
            "furniture": {
                "O": ["f_rubble", "f_rubble", "f_rubble", "f_rubble", "f_rubble", "f_rubble", "f_rubble", "f_ash", "f_rubble_rock", "f_ash", "f_null", "f_ash"],
                "+": ["f_rubble", "f_rubble", "f_rubble", "f_rubble", "f_rubble", "f_rubble", "f_rubble", "f_ash", "f_rubble_rock", "f_ash", "f_null", "f_ash"],
                ":": ["f_rubble", "f_rubble", "f_rubble", "f_rubble", "f_rubble", "f_rubble", "f_rubble", "f_ash", "f_rubble_rock", "f_ash", "f_null", "f_ash"],

                ".": ["f_ash", "f_rubble", "f_ash", "f_rubble", "f_ash", "f_null"],
                "*": ["f_ash", "f_ash", "f_ash", "f_null"],
                "~": ["f_ash", "f_null", "f_null"],
                "-": ["f_rubble", "f_rubble", "f_rubble", "f_rubble", "f_rubble", "f_rubble", "f_rubble", "f_ash", "f_rubble_rock", "f_ash", "f_null", "f_ash"],
                "|": ["f_rubble", "f_rubble", "f_rubble", "f_rubble", "f_rubble", "f_rubble", "f_rubble", "f_ash", "f_rubble_rock", "f_ash", "f_null", "f_ash"],
                "^": ["f_ash", "f_rubble", "f_ash", "f_rubble", "f_ash", "f_null"],
                "#": ["f_ash", "f_rubble", "f_ash", "f_rubble", "f_ash", "f_null"],
                "h": ["f_ash", "f_rubble", "f_ash", "f_rubble", "f_ash", "f_null"],
                "T": ["f_ash", "f_rubble", "f_ash", "f_rubble", "f_ash", "f_null"],
                "c": ["f_ash", "f_rubble", "f_ash", "f_rubble", "f_ash", "f_null"],
                "f": ["f_ash", "f_rubble", "f_ash", "f_rubble", "f_ash", "f_null"],
                "s": ["f_ash", "f_rubble", "f_ash", "f_rubble", "f_ash", "f_null"],
                "e": ["f_ash", "f_rubble", "f_ash", "f_rubble", "f_ash", "f_null"],
                "]": ["f_ash", "f_rubble", "f_ash", "f_rubble", "f_ash", "f_null"],
                "t": ["f_ash", "f_rubble", "f_ash", "f_rubble", "f_ash", "f_null"],
                "%": ["f_wreckage", "f_wreckage", "f_wreckage", "f_wreckage", "f_wreckage", "f_wreckage", "f_rubble", "f_null"]
            },
            "comment": "end of mapgen json definition ---v"
        },
        "comment": "end of mapgen entry ---v"
    }
]

