[
    {
        "type": "monstergroup",
        "name": "GROUP_COFFEE_SHOP_SPITTER",
        "default": "mon_null",
        "monsters": [
            { "monster": "mon_zombie_spitter", "freq": 65, "cost_multiplier": 5 }
        ]
    },
    {
        "type": "mapgen",
        "om_terrain": [ "s_restaurant_coffee" ],
        "method": "json",
        "weight": 250,
        "object": {
            "fill_ter": "t_dirt",
            "rows": [
                "S___________SSzzzzzzzzzS",
                "S_____,_____SSzMbMbMbMzS",
                "S_____,_____SSSSSSSS/MzS",
                "S_____,_____SSSSSSSS/MzS",
                "S_____,_____SSzzzSSS/MzS",
                "S_____,_____SS||V{{{V||S",
                "S_____,_____SS|D      |S",
                "SSSSSSSSSSSSSS|r      OS",
                "SSSSSSSSSSSSSS|r      |S",
                "SVVVVVVVz./Mzz|   #W##|S",
                "SVD>>>>Vz./bMzV   #ww%|S",
                "SV BBB>Vz.b/..{   xwwF|S",
                "SV   B>Vz.Mb..{   flwl|S",
                "SV   B>Vz....zV   flwU|S",
                "SV   B>Vzbbbzz|X  #wwG|S",
                "S|B ^||||||||||^  ||I||S",
                "SO6  B|=;|;=|99  r|FwC|S",
                "S|B  6|=A|A=|9   r|Fwc|S",
                "S|   B|+|||+|9   D|!ww|S",
                "S|B               |Lwl|S",
                "SO6   6 6 6   B66B|Lwl|S",
                "S|B ^???????^ B66B|Lwl|S",
                "S|||||||||||||||||||3||S",
                "SSSSSSSSSSSSSSSSSSSSSSSS"
            ],
            "terrain": {".": ["t_dirt", "t_dirt", "t_dirt", "t_grass", "t_pavement", "t_dirt", "t_dirt", "t_dirt", "t_grass", "t_rock_floor", "t_dirt", "t_dirt", "t_dirt", "t_grass", "t_dirtmound", "t_dirt", "t_dirt", "t_dirt", "t_grass", "t_sidewalk", "t_dirt", "t_dirt", "t_dirt", "t_grass", "t_sand"], " ": ["t_dirt", "t_dirt", "t_dirt", "t_sidewalk", "t_pavement", "t_dirt", "t_dirt", "t_dirt", "t_sidewalk", "t_pavement", "t_dirt", "t_dirt", "t_dirt", "t_dirtmound", "t_sidewalk", "t_dirt", "t_dirt", "t_dirt", "t_dirtmound", "t_sidewalk", "t_dirt", "t_dirt", "t_dirt", "t_sand", "t_sand"]},
            "furniture": {
                "O": ["f_rubble", "f_rubble", "f_rubble", "f_rubble", "f_rubble", "f_rubble", "f_rubble", "f_ash", "f_rubble_rock", "f_ash", "f_null", "f_ash"],
                "+": ["f_rubble", "f_rubble", "f_rubble", "f_rubble", "f_rubble", "f_rubble", "f_rubble", "f_ash", "f_rubble_rock", "f_ash", "f_null", "f_ash"],
                "I": ["f_rubble", "f_rubble", "f_rubble", "f_rubble", "f_rubble", "f_rubble", "f_rubble", "f_ash", "f_rubble_rock", "f_ash", "f_null", "f_ash"],
                "3": ["f_rubble", "f_rubble", "f_rubble", "f_rubble", "f_rubble", "f_rubble", "f_rubble", "f_ash", "f_rubble_rock", "f_ash", "f_null", "f_ash"],
                "{": ["f_rubble", "f_rubble", "f_rubble", "f_rubble", "f_rubble", "f_rubble", "f_rubble", "f_ash", "f_rubble_rock", "f_ash", "f_null", "f_ash"],

                " ": ["f_ash", "f_rubble", "f_ash", "f_rubble", "f_ash", "f_null"],
                "_": ["f_ash", "f_null", "f_null"],
                ".": ["f_ash", "f_ash", "f_ash", "f_null"],
                "c": ["f_ash", "f_rubble", "f_ash", "f_rubble", "f_ash", "f_null"],
                "A": ["f_ash", "f_rubble", "f_ash", "f_rubble", "f_ash", "f_null"],
                "S": ["f_ash", "f_null", "f_null"],
                "b": ["f_ash", "f_null", "f_null"],
                "=": ["f_ash", "f_rubble", "f_ash", "f_rubble", "f_ash", "f_null"],
                "%": ["f_ash", "f_rubble", "f_ash", "f_rubble", "f_ash", "f_null"],
                ",": ["f_ash", "f_null", "f_null"],
                "F": ["f_ash", "f_rubble", "f_ash", "f_rubble", "f_ash", "f_null"],
                "M": ["f_ash", "f_null", "f_null"],
                "l": ["f_ash", "f_rubble", "f_ash", "f_rubble", "f_ash", "f_null"],
                "V": ["f_ash", "f_rubble", "f_ash", "f_rubble", "f_ash", "f_null"],
                "x": ["f_wreckage", "f_wreckage", "f_wreckage", "f_wreckage", "f_wreckage", "f_wreckage", "f_rubble", "f_null"],
                "w": ["f_ash", "f_rubble", "f_ash", "f_rubble", "f_ash", "f_null"],
                "G": ["f_ash", "f_rubble", "f_ash", "f_rubble", "f_ash", "f_null"],
                "!": ["f_ash", "f_rubble", "f_ash", "f_rubble", "f_ash", "f_null"],
                "C": ["f_ash", "f_rubble", "f_ash", "f_rubble", "f_ash", "f_null"],
                "/": ["f_ash", "f_null", "f_null"],
                "U": ["f_ash", "f_rubble", "f_ash", "f_rubble", "f_ash", "f_null"],
                "z": ["f_ash", "f_ash", "f_ash", "f_null"],
                "|": ["f_rubble", "f_rubble", "f_rubble", "f_rubble", "f_rubble", "f_rubble", "f_rubble", "f_ash", "f_rubble_rock", "f_ash", "f_null", "f_ash"],
                "f": ["f_ash", "f_rubble", "f_ash", "f_rubble", "f_ash", "f_null"],
                "W": ["f_ash", "f_rubble", "f_ash", "f_rubble", "f_ash", "f_null"],
                "#": ["f_ash", "f_rubble", "f_ash", "f_rubble", "f_ash", "f_null"],
                ";": ["f_ash", "f_rubble", "f_ash", "f_rubble", "f_ash", "f_null"],
                "L": ["f_ash", "f_rubble", "f_ash", "f_rubble", "f_ash", "f_null"]
            },
            "monsters": {
                "!": { "monster": "GROUP_COFFEE_SHOP_SPITTER", "chance": 1 }
            },
            "place_monsters": [
                { "monster": "GROUP_ZOMBIE", "x": [ 3, 17 ], "y": [ 13, 18 ], "chance": 1}
            ]
        }
    }
]
