[
    {
        "type":"monstergroup",
        "name" : "GROUP_PLAIN",
        "default" : "mon_zombie",
        "monsters" : [{ "monster" : "mon_zombie", "freq" : 40, "cost_multiplier" : 1 }]
    },{
        "type"       : "overmap_terrain",
        "id"         : "bowling_alley",
        "name"       : "bowling alley",
        "rotate"     : true,
        "sym"        : 66,
        "color"      : "red",
        "see_cost"   : 5,
        "extras"     : "build",
        "mondensity" : 2,
        "sidewalk"   : true,
        "mapgen":
        [
            {
                "method": "json",
                "weight": 10000000,
                "object": {            "fill_ter": "t_dirt",
            "rows": [
                        ",,,,,__________________,",
                        ",,,,,_y____y____y____y_,",
                        ",,,,,_y____y____y____y_,",
                        ",,,,,_y____y____y____y_,",
                        ",,,,,_y____y____y____y_,",
                        ",,,,,_y____y____y____y_,",
                        ",,,,,_y____y____y____y_,",
                        "|-+------OOOO----OOOO--|",
                        "|            lll&   # r|",
                        "|ctc   ctc          # r|",
                        "|ctc   ctc             |",
                        "|ctc   ctc     c    c  |",
                        "|             ctc  ctc |",
                        "|          r           |",
                        "| ####     r    =  =   |",
                        "|r   #c   &| GSSGSSGSSG|",
                        "|r   #     | GSSGSSGSSG|",
                        "|r   #c    | GSSGSSGSSG|",
                        "|-+--|     | GSSGSSGSSG|",
                        "|F  r|     | GSSGSSGSSG|",
                        "|F  r|+-|+-| GSSGSSGSSG|",
                        "|F  r|LU|LU| GSSGSSGSSG|",
                        "|F  r|T%|T%| GSSGSSGSSG|",
                        "|----------------------|"
                    ],
            "terrain": {".": ["t_dirt", "t_dirt", "t_dirt", "t_grass", "t_pavement", "t_dirt", "t_dirt", "t_dirt", "t_grass", "t_rock_floor", "t_dirt", "t_dirt", "t_dirt", "t_grass", "t_dirtmound", "t_dirt", "t_dirt", "t_dirt", "t_grass", "t_sidewalk", "t_dirt", "t_dirt", "t_dirt", "t_grass", "t_sand"], " ": ["t_dirt", "t_dirt", "t_dirt", "t_sidewalk", "t_pavement", "t_dirt", "t_dirt", "t_dirt", "t_sidewalk", "t_pavement", "t_dirt", "t_dirt", "t_dirt", "t_dirtmound", "t_sidewalk", "t_dirt", "t_dirt", "t_dirt", "t_dirtmound", "t_sidewalk", "t_dirt", "t_dirt", "t_dirt", "t_sand", "t_sand"]},
                    "furniture": {
                "O": ["f_rubble", "f_rubble", "f_rubble", "f_rubble", "f_rubble", "f_rubble", "f_rubble", "f_ash", "f_rubble_rock", "f_ash", "f_null", "f_ash"],
                "+": ["f_rubble", "f_rubble", "f_rubble", "f_rubble", "f_rubble", "f_rubble", "f_rubble", "f_ash", "f_rubble_rock", "f_ash", "f_null", "f_ash"],
                "M": ["f_wreckage", "f_wreckage", "f_wreckage", "f_wreckage", "f_wreckage", "f_wreckage", "f_rubble", "f_null"],

                        ".": ["f_ash", "f_ash", "f_ash", "f_null"],
                        "_": ["f_ash", "f_null", "f_null"],
                        ",": ["f_ash", "f_null", "f_null"],
                        "y": ["f_ash", "f_null", "f_null"],
                        " ": ["f_ash", "f_rubble", "f_ash", "f_rubble", "f_ash", "f_null"],
                        "-": ["f_rubble", "f_rubble", "f_rubble", "f_rubble", "f_rubble", "f_rubble", "f_rubble", "f_ash", "f_rubble_rock", "f_ash", "f_null", "f_ash"],
                        "|": ["f_rubble", "f_rubble", "f_rubble", "f_rubble", "f_rubble", "f_rubble", "f_rubble", "f_ash", "f_rubble_rock", "f_ash", "f_null", "f_ash"],
                        "w": ["f_wreckage", "f_wreckage", "f_wreckage", "f_wreckage", "f_wreckage", "f_wreckage", "f_rubble", "f_null"],
                        "x": ["f_wreckage", "f_wreckage", "f_wreckage", "f_wreckage", "f_wreckage", "f_wreckage", "f_rubble", "f_null"],
                        "c": ["f_ash", "f_rubble", "f_ash", "f_rubble", "f_ash", "f_null"],
                        "#": ["f_ash", "f_rubble", "f_ash", "f_rubble", "f_ash", "f_null"],
                        "r": ["f_ash", "f_rubble", "f_ash", "f_rubble", "f_ash", "f_null"],
                        "^": ["f_ash", "f_rubble", "f_ash", "f_rubble", "f_ash", "f_null"],
                        "t": ["f_ash", "f_rubble", "f_ash", "f_rubble", "f_ash", "f_null"],
                        "F": ["f_ash", "f_rubble", "f_ash", "f_rubble", "f_ash", "f_null"],
                        "@": ["f_ash", "f_rubble", "f_ash", "f_rubble", "f_ash", "f_null"],
                        ":": ["f_ash", "f_rubble", "f_ash", "f_rubble", "f_ash", "f_null"],
                        "T": ["f_ash", "f_rubble", "f_ash", "f_rubble", "f_ash", "f_null"],
                        "l": ["f_ash", "f_rubble", "f_ash", "f_rubble", "f_ash", "f_null"],
                        "S": ["f_ash", "f_rubble", "f_ash", "f_rubble", "f_ash", "f_null"],
                        "=": ["f_ash", "f_rubble", "f_ash", "f_rubble", "f_ash", "f_null"],
                        "G": ["f_ash", "f_rubble", "f_ash", "f_rubble", "f_ash", "f_null"],
                        "L": ["f_ash", "f_rubble", "f_ash", "f_rubble", "f_ash", "f_null"],
                        "U": ["f_ash", "f_rubble", "f_ash", "f_rubble", "f_ash", "f_null"],
                        "&": ["f_ash", "f_rubble", "f_ash", "f_rubble", "f_ash", "f_null"],
                        "%": ["f_ash", "f_rubble", "f_ash", "f_rubble", "f_ash", "f_null"]
                    },
                    "place_monsters": [
                        { "monster": "GROUP_PLAIN",      "chance": 1,     "x": [2,21],  "y": [7,22]  }
                    ]
                }
            }
        ]
    }
]
