[
    {
        "type": "mapgen",
        "om_terrain": [
            "s_clothes"
        ],
        "method": "json",
        "weight": 100,
        "object": {            "fill_ter": "t_dirt",
            "rows": [
                    "~~~~~~~~~~~~~~~~~~~~~~~~",
                    "~~~~~~~~~~~~~~~~~~~~~~~~",
                    "*****rzr**~~~**rzr******",
                    "*****rzr**~~~**rzr******",
                    "*~~~~~~~~~~~~~~~~~~~~~~*",
                    "*|---===--:::--===|---|*",
                    "*|[..f@.........@y|ddd|*",
                    "*|[..........@....|h.h|*",
                    "*|[...............+...|*",
                    "*|--+|-+|..@...@..|d..O*",
                    "*|h..|u.|.........|dh.|*",
                    "*|...|s.|..@...@..|]..|*",
                    "*|U..|t.|........y|]..|*",
                    "*|-O-|--|::-|.----|--.|*",
                    "*zrzrzrzr~~r|.[[[[[[[.|*",
                    "*********~~z|.........|*",
                    "*********~~r|.........|*",
                    "**~HH~***~~z|-+--|--+-|*",
                    "**~TT~~~~~~r|....|...h|*",
                    "**~TT~~~~~~z|h..U|U...|*",
                    "**~HH~*****r|-O--|--O-|*",
                    "************************",
                    "*******^****************",
                    "************************"
            ],
            "place_monsters": [
                { "monster": "GROUP_MAYBE_ZOMBIE", "x": [13, 16], "y": [18, 19], "density": 1 },
                { "monster": "GROUP_MAYBE_ZOMBIE", "x": [18, 21], "y": [18, 19], "density": 1 }
            ],
            "terrain": {".": ["t_dirt", "t_dirt", "t_dirt", "t_grass", "t_pavement", "t_dirt", "t_dirt", "t_dirt", "t_grass", "t_rock_floor", "t_dirt", "t_dirt", "t_dirt", "t_grass", "t_dirtmound", "t_dirt", "t_dirt", "t_dirt", "t_grass", "t_sidewalk", "t_dirt", "t_dirt", "t_dirt", "t_grass", "t_sand"], " ": ["t_dirt", "t_dirt", "t_dirt", "t_sidewalk", "t_pavement", "t_dirt", "t_dirt", "t_dirt", "t_sidewalk", "t_pavement", "t_dirt", "t_dirt", "t_dirt", "t_dirtmound", "t_sidewalk", "t_dirt", "t_dirt", "t_dirt", "t_dirtmound", "t_sidewalk", "t_dirt", "t_dirt", "t_dirt", "t_sand", "t_sand"]},
            "furniture": {
                "O": ["f_rubble", "f_rubble", "f_rubble", "f_rubble", "f_rubble", "f_rubble", "f_rubble", "f_ash", "f_rubble_rock", "f_ash", "f_null", "f_ash"],
                "0": ["f_rubble", "f_rubble", "f_rubble", "f_rubble", "f_rubble", "f_rubble", "f_rubble", "f_ash", "f_rubble_rock", "f_ash", "f_null", "f_ash"],
                "+": ["f_rubble", "f_rubble", "f_rubble", "f_rubble", "f_rubble", "f_rubble", "f_rubble", "f_ash", "f_rubble_rock", "f_ash", "f_null", "f_ash"],
                ";": ["f_rubble", "f_rubble", "f_rubble", "f_rubble", "f_rubble", "f_rubble", "f_rubble", "f_ash", "f_rubble_rock", "f_ash", "f_null", "f_ash"],
                ":": ["f_rubble", "f_rubble", "f_rubble", "f_rubble", "f_rubble", "f_rubble", "f_rubble", "f_ash", "f_rubble_rock", "f_ash", "f_null", "f_ash"],

                ".": ["f_ash", "f_rubble", "f_ash", "f_rubble", "f_ash", "f_null"],
                "*": ["f_ash", "f_ash", "f_ash", "f_null"],
                "~": ["f_ash", "f_null", "f_null"],
                "T": ["f_ash", "f_null", "f_null"],
                "H": ["f_ash", "f_null", "f_null"],
                "-": ["f_rubble", "f_rubble", "f_rubble", "f_rubble", "f_rubble", "f_rubble", "f_rubble", "f_ash", "f_rubble_rock", "f_ash", "f_null", "f_ash"],
                "|": ["f_rubble", "f_rubble", "f_rubble", "f_rubble", "f_rubble", "f_rubble", "f_rubble", "f_ash", "f_rubble_rock", "f_ash", "f_null", "f_ash"],
                "=": ["f_ash", "f_rubble", "f_ash", "f_rubble", "f_ash", "f_null"],
                "z": ["f_ash", "f_ash", "f_ash", "f_null"],
                "^": ["f_ash", "f_rubble", "f_ash", "f_rubble", "f_ash", "f_null"],
                "#": ["f_ash", "f_rubble", "f_ash", "f_rubble", "f_ash", "f_null"],
                "h": ["f_ash", "f_rubble", "f_ash", "f_rubble", "f_ash", "f_null"],
                "f": ["f_ash", "f_rubble", "f_ash", "f_rubble", "f_ash", "f_null"],
                "y": ["f_ash", "f_rubble", "f_ash", "f_rubble", "f_ash", "f_null"],
                "s": ["f_ash", "f_rubble", "f_ash", "f_rubble", "f_ash", "f_null"],
                "t": ["f_ash", "f_rubble", "f_ash", "f_rubble", "f_ash", "f_null"],
                "u": ["f_ash", "f_rubble", "f_ash", "f_rubble", "f_ash", "f_null"],
                "d": ["f_ash", "f_rubble", "f_ash", "f_rubble", "f_ash", "f_null"],
                "[": ["f_ash", "f_rubble", "f_ash", "f_rubble", "f_ash", "f_null"],
                "]": ["f_ash", "f_rubble", "f_ash", "f_rubble", "f_ash", "f_null"],
                "@": ["f_ash", "f_rubble", "f_ash", "f_rubble", "f_ash", "f_null"],
                "U": ["f_ash", "f_rubble", "f_ash", "f_rubble", "f_ash", "f_null"],
                "r": ["f_ash", "f_ash", "f_ash", "f_null"],
                "%": ["f_wreckage", "f_wreckage", "f_wreckage", "f_wreckage", "f_wreckage", "f_wreckage", "f_rubble", "f_null"]
            },
            "comment": "end of mapgen json definition ---v"
        },
        "comment": "end of mapgen entry ---v"
    }
]

