[
    {
        "type": "monstergroup",
        "name": "GROUP_VETS",
        "default": "mon_null",
        "monsters": [
            { "monster": "mon_zombie_dog", "freq": 15, "cost_multiplier": 1 },
            { "monster": "mon_dog_zombie_rot", "freq": 15, "cost_multiplier": 3 },
            { "monster": "mon_squirrel", "freq": 1, "cost_multiplier": 0 },
            { "monster": "mon_cat", "freq": 10, "cost_multiplier": 0 },
            { "monster": "mon_dog", "freq": 10, "cost_multiplier": 0 }
        ]
    },{
        "type" : "overmap_terrain",
        "id" : "veterinarian",
        "name" : "veterinarian clinic",
        "rotate" : true,
        "sym" : [94, 62, 118, 60],
        "color" : "i_pink",
        "see_cost" : 5,
        "extras" : "build",
        "mondensity" : 2,
        "sidewalk" : true,
    "mapgen": [ {
        "weight": 400,
        "method": "json",
        "object": {
            "fill_ter": "t_dirt",
            "rows": [
                "                        ",
                "                        ",
                "                        ",
                "                        ",
                "                        ",
                " ~~~~~~~~~~~~~~~~~~~~~~ ",
                " *--OO--OO--::--------* ",
                " *-TccccccTy..#%.c-CR-* ",
                " *-...........#c.d-sl-* ",
                " *-.ccccccT...--+---+-* ",
                " *-...........-E.#...-* ",
                " *--+---+---..-E...T.-* ",
                " *-ll-y....-..+....T.-* ",
                " *-sl-.ddd.-++---i----* ",
                " *-lt-].c..+..-rr..==-* ",
                " *----------..-#...^l-* ",
                " **~~~~~~~~;..-#...==-* ",
                "          ~-..i....^l-* ",
                "          ~-i--#...==-* ",
                "          D-.r-d...^l-* ",
                "          *-.$-]]%.==-* ",
                "          *-----------* ",
                "          ************* ",
                "                        "
            ],
            "terrain": {".": ["t_dirt", "t_dirt", "t_dirt", "t_grass", "t_pavement", "t_dirt", "t_dirt", "t_dirt", "t_grass", "t_rock_floor", "t_dirt", "t_dirt", "t_dirt", "t_grass", "t_dirtmound", "t_dirt", "t_dirt", "t_dirt", "t_grass", "t_sidewalk", "t_dirt", "t_dirt", "t_dirt", "t_grass", "t_sand"], " ": ["t_dirt", "t_dirt", "t_dirt", "t_sidewalk", "t_pavement", "t_dirt", "t_dirt", "t_dirt", "t_sidewalk", "t_pavement", "t_dirt", "t_dirt", "t_dirt", "t_dirtmound", "t_sidewalk", "t_dirt", "t_dirt", "t_dirt", "t_dirtmound", "t_sidewalk", "t_dirt", "t_dirt", "t_dirt", "t_sand", "t_sand"]},
            "furniture": {
                ".": ["f_ash", "f_rubble", "f_ash", "f_rubble", "f_ash", "f_null"],
                "*": ["f_ash", "f_ash", "f_ash", "f_null"],
                "-": ["f_rubble", "f_rubble", "f_rubble", "f_rubble", "f_rubble", "f_rubble", "f_rubble", "f_ash", "f_rubble_rock", "f_ash", "f_null", "f_ash"],
                "+": ["f_rubble", "f_rubble", "f_rubble", "f_rubble", "f_rubble", "f_rubble", "f_rubble", "f_ash", "f_rubble_rock", "f_ash", "f_null", "f_ash"],
                ";": ["f_rubble", "f_rubble", "f_rubble", "f_rubble", "f_rubble", "f_rubble", "f_rubble", "f_ash", "f_rubble_rock", "f_ash", "f_null", "f_ash"],
                "i": ["f_rubble", "f_rubble", "f_rubble", "f_rubble", "f_rubble", "f_rubble", "f_rubble", "f_ash", "f_rubble_rock", "f_ash", "f_null", "f_ash"],
                ":": ["f_rubble", "f_rubble", "f_rubble", "f_rubble", "f_rubble", "f_rubble", "f_rubble", "f_ash", "f_rubble_rock", "f_ash", "f_null", "f_ash"],
                "O": ["f_rubble", "f_rubble", "f_rubble", "f_rubble", "f_rubble", "f_rubble", "f_rubble", "f_ash", "f_rubble_rock", "f_ash", "f_null", "f_ash"],
                "=": ["f_wreckage", "f_wreckage", "f_wreckage", "f_wreckage", "f_wreckage", "f_wreckage", "f_rubble", "f_null"],
                "^": ["f_wreckage", "f_wreckage", "f_wreckage", "f_wreckage", "f_wreckage", "f_wreckage", "f_rubble", "f_null"],
                "%": ["f_wreckage", "f_wreckage", "f_wreckage", "f_wreckage", "f_wreckage", "f_wreckage", "f_rubble", "f_null"],
                " ": ["f_ash", "f_null", "f_null"],
                ",": ["f_ash", "f_null", "f_null"],
                "~": ["f_ash", "f_null", "f_null"],
                "C": ["f_ash", "f_rubble", "f_ash", "f_rubble", "f_ash", "f_null"],
                "R": ["f_ash", "f_rubble", "f_ash", "f_rubble", "f_ash", "f_null"],
                "s": ["f_ash", "f_rubble", "f_ash", "f_rubble", "f_ash", "f_null"],
                "t": ["f_ash", "f_rubble", "f_ash", "f_rubble", "f_ash", "f_null"],
                "l": ["f_ash", "f_rubble", "f_ash", "f_rubble", "f_ash", "f_null"],
                "D": ["f_ash", "f_null", "f_null"]
            },
            "place_monsters": [
                { "x": 20, "y": 19, "monster": "GROUP_VETS", "chance": 10 },
                { "x": 20, "y": 17, "monster": "GROUP_VETS", "chance": 10},
                { "x": 20, "y": 15, "monster": "GROUP_VETS", "chance": 10 }
            ]
        }
    }
    ]
}
]
