[
    {
        "type": "overmap_terrain",
        "id" : "home_improvement",
        "name" : "home improvement store",
        "rotate" : true,
        "sym" : [94, 62, 118, 60],
        "color" : "c_yellow_green",
        "see_cost" : 5,
        "extras" : "build",
        "mondensity" : 2,
        "sidewalk" : true,
        "mapgen": [
            {
            "method": "json",
            "weight": 10000,
            "object": {            "fill_ter": "t_dirt",
            "rows": [
        ",,,,,,,,,,,,,,,,,,,,,,,,",
        ",,,,,,,,,,,,,,,,,,,,,,,,",
        ",----------++---------|,",
        ",|.@.@.@.@.rr?????????|,",
        ",O.........rr.........O,",
        ",|.@.@.@.@.rr?????????|,",
        ",|rrrrrrrrrrrrrrrrrrrr|,",
        ",|rrrrrrrrrrrrrrrrrrrr|,",
        ",|:::::::::rryyyyyyyyy|,",
        ",|.........rr.........|,",
        ",|:::::::::rr^^^^^^^^^|,",
        ",|rrrrrrrrrrrrrrrrrrrr|,",
        ",|rrrrrrrrrrrrrrrrrrrr|,",
        ",O.........rr.........O,",
        ",O.........rr.........O,",
        ",|rrrrrrrrrrrrrrrrrrrr|,",
        ",|rrrrrrrrrrrrrrrrrrrr|,",
        ",|#########rr#########|,",
        ",O.........rr.........O,",
        ",|#########rr#########|,",
        ",O.........rr.........O,",
        ",|#########rr#########|,",
        ",---------------------|,",
        ",,,,,,,,,,,,,,,,,,,,,,,,"
            ],
            "terrain": {".": ["t_dirt", "t_dirt", "t_dirt", "t_grass", "t_pavement", "t_dirt", "t_dirt", "t_dirt", "t_grass", "t_rock_floor", "t_dirt", "t_dirt", "t_dirt", "t_grass", "t_dirtmound", "t_dirt", "t_dirt", "t_dirt", "t_grass", "t_sidewalk", "t_dirt", "t_dirt", "t_dirt", "t_grass", "t_sand"], " ": ["t_dirt", "t_dirt", "t_dirt", "t_sidewalk", "t_pavement", "t_dirt", "t_dirt", "t_dirt", "t_sidewalk", "t_pavement", "t_dirt", "t_dirt", "t_dirt", "t_dirtmound", "t_sidewalk", "t_dirt", "t_dirt", "t_dirt", "t_dirtmound", "t_sidewalk", "t_dirt", "t_dirt", "t_dirt", "t_sand", "t_sand"]},
            "furniture": {
                "O": ["f_rubble", "f_rubble", "f_rubble", "f_rubble", "f_rubble", "f_rubble", "f_rubble", "f_ash", "f_rubble_rock", "f_ash", "f_null", "f_ash"],
                "+": ["f_rubble", "f_rubble", "f_rubble", "f_rubble", "f_rubble", "f_rubble", "f_rubble", "f_ash", "f_rubble_rock", "f_ash", "f_null", "f_ash"],
                "L": ["f_rubble", "f_rubble", "f_rubble", "f_rubble", "f_rubble", "f_rubble", "f_rubble", "f_ash", "f_rubble_rock", "f_ash", "f_null", "f_ash"],
                "M": ["f_wreckage", "f_wreckage", "f_wreckage", "f_wreckage", "f_wreckage", "f_wreckage", "f_rubble", "f_null"],

            ".": ["f_ash", "f_rubble", "f_ash", "f_rubble", "f_ash", "f_null"],
            ",": ["f_ash", "f_null", "f_null"],
            "_": ["f_ash", "f_null", "f_null"],
            " ": ["f_ash", "f_rubble", "f_ash", "f_rubble", "f_ash", "f_null"],
            "-": ["f_rubble", "f_rubble", "f_rubble", "f_rubble", "f_rubble", "f_rubble", "f_rubble", "f_ash", "f_rubble_rock", "f_ash", "f_null", "f_ash"],
            "|": ["f_rubble", "f_rubble", "f_rubble", "f_rubble", "f_rubble", "f_rubble", "f_rubble", "f_ash", "f_rubble_rock", "f_ash", "f_null", "f_ash"],
            "w": ["f_wreckage", "f_wreckage", "f_wreckage", "f_wreckage", "f_wreckage", "f_wreckage", "f_rubble", "f_null"],
            "x": ["f_wreckage", "f_wreckage", "f_wreckage", "f_wreckage", "f_wreckage", "f_wreckage", "f_rubble", "f_null"],
            "c": ["f_ash", "f_rubble", "f_ash", "f_rubble", "f_ash", "f_null"],
            "#": ["f_ash", "f_rubble", "f_ash", "f_rubble", "f_ash", "f_null"],
            "r": ["f_rubble", "f_rubble", "f_rubble", "f_rubble", "f_rubble", "f_rubble", "f_rubble", "f_ash", "f_rubble_rock", "f_ash", "f_null", "f_ash"],
            "^": ["f_ash", "f_rubble", "f_ash", "f_rubble", "f_ash", "f_null"],
            "t": ["f_ash", "f_rubble", "f_ash", "f_rubble", "f_ash", "f_null"],
            "F": ["f_ash", "f_rubble", "f_ash", "f_rubble", "f_ash", "f_null"],
            "@": ["f_ash", "f_rubble", "f_ash", "f_rubble", "f_ash", "f_null"],
            ":": ["f_ash", "f_rubble", "f_ash", "f_rubble", "f_ash", "f_null"],
            "T": ["f_ash", "f_rubble", "f_ash", "f_rubble", "f_ash", "f_null"],
            "l": ["f_ash", "f_rubble", "f_ash", "f_rubble", "f_ash", "f_null"],
            "S": ["f_ash", "f_rubble", "f_ash", "f_rubble", "f_ash", "f_null"],
            "y": ["f_ash", "f_rubble", "f_ash", "f_rubble", "f_ash", "f_null"],
            "?": ["f_ash", "f_rubble", "f_ash", "f_rubble", "f_ash", "f_null"],
            "G": ["f_ash", "f_rubble", "f_ash", "f_rubble", "f_ash", "f_null"]
            }
        },
        "comment": "end of mapgen entry ---v"
    }
    ]
    }
]
