[
    {
        "type": "mapgen",
        "om_terrain": [
            "s_gas_rural"
        ],
        "method": "json",
        "weight": 333,
        "object": {            "fill_ter": "t_dirt",
            "rows": [
                "________________________",
                "________________________",
                "________________________",
                "________________________",
                "________________________",
                "_______O________O_______",
                "________________________",
                "________________________",
                "________________________",
                "........................",
                ".#~~~~~~~#    #~~~~~~~#.",
                ".[                    [.",
                ".####0#####33#####0####.",
                ".#9999  99      >    9#.",
                ".#      99      >    9#.",
                ".#9999  99      >     #.",
                ".#              >  >>>#.",
                ".#FFFFFFFF            #.",
                ".##########3########  #.",
                ".#@@  BC#?  B66  F>#3##.",
                ".#@@   C#?        ># ;#.",
                ".#:     3      H  =#A #.",
                ".##00##################.",
                "........................"
            ],
            "terrain": {".": ["t_dirt", "t_dirt", "t_dirt", "t_grass", "t_pavement", "t_dirt", "t_dirt", "t_dirt", "t_grass", "t_rock_floor", "t_dirt", "t_dirt", "t_dirt", "t_grass", "t_dirtmound", "t_dirt", "t_dirt", "t_dirt", "t_grass", "t_sidewalk", "t_dirt", "t_dirt", "t_dirt", "t_grass", "t_sand"], " ": ["t_dirt", "t_dirt", "t_dirt", "t_sidewalk", "t_pavement", "t_dirt", "t_dirt", "t_dirt", "t_sidewalk", "t_pavement", "t_dirt", "t_dirt", "t_dirt", "t_dirtmound", "t_sidewalk", "t_dirt", "t_dirt", "t_dirt", "t_dirtmound", "t_sidewalk", "t_dirt", "t_dirt", "t_dirt", "t_sand", "t_sand"]},
            "furniture": {
                ".": ["f_ash", "f_ash", "f_ash", "f_null"],
                "#": ["f_ash", "f_rubble", "f_ash", "f_rubble", "f_ash", "f_null"],
                "2": ["f_rubble", "f_rubble", "f_rubble", "f_rubble", "f_rubble", "f_rubble", "f_rubble", "f_ash", "f_rubble_rock", "f_ash", "f_null", "f_ash"],
                "0": ["f_rubble", "f_rubble", "f_rubble", "f_rubble", "f_rubble", "f_rubble", "f_rubble", "f_ash", "f_rubble_rock", "f_ash", "f_null", "f_ash"],
                "3": ["f_rubble", "f_rubble", "f_rubble", "f_rubble", "f_rubble", "f_rubble", "f_rubble", "f_ash", "f_rubble_rock", "f_ash", "f_null", "f_ash"],
                " ": ["f_ash", "f_rubble", "f_ash", "f_rubble", "f_ash", "f_null"],
                "6": ["f_ash", "f_rubble", "f_ash", "f_rubble", "f_ash", "f_null"],
                "7": ["f_ash", "f_rubble", "f_ash", "f_rubble", "f_ash", "f_null"],
                "8": ["f_ash", "f_rubble", "f_ash", "f_rubble", "f_ash", "f_null"],
                "9": ["f_ash", "f_rubble", "f_ash", "f_rubble", "f_ash", "f_null"],
                ":": ["f_ash", "f_rubble", "f_ash", "f_rubble", "f_ash", "f_null"],
                ";": ["f_ash", "f_rubble", "f_ash", "f_rubble", "f_ash", "f_null"],
                "+": ["f_rubble", "f_rubble", "f_rubble", "f_rubble", "f_rubble", "f_rubble", "f_rubble", "f_ash", "f_rubble_rock", "f_ash", "f_null", "f_ash"],
                "=": ["f_ash", "f_null", "f_null"],
                ">": ["f_ash", "f_rubble", "f_ash", "f_rubble", "f_ash", "f_null"],
                "?": ["f_ash", "f_rubble", "f_ash", "f_rubble", "f_ash", "f_null"],
                "@": ["f_ash", "f_rubble", "f_ash", "f_rubble", "f_ash", "f_null"],
                "A": ["f_ash", "f_rubble", "f_ash", "f_rubble", "f_ash", "f_null"],
                "B": ["f_ash", "f_rubble", "f_ash", "f_rubble", "f_ash", "f_null"],
                "C": ["f_ash", "f_rubble", "f_ash", "f_rubble", "f_ash", "f_null"],
                "D": ["f_ash", "f_rubble", "f_ash", "f_rubble", "f_ash", "f_null"],
                "E": ["f_ash", "f_rubble", "f_ash", "f_rubble", "f_ash", "f_null"],
                "F": ["f_ash", "f_rubble", "f_ash", "f_rubble", "f_ash", "f_null"],
                "G": ["f_ash", "f_rubble", "f_ash", "f_rubble", "f_ash", "f_null"],
                "O": ["f_ash", "f_null", "f_null"],
                "H": ["f_ash", "f_rubble", "f_ash", "f_rubble", "f_ash", "f_null"],
                "z": ["f_ash", "f_ash", "f_ash", "f_null"],
                "S": ["f_ash", "f_null", "f_null"],
                "^": ["f_ash", "f_rubble", "f_ash", "f_rubble", "f_ash", "f_null"],
                "{": ["f_rubble", "f_rubble", "f_rubble", "f_rubble", "f_rubble", "f_rubble", "f_rubble", "f_ash", "f_rubble_rock", "f_ash", "f_null", "f_ash"],
                "[": ["f_ash", "f_rubble", "f_ash", "f_rubble", "f_ash", "f_null"],
                "_": ["f_ash", "f_null", "f_null"],
                "~": ["f_ash", "f_rubble", "f_ash", "f_rubble", "f_ash", "f_null"]
            },
            "comment": "end of mapgen json definition ---v"
        },
        "comment": "end of mapgen entry ---v"
    }
]
