[
    {
        "type": "mapgen",
        "om_terrain": [
            "cabin"
        ],
        "method": "json",
        "weight": 333,
        "object": {            "fill_ter": "t_dirt",
            "rows": [
                "........................",
                "........................",
                "........................",
                "........................",
                ".#~~~~~~~#    #~~~~~~~#.",
                ".[                    [.",
                ".[   H6          B66B [.",
                ".##0###0###33###2###2##.",
                ".#  >>>  #    +  66  >#.",
                ".#       +   7#  66  A2.",
                ".#999 999#   7#      G2.",
                ".#########   7#      F#.",
                ".#___ H      7####+####.",
                ".#_=_ 6               #.",
                ".#___                 #.",
                ".# H     :666:        #.",
                ".#####+#######+####+###.",
                ".#:      >>#     :#  ;#.",
                ".#@@     >>#@@    #A  3.",
                ".#@@       #@@    # 88#.",
                ".###22#22#####22#######.",
                "........................",
                "........................",
                "........................"
            ],
            "terrain": {".": ["t_dirt", "t_dirt", "t_dirt", "t_grass", "t_pavement", "t_dirt", "t_dirt", "t_dirt", "t_grass", "t_rock_floor", "t_dirt", "t_dirt", "t_dirt", "t_grass", "t_dirtmound", "t_dirt", "t_dirt", "t_dirt", "t_grass", "t_sidewalk", "t_dirt", "t_dirt", "t_dirt", "t_grass", "t_sand"], " ": ["t_dirt", "t_dirt", "t_dirt", "t_sidewalk", "t_pavement", "t_dirt", "t_dirt", "t_dirt", "t_sidewalk", "t_pavement", "t_dirt", "t_dirt", "t_dirt", "t_dirtmound", "t_sidewalk", "t_dirt", "t_dirt", "t_dirt", "t_dirtmound", "t_sidewalk", "t_dirt", "t_dirt", "t_dirt", "t_sand", "t_sand"]},
            "furniture": {
                "O": ["f_rubble", "f_rubble", "f_rubble", "f_rubble", "f_rubble", "f_rubble", "f_rubble", "f_ash", "f_rubble_rock", "f_ash", "f_null", "f_ash"],
                "+": ["f_rubble", "f_rubble", "f_rubble", "f_rubble", "f_rubble", "f_rubble", "f_rubble", "f_ash", "f_rubble_rock", "f_ash", "f_null", "f_ash"],
                "{": ["f_rubble", "f_rubble", "f_rubble", "f_rubble", "f_rubble", "f_rubble", "f_rubble", "f_ash", "f_rubble_rock", "f_ash", "f_null", "f_ash"],
                "0": ["f_rubble", "f_rubble", "f_rubble", "f_rubble", "f_rubble", "f_rubble", "f_rubble", "f_ash", "f_rubble_rock", "f_ash", "f_null", "f_ash"],
                "2": ["f_rubble", "f_rubble", "f_rubble", "f_rubble", "f_rubble", "f_rubble", "f_rubble", "f_ash", "f_rubble_rock", "f_ash", "f_null", "f_ash"],
                "3": ["f_rubble", "f_rubble", "f_rubble", "f_rubble", "f_rubble", "f_rubble", "f_rubble", "f_ash", "f_rubble_rock", "f_ash", "f_null", "f_ash"],

                ".": ["f_ash", "f_ash", "f_ash", "f_null"],
                "#": ["f_ash", "f_rubble", "f_ash", "f_rubble", "f_ash", "f_null"],
                " ": ["f_ash", "f_rubble", "f_ash", "f_rubble", "f_ash", "f_null"],
                "6": ["f_ash", "f_rubble", "f_ash", "f_rubble", "f_ash", "f_null"],
                "7": ["f_ash", "f_rubble", "f_ash", "f_rubble", "f_ash", "f_null"],
                "8": ["f_ash", "f_rubble", "f_ash", "f_rubble", "f_ash", "f_null"],
                "9": ["f_ash", "f_rubble", "f_ash", "f_rubble", "f_ash", "f_null"],
                ":": ["f_ash", "f_rubble", "f_ash", "f_rubble", "f_ash", "f_null"],
                ";": ["f_ash", "f_rubble", "f_ash", "f_rubble", "f_ash", "f_null"],
                "=": ["f_ash", "f_null", "f_null"],
                ">": ["f_ash", "f_rubble", "f_ash", "f_rubble", "f_ash", "f_null"],
                "?": ["f_ash", "f_rubble", "f_ash", "f_rubble", "f_ash", "f_null"],
                "@": ["f_ash", "f_rubble", "f_ash", "f_rubble", "f_ash", "f_null"],
                "A": ["f_ash", "f_rubble", "f_ash", "f_rubble", "f_ash", "f_null"],
                "B": ["f_ash", "f_rubble", "f_ash", "f_rubble", "f_ash", "f_null"],
                "C": ["f_ash", "f_rubble", "f_ash", "f_rubble", "f_ash", "f_null"],
                "D": ["f_ash", "f_rubble", "f_ash", "f_rubble", "f_ash", "f_null"],
                "E": ["f_ash", "f_rubble", "f_ash", "f_rubble", "f_ash", "f_null"],
                "F": ["f_ash", "f_rubble", "f_ash", "f_rubble", "f_ash", "f_null"],
                "G": ["f_ash", "f_rubble", "f_ash", "f_rubble", "f_ash", "f_null"],
                "H": ["f_ash", "f_rubble", "f_ash", "f_rubble", "f_ash", "f_null"],
                "z": ["f_ash", "f_ash", "f_ash", "f_null"],
                "S": ["f_ash", "f_null", "f_null"],
                "^": ["f_ash", "f_rubble", "f_ash", "f_rubble", "f_ash", "f_null"],
                "[": ["f_ash", "f_rubble", "f_ash", "f_rubble", "f_ash", "f_null"],
                "_": ["f_ash", "f_null", "f_null"],
                "~": ["f_ash", "f_rubble", "f_ash", "f_rubble", "f_ash", "f_null"]
            },
            "comment": "specific terrain/furniture/radiation. doing this until grass_or_dirt is supported ---v",
            "place_monsters": [
                { "monster": "GROUP_ZOMBIE",          "x": [ 2, 21 ], "y": [ 2, 21 ] }
            ],
            "comment": "end of mapgen json definition ---v"
        },
        "comment": "end of mapgen entry ---v"
    }
]
