[
    {
        "type": "mapgen",
        "om_terrain": [
            "roadstop"
        ],
        "method": "json",
        "weight": 333,
        "object": {            "fill_ter": "t_dirt",
            "rows": [
                "........................",
                ".........222222.........",
                "........22222222........",
                ".......2222222222.......",
                ".......2222222222.......",
                ".......2222..2222.......",
                "......S2222..2222S......",
                "......S2222..2222S......",
                "######S2222##2222S######",
                "#73  3S2222662222S3..37#",
                "### A#S2222##2222S#A.###",
                "#73 A#S2222882222S#A.37#",
                "### A#S2222##2222S#A.###",
                "#73 A#S2222662222S#A.37#",
                "######S2222##2222S######",
                "......S2222..2222S......",
                "......S2222..2222S......",
                ".......2222..2222.......",
                ".......2222..2222.......",
                ".......2222..2222.......",
                ".......2222..2222.......",
                ".......2222..2222.......",
                ".......2222..2222.......",
                ".......2222..2222......."
            ],
            "terrain": {".": ["t_dirt", "t_dirt", "t_dirt", "t_grass", "t_pavement", "t_dirt", "t_dirt", "t_dirt", "t_grass", "t_rock_floor", "t_dirt", "t_dirt", "t_dirt", "t_grass", "t_dirtmound", "t_dirt", "t_dirt", "t_dirt", "t_grass", "t_sidewalk", "t_dirt", "t_dirt", "t_dirt", "t_grass", "t_sand"], " ": ["t_dirt", "t_dirt", "t_dirt", "t_sidewalk", "t_pavement", "t_dirt", "t_dirt", "t_dirt", "t_sidewalk", "t_pavement", "t_dirt", "t_dirt", "t_dirt", "t_dirtmound", "t_sidewalk", "t_dirt", "t_dirt", "t_dirt", "t_dirtmound", "t_sidewalk", "t_dirt", "t_dirt", "t_dirt", "t_sand", "t_sand"]},
            "furniture": {
                ".": ["f_ash", "f_ash", "f_ash", "f_null"],
                "#": ["f_ash", "f_rubble", "f_ash", "f_rubble", "f_ash", "f_null"],
                "2": ["f_ash", "f_null", "f_null"],
                "3": ["f_rubble", "f_rubble", "f_rubble", "f_rubble", "f_rubble", "f_rubble", "f_rubble", "f_ash", "f_rubble_rock", "f_ash", "f_null", "f_ash"],
                " ": ["f_ash", "f_rubble", "f_ash", "f_rubble", "f_ash", "f_null"],
                "6": ["f_ash", "f_rubble", "f_ash", "f_rubble", "f_ash", "f_null"],
                "7": ["f_ash", "f_rubble", "f_ash", "f_rubble", "f_ash", "f_null"],
                "8": ["f_ash", "f_null", "f_null"],
                "A": ["f_ash", "f_rubble", "f_ash", "f_rubble", "f_ash", "f_null"],
                "S": ["f_ash", "f_null", "f_null"]
            },
        "rotation": 2
        }
    }
]