[
    {
    "type":"monstergroup",
    "name" : "GROUP_OFFICE_TOWER_2",
    "default" : "mon_null",
    "monsters" : [
        {"monster" : "mon_zombie", "freq" : 600, "cost_multiplier" : 1, "pack_size": [3,5] },
        {"monster" : "mon_zombie", "freq" : 200, "cost_multiplier" : 1 },
        { "monster" : "mon_zombie_tough", "freq" : 50, "cost_multiplier" : 3 },
        { "monster" : "mon_zombie_gasbag", "freq" : 30, "cost_multiplier": 10, "pack_size": [3,5]},
        { "monster" : "mon_zombie_cop", "freq" : 20, "cost_multiplier" : 6 }
    ]
    },{
        "type": "mapgen",
        "om_terrain": [
            "office_tower_2_a1"
        ],
        "method": "json",
        "weight": 300, "comment": "<--- low weight due to low randomness, remove when house mapgen pool is big",
        "object": {            "fill_ter": "t_dirt",
            "rows": [
                "....ssssssssssssssssssss",
                "....s...................",
                "....s.zzzzzzzzzzzzzzzzzz",
                "....s.z22222---22---22--",
                "....s.z1CCC 4|CC l|CCC |",
                "....s.z1C B  |C  B|C   |",
                "....s.z|---  ---  ---   ",
                "....s.z1                ",
                "....s.z|---  ---  ---   ",
                "....s.z|C B  |CB  |C B |",
                "....s.z|CCC l|CCC4|CCC |",
                "....s.z|----------------",
                "....s.z|;w    A|A     w;",
                "....s.z|--     |      --",
                "....s.z|;w    A|A     w;",
                "....s.z|--     |      --",
                "....s.z|;w    A|A     w;",
                "....s.z|--|    |     ---",
                "....ss....|-w-----w---  ",
                "....ssssssc             ",
                "....ss....|---w---------",
                "....s..z|-|l   l|>  B B ",
                "....s..z|#|l   l|>  666 ",
                "....s..z|-------|F  666 "
            ],
            "terrain": {".": ["t_dirt", "t_dirt", "t_dirt", "t_grass", "t_pavement", "t_dirt", "t_dirt", "t_dirt", "t_grass", "t_rock_floor", "t_dirt", "t_dirt", "t_dirt", "t_grass", "t_dirtmound", "t_dirt", "t_dirt", "t_dirt", "t_grass", "t_sidewalk", "t_dirt", "t_dirt", "t_dirt", "t_grass", "t_sand"], " ": ["t_dirt", "t_dirt", "t_dirt", "t_sidewalk", "t_pavement", "t_dirt", "t_dirt", "t_dirt", "t_sidewalk", "t_pavement", "t_dirt", "t_dirt", "t_dirt", "t_dirtmound", "t_sidewalk", "t_dirt", "t_dirt", "t_dirt", "t_dirtmound", "t_sidewalk", "t_dirt", "t_dirt", "t_dirt", "t_sand", "t_sand"]},
            "furniture": {
                ".": ["f_ash", "f_ash", "f_ash", "f_null"],
                "-": ["f_rubble", "f_rubble", "f_rubble", "f_rubble", "f_rubble", "f_rubble", "f_rubble", "f_ash", "f_rubble_rock", "f_ash", "f_null", "f_ash"],
                "#": ["f_ash", "f_ash", "f_ash", "f_null"],
                "_": ["f_ash", "f_null", "f_null"],
                "y": ["f_ash", "f_null", "f_null"],
                "2": ["f_ash", "f_rubble", "f_ash", "f_rubble", "f_ash", "f_null"],
                "1": ["f_ash", "f_rubble", "f_ash", "f_rubble", "f_ash", "f_null"],
                "3": ["f_wreckage", "f_wreckage", "f_wreckage", "f_wreckage", "f_wreckage", "f_wreckage", "f_rubble", "f_null"],
                "w": ["f_rubble", "f_rubble", "f_rubble", "f_rubble", "f_rubble", "f_rubble", "f_rubble", "f_ash", "f_rubble_rock", "f_ash", "f_null", "f_ash"],
                "c": ["f_rubble", "f_rubble", "f_rubble", "f_rubble", "f_rubble", "f_rubble", "f_rubble", "f_ash", "f_rubble_rock", "f_ash", "f_null", "f_ash"],
                "5": ["f_wreckage", "f_wreckage", "f_wreckage", "f_wreckage", "f_wreckage", "f_wreckage", "f_rubble", "f_null"],
                "e": ["f_wreckage", "f_wreckage", "f_wreckage", "f_wreckage", "f_wreckage", "f_wreckage", "f_rubble", "f_null"],
                "|": ["f_rubble", "f_rubble", "f_rubble", "f_rubble", "f_rubble", "f_rubble", "f_rubble", "f_ash", "f_rubble_rock", "f_ash", "f_null", "f_ash"],
                "0": ["f_rubble", "f_rubble", "f_rubble", "f_rubble", "f_rubble", "f_rubble", "f_rubble", "f_ash", "f_rubble_rock", "f_ash", "f_null", "f_ash"],
                " ": ["f_ash", "f_rubble", "f_ash", "f_rubble", "f_ash", "f_null"],
                "6": ["f_ash", "f_rubble", "f_ash", "f_rubble", "f_ash", "f_null"],
                "7": ["f_ash", "f_rubble", "f_ash", "f_rubble", "f_ash", "f_null"],
                "8": ["f_ash", "f_rubble", "f_ash", "f_rubble", "f_ash", "f_null"],
                "9": ["f_ash", "f_rubble", "f_ash", "f_rubble", "f_ash", "f_null"],
                "l": ["f_ash", "f_rubble", "f_ash", "f_rubble", "f_ash", "f_null"],
                ":": ["f_ash", "f_rubble", "f_ash", "f_rubble", "f_ash", "f_null"],
                ";": ["f_ash", "f_rubble", "f_ash", "f_rubble", "f_ash", "f_null"],
                "+": ["f_rubble", "f_rubble", "f_rubble", "f_rubble", "f_rubble", "f_rubble", "f_rubble", "f_ash", "f_rubble_rock", "f_ash", "f_null", "f_ash"],
                "=": ["f_ash", "f_rubble", "f_ash", "f_rubble", "f_ash", "f_null"],
                ">": ["f_ash", "f_rubble", "f_ash", "f_rubble", "f_ash", "f_null"],
                "?": ["f_ash", "f_rubble", "f_ash", "f_rubble", "f_ash", "f_null"],
                "@": ["f_ash", "f_rubble", "f_ash", "f_rubble", "f_ash", "f_null"],
                "A": ["f_ash", "f_rubble", "f_ash", "f_rubble", "f_ash", "f_null"],
                "B": ["f_ash", "f_rubble", "f_ash", "f_rubble", "f_ash", "f_null"],
                "C": ["f_ash", "f_rubble", "f_ash", "f_rubble", "f_ash", "f_null"],
                "D": ["f_ash", "f_rubble", "f_ash", "f_rubble", "f_ash", "f_null"],
                "E": ["f_ash", "f_rubble", "f_ash", "f_rubble", "f_ash", "f_null"],
                "F": ["f_ash", "f_rubble", "f_ash", "f_rubble", "f_ash", "f_null"],
                "G": ["f_ash", "f_rubble", "f_ash", "f_rubble", "f_ash", "f_null"],
                "z": ["f_ash", "f_ash", "f_ash", "f_null"],
                "s": ["f_ash", "f_null", "f_null"],
                "{": ["f_rubble", "f_rubble", "f_rubble", "f_rubble", "f_rubble", "f_rubble", "f_rubble", "f_ash", "f_rubble_rock", "f_ash", "f_null", "f_ash"],
                "[": ["f_ash", "f_rubble", "f_ash", "f_rubble", "f_ash", "f_null"],
                "4": ["f_ash", "f_rubble", "f_ash", "f_rubble", "f_ash", "f_null"],
                "X": ["f_ash", "f_rubble", "f_ash", "f_rubble", "f_ash", "f_null"],
                "H": ["f_ash", "f_rubble", "f_ash", "f_rubble", "f_ash", "f_null"],
                "~": ["f_ash", "f_null", "f_null"]
            },
            "place_monsters": [
            { "monster": "GROUP_OFFICE_TOWER_2", "chance": 2, "x": [ 7, 21 ], "y": [ 4, 21 ], "repeat": [ 1,4 ] }
            ]
        }
    },
    {
        "type": "mapgen",
        "om_terrain": [
            "office_tower_2_a2"
            ],
        "method": "json",
        "weight": 300, "comment": "<--- low weight due to low randomness, remove when house mapgen pool is big",
        "object": {            "fill_ter": "t_dirt",
            "rows": [
                "ssssssssssssssssssssssss",
                ".....................sss",
                "zzzzzzzzzzzzzzzzzzzzzsss",
                "2222---2222222222---zsss",
                "   4|#|4          4|zsss",
                "    |#|  B   B  B  1zsss",
                "   >|#|  66666666  1zsss",
                "   >|#| B66666666B 1zsss",
                "   >|#|  66666666  1zsss",
                "    |#|   B  B  B  1zsss",
                "   4|#|4          4|zsss",
                "|  ||#|222--33--222|zsss",
                "|  |##|          B |zsss",
                "|  |##| CCC    CCC 1zsss",
                "|  |##|    B   B   |zsss",
                "|  |##| B        B |zsss",
                "|  |##| CCC    CCC 1zsss",
                "|  |--|            |zzzz",
                "           CCCC    |-22-",
                "           4 BC    3    ",
                "----  ---- ---- ---|    ",
                "   |  |l|        |l|    ",
                "   |  | |-c----c-- |    ",
                "   |  |            |    "
            ],
            "terrain": {".": ["t_dirt", "t_dirt", "t_dirt", "t_grass", "t_pavement", "t_dirt", "t_dirt", "t_dirt", "t_grass", "t_rock_floor", "t_dirt", "t_dirt", "t_dirt", "t_grass", "t_dirtmound", "t_dirt", "t_dirt", "t_dirt", "t_grass", "t_sidewalk", "t_dirt", "t_dirt", "t_dirt", "t_grass", "t_sand"], " ": ["t_dirt", "t_dirt", "t_dirt", "t_sidewalk", "t_pavement", "t_dirt", "t_dirt", "t_dirt", "t_sidewalk", "t_pavement", "t_dirt", "t_dirt", "t_dirt", "t_dirtmound", "t_sidewalk", "t_dirt", "t_dirt", "t_dirt", "t_dirtmound", "t_sidewalk", "t_dirt", "t_dirt", "t_dirt", "t_sand", "t_sand"]},
            "furniture": {
                ".": ["f_ash", "f_ash", "f_ash", "f_null"],
                "-": ["f_rubble", "f_rubble", "f_rubble", "f_rubble", "f_rubble", "f_rubble", "f_rubble", "f_ash", "f_rubble_rock", "f_ash", "f_null", "f_ash"],
                "#": ["f_ash", "f_ash", "f_ash", "f_null"],
                "_": ["f_ash", "f_null", "f_null"],
                "y": ["f_ash", "f_null", "f_null"],
                "2": ["f_ash", "f_rubble", "f_ash", "f_rubble", "f_ash", "f_null"],
                "1": ["f_ash", "f_rubble", "f_ash", "f_rubble", "f_ash", "f_null"],
                "3": ["f_wreckage", "f_wreckage", "f_wreckage", "f_wreckage", "f_wreckage", "f_wreckage", "f_rubble", "f_null"],
                "w": ["f_rubble", "f_rubble", "f_rubble", "f_rubble", "f_rubble", "f_rubble", "f_rubble", "f_ash", "f_rubble_rock", "f_ash", "f_null", "f_ash"],
                "c": ["f_rubble", "f_rubble", "f_rubble", "f_rubble", "f_rubble", "f_rubble", "f_rubble", "f_ash", "f_rubble_rock", "f_ash", "f_null", "f_ash"],
                "5": ["f_wreckage", "f_wreckage", "f_wreckage", "f_wreckage", "f_wreckage", "f_wreckage", "f_rubble", "f_null"],
                "e": ["f_wreckage", "f_wreckage", "f_wreckage", "f_wreckage", "f_wreckage", "f_wreckage", "f_rubble", "f_null"],
                "|": ["f_rubble", "f_rubble", "f_rubble", "f_rubble", "f_rubble", "f_rubble", "f_rubble", "f_ash", "f_rubble_rock", "f_ash", "f_null", "f_ash"],
                "0": ["f_rubble", "f_rubble", "f_rubble", "f_rubble", "f_rubble", "f_rubble", "f_rubble", "f_ash", "f_rubble_rock", "f_ash", "f_null", "f_ash"],
                " ": ["f_ash", "f_rubble", "f_ash", "f_rubble", "f_ash", "f_null"],
                "6": ["f_ash", "f_rubble", "f_ash", "f_rubble", "f_ash", "f_null"],
                "7": ["f_ash", "f_rubble", "f_ash", "f_rubble", "f_ash", "f_null"],
                "8": ["f_ash", "f_rubble", "f_ash", "f_rubble", "f_ash", "f_null"],
                "9": ["f_ash", "f_rubble", "f_ash", "f_rubble", "f_ash", "f_null"],
                ":": ["f_ash", "f_rubble", "f_ash", "f_rubble", "f_ash", "f_null"],
                ";": ["f_ash", "f_rubble", "f_ash", "f_rubble", "f_ash", "f_null"],
                "+": ["f_rubble", "f_rubble", "f_rubble", "f_rubble", "f_rubble", "f_rubble", "f_rubble", "f_ash", "f_rubble_rock", "f_ash", "f_null", "f_ash"],
                "=": ["f_ash", "f_rubble", "f_ash", "f_rubble", "f_ash", "f_null"],
                ">": ["f_ash", "f_rubble", "f_ash", "f_rubble", "f_ash", "f_null"],
                "?": ["f_ash", "f_rubble", "f_ash", "f_rubble", "f_ash", "f_null"],
                "@": ["f_ash", "f_rubble", "f_ash", "f_rubble", "f_ash", "f_null"],
                "A": ["f_ash", "f_rubble", "f_ash", "f_rubble", "f_ash", "f_null"],
                "B": ["f_ash", "f_rubble", "f_ash", "f_rubble", "f_ash", "f_null"],
                "C": ["f_ash", "f_rubble", "f_ash", "f_rubble", "f_ash", "f_null"],
                "D": ["f_ash", "f_rubble", "f_ash", "f_rubble", "f_ash", "f_null"],
                "E": ["f_ash", "f_rubble", "f_ash", "f_rubble", "f_ash", "f_null"],
                "F": ["f_ash", "f_rubble", "f_ash", "f_rubble", "f_ash", "f_null"],
                "G": ["f_ash", "f_rubble", "f_ash", "f_rubble", "f_ash", "f_null"],
                "z": ["f_ash", "f_ash", "f_ash", "f_null"],
                "s": ["f_ash", "f_null", "f_null"],
                "{": ["f_rubble", "f_rubble", "f_rubble", "f_rubble", "f_rubble", "f_rubble", "f_rubble", "f_ash", "f_rubble_rock", "f_ash", "f_null", "f_ash"],
                "[": ["f_ash", "f_rubble", "f_ash", "f_rubble", "f_ash", "f_null"],
                "4": ["f_ash", "f_rubble", "f_ash", "f_rubble", "f_ash", "f_null"],
                "l": ["f_ash", "f_rubble", "f_ash", "f_rubble", "f_ash", "f_null"],
                "X": ["f_ash", "f_rubble", "f_ash", "f_rubble", "f_ash", "f_null"],
                "H": ["f_ash", "f_rubble", "f_ash", "f_rubble", "f_ash", "f_null"],
                "~": ["f_ash", "f_null", "f_null"]
            },
            "place_monsters": [
                { "monster": "GROUP_OFFICE_TOWER_2", "x": [ 0, 19 ], "y": [ 4, 21 ], "density": 0.2, "repeat": [ 1,2 ]}
            ]
        }
    },
    {
        "type": "mapgen",
        "om_terrain": [
            "office_tower_2_a3"
        ],
        "method": "json",
        "weight": 300, "comment": "<--- low weight due to low randomness, remove when house mapgen pool is big",
        "object": {            "fill_ter": "t_dirt",
            "rows": [
                "ssssssssssssssssssssssss",
                "ssssssssssssssssssssssss",
                "ssssssssssssssssssssssss",
                "ssssssssssssssssssssssss",
                "ssssssssssssssssssssssss",
                "ssssssssssssssssssssssss",
                "ssssssssssssssssssssssss",
                "sssssssssszzzzssssssssss",
                "sssssssBszz..zzsBsssssss",
                "sssssssBsz.zz.zsBsssssss",
                "sssssssssz.zz.zsssssssss",
                "sssssssBsz.zz.zsBsssssss",
                "sssssssBszz..zzsBsssssss",
                "zssssssssszzzzssssssssss",
                "zzsssssssssssssssssssszz",
                "~~~~ss~~22222222~~ss~~~~",
                "~~~~ss~~1##  ##1~~ss~~~~",
                "zzzzsszz1##  ##1zzsszzz~",
                "--22{{222--22--222{{221~",
                "        4 ???? 4      1s",
                "                      1s",
                "   zzz    ????    zzz 1s",
                "   zTz   ######   zTz 1s",
                "   zzz            zzz 1s"
            ],
            "terrain": {".": ["t_dirt", "t_dirt", "t_dirt", "t_grass", "t_pavement", "t_dirt", "t_dirt", "t_dirt", "t_grass", "t_rock_floor", "t_dirt", "t_dirt", "t_dirt", "t_grass", "t_dirtmound", "t_dirt", "t_dirt", "t_dirt", "t_grass", "t_sidewalk", "t_dirt", "t_dirt", "t_dirt", "t_grass", "t_sand"], " ": ["t_dirt", "t_dirt", "t_dirt", "t_sidewalk", "t_pavement", "t_dirt", "t_dirt", "t_dirt", "t_sidewalk", "t_pavement", "t_dirt", "t_dirt", "t_dirt", "t_dirtmound", "t_sidewalk", "t_dirt", "t_dirt", "t_dirt", "t_dirtmound", "t_sidewalk", "t_dirt", "t_dirt", "t_dirt", "t_sand", "t_sand"]},
            "furniture": {
                ".": ["f_ash", "f_ash", "f_ash", "f_null"],
                "-": ["f_rubble", "f_rubble", "f_rubble", "f_rubble", "f_rubble", "f_rubble", "f_rubble", "f_ash", "f_rubble_rock", "f_ash", "f_null", "f_ash"],
                "#": ["f_ash", "f_ash", "f_ash", "f_null"],
                "_": ["f_ash", "f_null", "f_null"],
                "y": ["f_ash", "f_null", "f_null"],
                "2": ["f_ash", "f_rubble", "f_ash", "f_rubble", "f_ash", "f_null"],
                "1": ["f_ash", "f_rubble", "f_ash", "f_rubble", "f_ash", "f_null"],
                "3": ["f_wreckage", "f_wreckage", "f_wreckage", "f_wreckage", "f_wreckage", "f_wreckage", "f_rubble", "f_null"],
                "w": ["f_rubble", "f_rubble", "f_rubble", "f_rubble", "f_rubble", "f_rubble", "f_rubble", "f_ash", "f_rubble_rock", "f_ash", "f_null", "f_ash"],
                "c": ["f_rubble", "f_rubble", "f_rubble", "f_rubble", "f_rubble", "f_rubble", "f_rubble", "f_ash", "f_rubble_rock", "f_ash", "f_null", "f_ash"],
                "5": ["f_wreckage", "f_wreckage", "f_wreckage", "f_wreckage", "f_wreckage", "f_wreckage", "f_rubble", "f_null"],
                "e": ["f_wreckage", "f_wreckage", "f_wreckage", "f_wreckage", "f_wreckage", "f_wreckage", "f_rubble", "f_null"],
                "|": ["f_rubble", "f_rubble", "f_rubble", "f_rubble", "f_rubble", "f_rubble", "f_rubble", "f_ash", "f_rubble_rock", "f_ash", "f_null", "f_ash"],
                "0": ["f_rubble", "f_rubble", "f_rubble", "f_rubble", "f_rubble", "f_rubble", "f_rubble", "f_ash", "f_rubble_rock", "f_ash", "f_null", "f_ash"],
                " ": ["f_ash", "f_rubble", "f_ash", "f_rubble", "f_ash", "f_null"],
                "6": ["f_ash", "f_rubble", "f_ash", "f_rubble", "f_ash", "f_null"],
                "7": ["f_ash", "f_rubble", "f_ash", "f_rubble", "f_ash", "f_null"],
                "8": ["f_ash", "f_rubble", "f_ash", "f_rubble", "f_ash", "f_null"],
                "9": ["f_ash", "f_rubble", "f_ash", "f_rubble", "f_ash", "f_null"],
                ":": ["f_ash", "f_rubble", "f_ash", "f_rubble", "f_ash", "f_null"],
                ";": ["f_ash", "f_rubble", "f_ash", "f_rubble", "f_ash", "f_null"],
                "+": ["f_rubble", "f_rubble", "f_rubble", "f_rubble", "f_rubble", "f_rubble", "f_rubble", "f_ash", "f_rubble_rock", "f_ash", "f_null", "f_ash"],
                "=": ["f_ash", "f_rubble", "f_ash", "f_rubble", "f_ash", "f_null"],
                ">": ["f_ash", "f_rubble", "f_ash", "f_rubble", "f_ash", "f_null"],
                "?": ["f_ash", "f_rubble", "f_ash", "f_rubble", "f_ash", "f_null"],
                "@": ["f_ash", "f_rubble", "f_ash", "f_rubble", "f_ash", "f_null"],
                "A": ["f_ash", "f_rubble", "f_ash", "f_rubble", "f_ash", "f_null"],
                "B": ["f_ash", "f_null", "f_null"],
                "C": ["f_ash", "f_rubble", "f_ash", "f_rubble", "f_ash", "f_null"],
                "D": ["f_ash", "f_rubble", "f_ash", "f_rubble", "f_ash", "f_null"],
                "E": ["f_ash", "f_rubble", "f_ash", "f_rubble", "f_ash", "f_null"],
                "F": ["f_ash", "f_rubble", "f_ash", "f_rubble", "f_ash", "f_null"],
                "G": ["f_ash", "f_rubble", "f_ash", "f_rubble", "f_ash", "f_null"],
                "z": ["f_ash", "f_ash", "f_ash", "f_null"],
                "s": ["f_ash", "f_null", "f_null"],
                "{": ["f_rubble", "f_rubble", "f_rubble", "f_rubble", "f_rubble", "f_rubble", "f_rubble", "f_ash", "f_rubble_rock", "f_ash", "f_null", "f_ash"],
                "T": ["f_ash", "f_rubble", "f_ash", "f_rubble", "f_ash", "f_null"],
                "[": ["f_ash", "f_rubble", "f_ash", "f_rubble", "f_ash", "f_null"],
                "4": ["f_ash", "f_rubble", "f_ash", "f_rubble", "f_ash", "f_null"],
                "l": ["f_ash", "f_rubble", "f_ash", "f_rubble", "f_ash", "f_null"],
                "X": ["f_ash", "f_rubble", "f_ash", "f_rubble", "f_ash", "f_null"],
                "H": ["f_ash", "f_rubble", "f_ash", "f_rubble", "f_ash", "f_null"],
                "~": ["f_ash", "f_null", "f_null"]
            },
            "place_monsters": [
                { "monster": "GROUP_OFFICE_TOWER_2", "chance": 2, "x": [ 2, 21 ], "y": [ 2, 21 ], "density": 0.3 }
            ]
        }
    },
        {
        "type": "mapgen",
        "om_terrain": [
            "office_tower_2_b1"
        ],
        "method": "json",
        "weight": 300, "comment": "<--- low weight due to low randomness, remove when house mapgen pool is big",
        "object": {            "fill_ter": "t_dirt",
            "rows": [
                "....s..z|#######|   B B ",
                "....s..z|-------|       ",
                "....s..z|B666B 46B  B B ",
                "....s..z1 666   6B  666 ",
                "....s..z1 B  B      666 ",
                "....s..z|      B B  B B ",
                "....s..z1 B  B 666      ",
                "....s..z1 666  666  B B ",
                "....szzz|B666B4B B 4666 ",
                "....sz------------------",
                "....sz|CCC 4 CCC| B   4 ",
                "....sz|C      BC| CCC  C",
                "....sz|C B     C|   B   ",
                "....sz1  CCCCC    CCC  C",
                "....sz14 C  BC          ",
                "....sz14 CB  C          ",
                "....sz1  CCCCC    CCC  C",
                "....sz|C       C|   B   ",
                "....sz|CB     BC| CCC  C",
                "....sz|CCC 4 CCC| B   4B",
                "....sz--22---22----22---",
                "....szzzzzzzzzzzzzzzzzzz",
                "....s...................",
                "....ssssssssssssssssssss"
            ],
            "terrain": {".": ["t_dirt", "t_dirt", "t_dirt", "t_grass", "t_pavement", "t_dirt", "t_dirt", "t_dirt", "t_grass", "t_rock_floor", "t_dirt", "t_dirt", "t_dirt", "t_grass", "t_dirtmound", "t_dirt", "t_dirt", "t_dirt", "t_grass", "t_sidewalk", "t_dirt", "t_dirt", "t_dirt", "t_grass", "t_sand"], " ": ["t_dirt", "t_dirt", "t_dirt", "t_sidewalk", "t_pavement", "t_dirt", "t_dirt", "t_dirt", "t_sidewalk", "t_pavement", "t_dirt", "t_dirt", "t_dirt", "t_dirtmound", "t_sidewalk", "t_dirt", "t_dirt", "t_dirt", "t_dirtmound", "t_sidewalk", "t_dirt", "t_dirt", "t_dirt", "t_sand", "t_sand"]},
            "furniture": {
                ".": ["f_ash", "f_ash", "f_ash", "f_null"],
                "-": ["f_rubble", "f_rubble", "f_rubble", "f_rubble", "f_rubble", "f_rubble", "f_rubble", "f_ash", "f_rubble_rock", "f_ash", "f_null", "f_ash"],
                "#": ["f_ash", "f_ash", "f_ash", "f_null"],
                "_": ["f_ash", "f_null", "f_null"],
                "y": ["f_ash", "f_null", "f_null"],
                "2": ["f_ash", "f_rubble", "f_ash", "f_rubble", "f_ash", "f_null"],
                "1": ["f_ash", "f_rubble", "f_ash", "f_rubble", "f_ash", "f_null"],
                "3": ["f_wreckage", "f_wreckage", "f_wreckage", "f_wreckage", "f_wreckage", "f_wreckage", "f_rubble", "f_null"],
                "w": ["f_rubble", "f_rubble", "f_rubble", "f_rubble", "f_rubble", "f_rubble", "f_rubble", "f_ash", "f_rubble_rock", "f_ash", "f_null", "f_ash"],
                "c": ["f_rubble", "f_rubble", "f_rubble", "f_rubble", "f_rubble", "f_rubble", "f_rubble", "f_ash", "f_rubble_rock", "f_ash", "f_null", "f_ash"],
                "5": ["f_wreckage", "f_wreckage", "f_wreckage", "f_wreckage", "f_wreckage", "f_wreckage", "f_rubble", "f_null"],
                "e": ["f_wreckage", "f_wreckage", "f_wreckage", "f_wreckage", "f_wreckage", "f_wreckage", "f_rubble", "f_null"],
                "|": ["f_rubble", "f_rubble", "f_rubble", "f_rubble", "f_rubble", "f_rubble", "f_rubble", "f_ash", "f_rubble_rock", "f_ash", "f_null", "f_ash"],
                "0": ["f_rubble", "f_rubble", "f_rubble", "f_rubble", "f_rubble", "f_rubble", "f_rubble", "f_ash", "f_rubble_rock", "f_ash", "f_null", "f_ash"],
                " ": ["f_ash", "f_rubble", "f_ash", "f_rubble", "f_ash", "f_null"],
                "6": ["f_ash", "f_rubble", "f_ash", "f_rubble", "f_ash", "f_null"],
                "7": ["f_ash", "f_rubble", "f_ash", "f_rubble", "f_ash", "f_null"],
                "8": ["f_ash", "f_rubble", "f_ash", "f_rubble", "f_ash", "f_null"],
                "9": ["f_ash", "f_rubble", "f_ash", "f_rubble", "f_ash", "f_null"],
                "l": ["f_ash", "f_rubble", "f_ash", "f_rubble", "f_ash", "f_null"],
                ":": ["f_ash", "f_rubble", "f_ash", "f_rubble", "f_ash", "f_null"],
                ";": ["f_ash", "f_rubble", "f_ash", "f_rubble", "f_ash", "f_null"],
                "+": ["f_rubble", "f_rubble", "f_rubble", "f_rubble", "f_rubble", "f_rubble", "f_rubble", "f_ash", "f_rubble_rock", "f_ash", "f_null", "f_ash"],
                "=": ["f_ash", "f_rubble", "f_ash", "f_rubble", "f_ash", "f_null"],
                ">": ["f_ash", "f_rubble", "f_ash", "f_rubble", "f_ash", "f_null"],
                "?": ["f_ash", "f_rubble", "f_ash", "f_rubble", "f_ash", "f_null"],
                "@": ["f_ash", "f_rubble", "f_ash", "f_rubble", "f_ash", "f_null"],
                "A": ["f_ash", "f_rubble", "f_ash", "f_rubble", "f_ash", "f_null"],
                "B": ["f_ash", "f_rubble", "f_ash", "f_rubble", "f_ash", "f_null"],
                "C": ["f_ash", "f_rubble", "f_ash", "f_rubble", "f_ash", "f_null"],
                "D": ["f_ash", "f_rubble", "f_ash", "f_rubble", "f_ash", "f_null"],
                "E": ["f_ash", "f_rubble", "f_ash", "f_rubble", "f_ash", "f_null"],
                "F": ["f_ash", "f_rubble", "f_ash", "f_rubble", "f_ash", "f_null"],
                "G": ["f_ash", "f_rubble", "f_ash", "f_rubble", "f_ash", "f_null"],
                "z": ["f_ash", "f_ash", "f_ash", "f_null"],
                "s": ["f_ash", "f_null", "f_null"],
                "{": ["f_rubble", "f_rubble", "f_rubble", "f_rubble", "f_rubble", "f_rubble", "f_rubble", "f_ash", "f_rubble_rock", "f_ash", "f_null", "f_ash"],
                "[": ["f_ash", "f_rubble", "f_ash", "f_rubble", "f_ash", "f_null"],
                "4": ["f_ash", "f_rubble", "f_ash", "f_rubble", "f_ash", "f_null"],
                "X": ["f_ash", "f_rubble", "f_ash", "f_rubble", "f_ash", "f_null"],
                "H": ["f_ash", "f_rubble", "f_ash", "f_rubble", "f_ash", "f_null"],
                "~": ["f_ash", "f_null", "f_null"]
            },
            "place_monsters": [
                { "monster": "GROUP_OFFICE_TOWER_2", "x": [ 7, 23 ], "y": [ 0, 19 ], "repeat": [ 0,2 ]}
            ]
        }
    },
    {
        "type": "mapgen",
        "om_terrain": [
            "office_tower_2_b2"
        ],
        "method": "json",
        "weight": 300, "comment": "<--- low weight due to low randomness, remove when house mapgen pool is big",
        "object": {            "fill_ter": "t_dirt",
            "rows": [
                "   |  |l ll ll ll l|    ",
                "   |  |l ll ll ll l|?rHr",
                "   w  |l          l|?rrr",
                "   w  |l llllllll l|?rrr",
                "   |  |------------|?rHr",
                "   |  |   B B B B 4|    ",
                "   |  w  666666666 |    ",
                "   |  w  666666666 |?rHr",
                "  4|  |   B B B B 4|?rrr", 
                "---|  |------------|>??r",
                "B  |  |   C|4 |C B |----",
                "CC |  |  BC|  |C   |eee3",
                "B  |  | CCC|  |CCC |eee3",
                "CC      ----  ---- |eeE|",
                "                  4|---|",
                "                   |###|",
                "CC      ----  ---- |---|",
                "B  |CC| CCC|  |CCC |eee3",
                "CC |D |   C|  |C   |eee3",
                "   |  w B C|4 |C B |eeE|",
                "2---22--222----222------",
                "zzzzzzzzzzzzzzzzzzzzzzzz",
                "........................",
                "ssssssssssssssssssssssss"
            ],
            "terrain": {".": ["t_dirt", "t_dirt", "t_dirt", "t_grass", "t_pavement", "t_dirt", "t_dirt", "t_dirt", "t_grass", "t_rock_floor", "t_dirt", "t_dirt", "t_dirt", "t_grass", "t_dirtmound", "t_dirt", "t_dirt", "t_dirt", "t_grass", "t_sidewalk", "t_dirt", "t_dirt", "t_dirt", "t_grass", "t_sand"], " ": ["t_dirt", "t_dirt", "t_dirt", "t_sidewalk", "t_pavement", "t_dirt", "t_dirt", "t_dirt", "t_sidewalk", "t_pavement", "t_dirt", "t_dirt", "t_dirt", "t_dirtmound", "t_sidewalk", "t_dirt", "t_dirt", "t_dirt", "t_dirtmound", "t_sidewalk", "t_dirt", "t_dirt", "t_dirt", "t_sand", "t_sand"]},
            "furniture": {
                ".": ["f_ash", "f_ash", "f_ash", "f_null"],
                "-": ["f_rubble", "f_rubble", "f_rubble", "f_rubble", "f_rubble", "f_rubble", "f_rubble", "f_ash", "f_rubble_rock", "f_ash", "f_null", "f_ash"],
                "#": ["f_ash", "f_ash", "f_ash", "f_null"],
                "_": ["f_ash", "f_null", "f_null"],
                "y": ["f_ash", "f_null", "f_null"],
                "2": ["f_ash", "f_rubble", "f_ash", "f_rubble", "f_ash", "f_null"],
                "1": ["f_ash", "f_rubble", "f_ash", "f_rubble", "f_ash", "f_null"],
                "3": ["f_wreckage", "f_wreckage", "f_wreckage", "f_wreckage", "f_wreckage", "f_wreckage", "f_rubble", "f_null"],
                "w": ["f_rubble", "f_rubble", "f_rubble", "f_rubble", "f_rubble", "f_rubble", "f_rubble", "f_ash", "f_rubble_rock", "f_ash", "f_null", "f_ash"],
                "c": ["f_rubble", "f_rubble", "f_rubble", "f_rubble", "f_rubble", "f_rubble", "f_rubble", "f_ash", "f_rubble_rock", "f_ash", "f_null", "f_ash"],
                "5": ["f_wreckage", "f_wreckage", "f_wreckage", "f_wreckage", "f_wreckage", "f_wreckage", "f_rubble", "f_null"],
                "e": ["f_wreckage", "f_wreckage", "f_wreckage", "f_wreckage", "f_wreckage", "f_wreckage", "f_rubble", "f_null"],
                "E": ["f_wreckage", "f_wreckage", "f_wreckage", "f_wreckage", "f_wreckage", "f_wreckage", "f_rubble", "f_null"],
                "|": ["f_rubble", "f_rubble", "f_rubble", "f_rubble", "f_rubble", "f_rubble", "f_rubble", "f_ash", "f_rubble_rock", "f_ash", "f_null", "f_ash"],
                "r": ["f_rubble", "f_rubble", "f_rubble", "f_rubble", "f_rubble", "f_rubble", "f_rubble", "f_ash", "f_rubble_rock", "f_ash", "f_null", "f_ash"],
                "0": ["f_rubble", "f_rubble", "f_rubble", "f_rubble", "f_rubble", "f_rubble", "f_rubble", "f_ash", "f_rubble_rock", "f_ash", "f_null", "f_ash"],
                " ": ["f_ash", "f_rubble", "f_ash", "f_rubble", "f_ash", "f_null"],
                "6": ["f_ash", "f_rubble", "f_ash", "f_rubble", "f_ash", "f_null"],
                "7": ["f_ash", "f_rubble", "f_ash", "f_rubble", "f_ash", "f_null"],
                "8": ["f_ash", "f_rubble", "f_ash", "f_rubble", "f_ash", "f_null"],
                "9": ["f_ash", "f_rubble", "f_ash", "f_rubble", "f_ash", "f_null"],
                "l": ["f_ash", "f_rubble", "f_ash", "f_rubble", "f_ash", "f_null"],
                ":": ["f_ash", "f_rubble", "f_ash", "f_rubble", "f_ash", "f_null"],
                ";": ["f_ash", "f_rubble", "f_ash", "f_rubble", "f_ash", "f_null"],
                "+": ["f_rubble", "f_rubble", "f_rubble", "f_rubble", "f_rubble", "f_rubble", "f_rubble", "f_ash", "f_rubble_rock", "f_ash", "f_null", "f_ash"],
                "=": ["f_ash", "f_rubble", "f_ash", "f_rubble", "f_ash", "f_null"],
                ">": ["f_ash", "f_rubble", "f_ash", "f_rubble", "f_ash", "f_null"],
                "?": ["f_ash", "f_rubble", "f_ash", "f_rubble", "f_ash", "f_null"],
                "@": ["f_ash", "f_rubble", "f_ash", "f_rubble", "f_ash", "f_null"],
                "A": ["f_ash", "f_rubble", "f_ash", "f_rubble", "f_ash", "f_null"],
                "B": ["f_ash", "f_rubble", "f_ash", "f_rubble", "f_ash", "f_null"],
                "C": ["f_ash", "f_rubble", "f_ash", "f_rubble", "f_ash", "f_null"],
                "D": ["f_ash", "f_rubble", "f_ash", "f_rubble", "f_ash", "f_null"],
                "F": ["f_ash", "f_rubble", "f_ash", "f_rubble", "f_ash", "f_null"],
                "G": ["f_ash", "f_rubble", "f_ash", "f_rubble", "f_ash", "f_null"],
                "z": ["f_ash", "f_ash", "f_ash", "f_null"],
                "s": ["f_ash", "f_null", "f_null"],
                "{": ["f_rubble", "f_rubble", "f_rubble", "f_rubble", "f_rubble", "f_rubble", "f_rubble", "f_ash", "f_rubble_rock", "f_ash", "f_null", "f_ash"],
                "[": ["f_ash", "f_rubble", "f_ash", "f_rubble", "f_ash", "f_null"],
                "4": ["f_ash", "f_rubble", "f_ash", "f_rubble", "f_ash", "f_null"],
                "X": ["f_ash", "f_rubble", "f_ash", "f_rubble", "f_ash", "f_null"],
                "H": ["f_ash", "f_rubble", "f_ash", "f_rubble", "f_ash", "f_null"],
                "~": ["f_ash", "f_null", "f_null"]
            },
            "place_monsters": [
                { "monster": "GROUP_OFFICE_TOWER_2", "x": [ 0, 23 ], "y": [ 0, 19 ], "repeat": [ 0, 3 ]}
            ]
        }
    },
    {
        "type": "mapgen",
        "om_terrain": [
            "office_tower_2_b3"
        ],
        "method": "json",
        "weight": 300, "comment": "<--- low weight due to low randomness, remove when house mapgen pool is big",
        "object": {            "fill_ter": "t_dirt",
            "rows": [

                "                      1s",
                "   zzz   >????>   zzz 1s",
                "   zTz   rrrrrr   zTz 1s",
                "   zTz   Hr>>rH   zTz 1s",
                "   zzz   rrrrrr   zzz 1s",
                "                      1s",
                "         666666       1s",
                "        66B  B66      1s",
                "        ##    ##      1s", 
                "        ###ww###      1s",
                "----  -----  ---------|s",
                "      3eee|  |      4 1s",
                "      3eee|  |BC   C  1s",
                "      |Eee|  | C   C B|s",
                "      -----  |CC   CCC|s",
                "      w      w        1s",
                "      -----  w       41s",
                "      3eee|  |CCC  CCC|s",
                "      3eee|  |  C  C B|s",
                "      |Eee|  |B C4 C  1s",
                "-----------22--22----22s",
                "zzzzzzzzzzzzzzzzzzzzzzzs",
                ".......................s",
                "ssssssssssssssssssssssss"
            ],
            "terrain": {".": ["t_dirt", "t_dirt", "t_dirt", "t_grass", "t_pavement", "t_dirt", "t_dirt", "t_dirt", "t_grass", "t_rock_floor", "t_dirt", "t_dirt", "t_dirt", "t_grass", "t_dirtmound", "t_dirt", "t_dirt", "t_dirt", "t_grass", "t_sidewalk", "t_dirt", "t_dirt", "t_dirt", "t_grass", "t_sand"], " ": ["t_dirt", "t_dirt", "t_dirt", "t_sidewalk", "t_pavement", "t_dirt", "t_dirt", "t_dirt", "t_sidewalk", "t_pavement", "t_dirt", "t_dirt", "t_dirt", "t_dirtmound", "t_sidewalk", "t_dirt", "t_dirt", "t_dirt", "t_dirtmound", "t_sidewalk", "t_dirt", "t_dirt", "t_dirt", "t_sand", "t_sand"]},
            "furniture": {
                ".": ["f_ash", "f_ash", "f_ash", "f_null"],
                "-": ["f_rubble", "f_rubble", "f_rubble", "f_rubble", "f_rubble", "f_rubble", "f_rubble", "f_ash", "f_rubble_rock", "f_ash", "f_null", "f_ash"],
                "M": ["f_wreckage", "f_wreckage", "f_wreckage", "f_wreckage", "f_wreckage", "f_wreckage", "f_rubble", "f_null"],
                "m": ["f_wreckage", "f_wreckage", "f_wreckage", "f_wreckage", "f_wreckage", "f_wreckage", "f_rubble", "f_null"],
                "#": ["f_ash", "f_ash", "f_ash", "f_null"],
                ",": ["f_ash", "f_null", "f_null"],
                "_": ["f_ash", "f_null", "f_null"],
                "y": ["f_ash", "f_null", "f_null"],
                "2": ["f_ash", "f_rubble", "f_ash", "f_rubble", "f_ash", "f_null"],
                "1": ["f_ash", "f_rubble", "f_ash", "f_rubble", "f_ash", "f_null"],
                "3": ["f_wreckage", "f_wreckage", "f_wreckage", "f_wreckage", "f_wreckage", "f_wreckage", "f_rubble", "f_null"],
                "w": ["f_rubble", "f_rubble", "f_rubble", "f_rubble", "f_rubble", "f_rubble", "f_rubble", "f_ash", "f_rubble_rock", "f_ash", "f_null", "f_ash"],
                "T": ["f_ash", "f_rubble", "f_ash", "f_rubble", "f_ash", "f_null"],
                "c": ["f_rubble", "f_rubble", "f_rubble", "f_rubble", "f_rubble", "f_rubble", "f_rubble", "f_ash", "f_rubble_rock", "f_ash", "f_null", "f_ash"],
                "5": ["f_wreckage", "f_wreckage", "f_wreckage", "f_wreckage", "f_wreckage", "f_wreckage", "f_rubble", "f_null"],
                "e": ["f_wreckage", "f_wreckage", "f_wreckage", "f_wreckage", "f_wreckage", "f_wreckage", "f_rubble", "f_null"],
                "E": ["f_wreckage", "f_wreckage", "f_wreckage", "f_wreckage", "f_wreckage", "f_wreckage", "f_rubble", "f_null"],
                "U": ["f_wreckage", "f_wreckage", "f_wreckage", "f_wreckage", "f_wreckage", "f_wreckage", "f_rubble", "f_null"],
                "|": ["f_rubble", "f_rubble", "f_rubble", "f_rubble", "f_rubble", "f_rubble", "f_rubble", "f_ash", "f_rubble_rock", "f_ash", "f_null", "f_ash"],
                "0": ["f_rubble", "f_rubble", "f_rubble", "f_rubble", "f_rubble", "f_rubble", "f_rubble", "f_ash", "f_rubble_rock", "f_ash", "f_null", "f_ash"],
                "r": ["f_rubble", "f_rubble", "f_rubble", "f_rubble", "f_rubble", "f_rubble", "f_rubble", "f_ash", "f_rubble_rock", "f_ash", "f_null", "f_ash"],
                " ": ["f_ash", "f_rubble", "f_ash", "f_rubble", "f_ash", "f_null"],
                "6": ["f_ash", "f_rubble", "f_ash", "f_rubble", "f_ash", "f_null"],
                "7": ["f_ash", "f_rubble", "f_ash", "f_rubble", "f_ash", "f_null"],
                "8": ["f_ash", "f_rubble", "f_ash", "f_rubble", "f_ash", "f_null"],
                "9": ["f_ash", "f_rubble", "f_ash", "f_rubble", "f_ash", "f_null"],
                "l": ["f_ash", "f_rubble", "f_ash", "f_rubble", "f_ash", "f_null"],
                ":": ["f_ash", "f_rubble", "f_ash", "f_rubble", "f_ash", "f_null"],
                ";": ["f_ash", "f_rubble", "f_ash", "f_rubble", "f_ash", "f_null"],
                "+": ["f_rubble", "f_rubble", "f_rubble", "f_rubble", "f_rubble", "f_rubble", "f_rubble", "f_ash", "f_rubble_rock", "f_ash", "f_null", "f_ash"],
                "=": ["f_ash", "f_rubble", "f_ash", "f_rubble", "f_ash", "f_null"],
                ">": ["f_ash", "f_rubble", "f_ash", "f_rubble", "f_ash", "f_null"],
                "?": ["f_ash", "f_rubble", "f_ash", "f_rubble", "f_ash", "f_null"],
                "@": ["f_ash", "f_rubble", "f_ash", "f_rubble", "f_ash", "f_null"],
                "A": ["f_ash", "f_rubble", "f_ash", "f_rubble", "f_ash", "f_null"],
                "B": ["f_ash", "f_rubble", "f_ash", "f_rubble", "f_ash", "f_null"],
                "C": ["f_ash", "f_rubble", "f_ash", "f_rubble", "f_ash", "f_null"],
                "D": ["f_ash", "f_rubble", "f_ash", "f_rubble", "f_ash", "f_null"],
                "F": ["f_ash", "f_rubble", "f_ash", "f_rubble", "f_ash", "f_null"],
                "G": ["f_ash", "f_rubble", "f_ash", "f_rubble", "f_ash", "f_null"],
                "z": ["f_ash", "f_ash", "f_ash", "f_null"],
                "s": ["f_ash", "f_null", "f_null"],
                "{": ["f_rubble", "f_rubble", "f_rubble", "f_rubble", "f_rubble", "f_rubble", "f_rubble", "f_ash", "f_rubble_rock", "f_ash", "f_null", "f_ash"],
                "[": ["f_ash", "f_rubble", "f_ash", "f_rubble", "f_ash", "f_null"],
                "4": ["f_ash", "f_rubble", "f_ash", "f_rubble", "f_ash", "f_null"],
                "X": ["f_ash", "f_rubble", "f_ash", "f_rubble", "f_ash", "f_null"],
                "H": ["f_ash", "f_rubble", "f_ash", "f_rubble", "f_ash", "f_null"],
                "~": ["f_ash", "f_null", "f_null"]
            },
            "place_monsters": [
                { "monster": "GROUP_OFFICE_TOWER_2", "chance": 2, "x": [ 0, 19 ], "y": [ 0, 19 ], "repeat": [ 0,2 ]}
            ]
        }
    }
]
