[
    {
        "type": "mapgen",
        "om_terrain": [
            "s_grocery"
        ],
        "method": "json",
        "weight": 1000,
        "object": {            "fill_ter": "t_dirt",
            "rows": [
                "                        ",
                "                        ",
                "  ---:::---++---:::---  ",
                "  |.......,,,,,....,.|  ",
                "  |...,....,,........|  ",
                "  |..#..{#..{#..{#..{|  ",
                "  |..#..{#,.{#..{#..{|  ",
                "  |..#..{#,.{#..{#..{|  ",
                "  |.................,|  ",
                "  |.................,|  ",
                "  |&..{{..{{..{{....{|  ",
                "  |&..{{.,{{..{{..{{{|  ",
                "  |&..{{..{{..{{....{|  ",
                "  |&..{{,.{{..{{...,{|  ",
                "  |&..{{..{{..{{..{{{|  ",
                "  |&..{{..{{..{{....{|  ",
                "  |.............,....|  ",
                "  |.....,............|  ",
                "  |---|.........#####|  ",
                "  |...|....,....#....|  ",
                "  |...+.&&&&&&&....&&|  ",
                "  --------------------  ",
                "                        ",
                "                        "
            ],
            "terrain": {".": ["t_dirt", "t_dirt", "t_dirt", "t_grass", "t_pavement", "t_dirt", "t_dirt", "t_dirt", "t_grass", "t_rock_floor", "t_dirt", "t_dirt", "t_dirt", "t_grass", "t_dirtmound", "t_dirt", "t_dirt", "t_dirt", "t_grass", "t_sidewalk", "t_dirt", "t_dirt", "t_dirt", "t_grass", "t_sand"], " ": ["t_dirt", "t_dirt", "t_dirt", "t_sidewalk", "t_pavement", "t_dirt", "t_dirt", "t_dirt", "t_sidewalk", "t_pavement", "t_dirt", "t_dirt", "t_dirt", "t_dirtmound", "t_sidewalk", "t_dirt", "t_dirt", "t_dirt", "t_dirtmound", "t_sidewalk", "t_dirt", "t_dirt", "t_dirt", "t_sand", "t_sand"]},
            "furniture": {
                ":": ["f_rubble", "f_rubble", "f_rubble", "f_rubble", "f_rubble", "f_rubble", "f_rubble", "f_ash", "f_rubble_rock", "f_ash", "f_null", "f_ash"],
                "+": ["f_rubble", "f_rubble", "f_rubble", "f_rubble", "f_rubble", "f_rubble", "f_rubble", "f_ash", "f_rubble_rock", "f_ash", "f_null", "f_ash"],

                "|": ["f_rubble", "f_rubble", "f_rubble", "f_rubble", "f_rubble", "f_rubble", "f_rubble", "f_ash", "f_rubble_rock", "f_ash", "f_null", "f_ash"],
                "-": ["f_rubble", "f_rubble", "f_rubble", "f_rubble", "f_rubble", "f_rubble", "f_rubble", "f_ash", "f_rubble_rock", "f_ash", "f_null", "f_ash"],
                "#": ["f_ash", "f_rubble", "f_ash", "f_rubble", "f_ash", "f_null"],
                "{": ["f_ash", "f_rubble", "f_ash", "f_rubble", "f_ash", "f_null"],
                "&": ["f_ash", "f_rubble", "f_ash", "f_rubble", "f_ash", "f_null"],
                ".": ["f_ash", "f_rubble", "f_ash", "f_rubble", "f_ash", "f_null"],
                ",": ["f_ash", "f_rubble", "f_ash", "f_rubble", "f_ash", "f_null"],
                " ": ["f_ash", "f_ash", "f_ash", "f_null"]
            },
            "place_monsters": [
                { "monster": "GROUP_GROCERY", "chance": 2, "x": [0,0], "y": [23,23], "repeat": [2,3] },
                { "monster": "GROUP_ROACH", "chance": 20, "x": [ 2, 21 ], "y": [ 2, 21 ] }
            ]
        }
    }
]
