[
    {
        "type": "mapgen",
        "om_terrain": [
            "s_hardware"
        ],
        "method": "json",
        "weight": 500,
        "object": {            "fill_ter": "t_dirt",
            "rows": [
                    "~~~~~~~~~~~~~~~~~~~~~~~~",
                    "~~~WWWWWWWWW^^WWWWWWW~~~",
                    "***w~~~~~~~~~~~~~~~~w***",
                    "***w~~~~~~~~~~~~~~~~w***",
                    "***w~~~~~~~~~~~~~~~~w***",
                    "***-=----===-++---=--***",
                    "***|...............]|***",
                    "***|.]]]..[[...[[..]|***",
                    "***|...............]|***",
                    "***|...........]]..]|***",
                    "***|.]]].###.......]|***",
                    "***|.......#...]]..]|***",
                    "***|.....#.%.......]|***",
                    "***|.]]].###...]]..]|***",
                    "***|...............]|***",
                    "***|...............]|***",
                    "***|.]]]]]...]..]..]|***",
                    "***|.........]..]..]|***",
                    "***|----------------|***",
                    "************************",
                    "************************",
                    "************************",
                    "************************",
                    "************************"
            ],
            "terrain": {".": ["t_dirt", "t_dirt", "t_dirt", "t_grass", "t_pavement", "t_dirt", "t_dirt", "t_dirt", "t_grass", "t_rock_floor", "t_dirt", "t_dirt", "t_dirt", "t_grass", "t_dirtmound", "t_dirt", "t_dirt", "t_dirt", "t_grass", "t_sidewalk", "t_dirt", "t_dirt", "t_dirt", "t_grass", "t_sand"], " ": ["t_dirt", "t_dirt", "t_dirt", "t_sidewalk", "t_pavement", "t_dirt", "t_dirt", "t_dirt", "t_sidewalk", "t_pavement", "t_dirt", "t_dirt", "t_dirt", "t_dirtmound", "t_sidewalk", "t_dirt", "t_dirt", "t_dirt", "t_dirtmound", "t_sidewalk", "t_dirt", "t_dirt", "t_dirt", "t_sand", "t_sand"]},
            "furniture": {
                "+": ["f_rubble", "f_rubble", "f_rubble", "f_rubble", "f_rubble", "f_rubble", "f_rubble", "f_ash", "f_rubble_rock", "f_ash", "f_null", "f_ash"],

                ".": ["f_ash", "f_rubble", "f_ash", "f_rubble", "f_ash", "f_null"],
                "*": ["f_ash", "f_ash", "f_ash", "f_null"],
                "~": ["f_ash", "f_null", "f_null"],
                "-": ["f_rubble", "f_rubble", "f_rubble", "f_rubble", "f_rubble", "f_rubble", "f_rubble", "f_ash", "f_rubble_rock", "f_ash", "f_null", "f_ash"],
                "|": ["f_rubble", "f_rubble", "f_rubble", "f_rubble", "f_rubble", "f_rubble", "f_rubble", "f_ash", "f_rubble_rock", "f_ash", "f_null", "f_ash"],
                "W": ["f_wreckage", "f_wreckage", "f_wreckage", "f_wreckage", "f_wreckage", "f_wreckage", "f_rubble", "f_null"],
                "w": ["f_wreckage", "f_wreckage", "f_wreckage", "f_wreckage", "f_wreckage", "f_wreckage", "f_rubble", "f_null"],
                "^": ["f_wreckage", "f_wreckage", "f_wreckage", "f_wreckage", "f_wreckage", "f_wreckage", "f_rubble", "f_null"],
                "=": ["f_ash", "f_rubble", "f_ash", "f_rubble", "f_ash", "f_null"],
                "#": ["f_ash", "f_rubble", "f_ash", "f_rubble", "f_ash", "f_null"],
                "]": ["f_ash", "f_rubble", "f_ash", "f_rubble", "f_ash", "f_null"],
                "[": ["f_ash", "f_rubble", "f_ash", "f_rubble", "f_ash", "f_null"],
                "%": ["f_wreckage", "f_wreckage", "f_wreckage", "f_wreckage", "f_wreckage", "f_wreckage", "f_rubble", "f_null"]
            },
            "comment": "end of mapgen json definition ---v"
        },
        "comment": "end of mapgen entry ---v"
    }
]

