[
    {
        "type" : "mapgen",
        "om_terrain" : ["house"],
        "method" : "json",
        "weight" : 300,
        "object" : {
            "fill_ter": "t_dirt",
            "rows" : [
                ".#ssssssss..###...s.....",
                ".#ssssssss.----vv-;----.",
                ".#ssssssss.|ooo      ?|.",
                ".#ssssssss.|    n    ?|.",
                ".#ssssssss.|         ?|.",
                ".#ssssssss.|????      |.",
                ".#ssssssss.|          |.",
                ".#ssssssss.|    hhh   v.",
                "..sssssssss;    nnn   v.",
                "..ssssssss.|    nnn   v.",
                "..ssssssss.|    hhh   v.",
                "..ssssssss.|          |.",
                ".|---------|+-----+---|.",
                ".vSCfO     | | t     B|.",
                ".v         + |      BBv.",
                ".v ccc  rrr| + S    BB|.",
                ".|---------| |--------|.",
                ".|d        | |  rrrr  |.",
                ".|@@       | |        |.",
                ".|@@       + +  rrrr  |.",
                ".|         | |        |.",
                ".|         | |  cccc  |.",
                ".----vv-----v----------.",
                "........................"
            ],
            "terrain": {".": ["t_dirt", "t_dirt", "t_dirt", "t_grass", "t_pavement", "t_dirt", "t_dirt", "t_dirt", "t_grass", "t_rock_floor", "t_dirt", "t_dirt", "t_dirt", "t_grass", "t_dirtmound", "t_dirt", "t_dirt", "t_dirt", "t_grass", "t_sidewalk", "t_dirt", "t_dirt", "t_dirt", "t_grass", "t_sand"], " ": ["t_dirt", "t_dirt", "t_dirt", "t_sidewalk", "t_pavement", "t_dirt", "t_dirt", "t_dirt", "t_sidewalk", "t_pavement", "t_dirt", "t_dirt", "t_dirt", "t_dirtmound", "t_sidewalk", "t_dirt", "t_dirt", "t_dirt", "t_dirtmound", "t_sidewalk", "t_dirt", "t_dirt", "t_dirt", "t_sand", "t_sand"]},
            "furniture" : {
                "|" : ["f_rubble", "f_rubble", "f_rubble", "f_rubble", "f_rubble", "f_rubble", "f_rubble", "f_ash", "f_rubble_rock", "f_ash", "f_null", "f_ash"],
                "-" : ["f_rubble", "f_rubble", "f_rubble", "f_rubble", "f_rubble", "f_rubble", "f_rubble", "f_ash", "f_rubble_rock", "f_ash", "f_null", "f_ash"],
                "." : ["f_ash", "f_ash", "f_ash", "f_null"],
                "#" : ["f_ash", "f_ash", "f_ash", "f_null"],
                "+": ["f_rubble", "f_rubble", "f_rubble", "f_rubble", "f_rubble", "f_rubble", "f_rubble", "f_ash", "f_rubble_rock", "f_ash", "f_null", "f_ash"],
                ";": ["f_rubble", "f_rubble", "f_rubble", "f_rubble", "f_rubble", "f_rubble", "f_rubble", "f_ash", "f_rubble_rock", "f_ash", "f_null", "f_ash"],
                "?" : ["f_ash", "f_rubble", "f_ash", "f_rubble", "f_ash", "f_null"],
                "@" : ["f_ash", "f_rubble", "f_ash", "f_rubble", "f_ash", "f_null"],
                "B" : ["f_ash", "f_rubble", "f_ash", "f_rubble", "f_ash", "f_null"],
                "C" : ["f_ash", "f_rubble", "f_ash", "f_rubble", "f_ash", "f_null"],
                "c" : ["f_ash", "f_rubble", "f_ash", "f_rubble", "f_ash", "f_null"],
                "D" : ["f_ash", "f_rubble", "f_ash", "f_rubble", "f_ash", "f_null"],
                "d" : ["f_ash", "f_rubble", "f_ash", "f_rubble", "f_ash", "f_null"],
                "f" : ["f_ash", "f_rubble", "f_ash", "f_rubble", "f_ash", "f_null"],
                "h" : ["f_ash", "f_rubble", "f_ash", "f_rubble", "f_ash", "f_null"],
                "n" : ["f_ash", "f_rubble", "f_ash", "f_rubble", "f_ash", "f_null"],
                "O" : ["f_ash", "f_rubble", "f_ash", "f_rubble", "f_ash", "f_null"],
                "o" : ["f_ash", "f_rubble", "f_ash", "f_rubble", "f_ash", "f_null"],
                "r" : ["f_ash", "f_rubble", "f_ash", "f_rubble", "f_ash", "f_null"],
                "S" : ["f_ash", "f_rubble", "f_ash", "f_rubble", "f_ash", "f_null"],
                "s" : ["f_ash", "f_null", "f_null"],
                "v": ["f_rubble", "f_rubble", "f_rubble", "f_rubble", "f_rubble", "f_rubble", "f_rubble", "f_ash", "f_rubble_rock", "f_ash", "f_null", "f_ash"]
            },
            "place_monsters" : [
                { "monster" : "GROUP_ZOMBIE", "chance" : 2, "x" : [2,21], "y" : [2,21] }
            ]
        }
    }
]
