[
    {
        "type":"monstergroup",
        "name" : "GROUP_HOTEL_POOL",
        "default" : "mon_zombie_swimmer",
        "monsters" : [
            { "monster": "mon_zombie_swimmer", "freq": 100, "cost_multiplier": 2 },
            { "monster": "mon_zombie_swimmer", "freq": 50, "cost_multiplier": 10, "pack_size": [3, 8] },
            { "monster": "mon_zombie_child", "freq": 35, "cost_multiplier": 1 }
        ]
    },{
        "type":"monstergroup",
        "name" : "GROUP_HOTEL_GYM",
        "default" : "mon_zombie_fat",
        "monsters" : [
            { "monster": "mon_zombie_fat", "freq": 30, "cost_multiplier": 2 },
            { "monster": "mon_zombie_fat", "freq": 15, "cost_multiplier": 8, "pack_size": [2, 6] },
            { "monster": "mon_zombie_tough", "freq": 5, "cost_multiplier": 3 },
            { "monster": "mon_zombie_brute", "freq": 2, "cost_multiplier": 15 },
            { "monster": "mon_zombie_hulk", "freq": 1, "cost_multiplier": 50 }
        ]
    },{
        "type": "mapgen",
        "om_terrain": ["hotel_tower_1_1"],
        "method": "json",
        "weight": 250,
        "object": {            "fill_ter": "t_dirt",
            "rows": [
               "ssssssssssssssssssssssss",
               "_____,_____,_____,_____s",
               "_____,_____,_____,_____s",
               "_____,_____,_V___,_____s",
               "_____,_____,_____,_____s",
               "_____,_____,_____,_____s",
               "_____,_____,_____,_____s",
               "_______________________s",
               "_______________________s",
               "_______________________s",
               "_______________________s",
               "_______________________s",
               "_____,_____,_____,_____s",
               "_____,_____,_____,_____s",
               "_____,_V___,_V___,_____s",
               "_____,_____,_____,_____s",
               "_____,_____,_____,_____s",
               "_____,_____,_____,_____s",
               "ssssssssssssssssssssssss",
               "ssssssssssssssssssssssss",
               "_____,_____,_____,_____s",
               "_____,_____,_____,_____s",
               "_____,_____,_____,_____s",
               "_____,_____,_____,_____s"
            ],
            "terrain": {".": ["t_dirt", "t_dirt", "t_dirt", "t_grass", "t_pavement", "t_dirt", "t_dirt", "t_dirt", "t_grass", "t_rock_floor", "t_dirt", "t_dirt", "t_dirt", "t_grass", "t_dirtmound", "t_dirt", "t_dirt", "t_dirt", "t_grass", "t_sidewalk", "t_dirt", "t_dirt", "t_dirt", "t_grass", "t_sand"], " ": ["t_dirt", "t_dirt", "t_dirt", "t_sidewalk", "t_pavement", "t_dirt", "t_dirt", "t_dirt", "t_sidewalk", "t_pavement", "t_dirt", "t_dirt", "t_dirt", "t_dirtmound", "t_sidewalk", "t_dirt", "t_dirt", "t_dirt", "t_dirtmound", "t_sidewalk", "t_dirt", "t_dirt", "t_dirt", "t_sand", "t_sand"]},
            "furniture": {
                "_": ["f_ash", "f_null", "f_null"],
                "V": ["f_ash", "f_null", "f_null"],
                ",": ["f_ash", "f_null", "f_null"],
                "s": ["f_ash", "f_null", "f_null"]
            },
            "place_monsters": [
                { "monster": "GROUP_ZOMBIE", "chance": 2, "x": [0, 23], "y": [0, 23] }
            ]

        }
    },{
        "type": "mapgen",
        "om_terrain": ["hotel_tower_1_2"],
        "method": "json",
        "weight": 250,
        "object": {            "fill_ter": "t_dirt",
            "rows": [
               "ss________sssss________s",
               "_,________s'''s________,",
               "_,________s'''s________,",
               "_,________s'''s________,",
               "_,________s'''s________,",
               "_,________sssss________,",
               "_,_____________________,",
               "________________________",
               "________________________",
               "________________________",
               "________________________",
               "________________________",
               "_,_____________________,",
               "_,________sssss________,",
               "_,________s'''s________,",
               "_,________s'''s________,",
               "_,________s'''s________,",
               "_,________s'''s________,",
               "ss________s'''s________s",
               "ss________s'''s________s",
               "_,________s'''s________,",
               "_,________s'''s________,",
               "_,________sssss________,",
               "_,_____________________,"
            ],
            "terrain": {".": ["t_dirt", "t_dirt", "t_dirt", "t_grass", "t_pavement", "t_dirt", "t_dirt", "t_dirt", "t_grass", "t_rock_floor", "t_dirt", "t_dirt", "t_dirt", "t_grass", "t_dirtmound", "t_dirt", "t_dirt", "t_dirt", "t_grass", "t_sidewalk", "t_dirt", "t_dirt", "t_dirt", "t_grass", "t_sand"], " ": ["t_dirt", "t_dirt", "t_dirt", "t_sidewalk", "t_pavement", "t_dirt", "t_dirt", "t_dirt", "t_sidewalk", "t_pavement", "t_dirt", "t_dirt", "t_dirt", "t_dirtmound", "t_sidewalk", "t_dirt", "t_dirt", "t_dirt", "t_dirtmound", "t_sidewalk", "t_dirt", "t_dirt", "t_dirt", "t_sand", "t_sand"]},
            "furniture": {
                "'": ["f_ash", "f_ash", "f_ash", "f_null"],
                "_": ["f_ash", "f_null", "f_null"],
                ",": ["f_ash", "f_null", "f_null"],
                "s": ["f_ash", "f_null", "f_null"]
            },
            "place_monsters": [
                { "monster": "GROUP_ZOMBIE", "chance": 2, "x": [0, 23], "y": [0, 23] }
            ]

        }
    },{
        "type": "mapgen",
        "om_terrain": ["hotel_tower_1_3"],
        "method": "json",
        "weight": 250,
        "object": {
            "fill_ter": "t_dirt",
            "rows": [
               " sssssssssssssssssssssss",
               " s_____,_____,_____,____",
               " s_____,_____,_____,____",
               " s_____,_____,_____,____",
               " s_____,_V___,_____,____",
               " s_____,_____,_____,____",
               " s_____,_____,_____,____",
               " s______________________",
               " s______________________",
               " s______________________",
               " s______________________",
               " s______________________",
               " s_____,_____,_____,____",
               " s_____,_____,_____,____",
               " s_____,_____,_____,____",
               " s_____,_____,_____,____",
               " s_____,_____,___v_,____",
               " s_____,_____,_____,____",
               " sssssssssssssssssssssss",
               " sssssssssssssssssssssss",
               " s_____,_____,_____,____",
               " s_____,_____,_____,____",
               " s_____,_____,_____,____",
               " s_____,_____,_____,____"
            ],
            "terrain": {".": ["t_dirt", "t_dirt", "t_dirt", "t_grass", "t_pavement", "t_dirt", "t_dirt", "t_dirt", "t_grass", "t_rock_floor", "t_dirt", "t_dirt", "t_dirt", "t_grass", "t_dirtmound", "t_dirt", "t_dirt", "t_dirt", "t_grass", "t_sidewalk", "t_dirt", "t_dirt", "t_dirt", "t_grass", "t_sand"], " ": ["t_dirt", "t_dirt", "t_dirt", "t_sidewalk", "t_pavement", "t_dirt", "t_dirt", "t_dirt", "t_sidewalk", "t_pavement", "t_dirt", "t_dirt", "t_dirt", "t_dirtmound", "t_sidewalk", "t_dirt", "t_dirt", "t_dirt", "t_dirtmound", "t_sidewalk", "t_dirt", "t_dirt", "t_dirt", "t_sand", "t_sand"]},
            "furniture": {
                " ": ["f_ash", "f_ash", "f_ash", "f_null"],
                "_": ["f_ash", "f_null", "f_null"],
                ",": ["f_ash", "f_null", "f_null"],
                "s": ["f_ash", "f_null", "f_null"]
            },
            "place_monsters": [
                { "monster": "GROUP_ZOMBIE", "chance": 2, "x": [0, 23], "y": [0, 23] }
            ]

        }
    },{
        "type": "mapgen",
        "om_terrain": ["hotel_tower_1_4"],
        "method": "json",
        "weight": 250,
        "object": {
            "fill_ter": "t_dirt",
            "rows": [
               "_____,_____,_____,_____s",
               "_____,_____,_____,_____s",
               "_______________________s",
               "_______________________s",
               "_______________________s",
               "_______________________s",
               "_______________________s",
               "_______________________s",
               "_____,_____,_____,_____s",
               "_____,_V___,_____,_____s",
               "_____,_____,_____,_____s",
               "_____,_____,_____,_____s",
               "_____,_____,_____,___v_s",
               "_____,_____,_____,_____s",
               "ssssssssssssssssssssssss",
               "ssssssssssssssssssssssss",
               "'''''''''''''''''''''''s",
               "'''''''''''''''''''''''s",
               "''''''T'''''T''''''''''s",
               "'''''''''''''''''''''''s",
               "|-www-|-www-|-www-|''''s",
               "|d....|d..L.|d....|''''s",
               "|BB..o|BB..c|BB..c|''''s",
               "|BB..c|BB..o|BB..o|''''s"
            ],
            "terrain": {".": ["t_dirt", "t_dirt", "t_dirt", "t_grass", "t_pavement", "t_dirt", "t_dirt", "t_dirt", "t_grass", "t_rock_floor", "t_dirt", "t_dirt", "t_dirt", "t_grass", "t_dirtmound", "t_dirt", "t_dirt", "t_dirt", "t_grass", "t_sidewalk", "t_dirt", "t_dirt", "t_dirt", "t_grass", "t_sand"], " ": ["t_dirt", "t_dirt", "t_dirt", "t_sidewalk", "t_pavement", "t_dirt", "t_dirt", "t_dirt", "t_sidewalk", "t_pavement", "t_dirt", "t_dirt", "t_dirt", "t_dirtmound", "t_sidewalk", "t_dirt", "t_dirt", "t_dirt", "t_dirtmound", "t_sidewalk", "t_dirt", "t_dirt", "t_dirt", "t_sand", "t_sand"]},
            "furniture": {
                "w": ["f_rubble", "f_rubble", "f_rubble", "f_rubble", "f_rubble", "f_rubble", "f_rubble", "f_ash", "f_rubble_rock", "f_ash", "f_null", "f_ash"],

                "'": ["f_ash", "f_ash", "f_ash", "f_null"],
                "_": ["f_ash", "f_null", "f_null"],
                "v": ["f_ash", "f_null", "f_null"],
                "V": ["f_ash", "f_null", "f_null"],
                ",": ["f_ash", "f_null", "f_null"],
                "-": ["f_rubble", "f_rubble", "f_rubble", "f_rubble", "f_rubble", "f_rubble", "f_rubble", "f_ash", "f_rubble_rock", "f_ash", "f_null", "f_ash"],
                "|": ["f_rubble", "f_rubble", "f_rubble", "f_rubble", "f_rubble", "f_rubble", "f_rubble", "f_ash", "f_rubble_rock", "f_ash", "f_null", "f_ash"],
                "T": ["f_ash", "f_ash", "f_ash", "f_null"],
                "s": ["f_ash", "f_null", "f_null"]
            },
            "place_monsters": [
                { "monster": "GROUP_ZOMBIE", "x": [1, 17], "y": [0, 23] }
            ]

        }
    },{
        "type": "mapgen",
        "om_terrain": ["hotel_tower_1_5"],
        "method": "json",
        "weight": 250,
        "object": {
            "fill_ter": "t_dirt",
            "rows": [
               "_,_____________________,",
               "_,_____________________,",
               "________________________",
               "________________________",
               "________________________",
               "________________________",
               "________________________",
               "__sssssssssssssssssssss_",
               "_,sssssCsssssssssCsssss,",
               "_,sssssssssssssssssssss,",
               "_,sss|HHHGGHHHGGHHH|sss,",
               "_,sssV............^|sss,",
               "_,sssV^............Vsss,",
               "_,sss|cccc.........Vsss,",
               "sssss|LL.c.........Vssss",
               "sssss|...x......hh.|ssss",
               "'''''|h..c......tt.V''''",
               "'''''|D.r|......tt.V''''",
               "''T''|-+-|......hh.V''T'",
               "'''''|^............|''''",
               "|-www||...........||www-",
               "|....d|...........|d..ht",
               "|c..BB|h.........h|BB..h",
               "|c.LBB|t.........t|BB..c"
            ],
            "terrain": {".": ["t_dirt", "t_dirt", "t_dirt", "t_grass", "t_pavement", "t_dirt", "t_dirt", "t_dirt", "t_grass", "t_rock_floor", "t_dirt", "t_dirt", "t_dirt", "t_grass", "t_dirtmound", "t_dirt", "t_dirt", "t_dirt", "t_grass", "t_sidewalk", "t_dirt", "t_dirt", "t_dirt", "t_grass", "t_sand"], " ": ["t_dirt", "t_dirt", "t_dirt", "t_sidewalk", "t_pavement", "t_dirt", "t_dirt", "t_dirt", "t_sidewalk", "t_pavement", "t_dirt", "t_dirt", "t_dirt", "t_dirtmound", "t_sidewalk", "t_dirt", "t_dirt", "t_dirt", "t_dirtmound", "t_sidewalk", "t_dirt", "t_dirt", "t_dirt", "t_sand", "t_sand"]},
            "furniture": {
                "w": ["f_rubble", "f_rubble", "f_rubble", "f_rubble", "f_rubble", "f_rubble", "f_rubble", "f_ash", "f_rubble_rock", "f_ash", "f_null", "f_ash"],
                "+": ["f_rubble", "f_rubble", "f_rubble", "f_rubble", "f_rubble", "f_rubble", "f_rubble", "f_ash", "f_rubble_rock", "f_ash", "f_null", "f_ash"],
                "G": ["f_rubble", "f_rubble", "f_rubble", "f_rubble", "f_rubble", "f_rubble", "f_rubble", "f_ash", "f_rubble_rock", "f_ash", "f_null", "f_ash"],

                "'": ["f_ash", "f_ash", "f_ash", "f_null"],
                "T": ["f_ash", "f_ash", "f_ash", "f_null"],
                "V": ["f_ash", "f_rubble", "f_ash", "f_rubble", "f_ash", "f_null"],
                "H": ["f_ash", "f_rubble", "f_ash", "f_rubble", "f_ash", "f_null"],
                "_": ["f_ash", "f_null", "f_null"],
                ",": ["f_ash", "f_null", "f_null"],
                "C": ["f_rubble", "f_rubble", "f_rubble", "f_rubble", "f_rubble", "f_rubble", "f_rubble", "f_ash", "f_rubble_rock", "f_ash", "f_null", "f_ash"],
                "x": ["f_wreckage", "f_wreckage", "f_wreckage", "f_wreckage", "f_wreckage", "f_wreckage", "f_rubble", "f_null"],
                "-": ["f_rubble", "f_rubble", "f_rubble", "f_rubble", "f_rubble", "f_rubble", "f_rubble", "f_ash", "f_rubble_rock", "f_ash", "f_null", "f_ash"],
                "|": ["f_rubble", "f_rubble", "f_rubble", "f_rubble", "f_rubble", "f_rubble", "f_rubble", "f_ash", "f_rubble_rock", "f_ash", "f_null", "f_ash"],
                "s": ["f_ash", "f_null", "f_null"]
            },
            "place_monsters": [
                { "monster": "GROUP_ZOMBIE", "x": [0, 23], "y": [7, 23], "repeat": 2 }
            ]

        }
    },{
        "type": "mapgen",
        "om_terrain": ["hotel_tower_1_5"],
        "method": "json",
        "weight": 250,
        "object": {
            "fill_ter": "t_dirt",
            "rows": [
               "________________________",
               "________________________",
               "________________________",
               "________________________",
               "________________________",
               "__,,,,,,,,,,,,,,,,,,,,,_",
               "___C_____C_____C_____C__",
               "________________________",
               "________________________",
               "________________________",
               "________________________",
               "________________________",
               "________________________",
               "__'''''''''''''''''''''_",
               "ssssssssssssssssssssssss",
               "sssss|---HGGHGGH---|ssss",
               "'''''|.............|''''",
               "'''''V.............V''''",
               "''T''V....ccccc....V''T'",
               "'''''|^...cDxDc...^|''''",
               "|-www||......hc...||www-",
               "|....d|...ccccc...|d..ht",
               "|c..BB|...........|BB..h",
               "|c.LBB|h.........h|BB..c"
            ],
            "terrain": {".": ["t_dirt", "t_dirt", "t_dirt", "t_grass", "t_pavement", "t_dirt", "t_dirt", "t_dirt", "t_grass", "t_rock_floor", "t_dirt", "t_dirt", "t_dirt", "t_grass", "t_dirtmound", "t_dirt", "t_dirt", "t_dirt", "t_grass", "t_sidewalk", "t_dirt", "t_dirt", "t_dirt", "t_grass", "t_sand"], " ": ["t_dirt", "t_dirt", "t_dirt", "t_sidewalk", "t_pavement", "t_dirt", "t_dirt", "t_dirt", "t_sidewalk", "t_pavement", "t_dirt", "t_dirt", "t_dirt", "t_dirtmound", "t_sidewalk", "t_dirt", "t_dirt", "t_dirt", "t_dirtmound", "t_sidewalk", "t_dirt", "t_dirt", "t_dirt", "t_sand", "t_sand"]},
            "furniture": {
                "w": ["f_rubble", "f_rubble", "f_rubble", "f_rubble", "f_rubble", "f_rubble", "f_rubble", "f_ash", "f_rubble_rock", "f_ash", "f_null", "f_ash"],
                "+": ["f_rubble", "f_rubble", "f_rubble", "f_rubble", "f_rubble", "f_rubble", "f_rubble", "f_ash", "f_rubble_rock", "f_ash", "f_null", "f_ash"],
                "G": ["f_rubble", "f_rubble", "f_rubble", "f_rubble", "f_rubble", "f_rubble", "f_rubble", "f_ash", "f_rubble_rock", "f_ash", "f_null", "f_ash"],

                "'": ["f_ash", "f_ash", "f_ash", "f_null"],
                "T": ["f_ash", "f_ash", "f_ash", "f_null"],
                "V": ["f_ash", "f_rubble", "f_ash", "f_rubble", "f_ash", "f_null"],
                "H": ["f_ash", "f_rubble", "f_ash", "f_rubble", "f_ash", "f_null"],
                "_": ["f_ash", "f_null", "f_null"],
                ",": ["f_ash", "f_null", "f_null"],
                "C": ["f_rubble", "f_rubble", "f_rubble", "f_rubble", "f_rubble", "f_rubble", "f_rubble", "f_ash", "f_rubble_rock", "f_ash", "f_null", "f_ash"],
                "x": ["f_wreckage", "f_wreckage", "f_wreckage", "f_wreckage", "f_wreckage", "f_wreckage", "f_rubble", "f_null"],
                "-": ["f_rubble", "f_rubble", "f_rubble", "f_rubble", "f_rubble", "f_rubble", "f_rubble", "f_ash", "f_rubble_rock", "f_ash", "f_null", "f_ash"],
                "|": ["f_rubble", "f_rubble", "f_rubble", "f_rubble", "f_rubble", "f_rubble", "f_rubble", "f_ash", "f_rubble_rock", "f_ash", "f_null", "f_ash"],
                "s": ["f_ash", "f_null", "f_null"],
                "~": ["f_ash", "f_null", "f_null"]
            },
            "place_monsters": [
                { "monster": "GROUP_ZOMBIE", "x": [0, 23], "y": [7, 23], "repeat": 2 }
            ]

        }
    },{
        "type": "mapgen",
        "om_terrain": ["hotel_tower_1_5"],
        "method": "json",
        "weight": 250,
        "object": {
            "fill_ter": "t_dirt",
            "rows": [
               "_,_____________________,",
               "_,_____________________,",
               "________________________",
               "________________________",
               "________________________",
               "________________________",
               "________________________",
               "_____sssssssssssssss____",
               "_,_sssssssssssssssssss_,",
               "_,sssssssssssssssssssss,",
               "_,ssssss-HHGGGHH-ssssss,",
               "_,sssss||^.....^||sssss,",
               "_,ssss||^......Yc||ssss,",
               "_,sss||^.......YcD||sss,",
               "sssssV^........YcxDVssss",
               "sssssV..........ch.Vssss",
               "'''''V.j.t......c..V''''",
               "'''''V.j.t......ch.V''''",
               "''T''V.j........c..V''T'",
               "'''''|.jjj......c.L|''''",
               "|-www||.........-+||www-",
               "|....d|...........|d..ht",
               "|c..BB|h.........h|BB..h",
               "|c.LBB|t.........t|BB..c"
            ],
            "terrain": {".": ["t_dirt", "t_dirt", "t_dirt", "t_grass", "t_pavement", "t_dirt", "t_dirt", "t_dirt", "t_grass", "t_rock_floor", "t_dirt", "t_dirt", "t_dirt", "t_grass", "t_dirtmound", "t_dirt", "t_dirt", "t_dirt", "t_grass", "t_sidewalk", "t_dirt", "t_dirt", "t_dirt", "t_grass", "t_sand"], " ": ["t_dirt", "t_dirt", "t_dirt", "t_sidewalk", "t_pavement", "t_dirt", "t_dirt", "t_dirt", "t_sidewalk", "t_pavement", "t_dirt", "t_dirt", "t_dirt", "t_dirtmound", "t_sidewalk", "t_dirt", "t_dirt", "t_dirt", "t_dirtmound", "t_sidewalk", "t_dirt", "t_dirt", "t_dirt", "t_sand", "t_sand"]},
            "furniture": {
                "w": ["f_rubble", "f_rubble", "f_rubble", "f_rubble", "f_rubble", "f_rubble", "f_rubble", "f_ash", "f_rubble_rock", "f_ash", "f_null", "f_ash"],
                "+": ["f_rubble", "f_rubble", "f_rubble", "f_rubble", "f_rubble", "f_rubble", "f_rubble", "f_ash", "f_rubble_rock", "f_ash", "f_null", "f_ash"],
                "G": ["f_rubble", "f_rubble", "f_rubble", "f_rubble", "f_rubble", "f_rubble", "f_rubble", "f_ash", "f_rubble_rock", "f_ash", "f_null", "f_ash"],

                "'": ["f_ash", "f_ash", "f_ash", "f_null"],
                "T": ["f_ash", "f_ash", "f_ash", "f_null"],
                "V": ["f_ash", "f_rubble", "f_ash", "f_rubble", "f_ash", "f_null"],
                "H": ["f_ash", "f_rubble", "f_ash", "f_rubble", "f_ash", "f_null"],
                "_": ["f_ash", "f_null", "f_null"],
                ",": ["f_ash", "f_null", "f_null"],
                "C": ["f_rubble", "f_rubble", "f_rubble", "f_rubble", "f_rubble", "f_rubble", "f_rubble", "f_ash", "f_rubble_rock", "f_ash", "f_null", "f_ash"],
                "x": ["f_wreckage", "f_wreckage", "f_wreckage", "f_wreckage", "f_wreckage", "f_wreckage", "f_rubble", "f_null"],
                "-": ["f_rubble", "f_rubble", "f_rubble", "f_rubble", "f_rubble", "f_rubble", "f_rubble", "f_ash", "f_rubble_rock", "f_ash", "f_null", "f_ash"],
                "|": ["f_rubble", "f_rubble", "f_rubble", "f_rubble", "f_rubble", "f_rubble", "f_rubble", "f_ash", "f_rubble_rock", "f_ash", "f_null", "f_ash"],
                "s": ["f_ash", "f_null", "f_null"]
            },
            "place_monsters": [
                { "monster": "GROUP_ZOMBIE", "x": [0, 23], "y": [7, 23], "repeat": 2 }
            ]

        }
    },{
        "type": "mapgen",
        "om_terrain": ["hotel_tower_1_6"],
        "method": "json",
        "weight": 250,
        "object": {
            "fill_ter": "t_dirt",
            "rows": [
               " s_____,_____,_____,____",
               " s_____,_____,_____,____",
               " s______________________",
               " s______________________",
               " s______________________",
               " s______________________",
               " s______________________",
               " s______________________",
               " s_____,_____,_____,____",
               " s_____,_____,_____,____",
               " s_____,_____,_____,____",
               " s_____,_____,_____,____",
               " s_____,___v_,_____,____",
               " s_____,_____,_____,____",
               " sssssssssssssssssssssss",
               " sssssssssssssssssssssss",
               " s''''''''''''''''''''''",
               " s''''''''''''''''''''''",
               " s''''''''''T'''''T'''''",
               " s''''''''''''''''''''''",
               " s''''|-www-|-www-|-www-",
               " s''''|...Ld|....d|....d",
               " s''''|c..BB|o..BB|c.LBB",
               " s''''|c..BB|c..BB|o..BB"
            ],
            "terrain": {".": ["t_dirt", "t_dirt", "t_dirt", "t_grass", "t_pavement", "t_dirt", "t_dirt", "t_dirt", "t_grass", "t_rock_floor", "t_dirt", "t_dirt", "t_dirt", "t_grass", "t_dirtmound", "t_dirt", "t_dirt", "t_dirt", "t_grass", "t_sidewalk", "t_dirt", "t_dirt", "t_dirt", "t_grass", "t_sand"], " ": ["t_dirt", "t_dirt", "t_dirt", "t_sidewalk", "t_pavement", "t_dirt", "t_dirt", "t_dirt", "t_sidewalk", "t_pavement", "t_dirt", "t_dirt", "t_dirt", "t_dirtmound", "t_sidewalk", "t_dirt", "t_dirt", "t_dirt", "t_dirtmound", "t_sidewalk", "t_dirt", "t_dirt", "t_dirt", "t_sand", "t_sand"]},
            "furniture": {
                "w": ["f_rubble", "f_rubble", "f_rubble", "f_rubble", "f_rubble", "f_rubble", "f_rubble", "f_ash", "f_rubble_rock", "f_ash", "f_null", "f_ash"],

                " ": ["f_ash", "f_ash", "f_ash", "f_null"],
                "'": ["f_ash", "f_ash", "f_ash", "f_null"],
                "_": ["f_ash", "f_null", "f_null"],
                "v": ["f_ash", "f_null", "f_null"],
                ",": ["f_ash", "f_null", "f_null"],
                "-": ["f_rubble", "f_rubble", "f_rubble", "f_rubble", "f_rubble", "f_rubble", "f_rubble", "f_ash", "f_rubble_rock", "f_ash", "f_null", "f_ash"],
                "|": ["f_rubble", "f_rubble", "f_rubble", "f_rubble", "f_rubble", "f_rubble", "f_rubble", "f_ash", "f_rubble_rock", "f_ash", "f_null", "f_ash"],
                "T": ["f_ash", "f_ash", "f_ash", "f_null"],
                "s": ["f_ash", "f_null", "f_null"]
            },
            "place_monsters": [
                { "monster": "GROUP_ZOMBIE", "x": [7, 23], "y": [0, 23] }
            ]

        }
    },{
        "type": "mapgen",
        "om_terrain": ["hotel_tower_1_7"],
        "method": "json",
        "weight": 250,
        "object": {
            "fill_ter": "t_dirt",
            "rows": [
               "|....c|....c|....c|''''s",
               "|h...L|h....|h....|''''s",
               "|th...|th...|th...|''''s",
               "|--|..|--|..|--|..|''''s",
               "|S.+..|S.+..|S.+..|''''s",
               "|T.|..|T.|..|T.|..|''''s",
               "|bb|..|bb|..|bb|..|--|'s",
               "|--|D-|--|D-|--|D-|<.|'s",
               "..................|..|ss",
               "..................+..=ss",
               "..................|..|ss",
               "|--|D-|--|D-|--|D-|..|  ",
               "|bb|..|bb|..|bb|..|--|  ",
               "|T.|..|T.|..|T.|..|     ",
               "|S.+..|S.+..|S.+..|     ",
               "|--|..|--|..|--|..|     ",
               "|th...|BB...|th...|     ",
               "|h....|BB..c|h....|     ",
               "|....o|dL..c|....o|     ",
               "|BB..c|BB..o|BB..c|     ",
               "|BB..c|BB..h|BB..c|     ",
               "|dL...|d..ht|d....|     ",
               "|-www-|-www-|-www-|     ",
               "                        "
            ],
            "terrain": {".": ["t_dirt", "t_dirt", "t_dirt", "t_grass", "t_pavement", "t_dirt", "t_dirt", "t_dirt", "t_grass", "t_rock_floor", "t_dirt", "t_dirt", "t_dirt", "t_grass", "t_dirtmound", "t_dirt", "t_dirt", "t_dirt", "t_grass", "t_sidewalk", "t_dirt", "t_dirt", "t_dirt", "t_grass", "t_sand"], " ": ["t_dirt", "t_dirt", "t_dirt", "t_sidewalk", "t_pavement", "t_dirt", "t_dirt", "t_dirt", "t_sidewalk", "t_pavement", "t_dirt", "t_dirt", "t_dirt", "t_dirtmound", "t_sidewalk", "t_dirt", "t_dirt", "t_dirt", "t_dirtmound", "t_sidewalk", "t_dirt", "t_dirt", "t_dirt", "t_sand", "t_sand"]},
            "furniture": {
                "w": ["f_rubble", "f_rubble", "f_rubble", "f_rubble", "f_rubble", "f_rubble", "f_rubble", "f_ash", "f_rubble_rock", "f_ash", "f_null", "f_ash"],
                "+": ["f_rubble", "f_rubble", "f_rubble", "f_rubble", "f_rubble", "f_rubble", "f_rubble", "f_ash", "f_rubble_rock", "f_ash", "f_null", "f_ash"],
                "D": ["f_rubble", "f_rubble", "f_rubble", "f_rubble", "f_rubble", "f_rubble", "f_rubble", "f_ash", "f_rubble_rock", "f_ash", "f_null", "f_ash"],
                "=": ["f_rubble", "f_rubble", "f_rubble", "f_rubble", "f_rubble", "f_rubble", "f_rubble", "f_ash", "f_rubble_rock", "f_ash", "f_null", "f_ash"],

                " ": ["f_ash", "f_ash", "f_ash", "f_null"],
                "'": ["f_ash", "f_ash", "f_ash", "f_null"],
                "<": ["f_rubble", "f_rubble", "f_rubble", "f_rubble", "f_rubble", "f_rubble", "f_rubble", "f_ash", "f_rubble_rock", "f_ash", "f_null", "f_ash"],
                "-": ["f_rubble", "f_rubble", "f_rubble", "f_rubble", "f_rubble", "f_rubble", "f_rubble", "f_ash", "f_rubble_rock", "f_ash", "f_null", "f_ash"],
                "|": ["f_rubble", "f_rubble", "f_rubble", "f_rubble", "f_rubble", "f_rubble", "f_rubble", "f_ash", "f_rubble_rock", "f_ash", "f_null", "f_ash"],
                "s": ["f_ash", "f_null", "f_null"]
            },
            "place_monsters": [
                { "monster": "GROUP_ZOMBIE", "x": [1, 17], "y": [0, 22], "repeat": 2 }
            ]

        }
    },{
        "type": "mapgen",
        "om_terrain": ["hotel_tower_1_8"],
        "method": "json",
        "weight": 250,
        "object": {
            "fill_ter": "t_dirt",
            "rows": [
               "|c....|t.........t|d...c",
               "|....h|h.........h|BB..c",
               "|...ht|^.........^|BB...",
               "|..|--|---|...|---|--|..",
               "|..+.S|EEE=...|xEE|S.+..",
               "|..|.T|EEE=...=EEE|T.|..",
               "|..|bb|EEx|...=EEE|bb|..",
               "|-D|--|---|...|---|--|D-",
               "........................",
               "........................",
               "........................",
               "|-D|--|-D|--|--|D-|--|D-",
               "|..|bb|..|bb|bb|..|bb|..",
               "|..|.T|..|.T|T.|..|T.|..",
               "|..+.S|..+.S|S.+..|S.+..",
               "|..|--|..|--|--|..|--|..",
               "|...ht|...ht|BB..L|th...",
               "|....h|....h|BB..c|h....",
               "|c...L|o....|d...c|....c",
               "|c..BB|c..BB|BB..o|BB..o",
               "|o..BB|c..BB|BB..h|BB..c",
               "|....d|....d|d..ht|d....",
               "|-www-|-www-|-www-|-www-",
               "                        "
            ],
            "terrain": {".": ["t_dirt", "t_dirt", "t_dirt", "t_grass", "t_pavement", "t_dirt", "t_dirt", "t_dirt", "t_grass", "t_rock_floor", "t_dirt", "t_dirt", "t_dirt", "t_grass", "t_dirtmound", "t_dirt", "t_dirt", "t_dirt", "t_grass", "t_sidewalk", "t_dirt", "t_dirt", "t_dirt", "t_grass", "t_sand"], " ": ["t_dirt", "t_dirt", "t_dirt", "t_sidewalk", "t_pavement", "t_dirt", "t_dirt", "t_dirt", "t_sidewalk", "t_pavement", "t_dirt", "t_dirt", "t_dirt", "t_dirtmound", "t_sidewalk", "t_dirt", "t_dirt", "t_dirt", "t_dirtmound", "t_sidewalk", "t_dirt", "t_dirt", "t_dirt", "t_sand", "t_sand"]},
            "furniture": {
                "w": ["f_rubble", "f_rubble", "f_rubble", "f_rubble", "f_rubble", "f_rubble", "f_rubble", "f_ash", "f_rubble_rock", "f_ash", "f_null", "f_ash"],
                "+": ["f_rubble", "f_rubble", "f_rubble", "f_rubble", "f_rubble", "f_rubble", "f_rubble", "f_ash", "f_rubble_rock", "f_ash", "f_null", "f_ash"],
                "D": ["f_rubble", "f_rubble", "f_rubble", "f_rubble", "f_rubble", "f_rubble", "f_rubble", "f_ash", "f_rubble_rock", "f_ash", "f_null", "f_ash"],
                "=": ["f_wreckage", "f_wreckage", "f_wreckage", "f_wreckage", "f_wreckage", "f_wreckage", "f_rubble", "f_null"],

                "E": ["f_wreckage", "f_wreckage", "f_wreckage", "f_wreckage", "f_wreckage", "f_wreckage", "f_rubble", "f_null"],
                "x": ["f_wreckage", "f_wreckage", "f_wreckage", "f_wreckage", "f_wreckage", "f_wreckage", "f_rubble", "f_null"],
                "-": ["f_rubble", "f_rubble", "f_rubble", "f_rubble", "f_rubble", "f_rubble", "f_rubble", "f_ash", "f_rubble_rock", "f_ash", "f_null", "f_ash"],
                "|": ["f_rubble", "f_rubble", "f_rubble", "f_rubble", "f_rubble", "f_rubble", "f_rubble", "f_ash", "f_rubble_rock", "f_ash", "f_null", "f_ash"]
            },
            "place_monsters": [
                { "monster": "GROUP_ZOMBIE", "x": [0, 23], "y": [23, 3], "repeat": 2 }
            ]

        }
    },{
        "type": "mapgen",
        "om_terrain": ["hotel_tower_1_9"],
        "method": "json",
        "weight": 250,
        "object": {
            "fill_ter": "t_dirt",
            "rows": [
               " s''''|o....|c....|c....",
               " s''''|....h|...Lh|....h",
               " s''''|...ht|...ht|...ht",
               " s''''|..|--|..|--|..|--",
               " s''''|..+.S|..+.S|..+.S",
               " s''''|..|.T|..|.T|..|.T",
               " s'|--|..|bb|..|bb|..|bb",
               " s'|.<|-D|--|-D|--|-D|--",
               " ss|..|.................",
               " ss=..+.................",
               " ss|..|^................",
               "   |..|-D|--|-D|--|-D|--",
               "   |--|..|bb|..|bb|..|bb",
               "      |..|.T|..|.T|..|.T",
               "      |..+.S|..+.S|..+.S",
               "      |..|--|..|--|..|--",
               "      |..Lht|..LBB|...ht",
               "      |....h|o..BB|....h",
               "      |c....|c...d|c....",
               "      |o..BB|c..BB|c..BB",
               "      |c..BB|h..BB|o..BB",
               "      |....d|th..d|....d",
               "      |-www-|-www-|-www-",
               "                        "
            ],
            "terrain": {".": ["t_dirt", "t_dirt", "t_dirt", "t_grass", "t_pavement", "t_dirt", "t_dirt", "t_dirt", "t_grass", "t_rock_floor", "t_dirt", "t_dirt", "t_dirt", "t_grass", "t_dirtmound", "t_dirt", "t_dirt", "t_dirt", "t_grass", "t_sidewalk", "t_dirt", "t_dirt", "t_dirt", "t_grass", "t_sand"], " ": ["t_dirt", "t_dirt", "t_dirt", "t_sidewalk", "t_pavement", "t_dirt", "t_dirt", "t_dirt", "t_sidewalk", "t_pavement", "t_dirt", "t_dirt", "t_dirt", "t_dirtmound", "t_sidewalk", "t_dirt", "t_dirt", "t_dirt", "t_dirtmound", "t_sidewalk", "t_dirt", "t_dirt", "t_dirt", "t_sand", "t_sand"]},
            "furniture": {
                "w": ["f_rubble", "f_rubble", "f_rubble", "f_rubble", "f_rubble", "f_rubble", "f_rubble", "f_ash", "f_rubble_rock", "f_ash", "f_null", "f_ash"],
                "+": ["f_rubble", "f_rubble", "f_rubble", "f_rubble", "f_rubble", "f_rubble", "f_rubble", "f_ash", "f_rubble_rock", "f_ash", "f_null", "f_ash"],
                "D": ["f_rubble", "f_rubble", "f_rubble", "f_rubble", "f_rubble", "f_rubble", "f_rubble", "f_ash", "f_rubble_rock", "f_ash", "f_null", "f_ash"],
                "=": ["f_rubble", "f_rubble", "f_rubble", "f_rubble", "f_rubble", "f_rubble", "f_rubble", "f_ash", "f_rubble_rock", "f_ash", "f_null", "f_ash"],

                " ": ["f_ash", "f_ash", "f_ash", "f_null"],
                "'": ["f_ash", "f_ash", "f_ash", "f_null"],
                "<": ["f_rubble", "f_rubble", "f_rubble", "f_rubble", "f_rubble", "f_rubble", "f_rubble", "f_ash", "f_rubble_rock", "f_ash", "f_null", "f_ash"],
                "-": ["f_rubble", "f_rubble", "f_rubble", "f_rubble", "f_rubble", "f_rubble", "f_rubble", "f_ash", "f_rubble_rock", "f_ash", "f_null", "f_ash"],
                "|": ["f_rubble", "f_rubble", "f_rubble", "f_rubble", "f_rubble", "f_rubble", "f_rubble", "f_ash", "f_rubble_rock", "f_ash", "f_null", "f_ash"],
                "s": ["f_ash", "f_null", "f_null"]
            },
            "place_monsters": [
                { "monster": "GROUP_ZOMBIE", "x": [7, 23], "y": [0, 22], "repeat": 2 }
            ]

        }
    },{
        "type": "mapgen",
        "om_terrain": ["hotel_tower_b_1"],
        "method": "json",
        "weight": 250,
        "object": {
            "fill_ter": "t_dirt",
            "rows": [
               "|#######################",
               "|#######################",
               "|#######################",
               "|#######################",
               "|#######################",
               "|#######################",
               "|#################|--|##",
               "|-----------------|..|##",
               "tth..............^|..|##",
               "..................+..|##",
               "..................|..|##",
               "...|-HHHHHHHH-----|<.|##",
               "...|^.............|--|##",
               "...V..E..E..E..E..|#####",
               "...V..............|#####",
               "...G..............|#####",
               "...V..............|#####",
               "...V..E.........E.|#####",
               "...V..............|#####",
               "...V..E...........|#####",
               "...|..............|#####",
               "th^|...ee..E......|#####",
               "---|--------------|#####",
               "########################"
            ],
            "terrain": {".": ["t_dirt", "t_dirt", "t_dirt", "t_grass", "t_pavement", "t_dirt", "t_dirt", "t_dirt", "t_grass", "t_rock_floor", "t_dirt", "t_dirt", "t_dirt", "t_grass", "t_dirtmound", "t_dirt", "t_dirt", "t_dirt", "t_grass", "t_sidewalk", "t_dirt", "t_dirt", "t_dirt", "t_grass", "t_sand"], " ": ["t_dirt", "t_dirt", "t_dirt", "t_sidewalk", "t_pavement", "t_dirt", "t_dirt", "t_dirt", "t_sidewalk", "t_pavement", "t_dirt", "t_dirt", "t_dirt", "t_dirtmound", "t_sidewalk", "t_dirt", "t_dirt", "t_dirt", "t_dirtmound", "t_sidewalk", "t_dirt", "t_dirt", "t_dirt", "t_sand", "t_sand"]},
            "furniture": {
                "+": ["f_rubble", "f_rubble", "f_rubble", "f_rubble", "f_rubble", "f_rubble", "f_rubble", "f_ash", "f_rubble_rock", "f_ash", "f_null", "f_ash"],
                "G": ["f_rubble", "f_rubble", "f_rubble", "f_rubble", "f_rubble", "f_rubble", "f_rubble", "f_ash", "f_rubble_rock", "f_ash", "f_null", "f_ash"],

                "<": ["f_rubble", "f_rubble", "f_rubble", "f_rubble", "f_rubble", "f_rubble", "f_rubble", "f_ash", "f_rubble_rock", "f_ash", "f_null", "f_ash"],
                "H": ["f_ash", "f_rubble", "f_ash", "f_rubble", "f_ash", "f_null"],
                "V": ["f_ash", "f_rubble", "f_ash", "f_rubble", "f_ash", "f_null"],
                "-": ["f_rubble", "f_rubble", "f_rubble", "f_rubble", "f_rubble", "f_rubble", "f_rubble", "f_ash", "f_rubble_rock", "f_ash", "f_null", "f_ash"],
                "|": ["f_rubble", "f_rubble", "f_rubble", "f_rubble", "f_rubble", "f_rubble", "f_rubble", "f_ash", "f_rubble_rock", "f_ash", "f_null", "f_ash"],
                "#": ["f_ash", "f_ash", "f_ash", "f_null"]
            },
            "place_monsters": [
                { "monster": "GROUP_HOTEL_GYM", "x": [4, 17] , "y": [12, 21], "repeat": 2 }
            ]
        }
    },{
        "type": "mapgen",
        "om_terrain": ["hotel_tower_b_2"],
        "method": "json",
        "weight": 250,
        "object": {
            "fill_ter": "t_dirt",
            "rows": [
               "|-----|-----------|-----",
               "|T+...|.rrr...l..l|...+T",
               "|-|..c|..........l|c..|-",
               "|T+..S|---|-+-|---|S..+T",
               "|-|..c|EEE+..^|xEE|c..|-",
               "|.+..S|EEE+...+EEE|S..+.",
               "|T|..c|EEx|...+EEE|c..|T",
               "|---+-|---|HGH|---|-+---",
               "h......................h",
               "........................",
               "........................",
               "........................",
               "sssssssssssssssssssssss.",
               "swwwwwwwwwwwwWWWWWWWWWs.",
               "swwwwwwwwwwwwWWWWWWWWWs.",
               "swwwwwwwwwwwwWWWWWWWWWs.",
               "swwwwwwwwwwwwWWWWWWWWWs.",
               "swwwwwwwwwwwwWWWWWWWWWs.",
               "swwwwwwwwwwwwWWWWWWWWWs.",
               "sssssssssssssssssssssss.",
               "........................",
               ".......^rrr^..........ht",
               "------------------------",
               "########################"
            ],
            "terrain": {".": ["t_dirt", "t_dirt", "t_dirt", "t_grass", "t_pavement", "t_dirt", "t_dirt", "t_dirt", "t_grass", "t_rock_floor", "t_dirt", "t_dirt", "t_dirt", "t_grass", "t_dirtmound", "t_dirt", "t_dirt", "t_dirt", "t_grass", "t_sidewalk", "t_dirt", "t_dirt", "t_dirt", "t_grass", "t_sand"], " ": ["t_dirt", "t_dirt", "t_dirt", "t_sidewalk", "t_pavement", "t_dirt", "t_dirt", "t_dirt", "t_sidewalk", "t_pavement", "t_dirt", "t_dirt", "t_dirt", "t_dirtmound", "t_sidewalk", "t_dirt", "t_dirt", "t_dirt", "t_dirtmound", "t_sidewalk", "t_dirt", "t_dirt", "t_dirt", "t_sand", "t_sand"]},
            "furniture": {
                "G": ["f_rubble", "f_rubble", "f_rubble", "f_rubble", "f_rubble", "f_rubble", "f_rubble", "f_ash", "f_rubble_rock", "f_ash", "f_null", "f_ash"],

                "E": ["f_wreckage", "f_wreckage", "f_wreckage", "f_wreckage", "f_wreckage", "f_wreckage", "f_rubble", "f_null"],
                "W": ["f_ash", "f_null", "f_null"],
                "w": ["f_ash", "f_null", "f_null"],
                "H": ["f_ash", "f_rubble", "f_ash", "f_rubble", "f_ash", "f_null"],
                "x": ["f_wreckage", "f_wreckage", "f_wreckage", "f_wreckage", "f_wreckage", "f_wreckage", "f_rubble", "f_null"],
                "-": ["f_rubble", "f_rubble", "f_rubble", "f_rubble", "f_rubble", "f_rubble", "f_rubble", "f_ash", "f_rubble_rock", "f_ash", "f_null", "f_ash"],
                "|": ["f_rubble", "f_rubble", "f_rubble", "f_rubble", "f_rubble", "f_rubble", "f_rubble", "f_ash", "f_rubble_rock", "f_ash", "f_null", "f_ash"],
                "#": ["f_ash", "f_ash", "f_ash", "f_null"],
                "+": ["f_rubble", "f_rubble", "f_rubble", "f_rubble", "f_rubble", "f_rubble", "f_rubble", "f_ash", "f_rubble_rock", "f_ash", "f_null", "f_ash"],
                "s": ["f_ash", "f_null", "f_null"]
            },
            "place_monsters": [
                { "monster": "GROUP_HOTEL_POOL", "x": [0, 22], "y": [12, 19], "repeat": 2 }
            ]

        }
    },{
        "type": "mapgen",
        "om_terrain": ["hotel_tower_b_3"],
        "method": "json",
        "weight": 250,
        "object": {
            "fill_ter": "t_dirt",
            "rows": [
               "########################",
               "########################",
               "########################",
               "########################",
               "########################",
               "########################",
               "###|--|#################",
               "###|..|-----------------",
               "###|..|^.............htt",
               "###|..+.................",
               "###|..|.................",
               "###|.<|-------++---|....",
               "###|--|cWWWW......r|....",
               "######|c..........r|....",
               "######|S..........r|....",
               "######|cDDDDrr....r|....",
               "######|--------=---|....",
               "######|............|....",
               "######|...$........|....",
               "######|...$........|....",
               "######|$$$$$PP$$$$.|....",
               "######|............|^...",
               "######|------------|----",
               "########################"
            ],
            "terrain": {".": ["t_dirt", "t_dirt", "t_dirt", "t_grass", "t_pavement", "t_dirt", "t_dirt", "t_dirt", "t_grass", "t_rock_floor", "t_dirt", "t_dirt", "t_dirt", "t_grass", "t_dirtmound", "t_dirt", "t_dirt", "t_dirt", "t_grass", "t_sidewalk", "t_dirt", "t_dirt", "t_dirt", "t_grass", "t_sand"], " ": ["t_dirt", "t_dirt", "t_dirt", "t_sidewalk", "t_pavement", "t_dirt", "t_dirt", "t_dirt", "t_sidewalk", "t_pavement", "t_dirt", "t_dirt", "t_dirt", "t_dirtmound", "t_sidewalk", "t_dirt", "t_dirt", "t_dirt", "t_dirtmound", "t_sidewalk", "t_dirt", "t_dirt", "t_dirt", "t_sand", "t_sand"]},
            "furniture": {
                "P": ["f_wreckage", "f_wreckage", "f_wreckage", "f_wreckage", "f_wreckage", "f_wreckage", "f_rubble", "f_null"],
                "$": ["f_wreckage", "f_wreckage", "f_wreckage", "f_wreckage", "f_wreckage", "f_wreckage", "f_rubble", "f_null"],
                "<": ["f_rubble", "f_rubble", "f_rubble", "f_rubble", "f_rubble", "f_rubble", "f_rubble", "f_ash", "f_rubble_rock", "f_ash", "f_null", "f_ash"],
                "-": ["f_rubble", "f_rubble", "f_rubble", "f_rubble", "f_rubble", "f_rubble", "f_rubble", "f_ash", "f_rubble_rock", "f_ash", "f_null", "f_ash"],
                "|": ["f_rubble", "f_rubble", "f_rubble", "f_rubble", "f_rubble", "f_rubble", "f_rubble", "f_ash", "f_rubble_rock", "f_ash", "f_null", "f_ash"],
                "#": ["f_ash", "f_ash", "f_ash", "f_null"],
                "+": ["f_rubble", "f_rubble", "f_rubble", "f_rubble", "f_rubble", "f_rubble", "f_rubble", "f_ash", "f_rubble_rock", "f_ash", "f_null", "f_ash"],
                "=": ["f_rubble", "f_rubble", "f_rubble", "f_rubble", "f_rubble", "f_rubble", "f_rubble", "f_ash", "f_rubble_rock", "f_ash", "f_null", "f_ash"]
            }
        }
    }
]
