[
    {
        "type" : "mapgen",
        "om_terrain" : ["s_restaurant"],
        "method": "json",
        "weight": 1000,
        "object": {
            "fill_ter": "t_dirt",
            "rows": [
                "____,____,____,____,____",
                "____,____,____,____,____",
                "____,____,____,____,____",
                "____,____,____,____,____",
                "|-GGGGGG---++---GGGGGG-|",
                "|......................|",
                "C..BB...BB....BB...BB..C",
                "W..TT...TT....TT...TT..W",
                "W..TT...TT....TT...TT..W",
                "C..BB...BB....BB...BB..C",
                "|^....................^|",
                "C..BB...BB....BB...BB..C",
                "W..TT...TT....TT...TT..W",
                "W..TT...TT....TT...TT..W",
                "C..BB...BB....BB...BB..C",
                "|---...................|",
                "|Sg|...................|",
                "|Pg+..|-------------|..|",
                "|--|..|FF#SS##OO##{{|..|",
                "|Pg+..|wgwgwgwgwgwgw|..|",
                "|Sg|..|&&###RR###gwg+..|",
                "|-----------------C-|..|",
                "_______dd___________D..|",
                "____________________|--|"
            ],
            "terrain": {".": ["t_dirt", "t_dirt", "t_dirt", "t_grass", "t_pavement", "t_dirt", "t_dirt", "t_dirt", "t_grass", "t_rock_floor", "t_dirt", "t_dirt", "t_dirt", "t_grass", "t_dirtmound", "t_dirt", "t_dirt", "t_dirt", "t_grass", "t_sidewalk", "t_dirt", "t_dirt", "t_dirt", "t_grass", "t_sand"], " ": ["t_dirt", "t_dirt", "t_dirt", "t_sidewalk", "t_pavement", "t_dirt", "t_dirt", "t_dirt", "t_sidewalk", "t_pavement", "t_dirt", "t_dirt", "t_dirt", "t_dirtmound", "t_sidewalk", "t_dirt", "t_dirt", "t_dirt", "t_dirtmound", "t_sidewalk", "t_dirt", "t_dirt", "t_dirt", "t_sand", "t_sand"]},
            "furniture": {
                "|": ["f_rubble", "f_rubble", "f_rubble", "f_rubble", "f_rubble", "f_rubble", "f_rubble", "f_ash", "f_rubble_rock", "f_ash", "f_null", "f_ash"],
                "-": ["f_rubble", "f_rubble", "f_rubble", "f_rubble", "f_rubble", "f_rubble", "f_rubble", "f_ash", "f_rubble_rock", "f_ash", "f_null", "f_ash"],
                "W": ["f_rubble", "f_rubble", "f_rubble", "f_rubble", "f_rubble", "f_rubble", "f_rubble", "f_ash", "f_rubble_rock", "f_ash", "f_null", "f_ash"],
                "+": ["f_rubble", "f_rubble", "f_rubble", "f_rubble", "f_rubble", "f_rubble", "f_rubble", "f_ash", "f_rubble_rock", "f_ash", "f_null", "f_ash"],
                "D": ["f_rubble", "f_rubble", "f_rubble", "f_rubble", "f_rubble", "f_rubble", "f_rubble", "f_ash", "f_rubble_rock", "f_ash", "f_null", "f_ash"],
                "_": ["f_ash", "f_null", "f_null"],
                ",": ["f_ash", "f_null", "f_null"],
                "G": ["f_ash", "f_rubble", "f_ash", "f_rubble", "f_ash", "f_null"],
                "C": ["f_rubble", "f_rubble", "f_rubble", "f_rubble", "f_rubble", "f_rubble", "f_rubble", "f_ash", "f_rubble_rock", "f_ash", "f_null", "f_ash"],
                "w": ["f_ash", "f_rubble", "f_ash", "f_rubble", "f_ash", "f_null"],
                "g": ["f_ash", "f_rubble", "f_ash", "f_rubble", "f_ash", "f_null"],
                "d": ["f_ash", "f_null", "f_null"],
                "S": ["f_ash", "f_rubble", "f_ash", "f_rubble", "f_ash", "f_null"],
                "P": ["f_ash", "f_rubble", "f_ash", "f_rubble", "f_ash", "f_null"],
                "F": ["f_ash", "f_rubble", "f_ash", "f_rubble", "f_ash", "f_null"],
                "#": ["f_rubble", "f_rubble", "f_rubble", "f_rubble", "f_rubble", "f_rubble", "f_rubble", "f_ash", "f_rubble_rock", "f_ash", "f_null", "f_ash"],
                "R": ["f_ash", "f_rubble", "f_ash", "f_rubble", "f_ash", "f_null"],
                "O": ["f_ash", "f_rubble", "f_ash", "f_rubble", "f_ash", "f_null"],
                "{": ["f_ash", "f_rubble", "f_ash", "f_rubble", "f_ash", "f_null"],
                "&": ["f_ash", "f_rubble", "f_ash", "f_rubble", "f_ash", "f_null"]
            },
            "place_monsters": [
                {"monster": "GROUP_GROCERY","chance": 5, "x": [7,19],  "y": 19},
                {"monster": "GROUP_ROACH","chance": 20, "x": [7,19],  "y": 19}
            ] 
        }
    }
]
