[
    {
        "type": "monstergroup",
        "name": "CAMPERS",
        "default": "mon_null",
        "monsters": [
            { "monster": "mon_zombie", "freq": 100, "cost_multiplier": 1, "pack_size": [1,2] },
            { "monster": "mon_zombie_child", "freq": 100, "cost_multiplier": 1, "pack_size": [1,2] },
            { "monster": "mon_zombie_rot", "freq": 100, "cost_multiplier":1, "pack_size": [1,2] },
            { "monster": "mon_zombie_dog", "freq": 100, "cost_multiplier": 1, "pack_size": [1,2] },
            { "monster": "mon_dog_skeleton", "freq": 100, "cost_multiplier": 1, "pack_size": [1,2] }
        ]
    },{
        "type": "mapgen",
        "om_terrain": [
            "campsite"
        ],
        "weight": 500,
        "method": "json",
        "object": {            "fill_ter": "t_dirt",
            "rows": [
                "........................",
                "........................",
                "........................",
                "........................",
                ".........###............",
                "......t..#'#...t........",
                ".........#+#............",
                "....###.................",
                "....#'+....-............",
                "....###..-ddd-..........",
                "..........ddd...........",
                "....###..-ddd-..........",
                "....#'+....-............",
                "....###.................",
                ".........#+#..#+#.......",
                "....-r-..#'#..#'#.......",
                "....-r-..###..###.......",
                "........................",
                "....-r-...t....t........",
                "....-r-.............t...",
                "........................",
                "........................",
                "........................",
                "........................"
            ],
            "terrain": {".": ["t_dirt", "t_dirt", "t_dirt", "t_grass", "t_pavement", "t_dirt", "t_dirt", "t_dirt", "t_grass", "t_rock_floor", "t_dirt", "t_dirt", "t_dirt", "t_grass", "t_dirtmound", "t_dirt", "t_dirt", "t_dirt", "t_grass", "t_sidewalk", "t_dirt", "t_dirt", "t_dirt", "t_grass", "t_sand"], " ": ["t_dirt", "t_dirt", "t_dirt", "t_sidewalk", "t_pavement", "t_dirt", "t_dirt", "t_dirt", "t_sidewalk", "t_pavement", "t_dirt", "t_dirt", "t_dirt", "t_dirtmound", "t_sidewalk", "t_dirt", "t_dirt", "t_dirt", "t_dirtmound", "t_sidewalk", "t_dirt", "t_dirt", "t_dirt", "t_sand", "t_sand"]},
            "furniture": {
                ".": ["f_ash", "f_ash", "f_ash", "f_null"],
                "#": ["f_ash", "f_ash", "f_ash", "f_null"],
                "'": ["f_ash", "f_ash", "f_ash", "f_null"],
                "+": ["f_ash", "f_ash", "f_ash", "f_null"],
                "t": ["f_ash", "f_rubble", "f_ash", "f_rubble", "f_ash", "f_null"],
                "-": ["f_ash", "f_null", "f_null"],
                "d": ["f_ash", "f_null", "f_null"],
                "r": ["f_ash", "f_null", "f_null"]
            },
            "place_monsters": [
                { "x": [0,23], "y": [0,23], "monster": "CAMPERS", "chance": 75, "repeat": [1,3] }
            ]
        }
    },{
        "type": "mapgen",
        "om_terrain": [
            "campsite_cabin_incomplete"
        ],
        "weight": 500,
        "method": "json",
        "object": {            "fill_ter": "t_dirt",
            "rows": [
                "........................",
                "........................",
                "..###..........xxwwxx...",
                "..#'#..........xffffx...",
                "..#+#............fffx...",
                "......-r-.........ffx...",
                "..ddd.............f.....",
                "..ddd-..................",
                "..ddd..........k.k.k....",
                "...............k.k.k....",
                "...............k.k.k....",
                "...............k.k.k....",
                "........................",
                ".................k......",
                "..............kkk.......",
                "....................k...",
                ".t.................k....",
                ".....t.............k....",
                "..........t....t..k.....",
                ".......t....t.......t...",
                "...t............t.......",
                "........t...t...........",
                ".t................t.....",
                "........................"
            ],
            "terrain": {".": ["t_dirt", "t_dirt", "t_dirt", "t_grass", "t_pavement", "t_dirt", "t_dirt", "t_dirt", "t_grass", "t_rock_floor", "t_dirt", "t_dirt", "t_dirt", "t_grass", "t_dirtmound", "t_dirt", "t_dirt", "t_dirt", "t_grass", "t_sidewalk", "t_dirt", "t_dirt", "t_dirt", "t_grass", "t_sand"], " ": ["t_dirt", "t_dirt", "t_dirt", "t_sidewalk", "t_pavement", "t_dirt", "t_dirt", "t_dirt", "t_sidewalk", "t_pavement", "t_dirt", "t_dirt", "t_dirt", "t_dirtmound", "t_sidewalk", "t_dirt", "t_dirt", "t_dirt", "t_dirtmound", "t_sidewalk", "t_dirt", "t_dirt", "t_dirt", "t_sand", "t_sand"]},
            "furniture": {
                ".": ["f_ash", "f_ash", "f_ash", "f_null"],
                "#": ["f_ash", "f_ash", "f_ash", "f_null"],
                "'": ["f_ash", "f_ash", "f_ash", "f_null"],
                "+": ["f_ash", "f_ash", "f_ash", "f_null"],
                "t": ["f_ash", "f_rubble", "f_ash", "f_rubble", "f_ash", "f_null"],
                "-": ["f_ash", "f_null", "f_null"],
                "d": ["f_ash", "f_null", "f_null"],
                "r": ["f_ash", "f_null", "f_null"],
                "x": ["f_ash", "f_rubble", "f_ash", "f_rubble", "f_ash", "f_null"],
                "f": ["f_ash", "f_rubble", "f_ash", "f_rubble", "f_ash", "f_null"],
                "w": ["f_rubble", "f_rubble", "f_rubble", "f_rubble", "f_rubble", "f_rubble", "f_rubble", "f_ash", "f_rubble_rock", "f_ash", "f_null", "f_ash"],
                "k": ["f_ash", "f_ash", "f_ash", "f_null"]
            },
            "place_monsters": [
                { "x": [0,23], "y": [0,23], "monster": "CAMPERS", "chance": 40, "repeat": [1,3] }
            ]
        }
    },{
        "type": "mapgen",
        "om_terrain": [
            "campsite_field_biker"
        ],
        "weight": 500,
        "method": "json",
        "object": {            "fill_ter": "t_dirt",
            "rows": [
                "........................",
                "........................",
                "........................",
                "........................",
                ".........###............",
                ".........#'#............",
                ".........#+#............",
                "....###.................",
                "....#'+.....-...........",
                "....###...-ddd-.........",
                "...........ddd..........",
                "....###...-ddd-...###...",
                "....#'+.....-.....+'#...",
                "....###...........###...",
                ".........#+#..#+#.......",
                ".........#'#..#'#.......",
                ".........###..###.......",
                "........................",
                "........................",
                "........................",
                "........................",
                "........................",
                "........................",
                "........................"
            ],
            "terrain": {".": ["t_dirt", "t_dirt", "t_dirt", "t_grass", "t_pavement", "t_dirt", "t_dirt", "t_dirt", "t_grass", "t_rock_floor", "t_dirt", "t_dirt", "t_dirt", "t_grass", "t_dirtmound", "t_dirt", "t_dirt", "t_dirt", "t_grass", "t_sidewalk", "t_dirt", "t_dirt", "t_dirt", "t_grass", "t_sand"], " ": ["t_dirt", "t_dirt", "t_dirt", "t_sidewalk", "t_pavement", "t_dirt", "t_dirt", "t_dirt", "t_sidewalk", "t_pavement", "t_dirt", "t_dirt", "t_dirt", "t_dirtmound", "t_sidewalk", "t_dirt", "t_dirt", "t_dirt", "t_dirtmound", "t_sidewalk", "t_dirt", "t_dirt", "t_dirt", "t_sand", "t_sand"]},
            "furniture": {
                ".": ["f_ash", "f_ash", "f_ash", "f_null"],
                "#": ["f_ash", "f_ash", "f_ash", "f_null"],
                "'": ["f_ash", "f_ash", "f_ash", "f_null"],
                "+": ["f_ash", "f_ash", "f_ash", "f_null"],
                "t": ["f_ash", "f_rubble", "f_ash", "f_rubble", "f_ash", "f_null"],
                "-": ["f_ash", "f_null", "f_null"],
                "d": ["f_ash", "f_null", "f_null"],
                "r": ["f_ash", "f_null", "f_null"]
            },
            "place_monsters": [
                { "x": [0,23], "y": [0,23], "monster": "CAMPERS", "chance": 75, "repeat": [1,3] }
            ]
        }
    },{
        "type": "mapgen",
        "om_terrain": [
            "campsite_field_biker_destroyed"
        ],
        "weight": 500,
        "method": "json",
        "object": {            "fill_ter": "t_dirt",
            "rows": [
                "........................",
                "........................",
                "........................",
                "........................",
                "...........#............",
                ".........#'#............",
                ".........#+.............",
                "......#.................",
                "....#'+.....-...........",
                "....##....-ddd-.........",
                "...........ddd..........",
                "..........-ddd-...###...",
                "....#'......-......'#...",
                "....###...........###...",
                "........................",
                ".........#'#............",
                ".........###..##........",
                "........................",
                "........................",
                "........................",
                "........................",
                "........................",
                "........................",
                "........................"
            ],
            "terrain": {".": ["t_dirt", "t_dirt", "t_dirt", "t_grass", "t_pavement", "t_dirt", "t_dirt", "t_dirt", "t_grass", "t_rock_floor", "t_dirt", "t_dirt", "t_dirt", "t_grass", "t_dirtmound", "t_dirt", "t_dirt", "t_dirt", "t_grass", "t_sidewalk", "t_dirt", "t_dirt", "t_dirt", "t_grass", "t_sand"], " ": ["t_dirt", "t_dirt", "t_dirt", "t_sidewalk", "t_pavement", "t_dirt", "t_dirt", "t_dirt", "t_sidewalk", "t_pavement", "t_dirt", "t_dirt", "t_dirt", "t_dirtmound", "t_sidewalk", "t_dirt", "t_dirt", "t_dirt", "t_dirtmound", "t_sidewalk", "t_dirt", "t_dirt", "t_dirt", "t_sand", "t_sand"]},
            "furniture": {
                ".": ["f_ash", "f_ash", "f_ash", "f_null"],
                "#": ["f_ash", "f_ash", "f_ash", "f_null"],
                "'": ["f_ash", "f_ash", "f_ash", "f_null"],
                "+": ["f_ash", "f_ash", "f_ash", "f_null"],
                "t": ["f_ash", "f_rubble", "f_ash", "f_rubble", "f_ash", "f_null"],
                "-": ["f_ash", "f_null", "f_null"],
                "d": ["f_ash", "f_null", "f_null"],
                "r": ["f_ash", "f_null", "f_null"]
            },
            "place_monsters": [
                { "x": [0,23], "y": [0,23], "monster": "CAMPERS", "chance": 75, "repeat": [1,3] }
            ]
        }
    },{
        "type": "mapgen",
        "om_terrain": [
            "campsite_a"
        ],
        "weight": 500,
        "method": "json",
        "object": {            "fill_ter": "t_dirt",
            "rows": [
                "........................",
                "........................",
                "..###..........t..xxx...",
                "..#'#............|xfx...",
                "..#+#.-r-........pxDx...",
                "...-..pppppppppppppp....",
                "..ddd.###........p..t...",
                "..ddd-+'#.......p.......",
                "..ddd.###......p...t....",
                "..............pp..t..t..",
                "..#+#........p.pt...j...",
                "..#'#.......p..p..t..t..",
                "..###......p...p........",
                ".iiiiiii..p....piiiiiii.",
                ".........p.....p........",
                "........p.......p..###..",
                ".......p....i....p.#'#..",
                "......-r-...i..-r-p#+#..",
                "...-........i.......-...",
                "..ddd.###...i......ddd..",
                "..ddd-+'#...i......ddd..",
                "..ddd.###...i......ddd..",
                "............i...........",
                "........................"
            ],
            "terrain": {".": ["t_dirt", "t_dirt", "t_dirt", "t_grass", "t_pavement", "t_dirt", "t_dirt", "t_dirt", "t_grass", "t_rock_floor", "t_dirt", "t_dirt", "t_dirt", "t_grass", "t_dirtmound", "t_dirt", "t_dirt", "t_dirt", "t_grass", "t_sidewalk", "t_dirt", "t_dirt", "t_dirt", "t_grass", "t_sand"], " ": ["t_dirt", "t_dirt", "t_dirt", "t_sidewalk", "t_pavement", "t_dirt", "t_dirt", "t_dirt", "t_sidewalk", "t_pavement", "t_dirt", "t_dirt", "t_dirt", "t_dirtmound", "t_sidewalk", "t_dirt", "t_dirt", "t_dirt", "t_dirtmound", "t_sidewalk", "t_dirt", "t_dirt", "t_dirt", "t_sand", "t_sand"]},
            "furniture": {
                ".": ["f_ash", "f_ash", "f_ash", "f_null"],
                "#": ["f_ash", "f_ash", "f_ash", "f_null"],
                "'": ["f_ash", "f_ash", "f_ash", "f_null"],
                "+": ["f_ash", "f_ash", "f_ash", "f_null"],
                "t": ["f_ash", "f_rubble", "f_ash", "f_rubble", "f_ash", "f_null"],
                "-": ["f_ash", "f_null", "f_null"],
                "|": ["f_ash", "f_null", "f_null"],
                "p": ["f_ash", "f_null", "f_null"],
                "d": ["f_ash", "f_null", "f_null"],
                "r": ["f_ash", "f_null", "f_null"],
                "x": ["f_rubble", "f_rubble", "f_rubble", "f_rubble", "f_rubble", "f_rubble", "f_rubble", "f_ash", "f_rubble_rock", "f_ash", "f_null", "f_ash"],
                "f": ["f_ash", "f_rubble", "f_ash", "f_rubble", "f_ash", "f_null"],
                "w": ["f_rubble", "f_rubble", "f_rubble", "f_rubble", "f_rubble", "f_rubble", "f_rubble", "f_ash", "f_rubble_rock", "f_ash", "f_null", "f_ash"],
                "k": ["f_ash", "f_ash", "f_ash", "f_null"],
                "D": ["f_rubble", "f_rubble", "f_rubble", "f_rubble", "f_rubble", "f_rubble", "f_rubble", "f_ash", "f_rubble_rock", "f_ash", "f_null", "f_ash"],
                "i": ["f_ash", "f_rubble", "f_ash", "f_rubble", "f_ash", "f_null"],
                "j": ["f_rubble", "f_rubble", "f_rubble", "f_rubble", "f_rubble", "f_rubble", "f_rubble", "f_ash", "f_rubble_rock", "f_ash", "f_null", "f_ash"]
            },
            "place_monsters": [
                { "x": [0,23], "y": [0,23], "monster": "CAMPERS", "chance": 40, "repeat": [1,3] }
            ]
        }
    }
]