[
    {
        "type": "mapgen",
        "om_terrain": [
            "cabin"
        ],
        "method": "json",
        "weight": 500,
        "object": {
            "fill_ter": "t_dirt",
            "rows": [
                "|----------------------|",
                "|......................|",
                "|...#######............|",
                "|...#LCCCL#............|",
                "|...W     W............|",
                "|...#     #............|",
                "|...###+###............|",
                "|......................|",
                "|......................|",
                "|..######+###ww######..|",
                "|..# RRR        DBBD#..|",
                "|..# RSR         BB #..|",
                "|..# rrr            #..|",
                "|..#                #..|",
                "|..w      cttc      w..|",
                "|..w      cttc      w..|",
                "|..# OOO            #..|",
                "|..#                #..|",
                "|..#                #..|",
                "|..#                #..|",
                "|..####ww###+###ww###..|",
                "|......................|",
                "|......................|",
                "-----------GG-----------"
            ],
            "terrain": {".": ["t_dirt", "t_dirt", "t_dirt", "t_grass", "t_pavement", "t_dirt", "t_dirt", "t_dirt", "t_grass", "t_rock_floor", "t_dirt", "t_dirt", "t_dirt", "t_grass", "t_dirtmound", "t_dirt", "t_dirt", "t_dirt", "t_grass", "t_sidewalk", "t_dirt", "t_dirt", "t_dirt", "t_grass", "t_sand"], " ": ["t_dirt", "t_dirt", "t_dirt", "t_sidewalk", "t_pavement", "t_dirt", "t_dirt", "t_dirt", "t_sidewalk", "t_pavement", "t_dirt", "t_dirt", "t_dirt", "t_dirtmound", "t_sidewalk", "t_dirt", "t_dirt", "t_dirt", "t_dirtmound", "t_sidewalk", "t_dirt", "t_dirt", "t_dirt", "t_sand", "t_sand"]},
            "furniture": {
                "W": ["f_rubble", "f_rubble", "f_rubble", "f_rubble", "f_rubble", "f_rubble", "f_rubble", "f_ash", "f_rubble_rock", "f_ash", "f_null", "f_ash"],
                "w": ["f_rubble", "f_rubble", "f_rubble", "f_rubble", "f_rubble", "f_rubble", "f_rubble", "f_ash", "f_rubble_rock", "f_ash", "f_null", "f_ash"],
                "+": ["f_rubble", "f_rubble", "f_rubble", "f_rubble", "f_rubble", "f_rubble", "f_rubble", "f_ash", "f_rubble_rock", "f_ash", "f_null", "f_ash"],

                ".": ["f_ash", "f_ash", "f_ash", "f_null"],
                "#": ["f_ash", "f_rubble", "f_ash", "f_rubble", "f_ash", "f_null"],
                "-": ["f_ash", "f_rubble", "f_ash", "f_rubble", "f_ash", "f_null"],
                "|": ["f_ash", "f_rubble", "f_ash", "f_rubble", "f_ash", "f_null"],
                "G": ["f_ash", "f_rubble", "f_ash", "f_rubble", "f_ash", "f_null"],
                "R": ["f_ash", "f_ash", "f_ash", "f_null"],
                "r": ["f_ash", "f_null", "f_null"]
            },
            "place_monsters": [
                { "monster": "GROUP_ZOMBIE", "x": 7, "y": 4 }
            ]
        }
    },
    {
        "type": "mapgen",
        "om_terrain": [
            "cabin"
        ],
        "method": "json",
        "weight": 500,
        "object": {
            "fill_ter": "t_dirt",
            "rows": [
                "........................",
                "........................",
                "........................",
                "..######w##++#########..",
                "..#R  d# T#  #  DBBD #..",
                "..#R  c#4 #  #   BB  #..",
                "..wR   #  +  +       0..",
                "..wR   #~~#  #       0..",
                "..#R   ####  #       #..",
                "..#R   L###  #AAAA   #..",
                "..####+####  ######+##..",
                "..#ttb    #  #6 OOO  #..",
                "..wttb    #  #       w..",
                "..wbb     +  +    rrrw..",
                "..#       #  #    rSr#..",
                "..#23452  #  #    rrr#..",
                "..###WW####++####WW###..",
                "..1 bbbb             1..",
                "..|                  |..",
                "..|                  |..",
                "..1-------1GG1-------1..",
                "........................",
                "........................",
                "........................"
            ],
            "terrain": {".": ["t_dirt", "t_dirt", "t_dirt", "t_grass", "t_pavement", "t_dirt", "t_dirt", "t_dirt", "t_grass", "t_rock_floor", "t_dirt", "t_dirt", "t_dirt", "t_grass", "t_dirtmound", "t_dirt", "t_dirt", "t_dirt", "t_grass", "t_sidewalk", "t_dirt", "t_dirt", "t_dirt", "t_grass", "t_sand"], " ": ["t_dirt", "t_dirt", "t_dirt", "t_sidewalk", "t_pavement", "t_dirt", "t_dirt", "t_dirt", "t_sidewalk", "t_pavement", "t_dirt", "t_dirt", "t_dirt", "t_dirtmound", "t_sidewalk", "t_dirt", "t_dirt", "t_dirt", "t_dirtmound", "t_sidewalk", "t_dirt", "t_dirt", "t_dirt", "t_sand", "t_sand"]},
            "furniture": {
                "W": ["f_rubble", "f_rubble", "f_rubble", "f_rubble", "f_rubble", "f_rubble", "f_rubble", "f_ash", "f_rubble_rock", "f_ash", "f_null", "f_ash"],
                "w": ["f_rubble", "f_rubble", "f_rubble", "f_rubble", "f_rubble", "f_rubble", "f_rubble", "f_ash", "f_rubble_rock", "f_ash", "f_null", "f_ash"],
                "+": ["f_rubble", "f_rubble", "f_rubble", "f_rubble", "f_rubble", "f_rubble", "f_rubble", "f_ash", "f_rubble_rock", "f_ash", "f_null", "f_ash"],

                ".": ["f_ash", "f_ash", "f_ash", "f_null"],
                "#": ["f_ash", "f_rubble", "f_ash", "f_rubble", "f_ash", "f_null"],
                "1": ["f_rubble", "f_rubble", "f_rubble", "f_rubble", "f_rubble", "f_rubble", "f_rubble", "f_ash", "f_rubble_rock", "f_ash", "f_null", "f_ash"],
                "-": ["f_ash", "f_rubble", "f_ash", "f_rubble", "f_ash", "f_null"],
                "|": ["f_ash", "f_rubble", "f_ash", "f_rubble", "f_ash", "f_null"],
                "G": ["f_ash", "f_rubble", "f_ash", "f_rubble", "f_ash", "f_null"],
                "0": ["f_rubble", "f_rubble", "f_rubble", "f_rubble", "f_rubble", "f_rubble", "f_rubble", "f_ash", "f_rubble_rock", "f_ash", "f_null", "f_ash"],
                "r": ["f_ash", "f_null", "f_null"]
            },
            "place_monsters": [
                { "monster": "GROUP_ZOMBIE", "x": 11, "y": 12 }
            ]
        }
    }
]
