[
    {
        "type": "mapgen",
        "om_terrain": [
            "s_clothes"
        ],
        "method": "json",
        "weight": 100,
        "object": {            "fill_ter": "t_dirt",
            "rows": [
                    "~~~~~~~~~~~~~~~~~~~~~~~~",
                    "~~~~~~~~~~~~~~~~~~~~~~~~",
                    "~~~~~~~~~~~~~~~~~~~~~~~~",
                    "**q~~|--|===++===|******",
                    "**q~~|}}|@......@|******",
                    "**q~~|..|........|******",
                    "**q~~|+-|U..yA..f|******",
                    "**q~~|.%#.......h|******",
                    "**q~~|..#.......h|******",
                    "**q~~|..#..###..h|******",
                    "**q~~|..#.......U|******",
                    "**q~~|..#........|******",
                    "**q~~|+-|-i|#####|******",
                    "**q~~|.....|....%|******",
                    "**q~~|.hh..|.....|******",
                    "**q~~;.[[..|+|---|******",
                    "*****0.......+...|******",
                    "****z|-+|-i--|ust|******",
                    "****z|d.|....|---|******",
                    "****z|dh|}}}}|zzzz******",
                    "****z|-0|----|z*********",
                    "************************",
                    "************************",
                    "************************"
            ],
            "terrain": {".": ["t_dirt", "t_dirt", "t_dirt", "t_grass", "t_pavement", "t_dirt", "t_dirt", "t_dirt", "t_grass", "t_rock_floor", "t_dirt", "t_dirt", "t_dirt", "t_grass", "t_dirtmound", "t_dirt", "t_dirt", "t_dirt", "t_grass", "t_sidewalk", "t_dirt", "t_dirt", "t_dirt", "t_grass", "t_sand"], " ": ["t_dirt", "t_dirt", "t_dirt", "t_sidewalk", "t_pavement", "t_dirt", "t_dirt", "t_dirt", "t_sidewalk", "t_pavement", "t_dirt", "t_dirt", "t_dirt", "t_dirtmound", "t_sidewalk", "t_dirt", "t_dirt", "t_dirt", "t_dirtmound", "t_sidewalk", "t_dirt", "t_dirt", "t_dirt", "t_sand", "t_sand"]},
            "furniture": {
                "0": ["f_rubble", "f_rubble", "f_rubble", "f_rubble", "f_rubble", "f_rubble", "f_rubble", "f_ash", "f_rubble_rock", "f_ash", "f_null", "f_ash"],
                "+": ["f_rubble", "f_rubble", "f_rubble", "f_rubble", "f_rubble", "f_rubble", "f_rubble", "f_ash", "f_rubble_rock", "f_ash", "f_null", "f_ash"],
                ";": ["f_rubble", "f_rubble", "f_rubble", "f_rubble", "f_rubble", "f_rubble", "f_rubble", "f_ash", "f_rubble_rock", "f_ash", "f_null", "f_ash"],
                "i": ["f_rubble", "f_rubble", "f_rubble", "f_rubble", "f_rubble", "f_rubble", "f_rubble", "f_ash", "f_rubble_rock", "f_ash", "f_null", "f_ash"],

                ".": ["f_ash", "f_rubble", "f_ash", "f_rubble", "f_ash", "f_null"],
                "*": ["f_ash", "f_ash", "f_ash", "f_null"],
                "~": ["f_ash", "f_null", "f_null"],
                "-": ["f_rubble", "f_rubble", "f_rubble", "f_rubble", "f_rubble", "f_rubble", "f_rubble", "f_ash", "f_rubble_rock", "f_ash", "f_null", "f_ash"],
                "|": ["f_rubble", "f_rubble", "f_rubble", "f_rubble", "f_rubble", "f_rubble", "f_rubble", "f_ash", "f_rubble_rock", "f_ash", "f_null", "f_ash"],
                "=": ["f_ash", "f_rubble", "f_ash", "f_rubble", "f_ash", "f_null"],
                "z": ["f_ash", "f_ash", "f_ash", "f_null"],
                "#": ["f_ash", "f_rubble", "f_ash", "f_rubble", "f_ash", "f_null"],
                "h": ["f_ash", "f_rubble", "f_ash", "f_rubble", "f_ash", "f_null"],
                "[": ["f_ash", "f_rubble", "f_ash", "f_rubble", "f_ash", "f_null"],
                "@": ["f_ash", "f_rubble", "f_ash", "f_rubble", "f_ash", "f_null"],
                "y": ["f_ash", "f_rubble", "f_ash", "f_rubble", "f_ash", "f_null"],
                "f": ["f_ash", "f_rubble", "f_ash", "f_rubble", "f_ash", "f_null"],
                "q": ["f_ash", "f_ash", "f_ash", "f_null"],
                "}": ["f_ash", "f_rubble", "f_ash", "f_rubble", "f_ash", "f_null"],
                "A": ["f_ash", "f_rubble", "f_ash", "f_rubble", "f_ash", "f_null"],
                "$": ["f_ash", "f_rubble", "f_ash", "f_rubble", "f_ash", "f_null"],
                "d": ["f_ash", "f_rubble", "f_ash", "f_rubble", "f_ash", "f_null"],
                "s": ["f_ash", "f_rubble", "f_ash", "f_rubble", "f_ash", "f_null"],
                "t": ["f_ash", "f_rubble", "f_ash", "f_rubble", "f_ash", "f_null"],
                "u": ["f_ash", "f_rubble", "f_ash", "f_rubble", "f_ash", "f_null"],
                "U": ["f_ash", "f_rubble", "f_ash", "f_rubble", "f_ash", "f_null"],
                "%": ["f_wreckage", "f_wreckage", "f_wreckage", "f_wreckage", "f_wreckage", "f_wreckage", "f_rubble", "f_null"]
            },
            "comment": "end of mapgen json definition ---v"
        },
        "comment": "end of mapgen entry ---v"
    }
]

