[
    {
        "type": "mapgen",
        "om_terrain": [
            "office_cubical"
        ],
        "method": "json",
        "weight": 300,
        "object": {
            "fill_ter": "t_dirt",
            "rows": [
                "           ss           ",
                " |-wwww-|  ss  |-wwww-| ",
                " |......|$$ss$$|...h.o| ",
                " |.htth.|--++--|..xd.o| ",
                " |.htth.|......|.....o| ",
                " |.htth.+......+..hhh^| ",
                " |.htth.|......|---|--| ",
                " |......|..cccc|T..|.l| ",
                " |------|..ch..|S..|..| ",
                " |^.....+......|-+-|+-| ",
                " |..hc.h|..----|V....S| ",
                " |.cdx.n|......+.....e| ",
                " |------|......-------| ",
                " |ch................hd| ",
                " |xdc|....clcc^...|ccx| ",
                " |---|..|------|..|---| ",
                " |.h....|xcccxd|....hc| ",
                " |cdx|..|dh..h....|ldx| ",
                " |---|..|------|..|---| ",
                " |dh......h..h.|....h.| ",
                " |cxc|^.|lxccdx|..|xdc| ",
                " |---|--|------|D-|---| ",
                "              ^sss^     ",
                "               sss      "
            ],
            "terrain": {".": ["t_dirt", "t_dirt", "t_dirt", "t_grass", "t_pavement", "t_dirt", "t_dirt", "t_dirt", "t_grass", "t_rock_floor", "t_dirt", "t_dirt", "t_dirt", "t_grass", "t_dirtmound", "t_dirt", "t_dirt", "t_dirt", "t_grass", "t_sidewalk", "t_dirt", "t_dirt", "t_dirt", "t_grass", "t_sand"], " ": ["t_dirt", "t_dirt", "t_dirt", "t_sidewalk", "t_pavement", "t_dirt", "t_dirt", "t_dirt", "t_sidewalk", "t_pavement", "t_dirt", "t_dirt", "t_dirt", "t_dirtmound", "t_sidewalk", "t_dirt", "t_dirt", "t_dirt", "t_dirtmound", "t_sidewalk", "t_dirt", "t_dirt", "t_dirt", "t_sand", "t_sand"]},
            "furniture": {
                " ": ["f_ash", "f_ash", "f_ash", "f_null"],
                "x": ["f_wreckage", "f_wreckage", "f_wreckage", "f_wreckage", "f_wreckage", "f_wreckage", "f_rubble", "f_null"],
                "$": ["f_ash", "f_ash", "f_ash", "f_null"],
                "|": ["f_rubble", "f_rubble", "f_rubble", "f_rubble", "f_rubble", "f_rubble", "f_rubble", "f_ash", "f_rubble_rock", "f_ash", "f_null", "f_ash"],
                "-": ["f_rubble", "f_rubble", "f_rubble", "f_rubble", "f_rubble", "f_rubble", "f_rubble", "f_ash", "f_rubble_rock", "f_ash", "f_null", "f_ash"],
                "+": ["f_rubble", "f_rubble", "f_rubble", "f_rubble", "f_rubble", "f_rubble", "f_rubble", "f_ash", "f_rubble_rock", "f_ash", "f_null", "f_ash"],
                "D": ["f_rubble", "f_rubble", "f_rubble", "f_rubble", "f_rubble", "f_rubble", "f_rubble", "f_ash", "f_rubble_rock", "f_ash", "f_null", "f_ash"],
                "w": ["f_rubble", "f_rubble", "f_rubble", "f_rubble", "f_rubble", "f_rubble", "f_rubble", "f_ash", "f_rubble_rock", "f_ash", "f_null", "f_ash"],
                "s": ["f_ash", "f_null", "f_null"]
            }
        }
    }
]
