[
    {
        "type": "mapgen",
        "om_terrain": [
            "warehouse"
        ],
        "method": "json",
        "weight": 500,
        "object": {            "fill_ter": "t_dirt",
            "rows":
            [
                "....S.SSSSSSSSSSSS......",
                "zzzzSzSSSSSSSSSSSSzzzzzz",
                ".---3-MMMMMMMMMMMM-----.",
                ".|11 6            w111|.",
                ".|11               1 1|.",
                ".|1  1               1|.",
                ".|11                11|.",
                ".|1                 11|.",
                ".|111                1|.",
                ".|1 1              1  |.",
                ".|1111               @|.",
                ".|1111                |.",
                ".|111               1 |.",
                ".|111                 |.",
                ".|11   1            61|.",
                ".|--3---            11|.",
                ".|55   |@        1  11|.",
                ".|4    |1          111|.",
                ".O2   9|1 11  111  111|.",
                ".|5 6 9|1 111  611 111|.",
                "z|5@788|11111111111111|z",
                "z---O------------------z",
                "z^^zzzz^^zz^^zz^^zzzz^^z",
                "zzzz..zzzzzzzzzzzz..zzzz"
            ],
            "terrain": {".": ["t_dirt", "t_dirt", "t_dirt", "t_grass", "t_pavement", "t_dirt", "t_dirt", "t_dirt", "t_grass", "t_rock_floor", "t_dirt", "t_dirt", "t_dirt", "t_grass", "t_dirtmound", "t_dirt", "t_dirt", "t_dirt", "t_grass", "t_sidewalk", "t_dirt", "t_dirt", "t_dirt", "t_grass", "t_sand"], " ": ["t_dirt", "t_dirt", "t_dirt", "t_sidewalk", "t_pavement", "t_dirt", "t_dirt", "t_dirt", "t_sidewalk", "t_pavement", "t_dirt", "t_dirt", "t_dirt", "t_dirtmound", "t_sidewalk", "t_dirt", "t_dirt", "t_dirt", "t_dirtmound", "t_sidewalk", "t_dirt", "t_dirt", "t_dirt", "t_sand", "t_sand"]},
            "furniture": {
                "." : ["f_ash", "f_ash", "f_ash", "f_null"],
                "-": ["f_rubble", "f_rubble", "f_rubble", "f_rubble", "f_rubble", "f_rubble", "f_rubble", "f_ash", "f_rubble_rock", "f_ash", "f_null", "f_ash"],
                "|": ["f_rubble", "f_rubble", "f_rubble", "f_rubble", "f_rubble", "f_rubble", "f_rubble", "f_ash", "f_rubble_rock", "f_ash", "f_null", "f_ash"],
                "S" : ["f_ash", "f_null", "f_null"],
                "M": ["f_wreckage", "f_wreckage", "f_wreckage", "f_wreckage", "f_wreckage", "f_wreckage", "f_rubble", "f_null"],
                "O": ["f_rubble", "f_rubble", "f_rubble", "f_rubble", "f_rubble", "f_rubble", "f_rubble", "f_ash", "f_rubble_rock", "f_ash", "f_null", "f_ash"],
                "w": ["f_wreckage", "f_wreckage", "f_wreckage", "f_wreckage", "f_wreckage", "f_wreckage", "f_rubble", "f_null"],
                "z": ["f_ash", "f_ash", "f_ash", "f_null"],
                "^": ["f_ash", "f_ash", "f_ash", "f_null"],
                " ": ["f_ash", "f_rubble", "f_ash", "f_rubble", "f_ash", "f_null"],
                "1": ["f_ash", "f_rubble", "f_ash", "f_rubble", "f_ash", "f_null"],
                "2": ["f_ash", "f_rubble", "f_ash", "f_rubble", "f_ash", "f_null"],
                "3": ["f_rubble", "f_rubble", "f_rubble", "f_rubble", "f_rubble", "f_rubble", "f_rubble", "f_ash", "f_rubble_rock", "f_ash", "f_null", "f_ash"],
                "4": ["f_ash", "f_rubble", "f_ash", "f_rubble", "f_ash", "f_null"],
                "5": ["f_ash", "f_rubble", "f_ash", "f_rubble", "f_ash", "f_null"],
                "6": ["f_ash", "f_rubble", "f_ash", "f_rubble", "f_ash", "f_null"],
                "7": ["f_ash", "f_rubble", "f_ash", "f_rubble", "f_ash", "f_null"],
                "8": ["f_ash", "f_rubble", "f_ash", "f_rubble", "f_ash", "f_null"],
                "9": ["f_ash", "f_rubble", "f_ash", "f_rubble", "f_ash", "f_null"],
                "@": ["f_ash", "f_rubble", "f_ash", "f_rubble", "f_ash", "f_null"]
            },
            "place_monsters": [
                { "monster": "GROUP_ZOMBIE",  "chance": 2,  "x": [ 2,21 ],  "y": [ 2,21 ] }
            ],
        "comment": "end of mapgen json definition ---v"
        },
    "comment": "end of mapgen entry ---v"
    }
]
