[
  {
    "type":"monstergroup",
    "name" : "GROUP_ARCADE",
    "default" : "mon_null",
    "monsters" : [
      { "monster" : "mon_zombie_child", "freq" : 600, "cost_multiplier" : 1, "pack_size": [2,5] }
                 ]
      },{
        "type" : "overmap_terrain",
        "id" : "s_arcade",
        "name" : "arcade",
        "rotate" : true,
        "sym" : 65,
        "color" : "cyan",
        "see_cost" : 5,
        "mondensity" : 2,
        "sidewalk" : true,
        "mapgen": [
            { "weight": 250,
            "method": "json",
            "object": {            "fill_ter": "t_dirt",
            "rows":[
            ".______________________.",
            ".______________________.",
            ".______________________.",
            ".______________________.",
            ".______________________.",
            ".ssssssssssssssssssssss.",
            ".ssssssssssssssssssssss.",
            ".ssssssssssssssssssssss.",
            ".ssssssssssssssssssllss.",
            ".|---++-OOO-++--------|.",
            ".|F                   |.",
            ".|F                   |.",
            ".|F  FF     FF        |.",
            ".|F  FF  F  FF    ##  |.",
            ".|F  FF  F  FF    #  T|.",
            ".|F  FF     FF    #  T|.",
            ".|F               #  T|.",
            ".|F    x x x      #  T|.",
            ".|FFFFFx x xFFFF  #  T|.",
            ".|--------------------|.",
            "........................",
            "........................",
            "........................",
            "........................"
            ],
            "terrain": {".": ["t_dirt", "t_dirt", "t_dirt", "t_grass", "t_pavement", "t_dirt", "t_dirt", "t_dirt", "t_grass", "t_rock_floor", "t_dirt", "t_dirt", "t_dirt", "t_grass", "t_dirtmound", "t_dirt", "t_dirt", "t_dirt", "t_grass", "t_sidewalk", "t_dirt", "t_dirt", "t_dirt", "t_grass", "t_sand"], " ": ["t_dirt", "t_dirt", "t_dirt", "t_sidewalk", "t_pavement", "t_dirt", "t_dirt", "t_dirt", "t_sidewalk", "t_pavement", "t_dirt", "t_dirt", "t_dirt", "t_dirtmound", "t_sidewalk", "t_dirt", "t_dirt", "t_dirt", "t_dirtmound", "t_sidewalk", "t_dirt", "t_dirt", "t_dirt", "t_sand", "t_sand"]},
            "furniture": {
                "O": ["f_rubble", "f_rubble", "f_rubble", "f_rubble", "f_rubble", "f_rubble", "f_rubble", "f_ash", "f_rubble_rock", "f_ash", "f_null", "f_ash"],
                "+": ["f_rubble", "f_rubble", "f_rubble", "f_rubble", "f_rubble", "f_rubble", "f_rubble", "f_ash", "f_rubble_rock", "f_ash", "f_null", "f_ash"],

            ".": ["f_ash", "f_ash", "f_ash", "f_null"],
            "_": ["f_ash", "f_null", "f_null"],
            ",": ["f_ash", "f_null", "f_null"],
            " ": ["f_ash", "f_rubble", "f_ash", "f_rubble", "f_ash", "f_null"],
            "-": ["f_rubble", "f_rubble", "f_rubble", "f_rubble", "f_rubble", "f_rubble", "f_rubble", "f_ash", "f_rubble_rock", "f_ash", "f_null", "f_ash"],
            "|": ["f_rubble", "f_rubble", "f_rubble", "f_rubble", "f_rubble", "f_rubble", "f_rubble", "f_ash", "f_rubble_rock", "f_ash", "f_null", "f_ash"],
            "L": ["f_rubble", "f_rubble", "f_rubble", "f_rubble", "f_rubble", "f_rubble", "f_rubble", "f_ash", "f_rubble_rock", "f_ash", "f_null", "f_ash"],
            "M": ["f_wreckage", "f_wreckage", "f_wreckage", "f_wreckage", "f_wreckage", "f_wreckage", "f_rubble", "f_null"],
            "w": ["f_wreckage", "f_wreckage", "f_wreckage", "f_wreckage", "f_wreckage", "f_wreckage", "f_rubble", "f_null"],
            "c": ["f_ash", "f_rubble", "f_ash", "f_rubble", "f_ash", "f_null"],
            "#": ["f_ash", "f_rubble", "f_ash", "f_rubble", "f_ash", "f_null"],
            "r": ["f_ash", "f_rubble", "f_ash", "f_rubble", "f_ash", "f_null"],
            "^": ["f_ash", "f_rubble", "f_ash", "f_rubble", "f_ash", "f_null"],
            "l": ["f_ash", "f_null", "f_null"],
            "F": ["f_ash", "f_rubble", "f_ash", "f_rubble", "f_ash", "f_null"],
            "@": ["f_ash", "f_rubble", "f_ash", "f_rubble", "f_ash", "f_null"],
            ":": ["f_ash", "f_rubble", "f_ash", "f_rubble", "f_ash", "f_null"],
            "T": ["f_ash", "f_rubble", "f_ash", "f_rubble", "f_ash", "f_null"],
            "x": ["f_ash", "f_rubble", "f_ash", "f_rubble", "f_ash", "f_null"],
            "G": ["f_ash", "f_rubble", "f_ash", "f_rubble", "f_ash", "f_null"],
            "f": ["f_ash", "f_rubble", "f_ash", "f_rubble", "f_ash", "f_null"],
            "S": ["f_ash", "f_rubble", "f_ash", "f_rubble", "f_ash", "f_null"],
            "&": ["f_rubble", "f_rubble", "f_rubble", "f_rubble", "f_rubble", "f_rubble", "f_rubble", "f_ash", "f_rubble_rock", "f_ash", "f_null", "f_ash"],
            "s": ["f_ash", "f_null", "f_null"]
            },
            "place_monsters": [
                { "monster": "GROUP_ARCADE", "x": [ 3, 17 ], "y": [ 13, 15 ], "chance": 1}
            ]
            }
        }
        ]
    }
]
