[
    {
        "type": "mapgen",
        "om_terrain": [
          "s_electronics"
        ],
        "method": "json",
        "weight": 150, "comment": "<-- It's not as valuable as the gunsmithing shops are, but it's based on the same model and should be a figurative silver mine, if not a gold mine.",
        "object": {            "fill_ter": "t_dirt",
            "rows": [
                "zs______,______,______sz",
                "zs______,______,______sz",
                "zs______,______,______sz",
                "zs______,______,______sz",
                "zs______,______,______sz",
                "zs______,______,______sz",
                "ssssssssssssssssssssssss",
                "_--5555--5555--+--55555_",
                "_|.CCCC..CCCC.^.^|rrrr8_",
                "_8r.............r|L---|_",
                "_8r..CCCCrr......x....8_",
                "_8r..###rr1......#....8_",
                "_|r..............#...r|_",
                "_|...######......#c..r|_",
                "_|r..######..-------I-|_",
                "_8r..........|EEEEt..F|_",
                "_8r..xxxwyw..|E.c...cE8_",
                "_8r..xxxywy..I.......E8_",
                "_|...........|.##llll^|_",
                "_|D---D|------L----55-|_",
                "_|.S|S.|sssssssddd______",
                "_|T#|#T|_______ddd______",
                "_-------________________",
                "________________________"
            ],
            "terrain": {".": ["t_dirt", "t_dirt", "t_dirt", "t_grass", "t_pavement", "t_dirt", "t_dirt", "t_dirt", "t_grass", "t_rock_floor", "t_dirt", "t_dirt", "t_dirt", "t_grass", "t_dirtmound", "t_dirt", "t_dirt", "t_dirt", "t_grass", "t_sidewalk", "t_dirt", "t_dirt", "t_dirt", "t_grass", "t_sand"], " ": ["t_dirt", "t_dirt", "t_dirt", "t_sidewalk", "t_pavement", "t_dirt", "t_dirt", "t_dirt", "t_sidewalk", "t_pavement", "t_dirt", "t_dirt", "t_dirt", "t_dirtmound", "t_sidewalk", "t_dirt", "t_dirt", "t_dirt", "t_dirtmound", "t_sidewalk", "t_dirt", "t_dirt", "t_dirt", "t_sand", "t_sand"]},
            "furniture": {
                "5": ["f_wreckage", "f_wreckage", "f_wreckage", "f_wreckage", "f_wreckage", "f_wreckage", "f_rubble", "f_null"],
                "8": ["f_wreckage", "f_wreckage", "f_wreckage", "f_wreckage", "f_wreckage", "f_wreckage", "f_rubble", "f_null"],
                "+": ["f_wreckage", "f_wreckage", "f_wreckage", "f_wreckage", "f_wreckage", "f_wreckage", "f_rubble", "f_null"],
                "L": ["f_wreckage", "f_wreckage", "f_wreckage", "f_wreckage", "f_wreckage", "f_wreckage", "f_rubble", "f_null"],
                "I": ["f_rubble", "f_rubble", "f_rubble", "f_rubble", "f_rubble", "f_rubble", "f_rubble", "f_ash", "f_rubble_rock", "f_ash", "f_null", "f_ash"],
                "D": ["f_rubble", "f_rubble", "f_rubble", "f_rubble", "f_rubble", "f_rubble", "f_rubble", "f_ash", "f_rubble_rock", "f_ash", "f_null", "f_ash"],

                "_": ["f_ash", "f_null", "f_null"],
                ",": ["f_ash", "f_null", "f_null"],
                "s": ["f_ash", "f_null", "f_null"],
                "-": ["f_rubble", "f_rubble", "f_rubble", "f_rubble", "f_rubble", "f_rubble", "f_rubble", "f_ash", "f_rubble_rock", "f_ash", "f_null", "f_ash"],
                "|": ["f_rubble", "f_rubble", "f_rubble", "f_rubble", "f_rubble", "f_rubble", "f_rubble", "f_ash", "f_rubble_rock", "f_ash", "f_null", "f_ash"],
                "1": ["f_rubble", "f_rubble", "f_rubble", "f_rubble", "f_rubble", "f_rubble", "f_rubble", "f_ash", "f_rubble_rock", "f_ash", "f_null", "f_ash"],
                ".": ["f_ash", "f_rubble", "f_ash", "f_rubble", "f_ash", "f_null"],
                "H": ["f_rubble", "f_rubble", "f_rubble", "f_rubble", "f_rubble", "f_rubble", "f_rubble", "f_ash", "f_rubble_rock", "f_ash", "f_null", "f_ash"],
                "w": ["f_ash", "f_rubble", "f_ash", "f_rubble", "f_ash", "f_null"],
                "y": ["f_ash", "f_rubble", "f_ash", "f_rubble", "f_ash", "f_null"],
                "W": ["f_rubble", "f_rubble", "f_rubble", "f_rubble", "f_rubble", "f_rubble", "f_rubble", "f_ash", "f_rubble_rock", "f_ash", "f_null", "f_ash"],
                "%": ["f_ash", "f_ash", "f_ash", "f_null"],
                "x": ["f_wreckage", "f_wreckage", "f_wreckage", "f_wreckage", "f_wreckage", "f_wreckage", "f_rubble", "f_null"],
                "^": ["f_ash", "f_rubble", "f_ash", "f_rubble", "f_ash", "f_null"],
                "r": ["f_ash", "f_rubble", "f_ash", "f_rubble", "f_ash", "f_null"],
                "l": ["f_ash", "f_rubble", "f_ash", "f_rubble", "f_ash", "f_null"],
                "#": ["f_ash", "f_rubble", "f_ash", "f_rubble", "f_ash", "f_null"],
                "E": ["f_ash", "f_rubble", "f_ash", "f_rubble", "f_ash", "f_null"],
                "t": ["f_ash", "f_rubble", "f_ash", "f_rubble", "f_ash", "f_null"],
                "C": ["f_ash", "f_rubble", "f_ash", "f_rubble", "f_ash", "f_null"],
                "c": ["f_ash", "f_rubble", "f_ash", "f_rubble", "f_ash", "f_null"],
                "F": ["f_ash", "f_rubble", "f_ash", "f_rubble", "f_ash", "f_null"],
                "S": ["f_ash", "f_rubble", "f_ash", "f_rubble", "f_ash", "f_null"],
                "T": ["f_ash", "f_rubble", "f_ash", "f_rubble", "f_ash", "f_null"],
                "d": ["f_ash", "f_null", "f_null"],
                "z": ["f_ash", "f_ash", "f_ash", "f_null"]
            }
        },
    "comment": "end of mapgen entry ---v"
    }
]
