[
    {
    "type" : "overmap_terrain",
    "id" : "gym_fitness",
    "name" : "fitness gym",
    "rotate" : true,
    "sym" : [94, 62, 118, 60],
    "color" : "i_ltcyan",
    "see_cost" : 5,
    "extras" : "build",
    "mondensity" : 2,
    "sidewalk" : true
    },
    {
        "type": "mapgen",
        "om_terrain": [
            "gym_fitness"
        ],
        "method": "json",
        "weight": 500,
        "object": {            "fill_ter": "t_dirt",
            "rows": [
            "..........,,,,..........",
            "..........,,,,..........",
            "........|--++--|........",
            "........8      8........",
            "........8##    8........",
            "........8 #    8........",
            "........8 #    8........",
            "........8      8........",
            "..|55555|      |55555|..",
            "..|                  |..",
            "..| ! ! c      c @ @ |..",
            "..|     c      c     |..",
            "..| ! ! c      c @ @ |..",
            "..|     c      c     |..",
            "..| ! ! c      c @ @ |..",
            "..|                  |..",
            "..|      VVVVVV      |..",
            "..|                  |..",
            "..|-+----------|---+-|..",
            "..|  OOOOOOOOOO|     |..",
            "..|            |=|=|=|..",
            "..|  cccccccccc|*|*|*|..",
            "..|------------|-----|..",
            "........................"
            ],
            "terrain": {".": ["t_dirt", "t_dirt", "t_dirt", "t_grass", "t_pavement", "t_dirt", "t_dirt", "t_dirt", "t_grass", "t_rock_floor", "t_dirt", "t_dirt", "t_dirt", "t_grass", "t_dirtmound", "t_dirt", "t_dirt", "t_dirt", "t_grass", "t_sidewalk", "t_dirt", "t_dirt", "t_dirt", "t_grass", "t_sand"], " ": ["t_dirt", "t_dirt", "t_dirt", "t_sidewalk", "t_pavement", "t_dirt", "t_dirt", "t_dirt", "t_sidewalk", "t_pavement", "t_dirt", "t_dirt", "t_dirt", "t_dirtmound", "t_sidewalk", "t_dirt", "t_dirt", "t_dirt", "t_dirtmound", "t_sidewalk", "t_dirt", "t_dirt", "t_dirt", "t_sand", "t_sand"]},
            "furniture": {
                "+": ["f_rubble", "f_rubble", "f_rubble", "f_rubble", "f_rubble", "f_rubble", "f_rubble", "f_ash", "f_rubble_rock", "f_ash", "f_null", "f_ash"],
                "L": ["f_rubble", "f_rubble", "f_rubble", "f_rubble", "f_rubble", "f_rubble", "f_rubble", "f_ash", "f_rubble_rock", "f_ash", "f_null", "f_ash"],
                "M": ["f_wreckage", "f_wreckage", "f_wreckage", "f_wreckage", "f_wreckage", "f_wreckage", "f_rubble", "f_null"],
                "=": ["f_rubble", "f_rubble", "f_rubble", "f_rubble", "f_rubble", "f_rubble", "f_rubble", "f_ash", "f_rubble_rock", "f_ash", "f_null", "f_ash"],

            ".": ["f_ash", "f_ash", "f_ash", "f_null"],
            "_": ["f_ash", "f_null", "f_null"],
            ",": ["f_ash", "f_null", "f_null"],
            " ": ["f_ash", "f_rubble", "f_ash", "f_rubble", "f_ash", "f_null"],
            "-": ["f_rubble", "f_rubble", "f_rubble", "f_rubble", "f_rubble", "f_rubble", "f_rubble", "f_ash", "f_rubble_rock", "f_ash", "f_null", "f_ash"],
            "|": ["f_rubble", "f_rubble", "f_rubble", "f_rubble", "f_rubble", "f_rubble", "f_rubble", "f_ash", "f_rubble_rock", "f_ash", "f_null", "f_ash"],
            "O": ["f_ash", "f_rubble", "f_ash", "f_rubble", "f_ash", "f_null"],
            "@": ["f_ash", "f_rubble", "f_ash", "f_rubble", "f_ash", "f_null"],
            "w": ["f_wreckage", "f_wreckage", "f_wreckage", "f_wreckage", "f_wreckage", "f_wreckage", "f_rubble", "f_null"],
            "x": ["f_wreckage", "f_wreckage", "f_wreckage", "f_wreckage", "f_wreckage", "f_wreckage", "f_rubble", "f_null"],
            "c": ["f_ash", "f_rubble", "f_ash", "f_rubble", "f_ash", "f_null"],
            "#": ["f_ash", "f_rubble", "f_ash", "f_rubble", "f_ash", "f_null"],
            "r": ["f_ash", "f_rubble", "f_ash", "f_rubble", "f_ash", "f_null"],
            "^": ["f_ash", "f_rubble", "f_ash", "f_rubble", "f_ash", "f_null"],
            "t": ["f_ash", "f_rubble", "f_ash", "f_rubble", "f_ash", "f_null"],
            "F": ["f_ash", "f_rubble", "f_ash", "f_rubble", "f_ash", "f_null"],
            "H": ["f_ash", "f_rubble", "f_ash", "f_rubble", "f_ash", "f_null"],
            ":": ["f_ash", "f_rubble", "f_ash", "f_rubble", "f_ash", "f_null"],
            "T": ["f_ash", "f_rubble", "f_ash", "f_rubble", "f_ash", "f_null"],
            "l": ["f_ash", "f_rubble", "f_ash", "f_rubble", "f_ash", "f_null"],
            "G": ["f_ash", "f_rubble", "f_ash", "f_rubble", "f_ash", "f_null"],
            "f": ["f_ash", "f_rubble", "f_ash", "f_rubble", "f_ash", "f_null"],
            "B": ["f_ash", "f_rubble", "f_ash", "f_rubble", "f_ash", "f_null"],
            "!": ["f_ash", "f_rubble", "f_ash", "f_rubble", "f_ash", "f_null"],
            "V": ["f_ash", "f_rubble", "f_ash", "f_rubble", "f_ash", "f_null"],
            "5": ["f_ash", "f_rubble", "f_ash", "f_rubble", "f_ash", "f_null"],
            "8": ["f_ash", "f_rubble", "f_ash", "f_rubble", "f_ash", "f_null"],
            "*": ["f_ash", "f_rubble", "f_ash", "f_rubble", "f_ash", "f_null"]
            }
        }
    }
]
