[
    {
    "type": "vehicle_group",
    "id": "football_vehicles",
    "vehicles": [
        [ "water_cart", 100 ]
    ]
    },{
        "type": "monstergroup",
        "name": "GROUP_FOOTBALL",
        "default": "mon_null",
        "monsters": [
            { "monster": "mon_zombie_brute", "freq": 100, "cost_multiplier": 1, "pack_size": [ 1, 2 ] },
            { "monster": "mon_zombie_runner", "freq": 100, "cost_multiplier": 1, "pack_size": [ 1, 1 ] },
            { "monster": "mon_zombie_master", "freq": 100, "cost_multiplier": 0, "pack_size": [ 1, 1 ] },
            { "monster": "mon_zombie_fat", "freq": 100, "cost_multiplier": 1, "pack_size": [ 4, 6 ] }
        ]
    },{
        "type": "mapgen",
        "om_terrain": [
            "football_field_a1"
        ],
        "method": "json",
        "weight": 300, "comment": "<--- low weight due to low randomness, remove when house mapgen pool is big",
        "object": {
            "fill_ter": "t_dirt",
            "rows": [
                "                        ",
                "                        ",
                "                    HHHH",
                "                     ,,,",
                "          pppppppppppppp",
                "         p..............",
                "        p.pppppppppppppp",
                "       p.p..............",
                "      p.p.pppppppppppppp",
                "     p.p.p..............",
                "    p.p.p.pppppppppppppp",
                "   p.p.p.pp             ",
                "   p.p.p.p              ",
                "   p.p.p.p              ",
                "   p.p.p.p %%%%%%%%%%%%%",
                "   p.p.p.p %       %   %",
                "   p.p.p.p %       %   %",
                "   p.p.p.p %       %   %",
                "   p.p.p.p %       %   %",
                "   p.p.p.p %       %   %",
                "   p.p.p.p %       %   %",
                "   p.p.p.p %       %   %",
                "   p.p.p.p %       %   %",
                "   p.p.p.p %       %   %"
            ],
            "terrain": {".": ["t_dirt", "t_dirt", "t_dirt", "t_grass", "t_pavement", "t_dirt", "t_dirt", "t_dirt", "t_grass", "t_rock_floor", "t_dirt", "t_dirt", "t_dirt", "t_grass", "t_dirtmound", "t_dirt", "t_dirt", "t_dirt", "t_grass", "t_sidewalk", "t_dirt", "t_dirt", "t_dirt", "t_grass", "t_sand"], " ": ["t_dirt", "t_dirt", "t_dirt", "t_sidewalk", "t_pavement", "t_dirt", "t_dirt", "t_dirt", "t_sidewalk", "t_pavement", "t_dirt", "t_dirt", "t_dirt", "t_dirtmound", "t_sidewalk", "t_dirt", "t_dirt", "t_dirt", "t_dirtmound", "t_sidewalk", "t_dirt", "t_dirt", "t_dirt", "t_sand", "t_sand"]},
            "furniture": {
                "%": ["f_ash", "f_ash", "f_ash", "f_null"],
                ".": ["f_ash", "f_null", "f_null"],
                "p": ["f_ash", "f_null", "f_null"],
                ",": ["f_ash", "f_null", "f_null"],
                "H": ["f_ash", "f_null", "f_null"]
            }
        }
    },{
        "type": "mapgen",
        "om_terrain": [
            "football_field_a2"
        ],
        "method": "json",
        "weight": 300, "comment": "<--- low weight due to low randomness, remove when house mapgen pool is big",
        "object": {
            "fill_ter": "t_dirt",
            "rows": [
                "                        ",
                "                        ",
                "HHHHHHHHHHHHHHH HHHHHHHH",
                ",,,,,,,,,,,,,,   ,,,,,,,",
                "pppppppppppppppppppppppp",
                "........................",
                "pppppppppppppppppppppppp",
                "........................",
                "pppppppppppppppppppppppp",
                "........................",
                "pppppppppppppppppppppppp",
                "                        ",
                "                HHHHHHHH",
                "                        ",
                "%%%%%%%%%%%%%%%%%%%%%%%%",
                "   %   %   %   %   %   %",
                "   %   %   %   %   %   %",
                "   %   %   %   %   %   %",
                "   %   %   %   %   %   %",
                "   %   %   %   %   %   %",
                "   %   %   %   %   %   %",
                "   %   %   %   %   %   %",
                "   %   %   %   %   %   %",
                "   %   %   %   %   %   %"
            ],
            "terrain": {".": ["t_dirt", "t_dirt", "t_dirt", "t_grass", "t_pavement", "t_dirt", "t_dirt", "t_dirt", "t_grass", "t_rock_floor", "t_dirt", "t_dirt", "t_dirt", "t_grass", "t_dirtmound", "t_dirt", "t_dirt", "t_dirt", "t_grass", "t_sidewalk", "t_dirt", "t_dirt", "t_dirt", "t_grass", "t_sand"], " ": ["t_dirt", "t_dirt", "t_dirt", "t_sidewalk", "t_pavement", "t_dirt", "t_dirt", "t_dirt", "t_sidewalk", "t_pavement", "t_dirt", "t_dirt", "t_dirt", "t_dirtmound", "t_sidewalk", "t_dirt", "t_dirt", "t_dirt", "t_dirtmound", "t_sidewalk", "t_dirt", "t_dirt", "t_dirt", "t_sand", "t_sand"]},
            "furniture": {
                "%": ["f_ash", "f_ash", "f_ash", "f_null"],
                ".": ["f_ash", "f_null", "f_null"],
                "p": ["f_ash", "f_null", "f_null"],
                ",": ["f_ash", "f_null", "f_null"],
                "H": ["f_ash", "f_null", "f_null"]
            }
        }
    },{
        "type": "mapgen",
        "om_terrain": [
            "football_field_a3"
        ],
        "method": "json",
        "weight": 300, "comment": "<--- low weight due to low randomness, remove when house mapgen pool is big",
        "object": {
            "fill_ter": "t_dirt",
            "rows": [
                "                        ",
                "                        ",
                "HHHHHHHHHHH HHHHHHHHHHHH",
                ",,,,,,,,,,   ,,,,,,,,,,,",
                "pppppppppppppppppppppppp",
                "........................",
                "pppppppppppppppppppppppp",
                "........................",
                "pppppppppppppppppppppppp",
                "........................",
                "pppppppppppppppppppppppp",
                "                        ",
                "HHHHHHHHHHH HHHHHHHHHHHH",
                "                        ",
                "%%%%%%%%%%%%%%%%%%%%%%%%",
                "   %   %   %   %   %   %",
                "   %   %   %   %   %   %",
                "   %   %   %   %   %   %",
                "   %   %   %   %   %   %",
                "   %   %   %   %   %   %",
                "   %   %   %   %   %   %",
                "   %   %   %   %   %   %",
                "   %   %   %   %   %   %",
                "   %   %   %   %   %   %"
            ],
            "terrain": {".": ["t_dirt", "t_dirt", "t_dirt", "t_grass", "t_pavement", "t_dirt", "t_dirt", "t_dirt", "t_grass", "t_rock_floor", "t_dirt", "t_dirt", "t_dirt", "t_grass", "t_dirtmound", "t_dirt", "t_dirt", "t_dirt", "t_grass", "t_sidewalk", "t_dirt", "t_dirt", "t_dirt", "t_grass", "t_sand"], " ": ["t_dirt", "t_dirt", "t_dirt", "t_sidewalk", "t_pavement", "t_dirt", "t_dirt", "t_dirt", "t_sidewalk", "t_pavement", "t_dirt", "t_dirt", "t_dirt", "t_dirtmound", "t_sidewalk", "t_dirt", "t_dirt", "t_dirt", "t_dirtmound", "t_sidewalk", "t_dirt", "t_dirt", "t_dirt", "t_sand", "t_sand"]},
            "furniture": {
                "%": ["f_ash", "f_ash", "f_ash", "f_null"],
                ".": ["f_ash", "f_null", "f_null"],
                "p": ["f_ash", "f_null", "f_null"],
                ",": ["f_ash", "f_null", "f_null"],
                "H": ["f_ash", "f_null", "f_null"]
            },
            "place_monsters": [
                { "x": [ 0, 23 ], "y": [ 11, 13 ], "monster": "GROUP_FOOTBALL", "chance": 1 }
            ]
        }
    },{
        "type": "mapgen",
        "om_terrain": [
            "football_field_a4"
        ],
        "method": "json",
        "weight": 300, "comment": "<--- low weight due to low randomness, remove when house mapgen pool is big",
        "object": {
            "fill_ter": "t_dirt",
            "rows": [
                "                        ",
                "                        ",
                "HHHHHHH HHHHHHHHHHHHHHHH",
                ",,,,,,   ,,,,,,,,,,,,,,,",
                "pppppppppppppppppppppppp",
                "........................",
                "pppppppppppppppppppppppp",
                "........................",
                "pppppppppppppppppppppppp",
                "........................",
                "pppppppppppppppppppppppp",
                "                        ",
                "HHHHHHH                 ",
                "                        ",
                "%%%%%%%%%%%%%%%%%%%%%%%%",
                "   %   %   %   %   %   %",
                "   %   %   %   %   %   %",
                "   %   %   %   %   %   %",
                "   %   %   %   %   %   %",
                "   %   %   %   %   %   %",
                "   %   %   %   %   %   %",
                "   %   %   %   %   %   %",
                "   %   %   %   %   %   %",
                "   %   %   %   %   %   %"
            ],
            "terrain": {".": ["t_dirt", "t_dirt", "t_dirt", "t_grass", "t_pavement", "t_dirt", "t_dirt", "t_dirt", "t_grass", "t_rock_floor", "t_dirt", "t_dirt", "t_dirt", "t_grass", "t_dirtmound", "t_dirt", "t_dirt", "t_dirt", "t_grass", "t_sidewalk", "t_dirt", "t_dirt", "t_dirt", "t_grass", "t_sand"], " ": ["t_dirt", "t_dirt", "t_dirt", "t_sidewalk", "t_pavement", "t_dirt", "t_dirt", "t_dirt", "t_sidewalk", "t_pavement", "t_dirt", "t_dirt", "t_dirt", "t_dirtmound", "t_sidewalk", "t_dirt", "t_dirt", "t_dirt", "t_dirtmound", "t_sidewalk", "t_dirt", "t_dirt", "t_dirt", "t_sand", "t_sand"]},
            "furniture": {
                "%": ["f_ash", "f_ash", "f_ash", "f_null"],
                ".": ["f_ash", "f_null", "f_null"],
                "p": ["f_ash", "f_null", "f_null"],
                ",": ["f_ash", "f_null", "f_null"],
                "H": ["f_ash", "f_null", "f_null"]
            }
        }
    },{
        "type": "mapgen",
        "om_terrain": [
            "football_field_a5"
        ],
        "method": "json",
        "weight": 300, "comment": "<--- low weight due to low randomness, remove when house mapgen pool is big",
        "object": {
            "fill_ter": "t_dirt",
            "rows": [
                "                        ",
                "                        ",
                "HH RR                   ",
                ",,,,,,                  ",
                "ppppppppppppp           ",
                ".............p          ",
                "ppppppppppppp.p         ",
                ".............p.p        ",
                "ppppppppppppp.p.p       ",
                ".............p.p.p      ",
                "ppppppppppppp.p.p.p     ",
                "            pp.p.p.p    ",
                "             p.p.p.p    ",
                "             p.p.p.p    ",
                "%%%%%%%%%%%% p.p.p.p    ",
                "   %       % p.p.p.p    ",
                "   %       % p.p.p.p    ",
                "   %       % p.p.p.p    ",
                "   %       % p.p.p.p    ",
                "   %       % p.p.p.p    ",
                "   %       % p.p.p.p    ",
                "   %       % p.p.p.p    ",
                "   %       % p.p.p.p    ",
                "   %       % p.p.p.p    "
            ],
            "terrain": {".": ["t_dirt", "t_dirt", "t_dirt", "t_grass", "t_pavement", "t_dirt", "t_dirt", "t_dirt", "t_grass", "t_rock_floor", "t_dirt", "t_dirt", "t_dirt", "t_grass", "t_dirtmound", "t_dirt", "t_dirt", "t_dirt", "t_grass", "t_sidewalk", "t_dirt", "t_dirt", "t_dirt", "t_grass", "t_sand"], " ": ["t_dirt", "t_dirt", "t_dirt", "t_sidewalk", "t_pavement", "t_dirt", "t_dirt", "t_dirt", "t_sidewalk", "t_pavement", "t_dirt", "t_dirt", "t_dirt", "t_dirtmound", "t_sidewalk", "t_dirt", "t_dirt", "t_dirt", "t_dirtmound", "t_sidewalk", "t_dirt", "t_dirt", "t_dirt", "t_sand", "t_sand"]},
            "furniture": {
                "%": ["f_ash", "f_ash", "f_ash", "f_null"],
                ".": ["f_ash", "f_null", "f_null"],
                "p": ["f_ash", "f_null", "f_null"],
                ",": ["f_ash", "f_null", "f_null"],
                "H": ["f_ash", "f_null", "f_null"]
            }
        }
    },{
        "type": "mapgen",
        "om_terrain": [
            "football_field_b1"
        ],
        "method": "json",
        "weight": 300, "comment": "<--- low weight due to low randomness, remove when house mapgen pool is big",
        "object": {
            "fill_ter": "t_dirt",
            "rows": [
                "   p.p.p.p %       %   %",
                "   p.p.p.p %       %   %",
                "   p.p.p.p %       %   %",
                "   p.p.p.p %       %   %",
                "   p.p.p.p %       %   %",
                "   p.p.p.p %       %  %%",
                "   p.p.p.p %       %   %",
                "   p.p.p.p %       %   %",
                "   p.p.p.p %       %   %",
                "   p.p.p.p %       %   %",
                "   p.p.p.p %       %   %",
                "   p.p.p.p %     o %   %",
                "   p.p.p.p %       %   %",
                "   p.p.p.p %       %   %",
                "   p.p.p.p %       %   %",
                "   p.p.p.p %       %   %",
                "   p.p.p.p %       %   %",
                "   p.p.p.p %       %  %%",
                "   p.p.p.p %       %   %",
                "   p.p.p.p %       %   %",
                "   p.p.p.p %       %   %",
                "   p.p.p.p %       %   %",
                "   p.p.p.p %       %   %",
                "   p.p.p.p %       %   %"
            ],
            "terrain": {".": ["t_dirt", "t_dirt", "t_dirt", "t_grass", "t_pavement", "t_dirt", "t_dirt", "t_dirt", "t_grass", "t_rock_floor", "t_dirt", "t_dirt", "t_dirt", "t_grass", "t_dirtmound", "t_dirt", "t_dirt", "t_dirt", "t_grass", "t_sidewalk", "t_dirt", "t_dirt", "t_dirt", "t_grass", "t_sand"], " ": ["t_dirt", "t_dirt", "t_dirt", "t_sidewalk", "t_pavement", "t_dirt", "t_dirt", "t_dirt", "t_sidewalk", "t_pavement", "t_dirt", "t_dirt", "t_dirt", "t_dirtmound", "t_sidewalk", "t_dirt", "t_dirt", "t_dirt", "t_dirtmound", "t_sidewalk", "t_dirt", "t_dirt", "t_dirt", "t_sand", "t_sand"]},
            "furniture": {
                "%": ["f_ash", "f_ash", "f_ash", "f_null"],
                ".": ["f_ash", "f_null", "f_null"],
                "p": ["f_ash", "f_null", "f_null"],
                ",": ["f_ash", "f_null", "f_null"],
                "H": ["f_ash", "f_null", "f_null"],
                "o": ["f_rubble", "f_rubble", "f_rubble", "f_rubble", "f_rubble", "f_rubble", "f_rubble", "f_ash", "f_rubble_rock", "f_ash", "f_null", "f_ash"]
            }
        }
    },{
        "type": "mapgen",
        "om_terrain": [
            "football_field_b2"
        ],
        "method": "json",
        "weight": 300, "comment": "<--- low weight due to low randomness, remove when house mapgen pool is big",
        "object": {
            "fill_ter": "t_dirt",
            "rows": [
                "   %   %   %   %   %   %",
                "   %   %   %   %   %   %",
                "   %   %   %   %   %   %",
                "   %   %   %   %   %   %",
                "   %   %   %   %   %   %",
                "  %%  %%  %%  %%  %%  %%",
                "   %   %   %   %   %   %",
                "   %   %   %   %   %   %",
                "   %   %   %   %   %   %",
                "   %   %   %   %   %   %",
                "   %   %   %   %   %   %",
                "   %   %   %   %   %   %",
                "   %   %   %   %   %   %",
                "   %   %   %   %   %   %",
                "   %   %   %   %   %   %",
                "   %   %   %   %   %   %",
                "   %   %   %   %   %   %",
                "  %%  %%  %%  %%  %%  %%",
                "   %   %   %   %   %   %",
                "   %   %   %   %   %   %",
                "   %   %   %   %   %   %",
                "   %   %   %   %   %   %",
                "   %   %   %   %   %   %",
                "   %   %   %   %   %   %"
            ],
            "terrain": {".": ["t_dirt", "t_dirt", "t_dirt", "t_grass", "t_pavement", "t_dirt", "t_dirt", "t_dirt", "t_grass", "t_rock_floor", "t_dirt", "t_dirt", "t_dirt", "t_grass", "t_dirtmound", "t_dirt", "t_dirt", "t_dirt", "t_grass", "t_sidewalk", "t_dirt", "t_dirt", "t_dirt", "t_grass", "t_sand"], " ": ["t_dirt", "t_dirt", "t_dirt", "t_sidewalk", "t_pavement", "t_dirt", "t_dirt", "t_dirt", "t_sidewalk", "t_pavement", "t_dirt", "t_dirt", "t_dirt", "t_dirtmound", "t_sidewalk", "t_dirt", "t_dirt", "t_dirt", "t_dirtmound", "t_sidewalk", "t_dirt", "t_dirt", "t_dirt", "t_sand", "t_sand"]},
            "furniture": {
                "%": ["f_ash", "f_ash", "f_ash", "f_null"]
            }
        }
    },{
        "type": "mapgen",
        "om_terrain": [
            "football_field_b3"
        ],
        "method": "json",
        "weight": 300, "comment": "<--- low weight due to low randomness, remove when house mapgen pool is big",
        "object": {
            "fill_ter": "t_dirt",
            "rows": [
                "   %   %   %   %   %   %",
                "   %   %   %   %   %   %",
                "   %   %   %   %   %   %",
                "   %   %   %   %   %   %",
                "   %   %   %   %   %   %",
                "  %%  %%  %%%  %%  %%  %",
                "   %   %   %   %   %   %",
                "   %   %   %   %   %   %",
                "   %   %   %   %   %   %",
                "   %   %   %   %   %   %",
                "   %   %   %   %   %   %",
                "   %   %   %   %   %   %",
                "   %   %   %   %   %   %",
                "   %   %   %   %   %   %",
                "   %   %   %   %   %   %",
                "   %   %   %   %   %   %",
                "   %   %   %   %   %   %",
                "  %%  %%  %%%  %%  %%  %",
                "   %   %   %   %   %   %",
                "   %   %   %   %   %   %",
                "   %   %   %   %   %   %",
                "   %   %   %   %   %   %",
                "   %   %   %   %   %   %",
                "   %   %   %   %   %   %"
            ],
            "terrain": {".": ["t_dirt", "t_dirt", "t_dirt", "t_grass", "t_pavement", "t_dirt", "t_dirt", "t_dirt", "t_grass", "t_rock_floor", "t_dirt", "t_dirt", "t_dirt", "t_grass", "t_dirtmound", "t_dirt", "t_dirt", "t_dirt", "t_grass", "t_sidewalk", "t_dirt", "t_dirt", "t_dirt", "t_grass", "t_sand"], " ": ["t_dirt", "t_dirt", "t_dirt", "t_sidewalk", "t_pavement", "t_dirt", "t_dirt", "t_dirt", "t_sidewalk", "t_pavement", "t_dirt", "t_dirt", "t_dirt", "t_dirtmound", "t_sidewalk", "t_dirt", "t_dirt", "t_dirt", "t_dirtmound", "t_sidewalk", "t_dirt", "t_dirt", "t_dirt", "t_sand", "t_sand"]},
            "furniture": {
                "%": ["f_ash", "f_ash", "f_ash", "f_null"]
            },
            "place_monsters": [
                { "x": [ 7, 15 ], "y": [ 3, 19 ], "monster": "GROUP_FOOTBALL", "chance": 1, "repeat": [ 3, 4 ] }
            ]
        }
    },{
        "type": "mapgen",
        "om_terrain": [
            "football_field_b4"
        ],
        "method": "json",
        "weight": 300, "comment": "<--- low weight due to low randomness, remove when house mapgen pool is big",
        "object": {
            "fill_ter": "t_dirt",
            "rows": [
                "   %   %   %   %   %   %",
                "   %   %   %   %   %   %",
                "   %   %   %   %   %   %",
                "   %   %   %   %   %   %",
                "   %   %   %   %   %   %",
                "%  %%  %%  %%  %%  %%  %",
                "   %   %   %   %   %   %",
                "   %   %   %   %   %   %",
                "   %   %   %   %   %   %",
                "   %   %   %   %   %   %",
                "   %   %   %   %   %   %",
                "   %   %   %   %   %   %",
                "   %   %   %   %   %   %",
                "   %   %   %   %   %   %",
                "   %   %   %   %   %   %",
                "   %   %   %   %   %   %",
                "   %   %   %   %   %   %",
                "%  %%  %%  %%  %%  %%  %",
                "   %   %   %   %   %   %",
                "   %   %   %   %   %   %",
                "   %   %   %   %   %   %",
                "   %   %   %   %   %   %",
                "   %   %   %   %   %   %",
                "   %   %   %   %   %   %"
            ],
            "terrain": {".": ["t_dirt", "t_dirt", "t_dirt", "t_grass", "t_pavement", "t_dirt", "t_dirt", "t_dirt", "t_grass", "t_rock_floor", "t_dirt", "t_dirt", "t_dirt", "t_grass", "t_dirtmound", "t_dirt", "t_dirt", "t_dirt", "t_grass", "t_sidewalk", "t_dirt", "t_dirt", "t_dirt", "t_grass", "t_sand"], " ": ["t_dirt", "t_dirt", "t_dirt", "t_sidewalk", "t_pavement", "t_dirt", "t_dirt", "t_dirt", "t_sidewalk", "t_pavement", "t_dirt", "t_dirt", "t_dirt", "t_dirtmound", "t_sidewalk", "t_dirt", "t_dirt", "t_dirt", "t_dirtmound", "t_sidewalk", "t_dirt", "t_dirt", "t_dirt", "t_sand", "t_sand"]},
            "furniture": {
                "%": ["f_ash", "f_ash", "f_ash", "f_null"]
            }
        }
    },{
        "type": "mapgen",
        "om_terrain": [
            "football_field_b5"
        ],
        "method": "json",
        "weight": 300, "comment": "<--- low weight due to low randomness, remove when house mapgen pool is big",
        "object": {
            "fill_ter": "t_dirt",
            "rows": [
                "   %       % p.p.p.p    ",
                "   %       % p.p.p.p    ",
                "   %       % p.p.p.p    ",
                "   %       % p.p.p.p    ",
                "   %       % p.p.p.p    ",
                "%  %       % p.p.p.p    ",
                "   %       % p.p.p.p    ",
                "   %       % p.p.p.p    ",
                "   %       % p.p.p.p    ",
                "   %       % p.p.p.p    ",
                "   %       % p.p.p.p    ",
                "   % o     % p.p.p.p    ",
                "   %       % p.p.p.p    ",
                "   %       % p.p.p.p    ",
                "   %       % p.p.p.p    ",
                "   %       % p.p.p.p    ",
                "   %       % p.p.p.p    ",
                "%  %       % p.p.p.p    ",
                "   %       % p.p.p.p    ",
                "   %       % p.p.p.p    ",
                "   %       % p.p.p.p    ",
                "   %       % p.p.p.p    ",
                "   %       % p.p.p.p    ",
                "   %       % p.p.p.p    "
            ],
            "terrain": {".": ["t_dirt", "t_dirt", "t_dirt", "t_grass", "t_pavement", "t_dirt", "t_dirt", "t_dirt", "t_grass", "t_rock_floor", "t_dirt", "t_dirt", "t_dirt", "t_grass", "t_dirtmound", "t_dirt", "t_dirt", "t_dirt", "t_grass", "t_sidewalk", "t_dirt", "t_dirt", "t_dirt", "t_grass", "t_sand"], " ": ["t_dirt", "t_dirt", "t_dirt", "t_sidewalk", "t_pavement", "t_dirt", "t_dirt", "t_dirt", "t_sidewalk", "t_pavement", "t_dirt", "t_dirt", "t_dirt", "t_dirtmound", "t_sidewalk", "t_dirt", "t_dirt", "t_dirt", "t_dirtmound", "t_sidewalk", "t_dirt", "t_dirt", "t_dirt", "t_sand", "t_sand"]},
            "furniture": {
                "%": ["f_ash", "f_ash", "f_ash", "f_null"],
                ".": ["f_ash", "f_null", "f_null"],
                "p": ["f_ash", "f_null", "f_null"],
                ",": ["f_ash", "f_null", "f_null"],
                "H": ["f_ash", "f_null", "f_null"],
                "o": ["f_rubble", "f_rubble", "f_rubble", "f_rubble", "f_rubble", "f_rubble", "f_rubble", "f_ash", "f_rubble_rock", "f_ash", "f_null", "f_ash"]
            }
        }
    },{
        "type": "mapgen",
        "om_terrain": [
            "football_field_c1"
        ],
        "method": "json",
        "weight": 300, "comment": "<--- low weight due to low randomness, remove when house mapgen pool is big",
        "object": {
            "fill_ter": "t_dirt",
            "rows": [
                "   p.p.p.p %       %   %",
                "   p.p.p.p %       %   %",
                "   p.p.p.p %       %   %",
                "   p.p.p.p %       %   %",
                "   p.p.p.p %       %   %",
                "   p.p.p.p %       %   %",
                "   p.p.p.p %       %   %",
                "   p.p.p.p %       %   %",
                "   p.p.p.p %%%%%%%%%%%%%",
                "   p.p.p.p              ",
                "   p.p.p.p      HHHHHHHH",
                "   p.p.p.pp             ",
                "    p.p.p.pppppppppppppp",
                "     p.p.p..............",
                "      p.p.pppppppppppppp",
                "       p.p..............",
                "        p.pppppppppppppp",
                "         p..............",
                "          pppppppppppppp",
                "                      ,,",
                "                     HHH",
                "                      ,,",
                "                     HHH",
                "                        "
            ],
            "terrain": {".": ["t_dirt", "t_dirt", "t_dirt", "t_grass", "t_pavement", "t_dirt", "t_dirt", "t_dirt", "t_grass", "t_rock_floor", "t_dirt", "t_dirt", "t_dirt", "t_grass", "t_dirtmound", "t_dirt", "t_dirt", "t_dirt", "t_grass", "t_sidewalk", "t_dirt", "t_dirt", "t_dirt", "t_grass", "t_sand"], " ": ["t_dirt", "t_dirt", "t_dirt", "t_sidewalk", "t_pavement", "t_dirt", "t_dirt", "t_dirt", "t_sidewalk", "t_pavement", "t_dirt", "t_dirt", "t_dirt", "t_dirtmound", "t_sidewalk", "t_dirt", "t_dirt", "t_dirt", "t_dirtmound", "t_sidewalk", "t_dirt", "t_dirt", "t_dirt", "t_sand", "t_sand"]},
            "furniture": {
                "%": ["f_ash", "f_ash", "f_ash", "f_null"],
                ".": ["f_ash", "f_null", "f_null"],
                "p": ["f_ash", "f_null", "f_null"],
                ",": ["f_ash", "f_null", "f_null"],
                "H": ["f_ash", "f_null", "f_null"]
            }
        }
    },{
        "type": "mapgen",
        "om_terrain": [
            "football_field_c2"
        ],
        "method": "json",
        "weight": 300, "comment": "<--- low weight due to low randomness, remove when house mapgen pool is big",
        "object": {
            "fill_ter": "t_dirt",
            "rows": [
                "   %   %   %   %   %   %",
                "   %   %   %   %   %   %",
                "   %   %   %   %   %   %",
                "   %   %   %   %   %   %",
                "   %   %   %   %   %   %",
                "   %   %   %   %   %   %",
                "   %   %   %   %   %   %",
                "   %   %   %   %   %   %",
                "%%%%%%%%%%%%%%%%%%%%%%%%",
                "                        ",
                "                HHHHHHHH",
                "                        ",
                "pppppppppppppppppppppppp",
                "........................",
                "pppppppppppppppppppppppp",
                "........................",
                "pppppppppppppppppppppppp",
                "........................",
                "pppppppppppppppppppppppp",
                ",,,,,,,,,,,,,,,,,,,,,,,,",
                "HHHHHHHHHHHHHHH,HHHHHHHH",
                ",,,,,,,,,,,,,,,,,,,,,,,,",
                "HHHHHHHHHHHHHHH,HHHHHHHH",
                "                        "
            ],
            "terrain": {".": ["t_dirt", "t_dirt", "t_dirt", "t_grass", "t_pavement", "t_dirt", "t_dirt", "t_dirt", "t_grass", "t_rock_floor", "t_dirt", "t_dirt", "t_dirt", "t_grass", "t_dirtmound", "t_dirt", "t_dirt", "t_dirt", "t_grass", "t_sidewalk", "t_dirt", "t_dirt", "t_dirt", "t_grass", "t_sand"], " ": ["t_dirt", "t_dirt", "t_dirt", "t_sidewalk", "t_pavement", "t_dirt", "t_dirt", "t_dirt", "t_sidewalk", "t_pavement", "t_dirt", "t_dirt", "t_dirt", "t_dirtmound", "t_sidewalk", "t_dirt", "t_dirt", "t_dirt", "t_dirtmound", "t_sidewalk", "t_dirt", "t_dirt", "t_dirt", "t_sand", "t_sand"]},
            "furniture": {
                "%": ["f_ash", "f_ash", "f_ash", "f_null"],
                ".": ["f_ash", "f_null", "f_null"],
                "p": ["f_ash", "f_null", "f_null"],
                ",": ["f_ash", "f_null", "f_null"],
                "H": ["f_ash", "f_null", "f_null"]
            }
        }
    },{
        "type": "mapgen",
        "om_terrain": [
            "football_field_c3"
        ],
        "method": "json",
        "weight": 300, "comment": "<--- low weight due to low randomness, remove when house mapgen pool is big",
        "object": {
            "fill_ter": "t_dirt",
            "rows": [
                "   %   %   %   %   %   %",
                "   %   %   %   %   %   %",
                "   %   %   %   %   %   %",
                "   %   %   %   %   %   %",
                "   %   %   %   %   %   %",
                "   %   %   %   %   %   %",
                "   %   %   %   %   %   %",
                "   %   %   %   %   %   %",
                "%%%%%%%%%%%%%%%%%%%%%%%%",
                "                        ",
                "HHHHHHHHHHH HHHHHHHHHHHH",
                "                        ",
                "pppppppppppppppppppppppp",
                "........................",
                "pppppppppppppppppppppppp",
                "........................",
                "pppppppppppppppppppppppp",
                "........................",
                "pppppppppppppppppppppppp",
                ",,,,,,,,,,,,,,,,,,,,,,,,",
                "HHHHHHHHHHH,HHHHHHHHHHHH",
                ",,,,,,,,,,,,,,,,,,,,,,,,",
                "HHHHHHHHHHH,HHHHHHHHHHHH",
                "                        "
            ],
            "terrain": {".": ["t_dirt", "t_dirt", "t_dirt", "t_grass", "t_pavement", "t_dirt", "t_dirt", "t_dirt", "t_grass", "t_rock_floor", "t_dirt", "t_dirt", "t_dirt", "t_grass", "t_dirtmound", "t_dirt", "t_dirt", "t_dirt", "t_grass", "t_sidewalk", "t_dirt", "t_dirt", "t_dirt", "t_grass", "t_sand"], " ": ["t_dirt", "t_dirt", "t_dirt", "t_sidewalk", "t_pavement", "t_dirt", "t_dirt", "t_dirt", "t_sidewalk", "t_pavement", "t_dirt", "t_dirt", "t_dirt", "t_dirtmound", "t_sidewalk", "t_dirt", "t_dirt", "t_dirt", "t_dirtmound", "t_sidewalk", "t_dirt", "t_dirt", "t_dirt", "t_sand", "t_sand"]},
            "furniture": {
                "%": ["f_ash", "f_ash", "f_ash", "f_null"],
                ".": ["f_ash", "f_null", "f_null"],
                "p": ["f_ash", "f_null", "f_null"],
                ",": ["f_ash", "f_null", "f_null"],
                "H": ["f_ash", "f_null", "f_null"]
            },
            "place_monsters": [
                { "x": [ 0, 23 ], "y": [ 9, 11 ], "monster": "GROUP_FOOTBALL", "chance": 1 }
            ]
        }
    },{
        "type": "mapgen",
        "om_terrain": [
            "football_field_c4"
        ],
        "method": "json",
        "weight": 300, "comment": "<--- low weight due to low randomness, remove when house mapgen pool is big",
        "object": {
            "fill_ter": "t_dirt",
            "rows": [
                "   %   %   %   %   %   %",
                "   %   %   %   %   %   %",
                "   %   %   %   %   %   %",
                "   %   %   %   %   %   %",
                "   %   %   %   %   %   %",
                "   %   %   %   %   %   %",
                "   %   %   %   %   %   %",
                "   %   %   %   %   %   %",
                "%%%%%%%%%%%%%%%%%%%%%%%%",
                "                        ",
                "HHHHHHH                 ",
                "                        ",
                "pppppppppppppppppppppppp",
                "........................",
                "pppppppppppppppppppppppp",
                "........................",
                "pppppppppppppppppppppppp",
                "........................",
                "pppppppppppppppppppppppp",
                ",,,,,,,,,,,,,,,,,,,,,,,,",
                "HHHHHHH,HHHHHHHHHHHHHHHH",
                ",,,,,,,,,,,,,,,,,,,,,,,,",
                "HHHHHHH,HHHHHHHHHHHHHHHH",
                "                        "
            ],
            "terrain": {".": ["t_dirt", "t_dirt", "t_dirt", "t_grass", "t_pavement", "t_dirt", "t_dirt", "t_dirt", "t_grass", "t_rock_floor", "t_dirt", "t_dirt", "t_dirt", "t_grass", "t_dirtmound", "t_dirt", "t_dirt", "t_dirt", "t_grass", "t_sidewalk", "t_dirt", "t_dirt", "t_dirt", "t_grass", "t_sand"], " ": ["t_dirt", "t_dirt", "t_dirt", "t_sidewalk", "t_pavement", "t_dirt", "t_dirt", "t_dirt", "t_sidewalk", "t_pavement", "t_dirt", "t_dirt", "t_dirt", "t_dirtmound", "t_sidewalk", "t_dirt", "t_dirt", "t_dirt", "t_dirtmound", "t_sidewalk", "t_dirt", "t_dirt", "t_dirt", "t_sand", "t_sand"]},
            "furniture": {
                "%": ["f_ash", "f_ash", "f_ash", "f_null"],
                ".": ["f_ash", "f_null", "f_null"],
                "p": ["f_ash", "f_null", "f_null"],
                ",": ["f_ash", "f_null", "f_null"],
                "H": ["f_ash", "f_null", "f_null"]
            }
        }
    },{
        "type": "mapgen",
        "om_terrain": [
            "football_field_c5"
        ],
        "method": "json",
        "weight": 300, "comment": "<--- low weight due to low randomness, remove when house mapgen pool is big",
        "object": {
            "fill_ter": "t_dirt",
            "rows": [
                "   %       % p.p.p.p    ",
                "   %       % p.p.p.p    ",
                "   %       % p.p.p.p    ",
                "   %       % p.p.p.p    ",
                "   %       % p.p.p.p    ",
                "   %       % p.p.p.p    ",
                "   %       % p.p.p.p    ",
                "   %       % p.p.p.p    ",
                "%%%%%%%%%%%% p.p.p.p    ",
                "             p.p.p.p    ",
                "             p.p.p.p    ",
                "            pp.p.p.p    ",
                "ppppppppppppp.p.p.p     ",
                ".............p.p.p      ",
                "ppppppppppppp.p.p       ",
                ".............p.p        ",
                "ppppppppppppp.p         ",
                ".............p    , ,   ",
                "ppppppppppppp   --+-+-- ",
                ",,,,         ,,R|I!|!I| ",
                "HHH         --W-|-!|!-| ",
                ",,,,      ,V|C!F|;!|!;| ",
                "HHH       ,V--+-------- ",
                "                        "
            ],
            "terrain": {".": ["t_dirt", "t_dirt", "t_dirt", "t_grass", "t_pavement", "t_dirt", "t_dirt", "t_dirt", "t_grass", "t_rock_floor", "t_dirt", "t_dirt", "t_dirt", "t_grass", "t_dirtmound", "t_dirt", "t_dirt", "t_dirt", "t_grass", "t_sidewalk", "t_dirt", "t_dirt", "t_dirt", "t_grass", "t_sand"], " ": ["t_dirt", "t_dirt", "t_dirt", "t_sidewalk", "t_pavement", "t_dirt", "t_dirt", "t_dirt", "t_sidewalk", "t_pavement", "t_dirt", "t_dirt", "t_dirt", "t_dirtmound", "t_sidewalk", "t_dirt", "t_dirt", "t_dirt", "t_dirtmound", "t_sidewalk", "t_dirt", "t_dirt", "t_dirt", "t_sand", "t_sand"]},
            "furniture": {
                "W": ["f_rubble", "f_rubble", "f_rubble", "f_rubble", "f_rubble", "f_rubble", "f_rubble", "f_ash", "f_rubble_rock", "f_ash", "f_null", "f_ash"],
                "+": ["f_rubble", "f_rubble", "f_rubble", "f_rubble", "f_rubble", "f_rubble", "f_rubble", "f_ash", "f_rubble_rock", "f_ash", "f_null", "f_ash"],

                "%": ["f_ash", "f_ash", "f_ash", "f_null"],
                ".": ["f_ash", "f_null", "f_null"],
                "p": ["f_ash", "f_null", "f_null"],
                ",": ["f_ash", "f_null", "f_null"],
                "H": ["f_ash", "f_null", "f_null"],
                "R": ["f_ash", "f_null", "f_null"],
                "-": ["f_rubble", "f_rubble", "f_rubble", "f_rubble", "f_rubble", "f_rubble", "f_rubble", "f_ash", "f_rubble_rock", "f_ash", "f_null", "f_ash"],
                "|": ["f_rubble", "f_rubble", "f_rubble", "f_rubble", "f_rubble", "f_rubble", "f_rubble", "f_ash", "f_rubble_rock", "f_ash", "f_null", "f_ash"],
                "C": ["f_ash", "f_rubble", "f_ash", "f_rubble", "f_ash", "f_null"],
                "F": ["f_ash", "f_rubble", "f_ash", "f_rubble", "f_ash", "f_null"],
                "!": ["f_ash", "f_rubble", "f_ash", "f_rubble", "f_ash", "f_null"],
                "I": ["f_ash", "f_rubble", "f_ash", "f_rubble", "f_ash", "f_null"],
                ";": ["f_ash", "f_rubble", "f_ash", "f_rubble", "f_ash", "f_null"]
            }
        }
    }
]
