[
    {
        "type": "mapgen",
        "om_terrain": [
            "s_restaurant"
        ],
        "method": "json",
        "weight": 300,
        "object": {
            "fill_ter": "t_dirt",
            "rows": [
            "____,____,____,____,____",
            "____,____,____,____,____",
            "____,____,____,____,____",
            "____,____,____,____,____",
            "____,____,____,____,____",
            "========================",
            "=|OOOOOOOOOOOOOOO--+--|=",
            "=|HtHHtHHtHHtHHtHlblbl|=",
            "=|HtHHtHHtHHtHHtHblblb|=",
            "=|blblblblblblblblblbl|=",
            "=|cbcbcbcbcbcbcbcbcblb|=",
            "=|#################lbl|=",
            "=|lblblblblblblblb#blb|=",
            "=|blblblblblblblblblbl|=",
            "=|lb####ffGGGG####lblb|=",
            "=|bl-------------|--+-|=",
            "=|lb###fffffff###|llll|=",
            "=|blblblblblblblb|llll|=",
            "=|lblblblblblblbl|lSTl|=",
            "=|---------------|----|=",
            "========================",
            "........................",
            "........................",
            "........................"
            ],
            "terrain": {".": ["t_dirt", "t_dirt", "t_dirt", "t_grass", "t_pavement", "t_dirt", "t_dirt", "t_dirt", "t_grass", "t_rock_floor", "t_dirt", "t_dirt", "t_dirt", "t_grass", "t_dirtmound", "t_dirt", "t_dirt", "t_dirt", "t_grass", "t_sidewalk", "t_dirt", "t_dirt", "t_dirt", "t_grass", "t_sand"], " ": ["t_dirt", "t_dirt", "t_dirt", "t_sidewalk", "t_pavement", "t_dirt", "t_dirt", "t_dirt", "t_sidewalk", "t_pavement", "t_dirt", "t_dirt", "t_dirt", "t_dirtmound", "t_sidewalk", "t_dirt", "t_dirt", "t_dirt", "t_dirtmound", "t_sidewalk", "t_dirt", "t_dirt", "t_dirt", "t_sand", "t_sand"]},
            "furniture": {
                "O": ["f_rubble", "f_rubble", "f_rubble", "f_rubble", "f_rubble", "f_rubble", "f_rubble", "f_ash", "f_rubble_rock", "f_ash", "f_null", "f_ash"],
                "+": ["f_rubble", "f_rubble", "f_rubble", "f_rubble", "f_rubble", "f_rubble", "f_rubble", "f_ash", "f_rubble_rock", "f_ash", "f_null", "f_ash"],

            ".": ["f_ash", "f_ash", "f_ash", "f_null"],
            "_": ["f_ash", "f_null", "f_null"],
            ",": ["f_ash", "f_null", "f_null"],
            "-": ["f_rubble", "f_rubble", "f_rubble", "f_rubble", "f_rubble", "f_rubble", "f_rubble", "f_ash", "f_rubble_rock", "f_ash", "f_null", "f_ash"],
            "|": ["f_rubble", "f_rubble", "f_rubble", "f_rubble", "f_rubble", "f_rubble", "f_rubble", "f_ash", "f_rubble_rock", "f_ash", "f_null", "f_ash"],
            "c": ["f_ash", "f_rubble", "f_ash", "f_rubble", "f_ash", "f_null"],
            "#": ["f_ash", "f_rubble", "f_ash", "f_rubble", "f_ash", "f_null"],
            "t": ["f_ash", "f_rubble", "f_ash", "f_rubble", "f_ash", "f_null"],
            "T": ["f_ash", "f_rubble", "f_ash", "f_rubble", "f_ash", "f_null"],
            "=": ["f_ash", "f_null", "f_null"],
            "G": ["f_ash", "f_rubble", "f_ash", "f_rubble", "f_ash", "f_null"],
            "f": ["f_ash", "f_rubble", "f_ash", "f_rubble", "f_ash", "f_null"],
            "S": ["f_ash", "f_rubble", "f_ash", "f_rubble", "f_ash", "f_null"],
            "H": ["f_ash", "f_rubble", "f_ash", "f_rubble", "f_ash", "f_null"],
            "l": ["f_ash", "f_rubble", "f_ash", "f_rubble", "f_ash", "f_null"],
            "b": ["f_ash", "f_rubble", "f_ash", "f_rubble", "f_ash", "f_null"]
            }
        }
    }
]
