[
    {
        "type" : "mapgen",
        "om_terrain" : ["house"],
        "method" : "json",
        "weight" : 200,
        "object" : {
            "fill_ter": "t_dirt",
            "rows" : [
                "..T.....T..#.....s.....#",
                "...........#.....s.....#",
                ".....T.....#.....s.....#",
                "...........#.....s.....#",
                "..T.....T..RRRVVR3RVVRRR",
                "...........R????  ?   0R",
                ".~~~~~~~~~~V      ?  n V",
                ".~~~~~~~~~~V   ?  ?    V",
                ".~~~~~~~~~~V????    ???V",
                ".~~~~~~~~~~R           V",
                ".~~      ~~Rr          V",
                ".RRRR[RRRRRR           R",
                ".Ro     oRP    hhhhhh  R",
                ".V  ppp oR     nnnnnn  R",
                ".V  ppp  R  RRRRRRRRRRRR",
                ".V       R      +     R.",
                ".R           n  Rr  c V.",
                ".RoK hK    ????cRr  c R.",
                ".RRRRRRR++RRRRRRR     V.",
                ".R  d@@     kkkPROffccR.",
                ".R   @@      h  RRRRRRR.",
                ".R              + tS BR.",
                ".RRRVVVVVVVVVVRRR    BR.",
                "................RRVRVRR."
            ],
            "terrain": {".": ["t_dirt", "t_dirt", "t_dirt", "t_grass", "t_pavement", "t_dirt", "t_dirt", "t_dirt", "t_grass", "t_rock_floor", "t_dirt", "t_dirt", "t_dirt", "t_grass", "t_dirtmound", "t_dirt", "t_dirt", "t_dirt", "t_grass", "t_sidewalk", "t_dirt", "t_dirt", "t_dirt", "t_grass", "t_sand"], " ": ["t_dirt", "t_dirt", "t_dirt", "t_sidewalk", "t_pavement", "t_dirt", "t_dirt", "t_dirt", "t_sidewalk", "t_pavement", "t_dirt", "t_dirt", "t_dirt", "t_dirtmound", "t_sidewalk", "t_dirt", "t_dirt", "t_dirt", "t_dirtmound", "t_sidewalk", "t_dirt", "t_dirt", "t_dirt", "t_sand", "t_sand"]},
            "furniture" : {
                "." : ["f_ash", "f_ash", "f_ash", "f_null"],
                "0" : ["f_ash", "f_rubble", "f_ash", "f_rubble", "f_ash", "f_null"],
                "#" : ["f_ash", "f_ash", "f_ash", "f_null"],
                "+" : ["f_wreckage", "f_wreckage", "f_wreckage", "f_wreckage", "f_wreckage", "f_wreckage", "f_rubble", "f_null"],
                "[": ["f_rubble", "f_rubble", "f_rubble", "f_rubble", "f_rubble", "f_rubble", "f_rubble", "f_ash", "f_rubble_rock", "f_ash", "f_null", "f_ash"],
                "?" : ["f_ash", "f_rubble", "f_ash", "f_rubble", "f_ash", "f_null"],
                "@" : ["f_ash", "f_rubble", "f_ash", "f_rubble", "f_ash", "f_null"],
                "B" : ["f_ash", "f_rubble", "f_ash", "f_rubble", "f_ash", "f_null"],
                "c" : ["f_ash", "f_rubble", "f_ash", "f_rubble", "f_ash", "f_null"],
                "D" : ["f_ash", "f_rubble", "f_ash", "f_rubble", "f_ash", "f_null"],
                "d" : ["f_ash", "f_rubble", "f_ash", "f_rubble", "f_ash", "f_null"],
                "f" : ["f_ash", "f_rubble", "f_ash", "f_rubble", "f_ash", "f_null"],
                "h" : ["f_ash", "f_rubble", "f_ash", "f_rubble", "f_ash", "f_null"],
                "K" : ["f_ash", "f_rubble", "f_ash", "f_rubble", "f_ash", "f_null"],
                "k" : ["f_ash", "f_rubble", "f_ash", "f_rubble", "f_ash", "f_null"],
                "n" : ["f_ash", "f_rubble", "f_ash", "f_rubble", "f_ash", "f_null"],
                "O" : ["f_ash", "f_rubble", "f_ash", "f_rubble", "f_ash", "f_null"],
                "o" : ["f_ash", "f_rubble", "f_ash", "f_rubble", "f_ash", "f_null"],
                "P" : ["f_ash", "f_rubble", "f_ash", "f_rubble", "f_ash", "f_null"],
                "p" : ["f_ash", "f_rubble", "f_ash", "f_rubble", "f_ash", "f_null"],
                "R" : ["f_ash", "f_ash", "f_ash", "f_null"],
                "r" : ["f_ash", "f_rubble", "f_ash", "f_rubble", "f_ash", "f_null"],
                "S" : ["f_ash", "f_rubble", "f_ash", "f_rubble", "f_ash", "f_null"],
                "s" : ["f_ash", "f_null", "f_null"],
                "V" : ["f_ash", "f_rubble", "f_ash", "f_rubble", "f_ash", "f_null"],
                "~" : ["f_ash", "f_null", "f_null"],
                "T" : ["f_ash", "f_ash", "f_ash", "f_null"]
            },
            "place_monsters" : [
                { "monster" : "GROUP_ZOMBIE", "chance" : 2, "x" : [2,21], "y" : [2,21] }
            ]
        }
    }
]
