[
     {
        "type": "mapgen",
        "om_terrain": [
            "abstorefront"
        ],
        "method": "json",
        "weight": 100,
        "object": {            "fill_ter": "t_dirt",
            "rows": [
                "........................",
                ".---222222-33-222222---.",
                ".|                    |.",
                ".|    >         99   9|.",
                ".|    >         99   9|.",
                ".|>>>>>9        99   9|.",
                ".|9                  9|.",
                ".|9    9             9|.",
                ".|9       G   >>     9|.",
                ".|9 9     >    >     9|.",
                ".|9 99    G    >     9|.",
                ".|9  9    G   >>     9|.",
                ".|9 9                9|.",
                ".|9                  9|.",
                ".|9  99    9    99   9|.",
                ".|9  99    99   99   9|.",
                ".|9  99    99   99   9|.",
                ".|9  99    99   ------|.",
                ".|9  99    99   +     |.",
                ".| 9            |     3.",
                ".|    9         |     |.",
                ".|99999999999999|     |.",
                ".----------------------.",
                "........................"
            ],
            "terrain": {".": ["t_dirt", "t_dirt", "t_dirt", "t_grass", "t_pavement", "t_dirt", "t_dirt", "t_dirt", "t_grass", "t_rock_floor", "t_dirt", "t_dirt", "t_dirt", "t_grass", "t_dirtmound", "t_dirt", "t_dirt", "t_dirt", "t_grass", "t_sidewalk", "t_dirt", "t_dirt", "t_dirt", "t_grass", "t_sand"], " ": ["t_dirt", "t_dirt", "t_dirt", "t_sidewalk", "t_pavement", "t_dirt", "t_dirt", "t_dirt", "t_sidewalk", "t_pavement", "t_dirt", "t_dirt", "t_dirt", "t_dirtmound", "t_sidewalk", "t_dirt", "t_dirt", "t_dirt", "t_dirtmound", "t_sidewalk", "t_dirt", "t_dirt", "t_dirt", "t_sand", "t_sand"]},
            "furniture": {
                ".": ["f_ash", "f_ash", "f_ash", "f_null"],
                "-": ["f_rubble", "f_rubble", "f_rubble", "f_rubble", "f_rubble", "f_rubble", "f_rubble", "f_ash", "f_rubble_rock", "f_ash", "f_null", "f_ash"],
                "2": ["f_rubble", "f_rubble", "f_rubble", "f_rubble", "f_rubble", "f_rubble", "f_rubble", "f_ash", "f_rubble_rock", "f_ash", "f_null", "f_ash"],
                "3": ["f_rubble", "f_rubble", "f_rubble", "f_rubble", "f_rubble", "f_rubble", "f_rubble", "f_ash", "f_rubble_rock", "f_ash", "f_null", "f_ash"],
                "|": ["f_rubble", "f_rubble", "f_rubble", "f_rubble", "f_rubble", "f_rubble", "f_rubble", "f_ash", "f_rubble_rock", "f_ash", "f_null", "f_ash"],
                " ": ["f_ash", "f_rubble", "f_ash", "f_rubble", "f_ash", "f_null"],
                "6": ["f_ash", "f_rubble", "f_ash", "f_rubble", "f_ash", "f_null"],
                "7": ["f_ash", "f_rubble", "f_ash", "f_rubble", "f_ash", "f_null"],
                "8": ["f_ash", "f_rubble", "f_ash", "f_rubble", "f_ash", "f_null"],
                "9": ["f_ash", "f_rubble", "f_ash", "f_rubble", "f_ash", "f_null"],
                ":": ["f_ash", "f_rubble", "f_ash", "f_rubble", "f_ash", "f_null"],
                ";": ["f_ash", "f_rubble", "f_ash", "f_rubble", "f_ash", "f_null"],
                "+": ["f_rubble", "f_rubble", "f_rubble", "f_rubble", "f_rubble", "f_rubble", "f_rubble", "f_ash", "f_rubble_rock", "f_ash", "f_null", "f_ash"],
                ">": ["f_ash", "f_rubble", "f_ash", "f_rubble", "f_ash", "f_null"],
                "?": ["f_ash", "f_rubble", "f_ash", "f_rubble", "f_ash", "f_null"],
                "@": ["f_ash", "f_rubble", "f_ash", "f_rubble", "f_ash", "f_null"],
                "A": ["f_ash", "f_rubble", "f_ash", "f_rubble", "f_ash", "f_null"],
                "B": ["f_ash", "f_rubble", "f_ash", "f_rubble", "f_ash", "f_null"],
                "C": ["f_ash", "f_rubble", "f_ash", "f_rubble", "f_ash", "f_null"],
                "D": ["f_ash", "f_rubble", "f_ash", "f_rubble", "f_ash", "f_null"],
                "E": ["f_ash", "f_rubble", "f_ash", "f_rubble", "f_ash", "f_null"],
                "F": ["f_ash", "f_rubble", "f_ash", "f_rubble", "f_ash", "f_null"],
                "G": ["f_ash", "f_rubble", "f_ash", "f_rubble", "f_ash", "f_null"],
                "z": ["f_ash", "f_ash", "f_ash", "f_null"],
                "S": ["f_ash", "f_null", "f_null"],
                "^": ["f_ash", "f_rubble", "f_ash", "f_rubble", "f_ash", "f_null"],
                "{": ["f_rubble", "f_rubble", "f_rubble", "f_rubble", "f_rubble", "f_rubble", "f_rubble", "f_ash", "f_rubble_rock", "f_ash", "f_null", "f_ash"],
                "[": ["f_ash", "f_rubble", "f_ash", "f_rubble", "f_ash", "f_null"],
                "~": ["f_ash", "f_rubble", "f_ash", "f_rubble", "f_ash", "f_null"]
            },
            "comment": "specific terrain/furniture/radiation. doing this until grass_or_dirt is supported ---v",
            "place_monsters": [
                { "monster": "GROUP_ZOMBIE", "chance": 2, "x": [ 2, 21 ], "y": [ 2, 21 ], "repeat": [ 2,3 ]  }
            ],
            "comment": "end of mapgen json definition ---v"
        },
        "comment": "end of mapgen entry ---v"
    }
]
