[
    {
        "type": "mapgen",
        "om_terrain": [
            "office_doctor"
        ],
        "method": "json",
        "weight": 500,
        "object": {            "fill_ter": "t_dirt",
            "rows": [
                    "~~~~~~~~~~~~~~~~~~~~~~~~",
                    "~~~~~~~~~~~~~~~~~~~~~~~~",
                    "***|--0---|::|--OO--|***",
                    "***|dh...]|..|[hh.h[|***",
                    "***|d%...y|::|h....h|***",
                    "***|--|+--|........h|***",
                    "***|..|..+........h[|***",
                    "***|B.|..|9999|..|--|***",
                    "***|s.|..|%#%#|..|B.|***",
                    "***|..+..|....|..|.#|***",
                    "***|##|..|h...|..+.#|***",
                    "***|--|..|--+-|..|--|***",
                    "***|$$|..#}..h%..|B.|***",
                    "***|..i......h#..|.#|***",
                    "***|$$|..%h...#..+.#|***",
                    "***|--|..###.##..|--|***",
                    "***|..i.............;***",
                    "***|}}|.............|***",
                    "***|--|+|+-|-+|----+|***",
                    "***|d...|.s|s.|.....|***",
                    "***|%h.]|.t|t.|}}}}}|***",
                    "***|-0--|--|--|-----|***",
                    "************************",
                    "************************"
            ],
            "terrain": {".": ["t_dirt", "t_dirt", "t_dirt", "t_grass", "t_pavement", "t_dirt", "t_dirt", "t_dirt", "t_grass", "t_rock_floor", "t_dirt", "t_dirt", "t_dirt", "t_grass", "t_dirtmound", "t_dirt", "t_dirt", "t_dirt", "t_grass", "t_sidewalk", "t_dirt", "t_dirt", "t_dirt", "t_grass", "t_sand"], " ": ["t_dirt", "t_dirt", "t_dirt", "t_sidewalk", "t_pavement", "t_dirt", "t_dirt", "t_dirt", "t_sidewalk", "t_pavement", "t_dirt", "t_dirt", "t_dirt", "t_dirtmound", "t_sidewalk", "t_dirt", "t_dirt", "t_dirt", "t_dirtmound", "t_sidewalk", "t_dirt", "t_dirt", "t_dirt", "t_sand", "t_sand"]},
            "furniture": {
                "O": ["f_rubble", "f_rubble", "f_rubble", "f_rubble", "f_rubble", "f_rubble", "f_rubble", "f_ash", "f_rubble_rock", "f_ash", "f_null", "f_ash"],
                "9": ["f_rubble", "f_rubble", "f_rubble", "f_rubble", "f_rubble", "f_rubble", "f_rubble", "f_ash", "f_rubble_rock", "f_ash", "f_null", "f_ash"],
                "0": ["f_rubble", "f_rubble", "f_rubble", "f_rubble", "f_rubble", "f_rubble", "f_rubble", "f_ash", "f_rubble_rock", "f_ash", "f_null", "f_ash"],
                "+": ["f_rubble", "f_rubble", "f_rubble", "f_rubble", "f_rubble", "f_rubble", "f_rubble", "f_ash", "f_rubble_rock", "f_ash", "f_null", "f_ash"],
                ";": ["f_rubble", "f_rubble", "f_rubble", "f_rubble", "f_rubble", "f_rubble", "f_rubble", "f_ash", "f_rubble_rock", "f_ash", "f_null", "f_ash"],
                "i": ["f_rubble", "f_rubble", "f_rubble", "f_rubble", "f_rubble", "f_rubble", "f_rubble", "f_ash", "f_rubble_rock", "f_ash", "f_null", "f_ash"],
                ":": ["f_rubble", "f_rubble", "f_rubble", "f_rubble", "f_rubble", "f_rubble", "f_rubble", "f_ash", "f_rubble_rock", "f_ash", "f_null", "f_ash"],

                ".": ["f_ash", "f_rubble", "f_ash", "f_rubble", "f_ash", "f_null"],
                "*": ["f_ash", "f_ash", "f_ash", "f_null"],
                "~": ["f_ash", "f_null", "f_null"],
                "-": ["f_rubble", "f_rubble", "f_rubble", "f_rubble", "f_rubble", "f_rubble", "f_rubble", "f_ash", "f_rubble_rock", "f_ash", "f_null", "f_ash"],
                "|": ["f_rubble", "f_rubble", "f_rubble", "f_rubble", "f_rubble", "f_rubble", "f_rubble", "f_ash", "f_rubble_rock", "f_ash", "f_null", "f_ash"],
                "W": ["f_wreckage", "f_wreckage", "f_wreckage", "f_wreckage", "f_wreckage", "f_wreckage", "f_rubble", "f_null"],
                "w": ["f_wreckage", "f_wreckage", "f_wreckage", "f_wreckage", "f_wreckage", "f_wreckage", "f_rubble", "f_null"],
                "^": ["f_wreckage", "f_wreckage", "f_wreckage", "f_wreckage", "f_wreckage", "f_wreckage", "f_rubble", "f_null"],
                "=": ["f_ash", "f_rubble", "f_ash", "f_rubble", "f_ash", "f_null"],
                "#": ["f_ash", "f_rubble", "f_ash", "f_rubble", "f_ash", "f_null"],
                "h": ["f_ash", "f_rubble", "f_ash", "f_rubble", "f_ash", "f_null"],
                "[": ["f_ash", "f_rubble", "f_ash", "f_rubble", "f_ash", "f_null"],
                "}": ["f_ash", "f_rubble", "f_ash", "f_rubble", "f_ash", "f_null"],
                "$": ["f_ash", "f_rubble", "f_ash", "f_rubble", "f_ash", "f_null"],
                "d": ["f_ash", "f_rubble", "f_ash", "f_rubble", "f_ash", "f_null"],
                "]": ["f_ash", "f_rubble", "f_ash", "f_rubble", "f_ash", "f_null"],
                "s": ["f_ash", "f_rubble", "f_ash", "f_rubble", "f_ash", "f_null"],
                "t": ["f_ash", "f_rubble", "f_ash", "f_rubble", "f_ash", "f_null"],
                "B": ["f_ash", "f_rubble", "f_ash", "f_rubble", "f_ash", "f_null"],
                "y": ["f_ash", "f_rubble", "f_ash", "f_rubble", "f_ash", "f_null"],
                "%": ["f_wreckage", "f_wreckage", "f_wreckage", "f_wreckage", "f_wreckage", "f_wreckage", "f_rubble", "f_null"]
            },
            "comment": "end of mapgen json definition ---v"
        },
        "comment": "end of mapgen entry ---v"
    }
]

