[
    {
        "type" : "mapgen",
        "om_terrain" : ["garage_gas_1"],
        "method" : "json",
        "weight" : 250,
        "object" : {
            "fill_ter": "t_dirt",
            "rows" : [
                "ss______________________",
                "ss______________________",
                "ss______________________",
                "ss______________________",
                "ss______________________",
                "ss__________________ssss",
                "ss________I________sssss",
                "ss________&________sss|-",
                "ss________I________ssswr",
                "ss________s________sssw ",
                "ss________s________ssD|r",
                "ss________s________sss[ ",
                "ss________I________sss[ ",
                "ss________&________ssD|r",
                "_s________I________sssw ",
                "___________________sssw ",
                "___________________sss| ",
                "___________________sssw ",
                "___________________sssw ",
                "___________________sss|[",
                "___________________sss|r",
                "____________________ss| ",
                "___________________...|-",
                "_s......................"
            ],
            "terrain": {".": ["t_dirt", "t_dirt", "t_dirt", "t_grass", "t_pavement", "t_dirt", "t_dirt", "t_dirt", "t_grass", "t_rock_floor", "t_dirt", "t_dirt", "t_dirt", "t_grass", "t_dirtmound", "t_dirt", "t_dirt", "t_dirt", "t_grass", "t_sidewalk", "t_dirt", "t_dirt", "t_dirt", "t_grass", "t_sand"], " ": ["t_dirt", "t_dirt", "t_dirt", "t_sidewalk", "t_pavement", "t_dirt", "t_dirt", "t_dirt", "t_sidewalk", "t_pavement", "t_dirt", "t_dirt", "t_dirt", "t_dirtmound", "t_sidewalk", "t_dirt", "t_dirt", "t_dirt", "t_dirtmound", "t_sidewalk", "t_dirt", "t_dirt", "t_dirt", "t_sand", "t_sand"]},
            "furniture" : {
                "w": ["f_rubble", "f_rubble", "f_rubble", "f_rubble", "f_rubble", "f_rubble", "f_rubble", "f_ash", "f_rubble_rock", "f_ash", "f_null", "f_ash"],
                "[": ["f_rubble", "f_rubble", "f_rubble", "f_rubble", "f_rubble", "f_rubble", "f_rubble", "f_ash", "f_rubble_rock", "f_ash", "f_null", "f_ash"],

                "&" : ["f_ash", "f_null", "f_null"],
                "|" : ["f_rubble", "f_rubble", "f_rubble", "f_rubble", "f_rubble", "f_rubble", "f_rubble", "f_ash", "f_rubble_rock", "f_ash", "f_null", "f_ash"],
                "-" : ["f_rubble", "f_rubble", "f_rubble", "f_rubble", "f_rubble", "f_rubble", "f_rubble", "f_ash", "f_rubble_rock", "f_ash", "f_null", "f_ash"],
                "." : ["f_ash", "f_ash", "f_ash", "f_null"],
                "_" : ["f_ash", "f_null", "f_null"],
                "D" : ["f_ash", "f_null", "f_null"],
                "I" : ["f_rubble", "f_rubble", "f_rubble", "f_rubble", "f_rubble", "f_rubble", "f_rubble", "f_ash", "f_rubble_rock", "f_ash", "f_null", "f_ash"],
                "r" : ["f_ash", "f_rubble", "f_ash", "f_rubble", "f_ash", "f_null"],
                "s" : ["f_ash", "f_null", "f_null"]
            },
            "place_monsters" : [
                { "monster" : "GROUP_ZOMBIE", "chance" : 5, "x" : [0,23], "y" : [0,21] }
            ]
        }
    },{
        "type" : "mapgen",
        "om_terrain" : ["garage_gas_2"],
        "method" : "json",
        "weight" : 250,
        "object" : {
            "fill_ter": "t_dirt",
            "rows" : [
                "________________________",
                "________________________",
                "________________________",
                "________________________",
                "________________________",
                "ssssssssss__________s___",
                "sssssssllss________sss__",
                "www-www-|--========---==",
                "rrr rrrr| e             ",
                "        [           I   ",
                " cc     [               ",
                "     cc |               ",
                "     6  |r              ",
                "     c  |r          I   ",
                "     c r|r              ",
                "rrr  c r|r              ",
                "rrr  |+-|               ",
                "     |  +           I   ",
                "     | z|-www-+-|       ",
                "[[[[[| z| kkk  P|rrcccrr",
                "rrrrr| z|  h    |--www--",
                "     +  |    ooo|.......",
                "--------|-------|.......",
                "........................"
            ],
            "terrain": {".": ["t_dirt", "t_dirt", "t_dirt", "t_grass", "t_pavement", "t_dirt", "t_dirt", "t_dirt", "t_grass", "t_rock_floor", "t_dirt", "t_dirt", "t_dirt", "t_grass", "t_dirtmound", "t_dirt", "t_dirt", "t_dirt", "t_grass", "t_sidewalk", "t_dirt", "t_dirt", "t_dirt", "t_grass", "t_sand"], " ": ["t_dirt", "t_dirt", "t_dirt", "t_sidewalk", "t_pavement", "t_dirt", "t_dirt", "t_dirt", "t_sidewalk", "t_pavement", "t_dirt", "t_dirt", "t_dirt", "t_dirtmound", "t_sidewalk", "t_dirt", "t_dirt", "t_dirt", "t_dirtmound", "t_sidewalk", "t_dirt", "t_dirt", "t_dirt", "t_sand", "t_sand"]},
            "furniture" : {
                "w": ["f_rubble", "f_rubble", "f_rubble", "f_rubble", "f_rubble", "f_rubble", "f_rubble", "f_ash", "f_rubble_rock", "f_ash", "f_null", "f_ash"],
                "+": ["f_rubble", "f_rubble", "f_rubble", "f_rubble", "f_rubble", "f_rubble", "f_rubble", "f_ash", "f_rubble_rock", "f_ash", "f_null", "f_ash"],
                "=": ["f_wreckage", "f_wreckage", "f_wreckage", "f_wreckage", "f_wreckage", "f_wreckage", "f_rubble", "f_null"],
                "[": ["f_rubble", "f_rubble", "f_rubble", "f_rubble", "f_rubble", "f_rubble", "f_rubble", "f_ash", "f_rubble_rock", "f_ash", "f_null", "f_ash"],

                "|" : ["f_rubble", "f_rubble", "f_rubble", "f_rubble", "f_rubble", "f_rubble", "f_rubble", "f_ash", "f_rubble_rock", "f_ash", "f_null", "f_ash"],
                "-" : ["f_rubble", "f_rubble", "f_rubble", "f_rubble", "f_rubble", "f_rubble", "f_rubble", "f_ash", "f_rubble_rock", "f_ash", "f_null", "f_ash"],
                "." : ["f_ash", "f_ash", "f_ash", "f_null"],
                "6" : ["f_wreckage", "f_wreckage", "f_wreckage", "f_wreckage", "f_wreckage", "f_wreckage", "f_rubble", "f_null"],
                "_" : ["f_ash", "f_null", "f_null"],
                "c" : ["f_ash", "f_rubble", "f_ash", "f_rubble", "f_ash", "f_null"],
                "e" : ["f_wreckage", "f_wreckage", "f_wreckage", "f_wreckage", "f_wreckage", "f_wreckage", "f_rubble", "f_null"],
                "h" : ["f_ash", "f_rubble", "f_ash", "f_rubble", "f_ash", "f_null"],
                "I" : ["f_rubble", "f_rubble", "f_rubble", "f_rubble", "f_rubble", "f_rubble", "f_rubble", "f_ash", "f_rubble_rock", "f_ash", "f_null", "f_ash"],
                "k" : ["f_ash", "f_rubble", "f_ash", "f_rubble", "f_ash", "f_null"],
                "l" : ["f_ash", "f_null", "f_null"],
                "o" : ["f_ash", "f_rubble", "f_ash", "f_rubble", "f_ash", "f_null"],
                "P" : ["f_ash", "f_rubble", "f_ash", "f_rubble", "f_ash", "f_null"],
                "r" : ["f_ash", "f_rubble", "f_ash", "f_rubble", "f_ash", "f_null"],
                "s" : ["f_ash", "f_null", "f_null"],
                "z" : ["f_ash", "f_rubble", "f_ash", "f_rubble", "f_ash", "f_null"]
            },
            "place_monsters" : [
                { "monster" : "GROUP_ZOMBIE", "chance" : 5, "x" : [0,23], "y" : [0,21] }
            ]
        }
    },{
        "type" : "mapgen",
        "om_terrain" : ["garage_gas_3"],
        "method" : "json",
        "weight" : 250,
        "object" : {
            "fill_ter": "t_dirt",
            "rows" : [
                "_________s..............",
                "_________s..............",
                "_________s..............",
                "_________s..............",
                "________ss..............",
                "_______sss..............",
                "______ssssss............",
                "======---|sssss.........",
                "      e  |ssssss........",
                "        r|---|ss........",
                "        r|  S|ss........",
                "        r|t  +ss........",
                "        c|---|ss........",
                "        c|t  +ss........",
                "        r|  S|s.........",
                "        r|---|s.........",
                "         +sssss.........",
                "         w..............",
                "         w..............",
                "rrcccrrrr|..............",
                "--www----|..............",
                "........................",
                "........................",
                "........................"
            ],
            "terrain": {".": ["t_dirt", "t_dirt", "t_dirt", "t_grass", "t_pavement", "t_dirt", "t_dirt", "t_dirt", "t_grass", "t_rock_floor", "t_dirt", "t_dirt", "t_dirt", "t_grass", "t_dirtmound", "t_dirt", "t_dirt", "t_dirt", "t_grass", "t_sidewalk", "t_dirt", "t_dirt", "t_dirt", "t_grass", "t_sand"], " ": ["t_dirt", "t_dirt", "t_dirt", "t_sidewalk", "t_pavement", "t_dirt", "t_dirt", "t_dirt", "t_sidewalk", "t_pavement", "t_dirt", "t_dirt", "t_dirt", "t_dirtmound", "t_sidewalk", "t_dirt", "t_dirt", "t_dirt", "t_dirtmound", "t_sidewalk", "t_dirt", "t_dirt", "t_dirt", "t_sand", "t_sand"]},
            "furniture" : {
                "w": ["f_rubble", "f_rubble", "f_rubble", "f_rubble", "f_rubble", "f_rubble", "f_rubble", "f_ash", "f_rubble_rock", "f_ash", "f_null", "f_ash"],
                "+": ["f_rubble", "f_rubble", "f_rubble", "f_rubble", "f_rubble", "f_rubble", "f_rubble", "f_ash", "f_rubble_rock", "f_ash", "f_null", "f_ash"],
                "=": ["f_wreckage", "f_wreckage", "f_wreckage", "f_wreckage", "f_wreckage", "f_wreckage", "f_rubble", "f_null"],

                "|" : ["f_rubble", "f_rubble", "f_rubble", "f_rubble", "f_rubble", "f_rubble", "f_rubble", "f_ash", "f_rubble_rock", "f_ash", "f_null", "f_ash"],
                "-" : ["f_rubble", "f_rubble", "f_rubble", "f_rubble", "f_rubble", "f_rubble", "f_rubble", "f_ash", "f_rubble_rock", "f_ash", "f_null", "f_ash"],
                "." : ["f_ash", "f_ash", "f_ash", "f_null"],
                "_" : ["f_ash", "f_null", "f_null"],
                "c" : ["f_ash", "f_rubble", "f_ash", "f_rubble", "f_ash", "f_null"],
                "e" : ["f_wreckage", "f_wreckage", "f_wreckage", "f_wreckage", "f_wreckage", "f_wreckage", "f_rubble", "f_null"],
                "r" : ["f_ash", "f_rubble", "f_ash", "f_rubble", "f_ash", "f_null"],
                "S" : ["f_ash", "f_rubble", "f_ash", "f_rubble", "f_ash", "f_null"],
                "s" : ["f_ash", "f_null", "f_null"],
                "t" : ["f_ash", "f_rubble", "f_ash", "f_rubble", "f_ash", "f_null"]
            },
            "place_monsters" : [
                { "monster" : "GROUP_ZOMBIE", "chance" : 5, "x" : [0,12], "y" : [0,19] }
            ]
        }
    }
]
