[
    {
        "type" : "mapgen",
        "om_terrain" : ["sai"],
        "method": "json",
        "weight": 10,
        "object": {            "fill_ter": "t_dirt",
            "rows": [
            "........................",
            "........................",
            "........................",
            "........................",
            "........................",
            "........................",
            "......------------......",
            "......|          |......",
            "......|  ###     |......",
            "......|       #  |......",
            "......|          |......",
            "......|          |......",
            "......|       #  |......",
            "......|       #  |......",
            "......|          |......",
            "......+          |......",
            "......|          |......",
            "......------------......",
            "........................",
            "........................",
            "........................",
            "........................",
            "........................",
            "........................"
            ],
            "terrain": {".": ["t_dirt", "t_dirt", "t_dirt", "t_grass", "t_pavement", "t_dirt", "t_dirt", "t_dirt", "t_grass", "t_rock_floor", "t_dirt", "t_dirt", "t_dirt", "t_grass", "t_dirtmound", "t_dirt", "t_dirt", "t_dirt", "t_grass", "t_sidewalk", "t_dirt", "t_dirt", "t_dirt", "t_grass", "t_sand"], " ": ["t_dirt", "t_dirt", "t_dirt", "t_sidewalk", "t_pavement", "t_dirt", "t_dirt", "t_dirt", "t_sidewalk", "t_pavement", "t_dirt", "t_dirt", "t_dirt", "t_dirtmound", "t_sidewalk", "t_dirt", "t_dirt", "t_dirt", "t_dirtmound", "t_sidewalk", "t_dirt", "t_dirt", "t_dirt", "t_sand", "t_sand"]},
            "furniture": {
            ".": ["f_ash", "f_ash", "f_ash", "f_null"],
            " ": ["f_ash", "f_null", "f_null"],
            "-": ["f_wreckage", "f_wreckage", "f_wreckage", "f_wreckage", "f_wreckage", "f_wreckage", "f_rubble", "f_null"],
            "|": ["f_wreckage", "f_wreckage", "f_wreckage", "f_wreckage", "f_wreckage", "f_wreckage", "f_rubble", "f_null"],
            "x": ["f_wreckage", "f_wreckage", "f_wreckage", "f_wreckage", "f_wreckage", "f_wreckage", "f_rubble", "f_null"],
            "#": ["f_wreckage", "f_wreckage", "f_wreckage", "f_wreckage", "f_wreckage", "f_wreckage", "f_rubble", "f_null"],
            "+": ["f_wreckage", "f_wreckage", "f_wreckage", "f_wreckage", "f_wreckage", "f_wreckage", "f_rubble", "f_null"]
            }
        }
    }
]
