[
    {
    "type" : "mapgen",
    "om_terrain" : ["s_restaurant_fast"],
    "method": "json",
    "weight": 250,
    "object": {
            "fill_ter": "t_dirt",
            "rows":[
        ",_____ssssssssssss_____,",
        ",__,__#### ss ####__,__,",
        ",_,,,_#ssssssssss#__,__,",
        ",__,__#HTHssssHTH#__,__,",
        ",__,__#ssssssssss#_,,,_,",
        ",__,__|-555++555-|__,__,",
        ",_____|.HH....HH.%_____,",
        ",_____%.TT....TT.%_____,",
        ",_____%.TT....TT.%_____,",
        ",_____%.HH....HH.|_____,",
        ",_____|..........%_____,",
        ",,,,,,|g.........+_____,",
        ",_____|ccxccxc|..%_____,",
        ",_____ow=w=w=w+..|_____,",
        ",_____|ewccOwc|t-|_____,",
        ",_____|l=w=w=S|=S|_____,",
        ",_____||eercwx|P||_____,",
        ",_____#|----o---|#_____,",
        ",________,_____________,",
        ",________,_____________,",
        ",________,_____________,",
        " ,_______,____________, ",
        "  ,,,,,,,,,,,,,,,,,,,,  ",
        "   dd                   "
      ],
            "terrain": {".": ["t_dirt", "t_dirt", "t_dirt", "t_grass", "t_pavement", "t_dirt", "t_dirt", "t_dirt", "t_grass", "t_rock_floor", "t_dirt", "t_dirt", "t_dirt", "t_grass", "t_dirtmound", "t_dirt", "t_dirt", "t_dirt", "t_grass", "t_sidewalk", "t_dirt", "t_dirt", "t_dirt", "t_grass", "t_sand"], " ": ["t_dirt", "t_dirt", "t_dirt", "t_sidewalk", "t_pavement", "t_dirt", "t_dirt", "t_dirt", "t_sidewalk", "t_pavement", "t_dirt", "t_dirt", "t_dirt", "t_dirtmound", "t_sidewalk", "t_dirt", "t_dirt", "t_dirt", "t_dirtmound", "t_sidewalk", "t_dirt", "t_dirt", "t_dirt", "t_sand", "t_sand"]},
      "furniture":{
        "5": ["f_ash", "f_rubble", "f_ash", "f_rubble", "f_ash", "f_null"],
        "%": ["f_ash", "f_rubble", "f_ash", "f_rubble", "f_ash", "f_null"],
        ",": ["f_ash", "f_null", "f_null"],
        "_": ["f_ash", "f_null", "f_null"],
        "x": ["f_wreckage", "f_wreckage", "f_wreckage", "f_wreckage", "f_wreckage", "f_wreckage", "f_rubble", "f_null"],
        ".": ["f_ash", "f_rubble", "f_ash", "f_rubble", "f_ash", "f_null"],
        "-": ["f_rubble", "f_rubble", "f_rubble", "f_rubble", "f_rubble", "f_rubble", "f_rubble", "f_ash", "f_rubble_rock", "f_ash", "f_null", "f_ash"],
        "|": ["f_rubble", "f_rubble", "f_rubble", "f_rubble", "f_rubble", "f_rubble", "f_rubble", "f_ash", "f_rubble_rock", "f_ash", "f_null", "f_ash"],
        "#": ["f_ash", "f_ash", "f_ash", "f_null"],
        "+": ["f_rubble", "f_rubble", "f_rubble", "f_rubble", "f_rubble", "f_rubble", "f_rubble", "f_ash", "f_rubble_rock", "f_ash", "f_null", "f_ash"],
        "t": ["f_rubble", "f_rubble", "f_rubble", "f_rubble", "f_rubble", "f_rubble", "f_rubble", "f_ash", "f_rubble_rock", "f_ash", "f_null", "f_ash"],
        "s": ["f_ash", "f_null", "f_null"],
        " ": ["f_ash", "f_ash", "f_ash", "f_null"],
        "o": ["f_rubble", "f_rubble", "f_rubble", "f_rubble", "f_rubble", "f_rubble", "f_rubble", "f_ash", "f_rubble_rock", "f_ash", "f_null", "f_ash"],
        "=": ["f_ash", "f_rubble", "f_ash", "f_rubble", "f_ash", "f_null"],
        "w": ["f_ash", "f_rubble", "f_ash", "f_rubble", "f_ash", "f_null"],
        "e": ["f_ash", "f_rubble", "f_ash", "f_rubble", "f_ash", "f_null"],
        "r": ["f_ash", "f_rubble", "f_ash", "f_rubble", "f_ash", "f_null"],
        "c": ["f_ash", "f_rubble", "f_ash", "f_rubble", "f_ash", "f_null"],
        "S": ["f_ash", "f_rubble", "f_ash", "f_rubble", "f_ash", "f_null"],
        "P": ["f_ash", "f_rubble", "f_ash", "f_rubble", "f_ash", "f_null"],
        "O": ["f_ash", "f_rubble", "f_ash", "f_rubble", "f_ash", "f_null"],
        "l": ["f_ash", "f_rubble", "f_ash", "f_rubble", "f_ash", "f_null"]
        },
       "place_monsters": [
        { "monster": "GROUP_ZOMBIE", "x": 15, "y": 15, "chance": 10 },
        { "monster": "GROUP_ROACH","chance": 20, "x": [7,19],  "y": 19}
      ]
    }
  }
]
