[
    {
        "type": "mapgen",
        "om_terrain": [
            "furniture"
        ],
        "method": "json",
        "weight": 300,
        "object": {
            "fill_ter": "t_dirt",
            "rows": [
                "                        ",
                " |ggggggggg++ggggggggg| ",
                " |.C.h.H......O.O.&.&.| ",
                " |B......c............| ",
                " |B......c............| ",
                " |cccccccc...#.m..e..B| ",
                " |bb...........m..e..B| ",
                " |d..........mm...e..B| ",
                " |bb.................B| ",
                " |bb.....dd..OO..oo...| ",
                " |#......dd..OO..oo..B| ",
                " |h..................B| ",
                " |h......EE..CC..&&..B| ",
                " |H......EE..CC..&&..B| ",
                " |H...................| ",
                " |......BBBBBBBBBBBBBB| ",
                " |DD------------------| ",
                " |......D               ",
                " |BBBB..D               ",
                " |------|               ",
                "                        ",
                "                        ",
                "                        ",
                "                        "
            ],
            "terrain": {".": ["t_dirt", "t_dirt", "t_dirt", "t_grass", "t_pavement", "t_dirt", "t_dirt", "t_dirt", "t_grass", "t_rock_floor", "t_dirt", "t_dirt", "t_dirt", "t_grass", "t_dirtmound", "t_dirt", "t_dirt", "t_dirt", "t_grass", "t_sidewalk", "t_dirt", "t_dirt", "t_dirt", "t_grass", "t_sand"], " ": ["t_dirt", "t_dirt", "t_dirt", "t_sidewalk", "t_pavement", "t_dirt", "t_dirt", "t_dirt", "t_sidewalk", "t_pavement", "t_dirt", "t_dirt", "t_dirt", "t_dirtmound", "t_sidewalk", "t_dirt", "t_dirt", "t_dirt", "t_dirtmound", "t_sidewalk", "t_dirt", "t_dirt", "t_dirt", "t_sand", "t_sand"]},
            "furniture": {
                "+": ["f_rubble", "f_rubble", "f_rubble", "f_rubble", "f_rubble", "f_rubble", "f_rubble", "f_ash", "f_rubble_rock", "f_ash", "f_null", "f_ash"],
                "D": ["f_rubble", "f_rubble", "f_rubble", "f_rubble", "f_rubble", "f_rubble", "f_rubble", "f_ash", "f_rubble_rock", "f_ash", "f_null", "f_ash"],

                " ": ["f_ash", "f_null", "f_null"],
                "g": ["f_ash", "f_rubble", "f_ash", "f_rubble", "f_ash", "f_null"],
                "-": ["f_rubble", "f_rubble", "f_rubble", "f_rubble", "f_rubble", "f_rubble", "f_rubble", "f_ash", "f_rubble_rock", "f_ash", "f_null", "f_ash"],
                "|": ["f_rubble", "f_rubble", "f_rubble", "f_rubble", "f_rubble", "f_rubble", "f_rubble", "f_ash", "f_rubble_rock", "f_ash", "f_null", "f_ash"]
            }
        }
    }
]
