[
    {
        "type" : "monstergroup",
        "name" : "GROUP_QUIVERFULL",
        "default" : "mon_null",
        "monsters" : [
            { "monster" : "mon_zombie_child", "freq" : 100, "cost_multiplier" : 0, "pack_size" : [6,10] }
        ]
    },{
        "type" : "mapgen",
        "om_terrain" : ["house"],
        "method" : "json",
        "weight" : 300,
        "object" : {
            "fill_ter": "t_dirt",
            "rows" : [
                "....................DDD.",
                ".|---;;----vv----------.",
                ".|nK    ?|S   | hnnh C|.",
                ".|K     ?|t  B| hnnh C|.",
                ".|      ?|   B| hnnh C|.",
                ".vn     ?|    | hnnh C|.",
                ".vn      |-+--| hnnh f|.",
                ".vn     K|    |   h  f|.",
                ".|       |    +      O|.",
                ".|       +    |      Sv.",
                ".|???n???|    |      cv.",
                ".|-------|    |U   ccc|.",
                ".v            |---+---|.",
                ".v            +      d|.",
                ".|-+--------+-|     @@v.",
                ".|d   d@d@d@  |k    @@v.",
                ".|@@   @ @ @  |kh    d|.",
                ".|d           |kkoo   |.",
                ".|@@        @@|-----+-|.",
                ".|d          d|U      |.",
                ".|@@   h h  @@|t      |.",
                ".|     kkkk  d|S    BB|.",
                ".----vv---------vv-----.",
                "........................"
            ],
            "terrain": {".": ["t_dirt", "t_dirt", "t_dirt", "t_grass", "t_pavement", "t_dirt", "t_dirt", "t_dirt", "t_grass", "t_rock_floor", "t_dirt", "t_dirt", "t_dirt", "t_grass", "t_dirtmound", "t_dirt", "t_dirt", "t_dirt", "t_grass", "t_sidewalk", "t_dirt", "t_dirt", "t_dirt", "t_grass", "t_sand"], " ": ["t_dirt", "t_dirt", "t_dirt", "t_sidewalk", "t_pavement", "t_dirt", "t_dirt", "t_dirt", "t_sidewalk", "t_pavement", "t_dirt", "t_dirt", "t_dirt", "t_dirtmound", "t_sidewalk", "t_dirt", "t_dirt", "t_dirt", "t_dirtmound", "t_sidewalk", "t_dirt", "t_dirt", "t_dirt", "t_sand", "t_sand"]},
            "furniture" : {
                "|" : ["f_rubble", "f_rubble", "f_rubble", "f_rubble", "f_rubble", "f_rubble", "f_rubble", "f_ash", "f_rubble_rock", "f_ash", "f_null", "f_ash"],
                "-" : ["f_rubble", "f_rubble", "f_rubble", "f_rubble", "f_rubble", "f_rubble", "f_rubble", "f_ash", "f_rubble_rock", "f_ash", "f_null", "f_ash"],
                "." : ["f_ash", "f_ash", "f_ash", "f_null"],
                "+": ["f_rubble", "f_rubble", "f_rubble", "f_rubble", "f_rubble", "f_rubble", "f_rubble", "f_ash", "f_rubble_rock", "f_ash", "f_null", "f_ash"],
                ";": ["f_rubble", "f_rubble", "f_rubble", "f_rubble", "f_rubble", "f_rubble", "f_rubble", "f_ash", "f_rubble_rock", "f_ash", "f_null", "f_ash"],
                "?" : ["f_ash", "f_rubble", "f_ash", "f_rubble", "f_ash", "f_null"],
                "@" : ["f_ash", "f_rubble", "f_ash", "f_rubble", "f_ash", "f_null"],
                "B" : ["f_ash", "f_rubble", "f_ash", "f_rubble", "f_ash", "f_null"],
                "C" : ["f_ash", "f_rubble", "f_ash", "f_rubble", "f_ash", "f_null"],
                "c" : ["f_ash", "f_rubble", "f_ash", "f_rubble", "f_ash", "f_null"],
                "D" : ["f_ash", "f_null", "f_null"],
                "d" : ["f_ash", "f_rubble", "f_ash", "f_rubble", "f_ash", "f_null"],
                "f" : ["f_ash", "f_rubble", "f_ash", "f_rubble", "f_ash", "f_null"],
                "h" : ["f_ash", "f_rubble", "f_ash", "f_rubble", "f_ash", "f_null"],
                "K" : ["f_ash", "f_rubble", "f_ash", "f_rubble", "f_ash", "f_null"],
                "k" : ["f_ash", "f_rubble", "f_ash", "f_rubble", "f_ash", "f_null"],
                "n" : ["f_ash", "f_rubble", "f_ash", "f_rubble", "f_ash", "f_null"],
                "O" : ["f_ash", "f_rubble", "f_ash", "f_rubble", "f_ash", "f_null"],
                "o" : ["f_ash", "f_rubble", "f_ash", "f_rubble", "f_ash", "f_null"],
                "S" : ["f_ash", "f_rubble", "f_ash", "f_rubble", "f_ash", "f_null"],
                "U" : ["f_ash", "f_rubble", "f_ash", "f_rubble", "f_ash", "f_null"],
                "v": ["f_rubble", "f_rubble", "f_rubble", "f_rubble", "f_rubble", "f_rubble", "f_rubble", "f_ash", "f_rubble_rock", "f_ash", "f_null", "f_ash"]
            },
            "place_monsters" : [
                { "monster" : "GROUP_ZOMBIE",     "chance" : 2, "x" : [2,21], "y" : [ 2,21] },
                { "monster" : "GROUP_QUIVERFULL", "chance" : 1, "x" : [2,14], "y" : [15,21] }
            ]
        }
    }
]
