[
    {
        "type" : "overmap_terrain",
        "id" : "gym",
        "name" : "boxing gym",
        "rotate" : true,
        "sym" : [94, 62, 118, 60],
        "color" : "yellow_cyan",
        "see_cost" : 5,
        "extras" : "build",
        "mondensity" : 3,
        "sidewalk" : true,
        "mapgen": [
            { "weight": 1000,
            "method": "json", "object": {
            "fill_ter": "t_dirt",
            "rows":[
                    "  --ss----------------  ",
                    "  --ss--,-----,-----,-  ",
                    "  --ss--,-----,-----,-  ",
                    "  --ss--,-----,-----,-  ",
                    "  --ss--,-----,-----,-  ",
                    "  --ss--,-----,-----,-  ",
                    "  qq++qqqqgggggqqqggqq  ",
                    "  xf................^x  ",
                    "  x........?$$$$$$?.0x  ",
                    "  xE.E.....$555555$..x  ",
                    "  xE.E.....$555555$.0x  ",
                    "  xE.E.....$555555$..x  ",
                    "  xE.E.....?$$$$$$?.0x  ",
                    "  x..........####....x  ",
                    "  x...........CC....Bx  ",
                    "  x.0.0.0...........Bx  ",
                    "  x^.....^VV^..^BBBB^x  ",
                    "  xqqqqqqqqqq''qqqqqqx  ",
                    "  xLLLLLLLLLx..xfZZZ^x  ",
                    "  xBBBB.BBBBx..x.....p  ",
                    "  x.........'..'.C.DCp  ",
                    "  xqqq...qqqx..x...DDx  ",
                    "  xS.'...'.Tx..xXXXXXx  ",
                    "  qqqqqqqqqqqqqqqqqqqq  "
                ],
            "terrain": {".": ["t_dirt", "t_dirt", "t_dirt", "t_grass", "t_pavement", "t_dirt", "t_dirt", "t_dirt", "t_grass", "t_rock_floor", "t_dirt", "t_dirt", "t_dirt", "t_grass", "t_dirtmound", "t_dirt", "t_dirt", "t_dirt", "t_grass", "t_sidewalk", "t_dirt", "t_dirt", "t_dirt", "t_grass", "t_sand"], " ": ["t_dirt", "t_dirt", "t_dirt", "t_sidewalk", "t_pavement", "t_dirt", "t_dirt", "t_dirt", "t_sidewalk", "t_pavement", "t_dirt", "t_dirt", "t_dirt", "t_dirtmound", "t_sidewalk", "t_dirt", "t_dirt", "t_dirt", "t_dirtmound", "t_sidewalk", "t_dirt", "t_dirt", "t_dirt", "t_sand", "t_sand"]},
                "furniture":{
                "g": ["f_rubble", "f_rubble", "f_rubble", "f_rubble", "f_rubble", "f_rubble", "f_rubble", "f_ash", "f_rubble_rock", "f_ash", "f_null", "f_ash"],
                "p": ["f_rubble", "f_rubble", "f_rubble", "f_rubble", "f_rubble", "f_rubble", "f_rubble", "f_ash", "f_rubble_rock", "f_ash", "f_null", "f_ash"],
                "'": ["f_rubble", "f_rubble", "f_rubble", "f_rubble", "f_rubble", "f_rubble", "f_rubble", "f_ash", "f_rubble_rock", "f_ash", "f_null", "f_ash"],
                "+": ["f_rubble", "f_rubble", "f_rubble", "f_rubble", "f_rubble", "f_rubble", "f_rubble", "f_ash", "f_rubble_rock", "f_ash", "f_null", "f_ash"],

                    " ": ["f_ash", "f_null", "f_null"],
                    ",": ["f_ash", "f_null", "f_null"],
                    "-": ["f_ash", "f_null", "f_null"],
                    "q": ["f_rubble", "f_rubble", "f_rubble", "f_rubble", "f_rubble", "f_rubble", "f_rubble", "f_ash", "f_rubble_rock", "f_ash", "f_null", "f_ash"],
                    "x": ["f_rubble", "f_rubble", "f_rubble", "f_rubble", "f_rubble", "f_rubble", "f_rubble", "f_ash", "f_rubble_rock", "f_ash", "f_null", "f_ash"],
                    "#": ["f_ash", "f_rubble", "f_ash", "f_rubble", "f_ash", "f_null"],
                    ".": ["f_ash", "f_rubble", "f_ash", "f_rubble", "f_ash", "f_null"],
                    "L": ["f_ash", "f_rubble", "f_ash", "f_rubble", "f_ash", "f_null"],
                    "T": ["f_ash", "f_rubble", "f_ash", "f_rubble", "f_ash", "f_null"],
                    "S": ["f_ash", "f_rubble", "f_ash", "f_rubble", "f_ash", "f_null"],
                    "B": ["f_ash", "f_rubble", "f_ash", "f_rubble", "f_ash", "f_null"],
                    "D": ["f_ash", "f_rubble", "f_ash", "f_rubble", "f_ash", "f_null"],
                    "X": ["f_ash", "f_rubble", "f_ash", "f_rubble", "f_ash", "f_null"],
                    "C": ["f_ash", "f_rubble", "f_ash", "f_rubble", "f_ash", "f_null"],
                    "0": ["f_ash", "f_rubble", "f_ash", "f_rubble", "f_ash", "f_null"],
                    "E": ["f_ash", "f_rubble", "f_ash", "f_rubble", "f_ash", "f_null"],
                    "Z": ["f_ash", "f_rubble", "f_ash", "f_rubble", "f_ash", "f_null"],
                    "V": ["f_ash", "f_rubble", "f_ash", "f_rubble", "f_ash", "f_null"],
                    "5": ["f_ash", "f_rubble", "f_ash", "f_rubble", "f_ash", "f_null"],
                    "$": ["f_ash", "f_null", "f_null"],
                    "?": ["f_wreckage", "f_wreckage", "f_wreckage", "f_wreckage", "f_wreckage", "f_wreckage", "f_rubble", "f_null"],
                    "f": ["f_ash", "f_rubble", "f_ash", "f_rubble", "f_ash", "f_null"],
                    "s": ["f_ash", "f_null", "f_null"],
                    "^": ["f_ash", "f_rubble", "f_ash", "f_rubble", "f_ash", "f_null"]
                }
                }
            }
        ]
    }
]
