[
  {
 "type" : "overmap_terrain",
    "id" : "s_jewelry",
    "name" : "jewelry store",
    "rotate" : true,
    "sym" : 74,
    "color" : "white",
    "see_cost" : 5,
    "extras" : "build",
    "mondensity" : 2,
    "sidewalk" : true,
    "mapgen": [ {
            "method": "json",
            "weight": 500,
            "object": {            "fill_ter": "t_dirt",
            "rows": [
            "....________________....",
            "....,____,____,____,....",
            "....,____,____,____,....",
            "....,____,____,____,....",
            "....,____,____,____,....",
            "....FFFFFFFFFFFFFFFF....",
            "....FFFFFFFFFFFFFFFF....",
            "....|-hhhhh++hhhhh-|....",
            "....|              |....",
            "....|hh          hh|....",
            "....|#v   hhhh   v#|....",
            "....|#v   v##v   v#|....",
            "....|#v   v##v   v#|....",
            "85^5|#v   hhhh   v#|....",
            "8___|hh          hh|....",
            "8___|             r|....",
            "8___|             r|....",
            "8__f|#####        r|....",
            "8__f|          rrrr|....",
            "8___|-&------------|....",
            "8___&    ######   T|....",
            "8555| c           T|....",
            "....|GG            |....",
            "....|--------------|...."
            ],
            "terrain": {".": ["t_dirt", "t_dirt", "t_dirt", "t_grass", "t_pavement", "t_dirt", "t_dirt", "t_dirt", "t_grass", "t_rock_floor", "t_dirt", "t_dirt", "t_dirt", "t_grass", "t_dirtmound", "t_dirt", "t_dirt", "t_dirt", "t_grass", "t_sidewalk", "t_dirt", "t_dirt", "t_dirt", "t_grass", "t_sand"], " ": ["t_dirt", "t_dirt", "t_dirt", "t_sidewalk", "t_pavement", "t_dirt", "t_dirt", "t_dirt", "t_sidewalk", "t_pavement", "t_dirt", "t_dirt", "t_dirt", "t_dirtmound", "t_sidewalk", "t_dirt", "t_dirt", "t_dirt", "t_dirtmound", "t_sidewalk", "t_dirt", "t_dirt", "t_dirt", "t_sand", "t_sand"]},
            "furniture": {
            ".": ["f_ash", "f_ash", "f_ash", "f_null"],
            "_": ["f_ash", "f_null", "f_null"],
            ",": ["f_ash", "f_null", "f_null"],
            " ": ["f_ash", "f_rubble", "f_ash", "f_rubble", "f_ash", "f_null"],
            "-": ["f_rubble", "f_rubble", "f_rubble", "f_rubble", "f_rubble", "f_rubble", "f_rubble", "f_ash", "f_rubble_rock", "f_ash", "f_null", "f_ash"],
            "|": ["f_rubble", "f_rubble", "f_rubble", "f_rubble", "f_rubble", "f_rubble", "f_rubble", "f_ash", "f_rubble_rock", "f_ash", "f_null", "f_ash"],
            "O": ["f_rubble", "f_rubble", "f_rubble", "f_rubble", "f_rubble", "f_rubble", "f_rubble", "f_ash", "f_rubble_rock", "f_ash", "f_null", "f_ash"],
            "L": ["f_rubble", "f_rubble", "f_rubble", "f_rubble", "f_rubble", "f_rubble", "f_rubble", "f_ash", "f_rubble_rock", "f_ash", "f_null", "f_ash"],
            "+": ["f_rubble", "f_rubble", "f_rubble", "f_rubble", "f_rubble", "f_rubble", "f_rubble", "f_ash", "f_rubble_rock", "f_ash", "f_null", "f_ash"],
            "h": ["f_ash", "f_rubble", "f_ash", "f_rubble", "f_ash", "f_null"],
            "x": ["f_wreckage", "f_wreckage", "f_wreckage", "f_wreckage", "f_wreckage", "f_wreckage", "f_rubble", "f_null"],
            "c": ["f_ash", "f_rubble", "f_ash", "f_rubble", "f_ash", "f_null"],
            "#": ["f_ash", "f_rubble", "f_ash", "f_rubble", "f_ash", "f_null"],
            "r": ["f_ash", "f_rubble", "f_ash", "f_rubble", "f_ash", "f_null"],
            "^": ["f_wreckage", "f_wreckage", "f_wreckage", "f_wreckage", "f_wreckage", "f_wreckage", "f_rubble", "f_null"],
            "t": ["f_ash", "f_rubble", "f_ash", "f_rubble", "f_ash", "f_null"],
            "F": ["f_ash", "f_null", "f_null"],
            "@": ["f_ash", "f_rubble", "f_ash", "f_rubble", "f_ash", "f_null"],
            ":": ["f_ash", "f_rubble", "f_ash", "f_rubble", "f_ash", "f_null"],
            "T": ["f_ash", "f_rubble", "f_ash", "f_rubble", "f_ash", "f_null"],
            "l": ["f_ash", "f_rubble", "f_ash", "f_rubble", "f_ash", "f_null"],
            "=": ["f_ash", "f_rubble", "f_ash", "f_rubble", "f_ash", "f_null"],
            "G": ["f_ash", "f_rubble", "f_ash", "f_rubble", "f_ash", "f_null"],
            "f": ["f_ash", "f_null", "f_null"],
            "&": ["f_rubble", "f_rubble", "f_rubble", "f_rubble", "f_rubble", "f_rubble", "f_rubble", "f_ash", "f_rubble_rock", "f_ash", "f_null", "f_ash"],
            "B": ["f_ash", "f_rubble", "f_ash", "f_rubble", "f_ash", "f_null"],
            "*": ["f_rubble", "f_rubble", "f_rubble", "f_rubble", "f_rubble", "f_rubble", "f_rubble", "f_ash", "f_rubble_rock", "f_ash", "f_null", "f_ash"],
            "5": ["f_wreckage", "f_wreckage", "f_wreckage", "f_wreckage", "f_wreckage", "f_wreckage", "f_rubble", "f_null"],
            "8": ["f_wreckage", "f_wreckage", "f_wreckage", "f_wreckage", "f_wreckage", "f_wreckage", "f_rubble", "f_null"],
            "v": ["f_ash", "f_rubble", "f_ash", "f_rubble", "f_ash", "f_null"],
            "M": ["f_ash", "f_rubble", "f_ash", "f_rubble", "f_ash", "f_null"]
            }
}
}
]
}
]
