[
    {
        "type" : "mapgen",
        "om_terrain" : ["house"],
        "method" : "json",
        "weight" : 200,
        "object" : {
            "fill_ter": "t_dirt",
            "rows" : [
                ".'______'.....sss.......",
                ".'______'..T..sss..T....",
                ".'______'.....sss.......",
                ".'______'.....sss.......",
                ".|======-|....sss.......",
                ".|      e|QQQQsssQQQQq..",
                ".|      L|....sss....q..",
                ".|      L|XxxXsssXxxXq..",
                ".|      |--vv--;--vv-|..",
                ".|      |?????   c  c|..",
                ".|      |?       c  c|..",
                ".|      |? nnn   S  O|..",
                ".|      |? nnn      C|..",
                ".|r rrrr|        o  f|..",
                ".|-:----| |---| |----|..",
                ".|      + |d|C+ | StB|..",
                ".|      |--+--| +   B|..",
                ".|FF YW |     | |----|..",
                ".|------|     + +    |..",
                "........| @@  |-|  @@|..",
                "........|d@@  |d+ d@@|..",
                "...T....|-vv------vv-|..",
                "........................",
                "........................"
            ],
            "terrain": {".": ["t_dirt", "t_dirt", "t_dirt", "t_grass", "t_pavement", "t_dirt", "t_dirt", "t_dirt", "t_grass", "t_rock_floor", "t_dirt", "t_dirt", "t_dirt", "t_grass", "t_dirtmound", "t_dirt", "t_dirt", "t_dirt", "t_grass", "t_sidewalk", "t_dirt", "t_dirt", "t_dirt", "t_grass", "t_sand"], " ": ["t_dirt", "t_dirt", "t_dirt", "t_sidewalk", "t_pavement", "t_dirt", "t_dirt", "t_dirt", "t_sidewalk", "t_pavement", "t_dirt", "t_dirt", "t_dirt", "t_dirtmound", "t_sidewalk", "t_dirt", "t_dirt", "t_dirt", "t_dirtmound", "t_sidewalk", "t_dirt", "t_dirt", "t_dirt", "t_sand", "t_sand"]},
            "furniture" : {
                "|" : ["f_rubble", "f_rubble", "f_rubble", "f_rubble", "f_rubble", "f_rubble", "f_rubble", "f_ash", "f_rubble_rock", "f_ash", "f_null", "f_ash"],
                "-" : ["f_rubble", "f_rubble", "f_rubble", "f_rubble", "f_rubble", "f_rubble", "f_rubble", "f_ash", "f_rubble_rock", "f_ash", "f_null", "f_ash"],
                "." : ["f_ash", "f_ash", "f_ash", "f_null"],
                "_" : ["f_ash", "f_null", "f_null"],
                "#" : ["f_ash", "f_ash", "f_ash", "f_null"],
                "=": ["f_wreckage", "f_wreckage", "f_wreckage", "f_wreckage", "f_wreckage", "f_wreckage", "f_rubble", "f_null"],
                "+": ["f_rubble", "f_rubble", "f_rubble", "f_rubble", "f_rubble", "f_rubble", "f_rubble", "f_ash", "f_rubble_rock", "f_ash", "f_null", "f_ash"],
                ";": ["f_rubble", "f_rubble", "f_rubble", "f_rubble", "f_rubble", "f_rubble", "f_rubble", "f_ash", "f_rubble_rock", "f_ash", "f_null", "f_ash"],
                ":" : ["f_rubble", "f_rubble", "f_rubble", "f_rubble", "f_rubble", "f_rubble", "f_rubble", "f_ash", "f_rubble_rock", "f_ash", "f_null", "f_ash"],
                "'" : ["f_ash", "f_null", "f_null"],
                "?" : ["f_ash", "f_rubble", "f_ash", "f_rubble", "f_ash", "f_null"],
                "@" : ["f_ash", "f_rubble", "f_ash", "f_rubble", "f_ash", "f_null"],
                "B" : ["f_ash", "f_rubble", "f_ash", "f_rubble", "f_ash", "f_null"],
                "C" : ["f_ash", "f_rubble", "f_ash", "f_rubble", "f_ash", "f_null"],
                "c" : ["f_ash", "f_rubble", "f_ash", "f_rubble", "f_ash", "f_null"],
                "d" : ["f_ash", "f_rubble", "f_ash", "f_rubble", "f_ash", "f_null"],
                "e" : ["f_wreckage", "f_wreckage", "f_wreckage", "f_wreckage", "f_wreckage", "f_wreckage", "f_rubble", "f_null"],
                "F" : ["f_ash", "f_rubble", "f_ash", "f_rubble", "f_ash", "f_null"],
                "f" : ["f_ash", "f_rubble", "f_ash", "f_rubble", "f_ash", "f_null"],
                "L" : ["f_ash", "f_rubble", "f_ash", "f_rubble", "f_ash", "f_null"],
                "n" : ["f_ash", "f_rubble", "f_ash", "f_rubble", "f_ash", "f_null"],
                "O" : ["f_ash", "f_rubble", "f_ash", "f_rubble", "f_ash", "f_null"],
                "o" : ["f_ash", "f_rubble", "f_ash", "f_rubble", "f_ash", "f_null"],
                "Q" : ["f_ash", "f_rubble", "f_ash", "f_rubble", "f_ash", "f_null"],
                "q" : ["f_ash", "f_rubble", "f_ash", "f_rubble", "f_ash", "f_null"],
                "r" : ["f_ash", "f_rubble", "f_ash", "f_rubble", "f_ash", "f_null"],
                "S" : ["f_ash", "f_rubble", "f_ash", "f_rubble", "f_ash", "f_null"],
                "s" : ["f_ash", "f_null", "f_null"],
                "v": ["f_rubble", "f_rubble", "f_rubble", "f_rubble", "f_rubble", "f_rubble", "f_rubble", "f_ash", "f_rubble_rock", "f_ash", "f_null", "f_ash"],
                "W" : ["f_ash", "f_rubble", "f_ash", "f_rubble", "f_ash", "f_null"],
                "w": ["f_rubble", "f_rubble", "f_rubble", "f_rubble", "f_rubble", "f_rubble", "f_rubble", "f_ash", "f_rubble_rock", "f_ash", "f_null", "f_ash"],
                "X" : ["f_ash", "f_ash", "f_ash", "f_null"],
                "x" : ["f_ash", "f_ash", "f_ash", "f_null"],
                "T" : ["f_ash", "f_ash", "f_ash", "f_null"],
                "Y" : ["f_ash", "f_rubble", "f_ash", "f_rubble", "f_ash", "f_null"]
            },
            "place_monsters" : [
                { "monster" : "GROUP_ZOMBIE", "chance" : 10, "x" : [2,21], "y" : [2,21] }
            ]
        }
    }
]
