[
    {
        "type": "mapgen",
        "om_terrain": [
            "house"
        ],
        "method": "json",
        "weight": 50, "comment": "<--- fortified houses shouldnt be common",
        "object": {            "fill_ter": "t_dirt",
            "rows":
                  [
                "..SSSSSSS...............",
                "..SSSSSSS--33----------.",
                "..SSSSSSS|7   |      ;|.",
                "..SSSSSSS|7   |       |.",
                "..SSSSSSS|7   +       2.",
                "..SSSSSSS|7   |A    88|.",
                "..SSSSSSS|7   |     88|.",
                "..SSSSSSS|    |-------|.",
                "..SSSSSSS|    +  66  >|.",
                "..SSSSSSS3    |  66  A2.",
                "..zzzzzzz|    |      G2.",
                ".|-22222--    |      F|.",
                ".|???>>       |---+---|.",
                ".2?                  62.",
                ".2                   62.",
                ".|>>>        H     H 62.",
                ".|         ------+----|.",
                ".|         |        CC|.",
                ".|-----3---|@@     B C|.",
                "..zzzzz.zzz|@@        |.",
                "...........|          |.",
                "...........|         :|.",
                "...........------22----.",
                "........................"
            ],
            "terrain": {".": ["t_dirt", "t_dirt", "t_dirt", "t_grass", "t_pavement", "t_dirt", "t_dirt", "t_dirt", "t_grass", "t_rock_floor", "t_dirt", "t_dirt", "t_dirt", "t_grass", "t_dirtmound", "t_dirt", "t_dirt", "t_dirt", "t_grass", "t_sidewalk", "t_dirt", "t_dirt", "t_dirt", "t_grass", "t_sand"], " ": ["t_dirt", "t_dirt", "t_dirt", "t_sidewalk", "t_pavement", "t_dirt", "t_dirt", "t_dirt", "t_sidewalk", "t_pavement", "t_dirt", "t_dirt", "t_dirt", "t_dirtmound", "t_sidewalk", "t_dirt", "t_dirt", "t_dirt", "t_dirtmound", "t_sidewalk", "t_dirt", "t_dirt", "t_dirt", "t_sand", "t_sand"]},
            "furniture": {
                "2": ["f_rubble", "f_rubble", "f_rubble", "f_rubble", "f_rubble", "f_rubble", "f_rubble", "f_ash", "f_rubble_rock", "f_ash", "f_null", "f_ash"],
                "3": ["f_rubble", "f_rubble", "f_rubble", "f_rubble", "f_rubble", "f_rubble", "f_rubble", "f_ash", "f_rubble_rock", "f_ash", "f_null", "f_ash"],
                "+": ["f_rubble", "f_rubble", "f_rubble", "f_rubble", "f_rubble", "f_rubble", "f_rubble", "f_ash", "f_rubble_rock", "f_ash", "f_null", "f_ash"],
                "{": ["f_rubble", "f_rubble", "f_rubble", "f_rubble", "f_rubble", "f_rubble", "f_rubble", "f_ash", "f_rubble_rock", "f_ash", "f_null", "f_ash"],

                ".": ["f_ash", "f_ash", "f_ash", "f_null"],
                "-": ["f_rubble", "f_rubble", "f_rubble", "f_rubble", "f_rubble", "f_rubble", "f_rubble", "f_ash", "f_rubble_rock", "f_ash", "f_null", "f_ash"],
                "|": ["f_rubble", "f_rubble", "f_rubble", "f_rubble", "f_rubble", "f_rubble", "f_rubble", "f_ash", "f_rubble_rock", "f_ash", "f_null", "f_ash"],
                " ": ["f_ash", "f_rubble", "f_ash", "f_rubble", "f_ash", "f_null"],
                "6": ["f_ash", "f_rubble", "f_ash", "f_rubble", "f_ash", "f_null"],
                "7": ["f_ash", "f_rubble", "f_ash", "f_rubble", "f_ash", "f_null"],
                "8": ["f_ash", "f_rubble", "f_ash", "f_rubble", "f_ash", "f_null"],
                "9": ["f_ash", "f_rubble", "f_ash", "f_rubble", "f_ash", "f_null"],
                ":": ["f_ash", "f_rubble", "f_ash", "f_rubble", "f_ash", "f_null"],
                ";": ["f_ash", "f_rubble", "f_ash", "f_rubble", "f_ash", "f_null"],
                "=": ["f_ash", "f_rubble", "f_ash", "f_rubble", "f_ash", "f_null"],
                ">": ["f_ash", "f_rubble", "f_ash", "f_rubble", "f_ash", "f_null"],
                "?": ["f_ash", "f_rubble", "f_ash", "f_rubble", "f_ash", "f_null"],
                "@": ["f_ash", "f_rubble", "f_ash", "f_rubble", "f_ash", "f_null"],
                "A": ["f_ash", "f_rubble", "f_ash", "f_rubble", "f_ash", "f_null"],
                "B": ["f_ash", "f_rubble", "f_ash", "f_rubble", "f_ash", "f_null"],
                "C": ["f_ash", "f_rubble", "f_ash", "f_rubble", "f_ash", "f_null"],
                "D": ["f_ash", "f_rubble", "f_ash", "f_rubble", "f_ash", "f_null"],
                "E": ["f_ash", "f_rubble", "f_ash", "f_rubble", "f_ash", "f_null"],
                "F": ["f_ash", "f_rubble", "f_ash", "f_rubble", "f_ash", "f_null"],
                "G": ["f_ash", "f_rubble", "f_ash", "f_rubble", "f_ash", "f_null"],
                "H": ["f_ash", "f_rubble", "f_ash", "f_rubble", "f_ash", "f_null"],
                "z": ["f_ash", "f_ash", "f_ash", "f_null"],
                "S": ["f_ash", "f_null", "f_null"],
                "^": ["f_ash", "f_rubble", "f_ash", "f_rubble", "f_ash", "f_null"],
                "[": ["f_ash", "f_rubble", "f_ash", "f_rubble", "f_ash", "f_null"],
                "~": ["f_ash", "f_rubble", "f_ash", "f_rubble", "f_ash", "f_null"]
            },
            "place_monsters": [
                { "monster": "GROUP_ZOMBIE", "chance": 2, "x": [ 2, 21 ], "y": [ 2, 21 ] },
                { "monster": "GROUP_PREPPER_HOUSE", "chance": 2, "x": [ 2, 21 ], "y": [ 2, 21 ] }
            ]
        }
    }
]
