[
  {
    "type" : "mapgen",
    "om_terrain" : ["s_restaurant_coffee"],
    "method": "json",
    "weight": 250,
    "object": {
            "fill_ter": "t_dirt",
            "rows": [
        "_______,,,,,,,ss########",
        "______________ss#pppppp#",
        "______________ssspHTTHp#",
        "______________ssspppppp#",
        "______________ssspHppHp#",
        "_______,,,,,,,ssspTppTp#",
        "______________ssspHppHp#",
        "______________ssspppppp#",
        "______________ss#pHTTHp#",
        "______________ss#pppppp#",
        "_______,,,,,,,ss|-5555-|",
        "______________ss|.HTTH.|",
        "______________ss%......|",
        "______________ss+.....&|",
        "______________ss+......|",
        "ssssssssssssssss%....HH|",
        "|--555-555-555--|....TT|",
        "|..HTH.HTH.HTH.......TT|",
        "|....................HH|",
        "|......................|",
        "|-D---D---cWWcccxccxccc|",
        "|S==|==S|==============|",
        "|P==|==P|llSO==rrrrrSTe|",
        "|-------------L--------|"
      ],
            "terrain": {".": ["t_dirt", "t_dirt", "t_dirt", "t_grass", "t_pavement", "t_dirt", "t_dirt", "t_dirt", "t_grass", "t_rock_floor", "t_dirt", "t_dirt", "t_dirt", "t_grass", "t_dirtmound", "t_dirt", "t_dirt", "t_dirt", "t_grass", "t_sidewalk", "t_dirt", "t_dirt", "t_dirt", "t_grass", "t_sand"], " ": ["t_dirt", "t_dirt", "t_dirt", "t_sidewalk", "t_pavement", "t_dirt", "t_dirt", "t_dirt", "t_sidewalk", "t_pavement", "t_dirt", "t_dirt", "t_dirt", "t_dirtmound", "t_sidewalk", "t_dirt", "t_dirt", "t_dirt", "t_dirtmound", "t_sidewalk", "t_dirt", "t_dirt", "t_dirt", "t_sand", "t_sand"]},
      "furniture": {
                "D": ["f_rubble", "f_rubble", "f_rubble", "f_rubble", "f_rubble", "f_rubble", "f_rubble", "f_ash", "f_rubble_rock", "f_ash", "f_null", "f_ash"],
                "L": ["f_rubble", "f_rubble", "f_rubble", "f_rubble", "f_rubble", "f_rubble", "f_rubble", "f_ash", "f_rubble_rock", "f_ash", "f_null", "f_ash"],
                "+": ["f_rubble", "f_rubble", "f_rubble", "f_rubble", "f_rubble", "f_rubble", "f_rubble", "f_ash", "f_rubble_rock", "f_ash", "f_null", "f_ash"],

        "5": ["f_ash", "f_rubble", "f_ash", "f_rubble", "f_ash", "f_null"],
        "%": ["f_ash", "f_rubble", "f_ash", "f_rubble", "f_ash", "f_null"],
        ",": ["f_ash", "f_null", "f_null"],
        "_": ["f_ash", "f_null", "f_null"],
        "x": ["f_wreckage", "f_wreckage", "f_wreckage", "f_wreckage", "f_wreckage", "f_wreckage", "f_rubble", "f_null"],
        ".": ["f_ash", "f_rubble", "f_ash", "f_rubble", "f_ash", "f_null"],
        "-": ["f_rubble", "f_rubble", "f_rubble", "f_rubble", "f_rubble", "f_rubble", "f_rubble", "f_ash", "f_rubble_rock", "f_ash", "f_null", "f_ash"],
        "|": ["f_rubble", "f_rubble", "f_rubble", "f_rubble", "f_rubble", "f_rubble", "f_rubble", "f_ash", "f_rubble_rock", "f_ash", "f_null", "f_ash"],
        "#": ["f_ash", "f_ash", "f_ash", "f_null"],
        "s": ["f_ash", "f_null", "f_null"],
        "p": ["f_ash", "f_null", "f_null"],
        "W": ["f_ash", "f_rubble", "f_ash", "f_rubble", "f_ash", "f_null"],
        "=": ["f_ash", "f_rubble", "f_ash", "f_rubble", "f_ash", "f_null"],
        "e": ["f_ash", "f_rubble", "f_ash", "f_rubble", "f_ash", "f_null"],
        "T": ["f_ash", "f_rubble", "f_ash", "f_rubble", "f_ash", "f_null"],
        "S": ["f_ash", "f_rubble", "f_ash", "f_rubble", "f_ash", "f_null"],
        "c": ["f_ash", "f_rubble", "f_ash", "f_rubble", "f_ash", "f_null"],
        "O": ["f_ash", "f_rubble", "f_ash", "f_rubble", "f_ash", "f_null"],
        "P": ["f_ash", "f_rubble", "f_ash", "f_rubble", "f_ash", "f_null"],
        "l": ["f_ash", "f_rubble", "f_ash", "f_rubble", "f_ash", "f_null"],
        "r": ["f_ash", "f_rubble", "f_ash", "f_rubble", "f_ash", "f_null"]
      }
    }
    }
]
