[
    {
        "type": "mapgen",
        "om_terrain": [
            "abstorefront"
        ],
        "method": "json",
        "object": {            "fill_ter": "t_dirt",
            "rows": [
                "                        ",
                " |-xxxxxxxxDDxxxxxxxx-| ",
                " |...................B| ",
                " |B..c........B..B...B| ",
                " |B..c........B..B...B| ",
                " |B..c..B..B..B..B...B| ",
                " |cccc..B..B..B..B...B| ",
                " |B.....B..B..B..B...B| ",
                " |B..................B| ",
                " |B..BBBB..BBBBBB.BB.B| ",
                " |................BB.B| ",
                " |B..BBBB..BBBBBB....B| ",
                " |B...............--+-| ",
                " |B...............|B..| ",
                " |BBBBBBB..BBBBBB.|B..D ",
                " |--------------------| ",
                "                        ",
                "                        ",
                "                        ",
                "                        ",
                "                        ",
                "                        ",
                "                        ",
                "                        "
            ],
            "terrain": {".": ["t_dirt", "t_dirt", "t_dirt", "t_grass", "t_pavement", "t_dirt", "t_dirt", "t_dirt", "t_grass", "t_rock_floor", "t_dirt", "t_dirt", "t_dirt", "t_grass", "t_dirtmound", "t_dirt", "t_dirt", "t_dirt", "t_grass", "t_sidewalk", "t_dirt", "t_dirt", "t_dirt", "t_grass", "t_sand"], " ": ["t_dirt", "t_dirt", "t_dirt", "t_sidewalk", "t_pavement", "t_dirt", "t_dirt", "t_dirt", "t_sidewalk", "t_pavement", "t_dirt", "t_dirt", "t_dirt", "t_dirtmound", "t_sidewalk", "t_dirt", "t_dirt", "t_dirt", "t_dirtmound", "t_sidewalk", "t_dirt", "t_dirt", "t_dirt", "t_sand", "t_sand"]},
            "furniture": {
                " ": ["f_ash", "f_null", "f_null"],
                ".": ["f_ash", "f_rubble", "f_ash", "f_rubble", "f_ash", "f_null"],
                "B": ["f_ash", "f_rubble", "f_ash", "f_rubble", "f_ash", "f_null"],
                "c": ["f_ash", "f_rubble", "f_ash", "f_rubble", "f_ash", "f_null"],
                "x": ["f_rubble", "f_rubble", "f_rubble", "f_rubble", "f_rubble", "f_rubble", "f_rubble", "f_ash", "f_rubble_rock", "f_ash", "f_null", "f_ash"],
                "-": ["f_rubble", "f_rubble", "f_rubble", "f_rubble", "f_rubble", "f_rubble", "f_rubble", "f_ash", "f_rubble_rock", "f_ash", "f_null", "f_ash"],
                "|": ["f_rubble", "f_rubble", "f_rubble", "f_rubble", "f_rubble", "f_rubble", "f_rubble", "f_ash", "f_rubble_rock", "f_ash", "f_null", "f_ash"],
                "+": ["f_rubble", "f_rubble", "f_rubble", "f_rubble", "f_rubble", "f_rubble", "f_rubble", "f_ash", "f_rubble_rock", "f_ash", "f_null", "f_ash"],
                "D": ["f_rubble", "f_rubble", "f_rubble", "f_rubble", "f_rubble", "f_rubble", "f_rubble", "f_ash", "f_rubble_rock", "f_ash", "f_null", "f_ash"]
            }
        }
    }
]
