[
    {
        "type" : "mapgen",
        "om_terrain" : ["house"],
        "method" : "json",
        "weight" : 300,
        "object" : {
            "fill_ter": "t_dirt",
            "rows" : [
                ".sssssss...s............",
                ".sssssss.--;v--vv--vv--.",
                ".sssssss.|    oo ????n|.",
                ".sssssss.v            v.",
                ".sssssss.|   --   nnn |.",
                ".sssssss.|   hnh     D|.",
                ".sssssss.v   hnh      v.",
                ".sssssss.|           c|.",
                ".sssssss.|   -----|  c|.",
                ".ssssssss;   |U((t|  Sv.",
                ".sssssss.|   +((BB|fOC|.",
                ".........|   |----|---|.",
                ".T.......|   +    +  d|.",
                ".........v   |o   |---|.",
                "......T..v   |d     @@|.",
                ".........|-[----v---v-|.",
                ".........##ss##########.",
                "...........ss...........",
                "..#......ssssssssssss...",
                "...#.....sssHsHssssss...",
                ".T.......sssNNNssssss...",
                ".........sssHsHssssss...",
                "....T...................",
                "......................T."
            ],
            "terrain": {".": ["t_dirt", "t_dirt", "t_dirt", "t_grass", "t_pavement", "t_dirt", "t_dirt", "t_dirt", "t_grass", "t_rock_floor", "t_dirt", "t_dirt", "t_dirt", "t_grass", "t_dirtmound", "t_dirt", "t_dirt", "t_dirt", "t_grass", "t_sidewalk", "t_dirt", "t_dirt", "t_dirt", "t_grass", "t_sand"], " ": ["t_dirt", "t_dirt", "t_dirt", "t_sidewalk", "t_pavement", "t_dirt", "t_dirt", "t_dirt", "t_sidewalk", "t_pavement", "t_dirt", "t_dirt", "t_dirt", "t_dirtmound", "t_sidewalk", "t_dirt", "t_dirt", "t_dirt", "t_dirtmound", "t_sidewalk", "t_dirt", "t_dirt", "t_dirt", "t_sand", "t_sand"]},
            "furniture" : {
                "|" : ["f_rubble", "f_rubble", "f_rubble", "f_rubble", "f_rubble", "f_rubble", "f_rubble", "f_ash", "f_rubble_rock", "f_ash", "f_null", "f_ash"],
                "-" : ["f_rubble", "f_rubble", "f_rubble", "f_rubble", "f_rubble", "f_rubble", "f_rubble", "f_ash", "f_rubble_rock", "f_ash", "f_null", "f_ash"],
                "." : ["f_ash", "f_ash", "f_ash", "f_null"],
                "#" : ["f_ash", "f_ash", "f_ash", "f_null"],
                "+": ["f_rubble", "f_rubble", "f_rubble", "f_rubble", "f_rubble", "f_rubble", "f_rubble", "f_ash", "f_rubble_rock", "f_ash", "f_null", "f_ash"],
                ";": ["f_rubble", "f_rubble", "f_rubble", "f_rubble", "f_rubble", "f_rubble", "f_rubble", "f_ash", "f_rubble_rock", "f_ash", "f_null", "f_ash"],
                "[": ["f_rubble", "f_rubble", "f_rubble", "f_rubble", "f_rubble", "f_rubble", "f_rubble", "f_ash", "f_rubble_rock", "f_ash", "f_null", "f_ash"],
                "(" : ["f_ash", "f_rubble", "f_ash", "f_rubble", "f_ash", "f_null"],
                "?" : ["f_ash", "f_rubble", "f_ash", "f_rubble", "f_ash", "f_null"],
                "@" : ["f_ash", "f_rubble", "f_ash", "f_rubble", "f_ash", "f_null"],
                "B" : ["f_ash", "f_rubble", "f_ash", "f_rubble", "f_ash", "f_null"],
                "C" : ["f_ash", "f_rubble", "f_ash", "f_rubble", "f_ash", "f_null"],
                "c" : ["f_ash", "f_rubble", "f_ash", "f_rubble", "f_ash", "f_null"],
                "D" : ["f_ash", "f_rubble", "f_ash", "f_rubble", "f_ash", "f_null"],
                "d" : ["f_ash", "f_rubble", "f_ash", "f_rubble", "f_ash", "f_null"],
                "f" : ["f_ash", "f_rubble", "f_ash", "f_rubble", "f_ash", "f_null"],
                "H" : ["f_ash", "f_null", "f_null"],
                "h" : ["f_ash", "f_rubble", "f_ash", "f_rubble", "f_ash", "f_null"],
                "N" : ["f_ash", "f_null", "f_null"],
                "n" : ["f_ash", "f_rubble", "f_ash", "f_rubble", "f_ash", "f_null"],
                "O" : ["f_ash", "f_rubble", "f_ash", "f_rubble", "f_ash", "f_null"],
                "o" : ["f_ash", "f_rubble", "f_ash", "f_rubble", "f_ash", "f_null"],
                "S" : ["f_ash", "f_rubble", "f_ash", "f_rubble", "f_ash", "f_null"],
                "s" : ["f_ash", "f_null", "f_null"],
                "t" : ["f_ash", "f_rubble", "f_ash", "f_rubble", "f_ash", "f_null"],
                "U" : ["f_ash", "f_rubble", "f_ash", "f_rubble", "f_ash", "f_null"],
                "v": ["f_rubble", "f_rubble", "f_rubble", "f_rubble", "f_rubble", "f_rubble", "f_rubble", "f_ash", "f_rubble_rock", "f_ash", "f_null", "f_ash"],
                "T" : ["f_ash", "f_ash", "f_ash", "f_null"]
            }
        }
    }
]
