[
    {
        "type": "mapgen",
        "om_terrain": [ "s_hardware" ],
        "method": "json",
        "weight": 500,
        "object": {            "fill_ter": "t_dirt",
            "rows": [
                "ppppp~~~~~~~~~~~~~~~~~~~",
                "ppppp###---##++##---###~",
                "ppppp#b.........v....P#'",
                "ppppp#b.b.b.r..r.o.o.P#'",
                "ppppp#b.b.b.c..c.o.o.P#'",
                "ppppp#..v.........v..P#'",
                "ppppp#.llllll..hhhhh.P#'",
                "ppppp#v..............P#'",
                "ppppp#lllllll..hhhhhvP#'",
                "ppppp########++########'",
                "ppppp#HHHHHHH__HHHHHHH#'",
                "pVppp#_____T_____T____#'",
                "ppppp#HHHHHHH__HHHHHHH#'",
                "ppppp#__T________T____#'",
                "ppppp#HHHH#HHT_HH#HHHH#'",
                "pppppwppppppppppppppppw'",
                "pppppwHHHHHHHppHHHHHHHw'",
                "ppppp|ppppppppppppppppw'",
                "ppppp|pppppppppHpHpHpHw'",
                "pppppwMpMpMpMppHpHpHpHw'",
                "pppppwpppppppppHpHpHpHw'",
                "'D'D'wMpMpMpMppHpHpHpHw'",
                "'''''WWWWWWWWWWWWWWWWWW'",
                "''''''''''''''''''''''''"
            ],
            "terrain": {".": ["t_dirt", "t_dirt", "t_dirt", "t_grass", "t_pavement", "t_dirt", "t_dirt", "t_dirt", "t_grass", "t_rock_floor", "t_dirt", "t_dirt", "t_dirt", "t_grass", "t_dirtmound", "t_dirt", "t_dirt", "t_dirt", "t_grass", "t_sidewalk", "t_dirt", "t_dirt", "t_dirt", "t_grass", "t_sand"], " ": ["t_dirt", "t_dirt", "t_dirt", "t_sidewalk", "t_pavement", "t_dirt", "t_dirt", "t_dirt", "t_sidewalk", "t_pavement", "t_dirt", "t_dirt", "t_dirt", "t_dirtmound", "t_sidewalk", "t_dirt", "t_dirt", "t_dirt", "t_dirtmound", "t_sidewalk", "t_dirt", "t_dirt", "t_dirt", "t_sand", "t_sand"]},
            "furniture": {
                "+": ["f_rubble", "f_rubble", "f_rubble", "f_rubble", "f_rubble", "f_rubble", "f_rubble", "f_ash", "f_rubble_rock", "f_ash", "f_null", "f_ash"],

                "'": ["f_ash", "f_ash", "f_ash", "f_null"],
                "~": ["f_ash", "f_null", "f_null"],
                "W": ["f_wreckage", "f_wreckage", "f_wreckage", "f_wreckage", "f_wreckage", "f_wreckage", "f_rubble", "f_null"],
                "w": ["f_wreckage", "f_wreckage", "f_wreckage", "f_wreckage", "f_wreckage", "f_wreckage", "f_rubble", "f_null"],
                "|": ["f_wreckage", "f_wreckage", "f_wreckage", "f_wreckage", "f_wreckage", "f_wreckage", "f_rubble", "f_null"],
                "#": ["f_rubble", "f_rubble", "f_rubble", "f_rubble", "f_rubble", "f_rubble", "f_rubble", "f_ash", "f_rubble_rock", "f_ash", "f_null", "f_ash"],
                ".": ["f_ash", "f_rubble", "f_ash", "f_rubble", "f_ash", "f_null"],
                "-": ["f_ash", "f_rubble", "f_ash", "f_rubble", "f_ash", "f_null"],
                "p": ["f_ash", "f_null", "f_null"],
                "D": ["f_ash", "f_null", "f_null"],
                "b": ["f_ash", "f_rubble", "f_ash", "f_rubble", "f_ash", "f_null"],
                "c": ["f_ash", "f_rubble", "f_ash", "f_rubble", "f_ash", "f_null"],
                "r": ["f_wreckage", "f_wreckage", "f_wreckage", "f_wreckage", "f_wreckage", "f_wreckage", "f_rubble", "f_null"],
                "o": ["f_ash", "f_rubble", "f_ash", "f_rubble", "f_ash", "f_null"],
                "P": ["f_ash", "f_rubble", "f_ash", "f_rubble", "f_ash", "f_null"],
                "l": ["f_ash", "f_rubble", "f_ash", "f_rubble", "f_ash", "f_null"],
                "h": ["f_ash", "f_rubble", "f_ash", "f_rubble", "f_ash", "f_null"],
                "H": ["f_ash", "f_null", "f_null"],
                "M": ["f_ash", "f_null", "f_null"],
                "v": ["f_ash", "f_rubble", "f_ash", "f_rubble", "f_ash", "f_null"],
                "T": ["f_ash", "f_rubble", "f_ash", "f_rubble", "f_ash", "f_null"],
                "V": ["f_ash", "f_null", "f_null"],
                "_": ["f_ash", "f_rubble", "f_ash", "f_rubble", "f_ash", "f_null"]
            }
        }
    }
]

