[
    {
        "type": "mapgen",
        "om_terrain": ["apartments_con_tower_NW"],
        "method": "json",
        "weight": 250,
        "object": {
            "fill_ter": "t_dirt",
            "rows": [
                "                        ",
                "   |------|-|-|ww---|   ",
                "   |.dBBd.+r|u+..eSc|-w-",
                "   w..BB..|-|-|....c|...",
                "   w.h....|STb|....O|.hc",
                "   |cxc...+.fb|..ccc|cxc",
                "   |--|-+-|-+-|.....|-ww",
                "   RssX.............|^..",
                "   Rssw..F..........D...",
                "   Rssw..F.......|+-|...",
                "   Rss|..F...FFF^|.r|...",
                "   |------|-|-|--|--|...",
                "   |.dBBd.+r|u+..eSc|...",
                "   w..BB..|-|-|....c|...",
                "   w......|STb|....O|...",
                "   |od....+.fb|..ccc|...",
                "   |--|-+-|-+-|...hh|...",
                "   RssX.............|...",
                "   Rssw.............D...",
                "   Rssw..A.....F.|+-|...",
                "   Rss|.....FFFF^|.r|...",
                "   |------------||--|...",
                "   |############|EEE=...",
                "   |############|EEx=..."
            ],
            "terrain": {".": ["t_dirt", "t_dirt", "t_dirt", "t_grass", "t_pavement", "t_dirt", "t_dirt", "t_dirt", "t_grass", "t_rock_floor", "t_dirt", "t_dirt", "t_dirt", "t_grass", "t_dirtmound", "t_dirt", "t_dirt", "t_dirt", "t_grass", "t_sidewalk", "t_dirt", "t_dirt", "t_dirt", "t_grass", "t_sand"], " ": ["t_dirt", "t_dirt", "t_dirt", "t_sidewalk", "t_pavement", "t_dirt", "t_dirt", "t_dirt", "t_sidewalk", "t_pavement", "t_dirt", "t_dirt", "t_dirt", "t_dirtmound", "t_sidewalk", "t_dirt", "t_dirt", "t_dirt", "t_dirtmound", "t_sidewalk", "t_dirt", "t_dirt", "t_dirt", "t_sand", "t_sand"]},
            "furniture": {
            "w": ["f_rubble", "f_rubble", "f_rubble", "f_rubble", "f_rubble", "f_rubble", "f_rubble", "f_ash", "f_rubble_rock", "f_ash", "f_null", "f_ash"],
            "+": ["f_rubble", "f_rubble", "f_rubble", "f_rubble", "f_rubble", "f_rubble", "f_rubble", "f_ash", "f_rubble_rock", "f_ash", "f_null", "f_ash"],
            "X": ["f_rubble", "f_rubble", "f_rubble", "f_rubble", "f_rubble", "f_rubble", "f_rubble", "f_ash", "f_rubble_rock", "f_ash", "f_null", "f_ash"],
            "D": ["f_rubble", "f_rubble", "f_rubble", "f_rubble", "f_rubble", "f_rubble", "f_rubble", "f_ash", "f_rubble_rock", "f_ash", "f_null", "f_ash"],
            "=": ["f_wreckage", "f_wreckage", "f_wreckage", "f_wreckage", "f_wreckage", "f_wreckage", "f_rubble", "f_null"],
            "G": ["f_rubble", "f_rubble", "f_rubble", "f_rubble", "f_rubble", "f_rubble", "f_rubble", "f_ash", "f_rubble_rock", "f_ash", "f_null", "f_ash"],
                "E": ["f_wreckage", "f_wreckage", "f_wreckage", "f_wreckage", "f_wreckage", "f_wreckage", "f_rubble", "f_null"],
                ">": ["f_rubble", "f_rubble", "f_rubble", "f_rubble", "f_rubble", "f_rubble", "f_rubble", "f_ash", "f_rubble_rock", "f_ash", "f_null", "f_ash"],
                "<": ["f_rubble", "f_rubble", "f_rubble", "f_rubble", "f_rubble", "f_rubble", "f_rubble", "f_ash", "f_rubble_rock", "f_ash", "f_null", "f_ash"],
                "R": ["f_wreckage", "f_wreckage", "f_wreckage", "f_wreckage", "f_wreckage", "f_wreckage", "f_rubble", "f_null"],
                "#": ["f_ash", "f_ash", "f_ash", "f_null"],
                "x": ["f_wreckage", "f_wreckage", "f_wreckage", "f_wreckage", "f_wreckage", "f_wreckage", "f_rubble", "f_null"],
                "%": ["f_ash", "f_ash", "f_ash", "f_null"],
                "-": ["f_rubble", "f_rubble", "f_rubble", "f_rubble", "f_rubble", "f_rubble", "f_rubble", "f_ash", "f_rubble_rock", "f_ash", "f_null", "f_ash"],
                "|": ["f_rubble", "f_rubble", "f_rubble", "f_rubble", "f_rubble", "f_rubble", "f_rubble", "f_ash", "f_rubble_rock", "f_ash", "f_null", "f_ash"],
                "s": ["f_ash", "f_null", "f_null"],
                " ": ["f_ash", "f_ash", "f_ash", "f_null"]
            },
            "toilets": {
                "T": { }
            },
            "place_monsters": [
                { "monster": "GROUP_ZOMBIE", "x": [ 4, 23 ], "y": [ 2, 23 ], "repeat": [1, 2] }
            ]
        }
    },{
        "type": "mapgen",
        "om_terrain": ["apartments_con_tower_NE"],
        "method": "json",
        "weight": 250,
        "object": {
            "fill_ter": "t_dirt",
            "rows": [
               "                        ",
               "   |---ww|-|-|------|   ",
               "-w-|cSe..+u|r+.dBBd.|   ",
               "..l|c....|-|-|..BB..w   ",
               "..l|O....|bTS|......w   ",
               "...|ccc..|bf.+....d.|   ",
               "-D-|.hh..|-+-|-+-|--|   ",
               "...|.............XssR   ",
               "...D.............wssR   ",
               "...|-+|..........wssR   ",
               "...|r.|oo.FFFF..^|ssR   ",
               "...|--|--|-|-|------|   ",
               "...|cSe..+u|r+.dBBd.|   ",
               "...|c....|-|-|..BB..w   ",
               "...|O....|bTS|......w   ",
               "...|ccc..|bf.+....d.|   ",
               "..^|h.h..|-+-|-+-|--|   ",
               "...|.............XssR   ",
               "...D......A......wssR   ",
               "...|-+|..........wssR   ",
               "...|r.|^....FFF.o|ssR   ",
               "...|--||------------|   ",
               "...=xEE|############|   ",
               "...=EEE|############|   "
            ],
            "terrain": {".": ["t_dirt", "t_dirt", "t_dirt", "t_grass", "t_pavement", "t_dirt", "t_dirt", "t_dirt", "t_grass", "t_rock_floor", "t_dirt", "t_dirt", "t_dirt", "t_grass", "t_dirtmound", "t_dirt", "t_dirt", "t_dirt", "t_grass", "t_sidewalk", "t_dirt", "t_dirt", "t_dirt", "t_grass", "t_sand"], " ": ["t_dirt", "t_dirt", "t_dirt", "t_sidewalk", "t_pavement", "t_dirt", "t_dirt", "t_dirt", "t_sidewalk", "t_pavement", "t_dirt", "t_dirt", "t_dirt", "t_dirtmound", "t_sidewalk", "t_dirt", "t_dirt", "t_dirt", "t_dirtmound", "t_sidewalk", "t_dirt", "t_dirt", "t_dirt", "t_sand", "t_sand"]},
            "furniture": {
            "w": ["f_rubble", "f_rubble", "f_rubble", "f_rubble", "f_rubble", "f_rubble", "f_rubble", "f_ash", "f_rubble_rock", "f_ash", "f_null", "f_ash"],
            "+": ["f_rubble", "f_rubble", "f_rubble", "f_rubble", "f_rubble", "f_rubble", "f_rubble", "f_ash", "f_rubble_rock", "f_ash", "f_null", "f_ash"],
            "X": ["f_rubble", "f_rubble", "f_rubble", "f_rubble", "f_rubble", "f_rubble", "f_rubble", "f_ash", "f_rubble_rock", "f_ash", "f_null", "f_ash"],
            "D": ["f_rubble", "f_rubble", "f_rubble", "f_rubble", "f_rubble", "f_rubble", "f_rubble", "f_ash", "f_rubble_rock", "f_ash", "f_null", "f_ash"],
            "=": ["f_wreckage", "f_wreckage", "f_wreckage", "f_wreckage", "f_wreckage", "f_wreckage", "f_rubble", "f_null"],
            "G": ["f_rubble", "f_rubble", "f_rubble", "f_rubble", "f_rubble", "f_rubble", "f_rubble", "f_ash", "f_rubble_rock", "f_ash", "f_null", "f_ash"],
                "E": ["f_wreckage", "f_wreckage", "f_wreckage", "f_wreckage", "f_wreckage", "f_wreckage", "f_rubble", "f_null"],
                ">": ["f_rubble", "f_rubble", "f_rubble", "f_rubble", "f_rubble", "f_rubble", "f_rubble", "f_ash", "f_rubble_rock", "f_ash", "f_null", "f_ash"],
                "<": ["f_rubble", "f_rubble", "f_rubble", "f_rubble", "f_rubble", "f_rubble", "f_rubble", "f_ash", "f_rubble_rock", "f_ash", "f_null", "f_ash"],
                "R": ["f_wreckage", "f_wreckage", "f_wreckage", "f_wreckage", "f_wreckage", "f_wreckage", "f_rubble", "f_null"],
                "#": ["f_ash", "f_ash", "f_ash", "f_null"],
                "x": ["f_wreckage", "f_wreckage", "f_wreckage", "f_wreckage", "f_wreckage", "f_wreckage", "f_rubble", "f_null"],
                "%": ["f_ash", "f_ash", "f_ash", "f_null"],
                "-": ["f_rubble", "f_rubble", "f_rubble", "f_rubble", "f_rubble", "f_rubble", "f_rubble", "f_ash", "f_rubble_rock", "f_ash", "f_null", "f_ash"],
                "|": ["f_rubble", "f_rubble", "f_rubble", "f_rubble", "f_rubble", "f_rubble", "f_rubble", "f_ash", "f_rubble_rock", "f_ash", "f_null", "f_ash"],
                "s": ["f_ash", "f_null", "f_null"],
                " ": ["f_ash", "f_ash", "f_ash", "f_null"]
            },
            "toilets": {
                "T": { }
            },
            "place_monsters": [
                { "monster": "GROUP_ZOMBIE", "x": [ 0, 19 ], "y": [ 2, 23 ], "repeat": [1, 2] }
            ]
        }
    },{
        "type": "mapgen",
        "om_terrain": ["apartments_con_tower_SW"],
        "method": "json",
        "weight": 250,
        "object": {
            "fill_ter": "t_dirt",
            "rows": [
               "   |------|-|-|-|---|...",
               "   |.dBBd.+r|u+..eSc|...",
               "   w..BB..|-|-|....c|...",
               "   w......|STb|....O|...",
               "   |oo....+..b|..ccc|^..",
               "   |--|-+-|-+-|..hhh|...",
               "   RssX.............|...",
               "   Rssw.............D...",
               "   Rssw..A....A..|+-|...",
               "   Rss|...FFF...^|.r|...",
               "   |------|-|-|--|--|...",
               "   |.dBBd.+r|u+..eSc|...",
               "   w..BB..|-|-|....c|...",
               "   w......|STb|....O|...",
               "   |.d....+..b|..ccc|...",
               "   |--|-+-|-+-|....^|...",
               "   RssX...A.........|...",
               "   Rssw.............D...",
               "   Rssw.........o|+-|...",
               "   Rss|..A.FFF..o|.r|...",
               "   |--|--ww---ww-|--|w-G",
               "                      ss",
               "                      ss",
               "                      ss"
            ],
            "terrain": {".": ["t_dirt", "t_dirt", "t_dirt", "t_grass", "t_pavement", "t_dirt", "t_dirt", "t_dirt", "t_grass", "t_rock_floor", "t_dirt", "t_dirt", "t_dirt", "t_grass", "t_dirtmound", "t_dirt", "t_dirt", "t_dirt", "t_grass", "t_sidewalk", "t_dirt", "t_dirt", "t_dirt", "t_grass", "t_sand"], " ": ["t_dirt", "t_dirt", "t_dirt", "t_sidewalk", "t_pavement", "t_dirt", "t_dirt", "t_dirt", "t_sidewalk", "t_pavement", "t_dirt", "t_dirt", "t_dirt", "t_dirtmound", "t_sidewalk", "t_dirt", "t_dirt", "t_dirt", "t_dirtmound", "t_sidewalk", "t_dirt", "t_dirt", "t_dirt", "t_sand", "t_sand"]},
            "furniture": {
            "w": ["f_rubble", "f_rubble", "f_rubble", "f_rubble", "f_rubble", "f_rubble", "f_rubble", "f_ash", "f_rubble_rock", "f_ash", "f_null", "f_ash"],
            "+": ["f_rubble", "f_rubble", "f_rubble", "f_rubble", "f_rubble", "f_rubble", "f_rubble", "f_ash", "f_rubble_rock", "f_ash", "f_null", "f_ash"],
            "X": ["f_rubble", "f_rubble", "f_rubble", "f_rubble", "f_rubble", "f_rubble", "f_rubble", "f_ash", "f_rubble_rock", "f_ash", "f_null", "f_ash"],
            "D": ["f_rubble", "f_rubble", "f_rubble", "f_rubble", "f_rubble", "f_rubble", "f_rubble", "f_ash", "f_rubble_rock", "f_ash", "f_null", "f_ash"],
            "=": ["f_wreckage", "f_wreckage", "f_wreckage", "f_wreckage", "f_wreckage", "f_wreckage", "f_rubble", "f_null"],
            "G": ["f_rubble", "f_rubble", "f_rubble", "f_rubble", "f_rubble", "f_rubble", "f_rubble", "f_ash", "f_rubble_rock", "f_ash", "f_null", "f_ash"],
                "E": ["f_wreckage", "f_wreckage", "f_wreckage", "f_wreckage", "f_wreckage", "f_wreckage", "f_rubble", "f_null"],
                ">": ["f_rubble", "f_rubble", "f_rubble", "f_rubble", "f_rubble", "f_rubble", "f_rubble", "f_ash", "f_rubble_rock", "f_ash", "f_null", "f_ash"],
                "<": ["f_rubble", "f_rubble", "f_rubble", "f_rubble", "f_rubble", "f_rubble", "f_rubble", "f_ash", "f_rubble_rock", "f_ash", "f_null", "f_ash"],
                "R": ["f_wreckage", "f_wreckage", "f_wreckage", "f_wreckage", "f_wreckage", "f_wreckage", "f_rubble", "f_null"],
                "#": ["f_ash", "f_ash", "f_ash", "f_null"],
                "x": ["f_wreckage", "f_wreckage", "f_wreckage", "f_wreckage", "f_wreckage", "f_wreckage", "f_rubble", "f_null"],
                "%": ["f_ash", "f_ash", "f_ash", "f_null"],
                "-": ["f_rubble", "f_rubble", "f_rubble", "f_rubble", "f_rubble", "f_rubble", "f_rubble", "f_ash", "f_rubble_rock", "f_ash", "f_null", "f_ash"],
                "|": ["f_rubble", "f_rubble", "f_rubble", "f_rubble", "f_rubble", "f_rubble", "f_rubble", "f_ash", "f_rubble_rock", "f_ash", "f_null", "f_ash"],
                "s": ["f_ash", "f_null", "f_null"],
                " ": ["f_ash", "f_ash", "f_ash", "f_null"]
            },
            "toilets": {
                "T": { }
            },
            "place_monsters": [
                { "monster": "GROUP_ZOMBIE", "x": [ 4, 23 ], "y": [ 0, 19 ], "repeat": [1, 2] }
            ]
        }
    },{
        "type": "mapgen",
        "om_terrain": ["apartments_con_tower_SE"],
        "method": "json",
        "weight": 250,
        "object": {
            "fill_ter": "t_dirt",
            "rows": [
               "...|---|-|-|-|------|   ",
               "...|cSe..+u|r+.dBBd.|   ",
               "...|c....|-|-|..BB..w   ",
               "...|O....|bTS|......w   ",
               "...|ccc..|bf.+....d.|   ",
               "...|.....|-+-|-+-|--|   ",
               "...|.............+ssR   ",
               "...D.............wssR   ",
               "...|-+|...htth...wssR   ",
               "...|r.|^..htth.oo|ssR   ",
               "...|--|--|-|-|------|   ",
               "...|cSe..+u|r+.dBBd.|   ",
               "..^|c....|-|-|..BB..w   ",
               "...|O....|bTS|......w   ",
               "...|ccc..|bf.+....d.|   ",
               "...|.....|-+-|-+-|--|   ",
               "...|.............+ssR   ",
               "...D...........A.wssR   ",
               "...|-+|..A...h...wssR   ",
               "...|r.|o....cxc.^|ssR   ",
               "G-w|--|-ww---ww--|--|   ",
               "ss                      ",
               "ss                      ",
               "ss                      "
            ],
            "terrain": {".": ["t_dirt", "t_dirt", "t_dirt", "t_grass", "t_pavement", "t_dirt", "t_dirt", "t_dirt", "t_grass", "t_rock_floor", "t_dirt", "t_dirt", "t_dirt", "t_grass", "t_dirtmound", "t_dirt", "t_dirt", "t_dirt", "t_grass", "t_sidewalk", "t_dirt", "t_dirt", "t_dirt", "t_grass", "t_sand"], " ": ["t_dirt", "t_dirt", "t_dirt", "t_sidewalk", "t_pavement", "t_dirt", "t_dirt", "t_dirt", "t_sidewalk", "t_pavement", "t_dirt", "t_dirt", "t_dirt", "t_dirtmound", "t_sidewalk", "t_dirt", "t_dirt", "t_dirt", "t_dirtmound", "t_sidewalk", "t_dirt", "t_dirt", "t_dirt", "t_sand", "t_sand"]},
            "furniture": {
            "w": ["f_rubble", "f_rubble", "f_rubble", "f_rubble", "f_rubble", "f_rubble", "f_rubble", "f_ash", "f_rubble_rock", "f_ash", "f_null", "f_ash"],
            "+": ["f_rubble", "f_rubble", "f_rubble", "f_rubble", "f_rubble", "f_rubble", "f_rubble", "f_ash", "f_rubble_rock", "f_ash", "f_null", "f_ash"],
            "X": ["f_rubble", "f_rubble", "f_rubble", "f_rubble", "f_rubble", "f_rubble", "f_rubble", "f_ash", "f_rubble_rock", "f_ash", "f_null", "f_ash"],
            "D": ["f_rubble", "f_rubble", "f_rubble", "f_rubble", "f_rubble", "f_rubble", "f_rubble", "f_ash", "f_rubble_rock", "f_ash", "f_null", "f_ash"],
            "=": ["f_wreckage", "f_wreckage", "f_wreckage", "f_wreckage", "f_wreckage", "f_wreckage", "f_rubble", "f_null"],
            "G": ["f_rubble", "f_rubble", "f_rubble", "f_rubble", "f_rubble", "f_rubble", "f_rubble", "f_ash", "f_rubble_rock", "f_ash", "f_null", "f_ash"],
                "E": ["f_wreckage", "f_wreckage", "f_wreckage", "f_wreckage", "f_wreckage", "f_wreckage", "f_rubble", "f_null"],
                ">": ["f_rubble", "f_rubble", "f_rubble", "f_rubble", "f_rubble", "f_rubble", "f_rubble", "f_ash", "f_rubble_rock", "f_ash", "f_null", "f_ash"],
                "<": ["f_rubble", "f_rubble", "f_rubble", "f_rubble", "f_rubble", "f_rubble", "f_rubble", "f_ash", "f_rubble_rock", "f_ash", "f_null", "f_ash"],
                "R": ["f_wreckage", "f_wreckage", "f_wreckage", "f_wreckage", "f_wreckage", "f_wreckage", "f_rubble", "f_null"],
                "#": ["f_ash", "f_ash", "f_ash", "f_null"],
                "x": ["f_wreckage", "f_wreckage", "f_wreckage", "f_wreckage", "f_wreckage", "f_wreckage", "f_rubble", "f_null"],
                "%": ["f_ash", "f_ash", "f_ash", "f_null"],
                "-": ["f_rubble", "f_rubble", "f_rubble", "f_rubble", "f_rubble", "f_rubble", "f_rubble", "f_ash", "f_rubble_rock", "f_ash", "f_null", "f_ash"],
                "|": ["f_rubble", "f_rubble", "f_rubble", "f_rubble", "f_rubble", "f_rubble", "f_rubble", "f_ash", "f_rubble_rock", "f_ash", "f_null", "f_ash"],
                "s": ["f_ash", "f_null", "f_null"],
                " ": ["f_ash", "f_ash", "f_ash", "f_null"]
            },
            "place_monsters": [
                { "monster": "GROUP_ZOMBIE", "x": [ 0, 19 ], "y": [ 0, 19 ], "repeat": [1, 2] }
            ]
        }
    }
]
