[
    {
        "type": "mapgen",
        "om_terrain": [
            "roadstop_b"
        ],
        "method": "json",
        "weight": 333,
        "object": {            "fill_ter": "t_dirt",
            "rows": [
                "........................",
                "........................",
                "........................",
                "........................",
                "........................",
                "......o........oo.......",
                ".....##############.....",
                ".t.t.#877A7i779995#.t.t.",
                ".....3           5#.....",
                ".t.t.#89977777  75#.t.t.",
                ".....########777###.....",
                ".....| 4    4    4|.....",
                ".....|464  464  46|.....",
                ".....| 4  4 4 4  4|.....",
                ".....|8  464 464 8|.....",
                ".....|SSSSSSSSSSSS|.....",
                ".2222222222222222222222.",
                ".2222222222222222222222.",
                ".2222222222222222222222.",
                ".,,,,,222222222222,,,,,.",
                ".2222222222222222222222.",
                ".2222222222222222222222.",
                ".2222222222222222222222.",
                ".,,,,,2222....2222,,,,,."
            ],
            "terrain": {".": ["t_dirt", "t_dirt", "t_dirt", "t_grass", "t_pavement", "t_dirt", "t_dirt", "t_dirt", "t_grass", "t_rock_floor", "t_dirt", "t_dirt", "t_dirt", "t_grass", "t_dirtmound", "t_dirt", "t_dirt", "t_dirt", "t_grass", "t_sidewalk", "t_dirt", "t_dirt", "t_dirt", "t_grass", "t_sand"], " ": ["t_dirt", "t_dirt", "t_dirt", "t_sidewalk", "t_pavement", "t_dirt", "t_dirt", "t_dirt", "t_sidewalk", "t_pavement", "t_dirt", "t_dirt", "t_dirt", "t_dirtmound", "t_sidewalk", "t_dirt", "t_dirt", "t_dirt", "t_dirtmound", "t_sidewalk", "t_dirt", "t_dirt", "t_dirt", "t_sand", "t_sand"]},
            "furniture": {
                ".": ["f_ash", "f_ash", "f_ash", "f_null"],
                "#": ["f_rubble", "f_rubble", "f_rubble", "f_rubble", "f_rubble", "f_rubble", "f_rubble", "f_ash", "f_rubble_rock", "f_ash", "f_null", "f_ash"],
                "2": ["f_ash", "f_null", "f_null"],
                "i": ["f_ash", "f_null", "f_null"],
                "3": ["f_rubble", "f_rubble", "f_rubble", "f_rubble", "f_rubble", "f_rubble", "f_rubble", "f_ash", "f_rubble_rock", "f_ash", "f_null", "f_ash"],
                " ": ["f_ash", "f_rubble", "f_ash", "f_rubble", "f_ash", "f_null"],
                "4": ["f_ash", "f_rubble", "f_ash", "f_rubble", "f_ash", "f_null"],
                "5": ["f_ash", "f_rubble", "f_ash", "f_rubble", "f_ash", "f_null"],
                "6": ["f_ash", "f_rubble", "f_ash", "f_rubble", "f_ash", "f_null"],
                "7": ["f_ash", "f_rubble", "f_ash", "f_rubble", "f_ash", "f_null"],
                "8": ["f_ash", "f_null", "f_null"],
                "9": ["f_ash", "f_rubble", "f_ash", "f_rubble", "f_ash", "f_null"],
                "A": ["f_ash", "f_rubble", "f_ash", "f_rubble", "f_ash", "f_null"],
                "t": ["f_ash", "f_rubble", "f_ash", "f_rubble", "f_ash", "f_null"],
                "S": ["f_ash", "f_null", "f_null"],
                "|": ["f_ash", "f_null", "f_null"],
                ",": ["f_ash", "f_null", "f_null"],
                "o": ["f_ash", "f_null", "f_null"]
            },
            "rotation": 2
        }
    }
]