[
    {
        "comment" : "dual tenant dwelling. assumed single people or couples dwelled here.",
        "type" : "mapgen",
        "om_terrain" : ["house"],
        "method" : "json",
        "weight" : 200,
        "object" : {
            "fill_ter": "t_dirt",
            "rows" : [
                "....s###############s...",
                "...ss--v---------v--ss..",
                ".Msss;     0|0 nP  ;sssM",
                ".------  K n|      ---|D",
                ".|          |      |tS|.",
                ".|o         |K     |  |.",
                ".|         o|  ??  --+|.",
                ".|P        o|o        |.",
                ".vk         |o        |.",
                ".vk     cccc|-------  |.",
                ".|P        F|O c     P|.",
                ".|  hn     S|c c  h   v.",
                ".|   h      |S c hnh  v.",
                ".|      ccOC|C c  h   |.",
                "T|  --------|C        |.",
                ".|  +    + d|f        |.",
                ".|  |    |--|-------  |.",
                ".|  |   @|S +  @@|:|  |.",
                ".|  |   @|  |  @@|+|  |.",
                ".|- |-+--|  |    |   -|.",
                ".|W |   $|  |    |   W|.",
                ".|Y |SS t|t$|    +   Y|.",
                ".-------v-v------------.",
                ".......................T"
            ],
            "terrain": {".": ["t_dirt", "t_dirt", "t_dirt", "t_grass", "t_pavement", "t_dirt", "t_dirt", "t_dirt", "t_grass", "t_rock_floor", "t_dirt", "t_dirt", "t_dirt", "t_grass", "t_dirtmound", "t_dirt", "t_dirt", "t_dirt", "t_grass", "t_sidewalk", "t_dirt", "t_dirt", "t_dirt", "t_grass", "t_sand"], " ": ["t_dirt", "t_dirt", "t_dirt", "t_sidewalk", "t_pavement", "t_dirt", "t_dirt", "t_dirt", "t_sidewalk", "t_pavement", "t_dirt", "t_dirt", "t_dirt", "t_dirtmound", "t_sidewalk", "t_dirt", "t_dirt", "t_dirt", "t_dirtmound", "t_sidewalk", "t_dirt", "t_dirt", "t_dirt", "t_sand", "t_sand"]},
            "furniture" : {
                "|" : ["f_rubble", "f_rubble", "f_rubble", "f_rubble", "f_rubble", "f_rubble", "f_rubble", "f_ash", "f_rubble_rock", "f_ash", "f_null", "f_ash"],
                "-" : ["f_rubble", "f_rubble", "f_rubble", "f_rubble", "f_rubble", "f_rubble", "f_rubble", "f_ash", "f_rubble_rock", "f_ash", "f_null", "f_ash"],
                "." : ["f_ash", "f_ash", "f_ash", "f_null"],
                "0" : ["f_ash", "f_rubble", "f_ash", "f_rubble", "f_ash", "f_null"],
                "#" : ["f_ash", "f_ash", "f_ash", "f_null"],
                "+": ["f_rubble", "f_rubble", "f_rubble", "f_rubble", "f_rubble", "f_rubble", "f_rubble", "f_ash", "f_rubble_rock", "f_ash", "f_null", "f_ash"],
                ";": ["f_rubble", "f_rubble", "f_rubble", "f_rubble", "f_rubble", "f_rubble", "f_rubble", "f_ash", "f_rubble_rock", "f_ash", "f_null", "f_ash"],
                "$" : ["f_ash", "f_rubble", "f_ash", "f_rubble", "f_ash", "f_null"],
                "?" : ["f_ash", "f_rubble", "f_ash", "f_rubble", "f_ash", "f_null"],
                "@" : ["f_ash", "f_rubble", "f_ash", "f_rubble", "f_ash", "f_null"],
                "C" : ["f_ash", "f_rubble", "f_ash", "f_rubble", "f_ash", "f_null"],
                "c" : ["f_ash", "f_rubble", "f_ash", "f_rubble", "f_ash", "f_null"],
                "D" : ["f_ash", "f_ash", "f_ash", "f_null"],
                "d" : ["f_ash", "f_rubble", "f_ash", "f_rubble", "f_ash", "f_null"],
                "F" : ["f_ash", "f_rubble", "f_ash", "f_rubble", "f_ash", "f_null"],
                "f" : ["f_ash", "f_rubble", "f_ash", "f_rubble", "f_ash", "f_null"],
                "h" : ["f_ash", "f_rubble", "f_ash", "f_rubble", "f_ash", "f_null"],
                "K" : ["f_ash", "f_rubble", "f_ash", "f_rubble", "f_ash", "f_null"],
                "k" : ["f_ash", "f_rubble", "f_ash", "f_rubble", "f_ash", "f_null"],
                "M" : ["f_ash", "f_ash", "f_ash", "f_null"],
                "n" : ["f_ash", "f_rubble", "f_ash", "f_rubble", "f_ash", "f_null"],
                "O" : ["f_ash", "f_rubble", "f_ash", "f_rubble", "f_ash", "f_null"],
                "o" : ["f_ash", "f_rubble", "f_ash", "f_rubble", "f_ash", "f_null"],
                "P" : ["f_ash", "f_rubble", "f_ash", "f_rubble", "f_ash", "f_null"],
                "S" : ["f_ash", "f_rubble", "f_ash", "f_rubble", "f_ash", "f_null"],
                "s" : ["f_ash", "f_null", "f_null"],
                "T" : ["f_ash", "f_ash", "f_ash", "f_null"],
                "v": ["f_rubble", "f_rubble", "f_rubble", "f_rubble", "f_rubble", "f_rubble", "f_rubble", "f_ash", "f_rubble_rock", "f_ash", "f_null", "f_ash"]
            }
        }
    }
]
