[
    {
        "type": "mapgen",
        "om_terrain": [
            "roadstop_a"
        ],
        "method": "json",
        "weight": 333,
        "object": {            "fill_ter": "t_dirt",
            "rows": [
                "........................",
                "........................",
                "........................",
                "........................",
                "........................",
                "......o........oo.......",
                ".....##############.....",
                ".t.t.#A  37##73  A#.t.t.",
                ".....#A  ######  A#.....",
                ".t.t.#A  39##73  A#.t.t.",
                ".....#A  ######  A#.....",
                ".t.t.#   37##93   #.t.t.",
                ".....# ########## #.....",
                ".t.t.#    ####    #.t.t.",
                ".....####3#88#3####.....",
                "......SSSSSSSSSSSS......",
                "........22222222........",
                ".......2222222222.......",
                "......222222222222......",
                "......222222222222......",
                "......2222....2222......",
                "......2222#ii#2222......",
                "......2222....2222......",
                "......2222....2222......"
            ],
            "terrain": {".": ["t_dirt", "t_dirt", "t_dirt", "t_grass", "t_pavement", "t_dirt", "t_dirt", "t_dirt", "t_grass", "t_rock_floor", "t_dirt", "t_dirt", "t_dirt", "t_grass", "t_dirtmound", "t_dirt", "t_dirt", "t_dirt", "t_grass", "t_sidewalk", "t_dirt", "t_dirt", "t_dirt", "t_grass", "t_sand"], " ": ["t_dirt", "t_dirt", "t_dirt", "t_sidewalk", "t_pavement", "t_dirt", "t_dirt", "t_dirt", "t_sidewalk", "t_pavement", "t_dirt", "t_dirt", "t_dirt", "t_dirtmound", "t_sidewalk", "t_dirt", "t_dirt", "t_dirt", "t_dirtmound", "t_sidewalk", "t_dirt", "t_dirt", "t_dirt", "t_sand", "t_sand"]},
            "furniture": {
                ".": ["f_ash", "f_ash", "f_ash", "f_null"],
                "#": ["f_ash", "f_rubble", "f_ash", "f_rubble", "f_ash", "f_null"],
                "2": ["f_ash", "f_null", "f_null"],
                "i": ["f_ash", "f_null", "f_null"],
                "3": ["f_rubble", "f_rubble", "f_rubble", "f_rubble", "f_rubble", "f_rubble", "f_rubble", "f_ash", "f_rubble_rock", "f_ash", "f_null", "f_ash"],
                " ": ["f_ash", "f_rubble", "f_ash", "f_rubble", "f_ash", "f_null"],
                "6": ["f_ash", "f_rubble", "f_ash", "f_rubble", "f_ash", "f_null"],
                "7": ["f_ash", "f_rubble", "f_ash", "f_rubble", "f_ash", "f_null"],
                "8": ["f_ash", "f_null", "f_null"],
                "9": ["f_ash", "f_rubble", "f_ash", "f_rubble", "f_ash", "f_null"],
                "A": ["f_ash", "f_rubble", "f_ash", "f_rubble", "f_ash", "f_null"],
                "t": ["f_ash", "f_rubble", "f_ash", "f_rubble", "f_ash", "f_null"],
                "S": ["f_ash", "f_null", "f_null"],
                "o": ["f_ash", "f_null", "f_null"]
            },
            "rotation": 2
        }
    }
]
