[
    {
        "type" : "mapgen",
        "om_terrain" : ["pump_station_1"],
        "method" : "json",
        "weight" : 250,
        "object" : {
            "fill_ter": "t_dirt",
            "rows" : [
                "sss___________sss.......",
                ".ss___________ss|-w-w-|.",
                ".ss___________ss|rrr L|.",
                ".ss___________ss;    Lw.",
                ".ss___________ss|    c|.",
                ".ss_____}_____ss|    c|.",
                ".ss___________ssw    cw.",
                ".ss___________ss|    c|.",
                ".ss___________ss|    c|.",
                ".ss___________sswr   Lw.",
                ".ss___________ss|r   L|.",
                ".sss_________sss|| |--|.",
                ".ssssssssssssssss| |rr|.",
                "..sssssssssssssss| |  w.",
                "...|-w-w-|s|-w-|s| |  |.",
                "...| k6  |s|hhh|s| | 3|.",
                "...| hk h|s+   |s|   3w.",
                "...|o k  |s|   |s| | 3|.",
                "...|o    |s|6c |s| |  |.",
                "...|---+-|s|ch |s| |  w.",
                "...|rr|  |s|c  |s| |rr|.",
                "...|  *  |s|  P|s| |--|.",
                "...|rr|  |s|---|s|    |.",
                "...|--|  |ssssssz|    w." 
            ],
            "terrain": {".": ["t_dirt", "t_dirt", "t_dirt", "t_grass", "t_pavement", "t_dirt", "t_dirt", "t_dirt", "t_grass", "t_rock_floor", "t_dirt", "t_dirt", "t_dirt", "t_grass", "t_dirtmound", "t_dirt", "t_dirt", "t_dirt", "t_grass", "t_sidewalk", "t_dirt", "t_dirt", "t_dirt", "t_grass", "t_sand"], " ": ["t_dirt", "t_dirt", "t_dirt", "t_sidewalk", "t_pavement", "t_dirt", "t_dirt", "t_dirt", "t_sidewalk", "t_pavement", "t_dirt", "t_dirt", "t_dirt", "t_dirtmound", "t_sidewalk", "t_dirt", "t_dirt", "t_dirt", "t_dirtmound", "t_sidewalk", "t_dirt", "t_dirt", "t_dirt", "t_sand", "t_sand"]},
            "furniture" : {
                "|" : ["f_rubble", "f_rubble", "f_rubble", "f_rubble", "f_rubble", "f_rubble", "f_rubble", "f_ash", "f_rubble_rock", "f_ash", "f_null", "f_ash"],
                "-" : ["f_rubble", "f_rubble", "f_rubble", "f_rubble", "f_rubble", "f_rubble", "f_rubble", "f_ash", "f_rubble_rock", "f_ash", "f_null", "f_ash"],
                "." : ["f_ash", "f_ash", "f_ash", "f_null"],
                "3" : ["f_wreckage", "f_wreckage", "f_wreckage", "f_wreckage", "f_wreckage", "f_wreckage", "f_rubble", "f_null"],
                "6" : ["f_wreckage", "f_wreckage", "f_wreckage", "f_wreckage", "f_wreckage", "f_wreckage", "f_rubble", "f_null"],
                "_" : ["f_ash", "f_null", "f_null"],
                "+": ["f_rubble", "f_rubble", "f_rubble", "f_rubble", "f_rubble", "f_rubble", "f_rubble", "f_ash", "f_rubble_rock", "f_ash", "f_null", "f_ash"],
                ";": ["f_rubble", "f_rubble", "f_rubble", "f_rubble", "f_rubble", "f_rubble", "f_rubble", "f_ash", "f_rubble_rock", "f_ash", "f_null", "f_ash"],
                "*" : ["f_wreckage", "f_wreckage", "f_wreckage", "f_wreckage", "f_wreckage", "f_wreckage", "f_rubble", "f_null"],
                "}" : ["f_wreckage", "f_wreckage", "f_wreckage", "f_wreckage", "f_wreckage", "f_wreckage", "f_rubble", "f_null"],
                "c" : ["f_ash", "f_rubble", "f_ash", "f_rubble", "f_ash", "f_null"],
                "h" : ["f_ash", "f_rubble", "f_ash", "f_rubble", "f_ash", "f_null"],
                "k" : ["f_ash", "f_rubble", "f_ash", "f_rubble", "f_ash", "f_null"],
                "L" : ["f_ash", "f_rubble", "f_ash", "f_rubble", "f_ash", "f_null"],
                "o" : ["f_ash", "f_rubble", "f_ash", "f_rubble", "f_ash", "f_null"],
                "P" : ["f_ash", "f_rubble", "f_ash", "f_rubble", "f_ash", "f_null"],
                "r" : ["f_ash", "f_rubble", "f_ash", "f_rubble", "f_ash", "f_null"],
                "s" : ["f_ash", "f_null", "f_null"],
                "w": ["f_rubble", "f_rubble", "f_rubble", "f_rubble", "f_rubble", "f_rubble", "f_rubble", "f_ash", "f_rubble_rock", "f_ash", "f_null", "f_ash"],
                "z" : ["f_ash", "f_null", "f_null"]
            },
            "place_monsters" : [
                { "monster" : "GROUP_ZOMBIE", "chance" : 3, "x" : [5,21], "y" : [8,23] }
            ]
        }
    },{
        "type" : "mapgen",
        "om_terrain" : ["pump_station_2"],
        "method" : "json",
        "weight" : 250,
        "object" : {
            "fill_ter": "t_dirt",
            "rows" : [
                "...|rr|  |ssssszz|  11|.",
                "...|  *  |sszzssz|  11|.",
                "...|rr|  |sszzsss|   2w.",
                "...|--|  |-------|  11|.",
                "...|rr|   rrrr      11|.",
                "...|  *              2w.",
                "...|rr|              2|.",
                "...|--|              2|.",
                "...|rr7              2w.",
                "...|  9  44 44 44 44 2|.",
                "...w  7  4424424424422|.",
                "...| }7              rw.",
                "...|  7              r|.",
                "...|rr7r  LL        rr|.",
                "...|----w----w--w--w--|.",
                "........................",
                "........................",
                "........................",
                "........................",
                "........................",
                "........................",
                "........................",
                "........................",
                "........................" 
            ],
            "terrain": {".": ["t_dirt", "t_dirt", "t_dirt", "t_grass", "t_pavement", "t_dirt", "t_dirt", "t_dirt", "t_grass", "t_rock_floor", "t_dirt", "t_dirt", "t_dirt", "t_grass", "t_dirtmound", "t_dirt", "t_dirt", "t_dirt", "t_grass", "t_sidewalk", "t_dirt", "t_dirt", "t_dirt", "t_grass", "t_sand"], " ": ["t_dirt", "t_dirt", "t_dirt", "t_sidewalk", "t_pavement", "t_dirt", "t_dirt", "t_dirt", "t_sidewalk", "t_pavement", "t_dirt", "t_dirt", "t_dirt", "t_dirtmound", "t_sidewalk", "t_dirt", "t_dirt", "t_dirt", "t_dirtmound", "t_sidewalk", "t_dirt", "t_dirt", "t_dirt", "t_sand", "t_sand"]},
            "furniture" : {
                "|" : ["f_rubble", "f_rubble", "f_rubble", "f_rubble", "f_rubble", "f_rubble", "f_rubble", "f_ash", "f_rubble_rock", "f_ash", "f_null", "f_ash"],
                "-" : ["f_rubble", "f_rubble", "f_rubble", "f_rubble", "f_rubble", "f_rubble", "f_rubble", "f_ash", "f_rubble_rock", "f_ash", "f_null", "f_ash"],
                "." : ["f_ash", "f_ash", "f_ash", "f_null"],
                "1" : ["f_wreckage", "f_wreckage", "f_wreckage", "f_wreckage", "f_wreckage", "f_wreckage", "f_rubble", "f_null"],
                "2" : ["f_wreckage", "f_wreckage", "f_wreckage", "f_wreckage", "f_wreckage", "f_wreckage", "f_rubble", "f_null"],
                "4" : ["f_wreckage", "f_wreckage", "f_wreckage", "f_wreckage", "f_wreckage", "f_wreckage", "f_rubble", "f_null"],
                "7" : ["f_wreckage", "f_wreckage", "f_wreckage", "f_wreckage", "f_wreckage", "f_wreckage", "f_rubble", "f_null"],
                "9" : ["f_wreckage", "f_wreckage", "f_wreckage", "f_wreckage", "f_wreckage", "f_wreckage", "f_rubble", "f_null"],
                "*" : ["f_wreckage", "f_wreckage", "f_wreckage", "f_wreckage", "f_wreckage", "f_wreckage", "f_rubble", "f_null"],
                "}" : ["f_wreckage", "f_wreckage", "f_wreckage", "f_wreckage", "f_wreckage", "f_wreckage", "f_rubble", "f_null"],
                "L" : ["f_ash", "f_rubble", "f_ash", "f_rubble", "f_ash", "f_null"],
                "r" : ["f_ash", "f_rubble", "f_ash", "f_rubble", "f_ash", "f_null"],
                "s" : ["f_ash", "f_null", "f_null"],
                "w": ["f_rubble", "f_rubble", "f_rubble", "f_rubble", "f_rubble", "f_rubble", "f_rubble", "f_ash", "f_rubble_rock", "f_ash", "f_null", "f_ash"],
                "z" : ["f_ash", "f_null", "f_null"]
            },
            "place_monsters" : [
                { "monster" : "GROUP_ZOMBIE", "chance" : 3, "x" : [4,21], "y" : [0,13] }
            ]
        }
    },{
        "type" : "mapgen",
        "om_terrain" : ["pump_station_3"],
        "method" : "json",
        "weight" : 250,
        "object" : {
            "fill_ter": "t_dirt",
            "rows" : [
                "RRRRRRRRRRRRRRRRRRRRRRRR",
                "RRRRRRRRRRRRRRRRRRRRRRRR",
                "RRRRRRRRRRRRRRRRRRRRRRRR",
                "RRRRRRRRRRRRRRRRRRRRRRRR",
                "RRRRRRRRRRRRRRRRRRRRRRRR",
                "RRRRRRRRRRRRRRRRRRRRRRRR",
                "RRRRRRRRRRRRRRRRRRRRRRRR",
                "RRRRRRRRRRRRRRRRRRRRRRRR",
                "RRRRRRRRRRRRRRRRRRRRRRRR",
                "R222222RRRRRRRRRRRRRRRRR",
                "!xa~~x2~~~~~~x!~~~~~~~~~",
                "!xa~~x2~~~~~~x!~~~~~~~~~",
                "!xaA~x2~~~~~~x!~~~~~~~~~",
                "!xxxxxxxxxxxxx!~~~~~~~~~",
                "RRRR~x2RRRRRRRRRRRRRRRRR",
                "RRRR~x2RRRRRRRRRRRRRRRRR",
                "RRRR~x2RRRRRRRRRRRRRRRRR",
                "RRRR~x2RRRRRRRRRRRRRRRRR",
                "RRRR~x2RRRRRRRRRRRRRRRRR",
                "RRRR~x2RRRRRRRRRRRRRRRRR",
                "RRRR~x2RRRRRRRRRRRRRRRRR",
                "RRRR~x2RRRRRRRRRRRRRRRRR",
                "RRRR~x2RRRRRRRRRRRRRRRRR",
                "RRRR~x2RRRRRRRRRRRRRRRRR" 
            ],
            "terrain": {".": ["t_dirt", "t_dirt", "t_dirt", "t_grass", "t_pavement", "t_dirt", "t_dirt", "t_dirt", "t_grass", "t_rock_floor", "t_dirt", "t_dirt", "t_dirt", "t_grass", "t_dirtmound", "t_dirt", "t_dirt", "t_dirt", "t_grass", "t_sidewalk", "t_dirt", "t_dirt", "t_dirt", "t_grass", "t_sand"], " ": ["t_dirt", "t_dirt", "t_dirt", "t_sidewalk", "t_pavement", "t_dirt", "t_dirt", "t_dirt", "t_sidewalk", "t_pavement", "t_dirt", "t_dirt", "t_dirt", "t_dirtmound", "t_sidewalk", "t_dirt", "t_dirt", "t_dirt", "t_dirtmound", "t_sidewalk", "t_dirt", "t_dirt", "t_dirt", "t_sand", "t_sand"]},
            "furniture" : {
                "2" : ["f_wreckage", "f_wreckage", "f_wreckage", "f_wreckage", "f_wreckage", "f_wreckage", "f_rubble", "f_null"],
                "~" : ["f_ash", "f_null", "f_null"],
                "!" : ["f_wreckage", "f_wreckage", "f_wreckage", "f_wreckage", "f_wreckage", "f_wreckage", "f_rubble", "f_null"],
                "A" : ["f_wreckage", "f_wreckage", "f_wreckage", "f_wreckage", "f_wreckage", "f_wreckage", "f_rubble", "f_null"],
                "a" : ["f_wreckage", "f_wreckage", "f_wreckage", "f_wreckage", "f_wreckage", "f_wreckage", "f_rubble", "f_null"],
                "R" : ["f_ash", "f_ash", "f_ash", "f_null"],
                "x" : ["f_wreckage", "f_wreckage", "f_wreckage", "f_wreckage", "f_wreckage", "f_wreckage", "f_rubble", "f_null"]
            },
            "place_monsters" : [
                { "monster" : "GROUP_SEWER", "x" : [1,22], "y" : [1,22], "density" : 0.10 }
            ]
        }
    },{
        "type" : "mapgen",
        "om_terrain" : ["pump_station_4"],
        "method" : "json",
        "weight" : 250,
        "object" : {
            "fill_ter": "t_dirt",
            "rows" : [
                "RRRR~x2RRRRRRRRRRRRRRRRR",
                "RRRR~x2RRRRRRRRRRRRRRRRR",
                "RRRR~x2RRRRRRRRRRRRRRRRR",
                "RRRR~x2RRRRRRRRRRRRRRRRR",
                "RRRR~x2   RRRRRRRRRRRRRR",
                "RRRR~xxx^ RRRRRRRRRRRRRR",
                "RRRR~x2   RRRRRRRRRRRRRR",
                "RRRR~x2RRRRRRRRRRRRRRRRR",
                "RRRR~x2RRRRRRRRRRRRRRRRR",
                "RRRR~x2RRRRRRRRRRRRRRRRR",
                "RRRR~x2RRRRRRRRRRRRRRRRR",
                "RRRR~x2RRRRRRRRRRRRRRRRR",
                "RRRR~x2RRRRRRRRRRRRRRRRR",
                "RRRR~x2RRRRRRRRRRRRRRRRR",
                "RRRR~x2RRRRRRRRRRRRRRRRR",
                "RRRR~x2RRRRRRRRRRRRRRRRR",
                "RRRR~x2RRRRRRRRRRRRRRRRR",
                "RRRR~x2RRRRRRRRRRRRRRRRR",
                "RRRR~x2RRRRRRRRRRRRRRRRR",
                "RRRR~x2RRRRRRRRRRRRRRRRR",
                "RRRR~x2RRRRRRRRRRRRRRRRR",
                "RRRR~x2RRRRRRRRRRRRRRRRR",
                "RRRR~x2RRRRRRRRRRRRRRRRR",
                "RRRR~x2RRRRRRRRRRRRRRRRR" 
            ],
            "terrain": {".": ["t_dirt", "t_dirt", "t_dirt", "t_grass", "t_pavement", "t_dirt", "t_dirt", "t_dirt", "t_grass", "t_rock_floor", "t_dirt", "t_dirt", "t_dirt", "t_grass", "t_dirtmound", "t_dirt", "t_dirt", "t_dirt", "t_grass", "t_sidewalk", "t_dirt", "t_dirt", "t_dirt", "t_grass", "t_sand"], " ": ["t_dirt", "t_dirt", "t_dirt", "t_sidewalk", "t_pavement", "t_dirt", "t_dirt", "t_dirt", "t_sidewalk", "t_pavement", "t_dirt", "t_dirt", "t_dirt", "t_dirtmound", "t_sidewalk", "t_dirt", "t_dirt", "t_dirt", "t_dirtmound", "t_sidewalk", "t_dirt", "t_dirt", "t_dirt", "t_sand", "t_sand"]},
            "furniture" : {
                "2" : ["f_wreckage", "f_wreckage", "f_wreckage", "f_wreckage", "f_wreckage", "f_wreckage", "f_rubble", "f_null"],
                "~" : ["f_ash", "f_null", "f_null"],
                "^" : ["f_wreckage", "f_wreckage", "f_wreckage", "f_wreckage", "f_wreckage", "f_wreckage", "f_rubble", "f_null"],
                "x" : ["f_wreckage", "f_wreckage", "f_wreckage", "f_wreckage", "f_wreckage", "f_wreckage", "f_rubble", "f_null"],
                "R" : ["f_ash", "f_ash", "f_ash", "f_null"]
            },
            "place_monsters" : [
                { "monster" : "GROUP_SEWER", "x" : [1,22], "y" : [1,22], "density" : 0.10 }
            ]
        }
    },{
        "type" : "mapgen",
        "om_terrain" : ["pump_station_5"],
        "method" : "json",
        "weight" : 250,
        "object" : {
            "fill_ter": "t_dirt",
            "rows" : [
                "RRRR~x2RRRRRRRRRRRRRRRRR",
                "RRRR~x2RRRRRRRRRRRRRRRRR",
                "RRRR~x2RRRRRRRRRRRRRRRRR",
                "RRRR~x2RRRRRRRRRRRRRRRRR",
                "RRRR~x2RRRRRRRRRRRRRRRRR",
                "RRRR~x2RRRRRRRRRRRRRRRRR",
                "RRRR!*2RRRRRRRRRRRRRRRRR",
                "RRRR~x2RRRRRRRRRRRRRRRRR",
                "RRRR~x2RRRRRRRRRRRRRRRRR",
                "RR~~~x2RRRRRRRRRRRRRRRRR",
                "R~~~~x22222222222 RRRRRR",
                "!~~~axx   2  2  2 RRRRRR",
                "!~~~a^x           RRRRRR",
                "!~~~axx           RRRRRR",
                "!~~~aAAR   RRRRRRRRRRRRR",
                "R~~~~~~Rc LRRRRRRRRRRRRR",
                "RRRRRRRRc LRRRRRRRRRRRRR",
                "RRRRRRRRR RRRRRRRRRRRRRR",
                "RRRRRRRRRRRRRRRRRRRRRRRR",
                "RRRRRRRRRRRRRRRRRRRRRRRR",
                "RRRRRRRRRRRRRRRRRRRRRRRR",
                "RRRRRRRRRRRRRRRRRRRRRRRR",
                "RRRRRRRRRRRRRRRRRRRRRRRR",
                "RRRRRRRRRRRRRRRRRRRRRRRR" 
            ],
            "terrain": {".": ["t_dirt", "t_dirt", "t_dirt", "t_grass", "t_pavement", "t_dirt", "t_dirt", "t_dirt", "t_grass", "t_rock_floor", "t_dirt", "t_dirt", "t_dirt", "t_grass", "t_dirtmound", "t_dirt", "t_dirt", "t_dirt", "t_grass", "t_sidewalk", "t_dirt", "t_dirt", "t_dirt", "t_grass", "t_sand"], " ": ["t_dirt", "t_dirt", "t_dirt", "t_sidewalk", "t_pavement", "t_dirt", "t_dirt", "t_dirt", "t_sidewalk", "t_pavement", "t_dirt", "t_dirt", "t_dirt", "t_dirtmound", "t_sidewalk", "t_dirt", "t_dirt", "t_dirt", "t_dirtmound", "t_sidewalk", "t_dirt", "t_dirt", "t_dirt", "t_sand", "t_sand"]},
            "furniture" : {
                "2" : ["f_wreckage", "f_wreckage", "f_wreckage", "f_wreckage", "f_wreckage", "f_wreckage", "f_rubble", "f_null"],
                "~" : ["f_ash", "f_null", "f_null"],
                "^" : ["f_wreckage", "f_wreckage", "f_wreckage", "f_wreckage", "f_wreckage", "f_wreckage", "f_rubble", "f_null"],
                "!" : ["f_wreckage", "f_wreckage", "f_wreckage", "f_wreckage", "f_wreckage", "f_wreckage", "f_rubble", "f_null"],
                "*" : ["f_wreckage", "f_wreckage", "f_wreckage", "f_wreckage", "f_wreckage", "f_wreckage", "f_rubble", "f_null"],
                "A" : ["f_wreckage", "f_wreckage", "f_wreckage", "f_wreckage", "f_wreckage", "f_wreckage", "f_rubble", "f_null"],
                "a" : ["f_wreckage", "f_wreckage", "f_wreckage", "f_wreckage", "f_wreckage", "f_wreckage", "f_rubble", "f_null"],
                "c" : ["f_ash", "f_null", "f_null"],
                "L" : ["f_ash", "f_null", "f_null"],
                "R" : ["f_ash", "f_ash", "f_ash", "f_null"],
                "x" : ["f_wreckage", "f_wreckage", "f_wreckage", "f_wreckage", "f_wreckage", "f_wreckage", "f_rubble", "f_null"]
            },
            "place_monsters" : [
                { "monster" : "GROUP_SEWER", "x" : [1,22], "y" : [1,22], "density" : 0.10 }
            ]
        }
    }
]
