[
    {
        "type" : "mapgen",
        "om_terrain" : ["s_pizza_parlor"],
        "method": "json",
        "weight": 1000,
        "object": {
            "fill_ter": "t_dirt",
            "rows": [
                "-||||||||||||||-        ",
                "-FwlwL-P#######-        ",
                "-Flwlw#..U.U.U.g        ",
                "-#wlwl@........g        ",
                "-#lwlw#........g        ",
                "-#wlwl{........g        ",
                "-Olwlw{........g        ",
                "-Owlwl{........g        ",
                "-#lwlw{........G        ",
                "-#wlwl#........g        ",
                "-wlwlw#....BB..g        ",
                "-lwlwl#....TT..g        ",
                "-##f###....BB..-        ",
                "-.............P-rfrrrrrR",
                "-..............-cccccccR",
                "-C.....BB..BB..gccccBccR",
                "-C.....TT..TT..gcccBTBcR",
                "-......BB..BB..gccccBccR",
                "-..............gcccccccR",
                "-||+-..........GccccBccR",
                "-sll-..BB..BB..gcccBTBcR",
                "-lll-..TT..TT..gccccBccR",
                "-tll-..BB..BB.PgcccccccR",
                "-||||||||||||||-rfrrrrrR"
            ],
            "terrain": {".": ["t_dirt", "t_dirt", "t_dirt", "t_grass", "t_pavement", "t_dirt", "t_dirt", "t_dirt", "t_grass", "t_rock_floor", "t_dirt", "t_dirt", "t_dirt", "t_grass", "t_dirtmound", "t_dirt", "t_dirt", "t_dirt", "t_grass", "t_sidewalk", "t_dirt", "t_dirt", "t_dirt", "t_grass", "t_sand"], " ": ["t_dirt", "t_dirt", "t_dirt", "t_sidewalk", "t_pavement", "t_dirt", "t_dirt", "t_dirt", "t_sidewalk", "t_pavement", "t_dirt", "t_dirt", "t_dirt", "t_dirtmound", "t_sidewalk", "t_dirt", "t_dirt", "t_dirt", "t_dirtmound", "t_sidewalk", "t_dirt", "t_dirt", "t_dirt", "t_sand", "t_sand"]},
            "furniture": {
                "-": ["f_rubble", "f_rubble", "f_rubble", "f_rubble", "f_rubble", "f_rubble", "f_rubble", "f_ash", "f_rubble_rock", "f_ash", "f_null", "f_ash"],
                "|": ["f_rubble", "f_rubble", "f_rubble", "f_rubble", "f_rubble", "f_rubble", "f_rubble", "f_ash", "f_rubble_rock", "f_ash", "f_null", "f_ash"],
                "g": ["f_ash", "f_rubble", "f_ash", "f_rubble", "f_ash", "f_null"],
                "G": ["f_rubble", "f_rubble", "f_rubble", "f_rubble", "f_rubble", "f_rubble", "f_rubble", "f_ash", "f_rubble_rock", "f_ash", "f_null", "f_ash"],
                "r": ["f_wreckage", "f_wreckage", "f_wreckage", "f_wreckage", "f_wreckage", "f_wreckage", "f_rubble", "f_null"],
                "R": ["f_wreckage", "f_wreckage", "f_wreckage", "f_wreckage", "f_wreckage", "f_wreckage", "f_rubble", "f_null"],
                ".": ["f_ash", "f_rubble", "f_ash", "f_rubble", "f_ash", "f_null"],
                "c": ["f_ash", "f_null", "f_null"],
                "f": ["f_ash", "f_rubble", "f_ash", "f_rubble", "f_ash", "f_null"],
                "+": ["f_rubble", "f_rubble", "f_rubble", "f_rubble", "f_rubble", "f_rubble", "f_rubble", "f_ash", "f_rubble_rock", "f_ash", "f_null", "f_ash"],
                " ": ["f_ash", "f_null", "f_null"],
                "@": ["f_wreckage", "f_wreckage", "f_wreckage", "f_wreckage", "f_wreckage", "f_wreckage", "f_rubble", "f_null"],
                "w": ["f_ash", "f_rubble", "f_ash", "f_rubble", "f_ash", "f_null"],
                "l": ["f_ash", "f_rubble", "f_ash", "f_rubble", "f_ash", "f_null"],
                "t": ["f_ash", "f_rubble", "f_ash", "f_rubble", "f_ash", "f_null"],
                "s": ["f_ash", "f_rubble", "f_ash", "f_rubble", "f_ash", "f_null"],
                "F": ["f_ash", "f_rubble", "f_ash", "f_rubble", "f_ash", "f_null"],
                "#": ["f_ash", "f_rubble", "f_ash", "f_rubble", "f_ash", "f_null"],
                "O": ["f_ash", "f_rubble", "f_ash", "f_rubble", "f_ash", "f_null"],
                "{": ["f_ash", "f_rubble", "f_ash", "f_rubble", "f_ash", "f_null"],
                "L": ["f_ash", "f_rubble", "f_ash", "f_rubble", "f_ash", "f_null"]
            }
        }
    }
]
