[
  {
    "type": "mapgen",
    "om_terrain": [
      "s_gun"
    ],
    "method": "json",
    "weight": 300,
    "object": {            "fill_ter": "t_dirt",
            "rows": [
        "__________________sss___",
        "_,___,___,___,___,sss_%_",
        "_,___,___,___,___,sss_%_",
        "_,___,___,___,___,sss_%_",
        "_,___,___,___,___,sss_%_",
        "_,___,___,___,___,sss___",
        "ssssssssssssssssssssssss",
        "s--5555--5555--+--55555s",
        "s|r..rrrrrr...^.^|rrrr8s",
        "s8r..............L...r8s",
        "s8r..rrrrrr...###|----|_",
        "s8r..rrrrrr...x..rrrrr|_",
        "s8r...........#......r|_",
        "s|r..rrrrrr...#......r|_",
        "s|---------D--------+-|_",
        "s|#######|...|tccEc..^|_",
        "s|#.c..c#|...|t.xEc...w_",
        "sL...c...L...D........w_",
        "_|l.###.l|..^|##FCC...|_",
        "_|l.rrr.l|-L-------D-D|_",
        "_|l.rrr.l|ssss____WS|SW_",
        "_|l.....l|s__,_dd_|T|T|_",
        "_--WW-WW--s__,_dd_-----_",
        "__________s__,_dd_______"
      ],
            "terrain": {".": ["t_dirt", "t_dirt", "t_dirt", "t_grass", "t_pavement", "t_dirt", "t_dirt", "t_dirt", "t_grass", "t_rock_floor", "t_dirt", "t_dirt", "t_dirt", "t_grass", "t_dirtmound", "t_dirt", "t_dirt", "t_dirt", "t_grass", "t_sidewalk", "t_dirt", "t_dirt", "t_dirt", "t_grass", "t_sand"], " ": ["t_dirt", "t_dirt", "t_dirt", "t_sidewalk", "t_pavement", "t_dirt", "t_dirt", "t_dirt", "t_sidewalk", "t_pavement", "t_dirt", "t_dirt", "t_dirt", "t_dirtmound", "t_sidewalk", "t_dirt", "t_dirt", "t_dirt", "t_dirtmound", "t_sidewalk", "t_dirt", "t_dirt", "t_dirt", "t_sand", "t_sand"]},
      "furniture": {
                "w": ["f_wreckage", "f_wreckage", "f_wreckage", "f_wreckage", "f_wreckage", "f_wreckage", "f_rubble", "f_null"],
                "W": ["f_wreckage", "f_wreckage", "f_wreckage", "f_wreckage", "f_wreckage", "f_wreckage", "f_rubble", "f_null"],
                "5": ["f_wreckage", "f_wreckage", "f_wreckage", "f_wreckage", "f_wreckage", "f_wreckage", "f_rubble", "f_null"],
                "8": ["f_wreckage", "f_wreckage", "f_wreckage", "f_wreckage", "f_wreckage", "f_wreckage", "f_rubble", "f_null"],
                "D": ["f_rubble", "f_rubble", "f_rubble", "f_rubble", "f_rubble", "f_rubble", "f_rubble", "f_ash", "f_rubble_rock", "f_ash", "f_null", "f_ash"],
                "+": ["f_wreckage", "f_wreckage", "f_wreckage", "f_wreckage", "f_wreckage", "f_wreckage", "f_rubble", "f_null"],
                "L": ["f_wreckage", "f_wreckage", "f_wreckage", "f_wreckage", "f_wreckage", "f_wreckage", "f_rubble", "f_null"],

        "_": ["f_ash", "f_null", "f_null"],
        ",": ["f_ash", "f_null", "f_null"],
        "s": ["f_ash", "f_null", "f_null"],
        "-": ["f_rubble", "f_rubble", "f_rubble", "f_rubble", "f_rubble", "f_rubble", "f_rubble", "f_ash", "f_rubble_rock", "f_ash", "f_null", "f_ash"],
        "|": ["f_rubble", "f_rubble", "f_rubble", "f_rubble", "f_rubble", "f_rubble", "f_rubble", "f_ash", "f_rubble_rock", "f_ash", "f_null", "f_ash"],
        ".": ["f_ash", "f_rubble", "f_ash", "f_rubble", "f_ash", "f_null"],
        "%": ["f_ash", "f_ash", "f_ash", "f_null"],
        "x": ["f_wreckage", "f_wreckage", "f_wreckage", "f_wreckage", "f_wreckage", "f_wreckage", "f_rubble", "f_null"],
        "^": ["f_ash", "f_rubble", "f_ash", "f_rubble", "f_ash", "f_null"],
        "r": ["f_ash", "f_rubble", "f_ash", "f_rubble", "f_ash", "f_null"],
        "l": ["f_ash", "f_rubble", "f_ash", "f_rubble", "f_ash", "f_null"],
        "#": ["f_ash", "f_rubble", "f_ash", "f_rubble", "f_ash", "f_null"],
        "E": ["f_ash", "f_rubble", "f_ash", "f_rubble", "f_ash", "f_null"],
        "t": ["f_ash", "f_rubble", "f_ash", "f_rubble", "f_ash", "f_null"],
        "c": ["f_ash", "f_rubble", "f_ash", "f_rubble", "f_ash", "f_null"],
        "C": ["f_ash", "f_rubble", "f_ash", "f_rubble", "f_ash", "f_null"],
        "F": ["f_ash", "f_rubble", "f_ash", "f_rubble", "f_ash", "f_null"],
        "S": ["f_ash", "f_rubble", "f_ash", "f_rubble", "f_ash", "f_null"],
        "T": ["f_ash", "f_rubble", "f_ash", "f_rubble", "f_ash", "f_null"],
        "d": ["f_ash", "f_null", "f_null"]
      }
    }
  }
]
