[
    {
        "type" : "overmap_terrain",
        "id" : "mortuary",
        "name" : "mortuary",
        "rotate" : true,
        "sym" : 77,
        "color" : "i_blue",
        "see_cost" : 5,
        "extras" : "build",
        "mondensity" : 6,
        "sidewalk" : true,
        "mapgen": [ {
            "method": "json",
            "weight": 100,
            "object" : {
                "fill_ter": "t_dirt",
                "rows": [
                    "..,,,,,...uuuu...,,,,,..",
                    "..,,,,,..uaaaau..,,,,,..",
                    "..,,,,,.uaffffau.,,,,,..",
                    "..,,,,,..uuuuuu..,,,,,..",
                    "..,,,,,..........,,,,,..",
                    "..,,,,,,........,,,,,,..",
                    "..,,,,,,,,,,,,,,,,,,,,..",
                    "..,,,,,,,,,,,,,,,,,,,,..",
                    "..,,,,,,,,,,,,,,,,,,,,..",
                    "..,,,,,,,,,,,,,,,,,,,,..",
                    "...,,,,,,,,,,,,,,,,,,...",
                    "....uuuu.|o++o|.uuuu....",
                    "..|-oooo-|P  P|-oooo-|u.",
                    "..|P cc P|H  H|      |fu",
                    ".u|c    c|H  H| H H  ofu",
                    ".uoc    c|    | H H  |fu",
                    ".u|c     +    + H H P|u.",
                    "..|D ll P|P  P| H H C|..",
                    "..|------|-++-| H H P|u.",
                    "..|dT~T~L|C  O| H H  |fu",
                    "..|d~~~~~*   O| H H  ofu",
                    "..|dT~T~i|C  O|      |fu",
                    "..|------|-++-|-o--o-|u.",
                    ".........u.,,.u........."
                ],
                "terrain": {".": ["t_dirt", "t_dirt", "t_dirt", "t_grass", "t_pavement", "t_dirt", "t_dirt", "t_dirt", "t_grass", "t_rock_floor", "t_dirt", "t_dirt", "t_dirt", "t_grass", "t_dirtmound", "t_dirt", "t_dirt", "t_dirt", "t_grass", "t_sidewalk", "t_dirt", "t_dirt", "t_dirt", "t_grass", "t_sand"], " ": ["t_dirt", "t_dirt", "t_dirt", "t_sidewalk", "t_pavement", "t_dirt", "t_dirt", "t_dirt", "t_sidewalk", "t_pavement", "t_dirt", "t_dirt", "t_dirt", "t_dirtmound", "t_sidewalk", "t_dirt", "t_dirt", "t_dirt", "t_dirtmound", "t_sidewalk", "t_dirt", "t_dirt", "t_dirt", "t_sand", "t_sand"]},
                "furniture" : {
                    "|" : ["f_rubble", "f_rubble", "f_rubble", "f_rubble", "f_rubble", "f_rubble", "f_rubble", "f_ash", "f_rubble_rock", "f_ash", "f_null", "f_ash"],
                    "-" : ["f_rubble", "f_rubble", "f_rubble", "f_rubble", "f_rubble", "f_rubble", "f_rubble", "f_ash", "f_rubble_rock", "f_ash", "f_null", "f_ash"],
                    "." : ["f_ash", "f_ash", "f_ash", "f_null"],
                    "*" : ["f_ash", "f_ash", "f_ash", "f_null"],
                    "+": ["f_rubble", "f_rubble", "f_rubble", "f_rubble", "f_rubble", "f_rubble", "f_rubble", "f_ash", "f_rubble_rock", "f_ash", "f_null", "f_ash"],
                    ";": ["f_rubble", "f_rubble", "f_rubble", "f_rubble", "f_rubble", "f_rubble", "f_rubble", "f_ash", "f_rubble_rock", "f_ash", "f_null", "f_ash"],
                    "[": ["f_rubble", "f_rubble", "f_rubble", "f_rubble", "f_rubble", "f_rubble", "f_rubble", "f_ash", "f_rubble_rock", "f_ash", "f_null", "f_ash"],
                    "," : ["f_ash", "f_rubble", "f_ash", "f_rubble", "f_ash", "f_null"],
                    "B" : ["f_ash", "f_rubble", "f_ash", "f_rubble", "f_ash", "f_null"],
                    "c" : ["f_ash", "f_rubble", "f_ash", "f_rubble", "f_ash", "f_null"],
                    "C" : ["f_ash", "f_rubble", "f_ash", "f_rubble", "f_ash", "f_null"],
                    "d" : ["f_ash", "f_rubble", "f_ash", "f_rubble", "f_ash", "f_null"],
                    "D" : ["f_ash", "f_rubble", "f_ash", "f_rubble", "f_ash", "f_null"],
                    "h" : ["f_ash", "f_rubble", "f_ash", "f_rubble", "f_ash", "f_null"],
                    "H" : ["f_ash", "f_rubble", "f_ash", "f_rubble", "f_ash", "f_null"],
                    "o" : ["f_ash", "f_rubble", "f_ash", "f_rubble", "f_ash", "f_null"],
                    "O" : ["f_ash", "f_rubble", "f_ash", "f_rubble", "f_ash", "f_null"],
                    "p" : ["f_ash", "f_rubble", "f_ash", "f_rubble", "f_ash", "f_null"],
                    "P" : ["f_ash", "f_rubble", "f_ash", "f_rubble", "f_ash", "f_null"],
                    "q" : ["f_ash", "f_rubble", "f_ash", "f_rubble", "f_ash", "f_null"],
                    "Q" : ["f_ash", "f_rubble", "f_ash", "f_rubble", "f_ash", "f_null"],
                    "S" : ["f_ash", "f_rubble", "f_ash", "f_rubble", "f_ash", "f_null"],
                    "T" : ["f_ash", "f_rubble", "f_ash", "f_rubble", "f_ash", "f_null"],
                    "l" : ["f_ash", "f_rubble", "f_ash", "f_rubble", "f_ash", "f_null"],
                    "L" : ["f_ash", "f_rubble", "f_ash", "f_rubble", "f_ash", "f_null"],
                    "i" : ["f_ash", "f_rubble", "f_ash", "f_rubble", "f_ash", "f_null"],
                    "n" : ["f_ash", "f_rubble", "f_ash", "f_rubble", "f_ash", "f_null"],
                    "a" : ["f_ash", "f_rubble", "f_ash", "f_rubble", "f_ash", "f_null"],
                    "f" : ["f_ash", "f_rubble", "f_ash", "f_rubble", "f_ash", "f_null"]
                }
            }
        } ]
    }
]
