[
    {
        "type": "mapgen",
        "om_terrain": ["s_teashop"],
        "method": "json",
        "weight": 250,
        "object": {
            "fill_ter": "t_dirt",
            "rows": [
                "...S....................",
                ".z.S.z..123123123123123.",
                "...S....SSSSCTCSSSSSCSz.",
                ".z.S.z..SCTCSSSSCTCSTSz.",
                "...S....SSSSSCTCSSSSCSz.",
                ".--+-ooo--OO-OO-OO-OO-..",
                ".|,,,###|,ctc,,ctc,,t|..",
                ".|{,,,,,|,,,,,,,,,,,c|..",
                ".|{,tt,,,,,,c,,,,,,,,O..",
                ".|{,tt,,,,,ctc,,c,,,,O..",
                ".|,,,,,,|,,,c,,ctc,,c|..",
                ".|6####,|c,,,,,,c,,,t|..",
                ".|c,,,,,|t,,,,c,,,,,c|..",
                ".|-+----|c,,,ctc,,,,,O..",
                ".|#,F##K|,,,,,c,,,,c,O..",
                ".|#,,,,,+,,,,,,,,,ctc|..",
                ".|#,,vv,|,,ctc,,,,,c,|..",
                ".|-+-------ooo---ooo-|..",
                "....&&..................",
                "........................",
                "........................",
                "........................",
                "........................",
                "........................"
            ],
            "terrain": {".": ["t_dirt", "t_dirt", "t_dirt", "t_grass", "t_pavement", "t_dirt", "t_dirt", "t_dirt", "t_grass", "t_rock_floor", "t_dirt", "t_dirt", "t_dirt", "t_grass", "t_dirtmound", "t_dirt", "t_dirt", "t_dirt", "t_grass", "t_sidewalk", "t_dirt", "t_dirt", "t_dirt", "t_grass", "t_sand"], " ": ["t_dirt", "t_dirt", "t_dirt", "t_sidewalk", "t_pavement", "t_dirt", "t_dirt", "t_dirt", "t_sidewalk", "t_pavement", "t_dirt", "t_dirt", "t_dirt", "t_dirtmound", "t_sidewalk", "t_dirt", "t_dirt", "t_dirt", "t_dirtmound", "t_sidewalk", "t_dirt", "t_dirt", "t_dirt", "t_sand", "t_sand"]},
            "furniture": {
                ".": ["f_ash", "f_ash", "f_ash", "f_null"],
                ",": ["f_ash", "f_rubble", "f_ash", "f_rubble", "f_ash", "f_null"],
                "{": ["f_ash", "f_rubble", "f_ash", "f_rubble", "f_ash", "f_null"],
                "c": ["f_ash", "f_rubble", "f_ash", "f_rubble", "f_ash", "f_null"],
                "t": ["f_ash", "f_rubble", "f_ash", "f_rubble", "f_ash", "f_null"],
                "C": ["f_ash", "f_null", "f_null"],
                "T": ["f_ash", "f_null", "f_null"],
                "S": ["f_ash", "f_null", "f_null"],
                "_": ["f_ash", "f_null", "f_null"],
                "&": ["f_ash", "f_null", "f_null"],
                "z": ["f_ash", "f_ash", "f_ash", "f_null"],
                "1": ["f_ash", "f_ash", "f_ash", "f_null"],
                "2": ["f_ash", "f_ash", "f_ash", "f_null"],
                "3": ["f_ash", "f_ash", "f_ash", "f_null"],
                "6": ["f_wreckage", "f_wreckage", "f_wreckage", "f_wreckage", "f_wreckage", "f_wreckage", "f_rubble", "f_null"],
                "|": ["f_rubble", "f_rubble", "f_rubble", "f_rubble", "f_rubble", "f_rubble", "f_rubble", "f_ash", "f_rubble_rock", "f_ash", "f_null", "f_ash"],
                "-": ["f_rubble", "f_rubble", "f_rubble", "f_rubble", "f_rubble", "f_rubble", "f_rubble", "f_ash", "f_rubble_rock", "f_ash", "f_null", "f_ash"],
                "+": ["f_rubble", "f_rubble", "f_rubble", "f_rubble", "f_rubble", "f_rubble", "f_rubble", "f_ash", "f_rubble_rock", "f_ash", "f_null", "f_ash"],
                "O": ["f_rubble", "f_rubble", "f_rubble", "f_rubble", "f_rubble", "f_rubble", "f_rubble", "f_ash", "f_rubble_rock", "f_ash", "f_null", "f_ash"],
                "o": ["f_rubble", "f_rubble", "f_rubble", "f_rubble", "f_rubble", "f_rubble", "f_rubble", "f_ash", "f_rubble_rock", "f_ash", "f_null", "f_ash"],
                "#": ["f_ash", "f_rubble", "f_ash", "f_rubble", "f_ash", "f_null"],
                "F": ["f_ash", "f_rubble", "f_ash", "f_rubble", "f_ash", "f_null"],
                "K": ["f_ash", "f_rubble", "f_ash", "f_rubble", "f_ash", "f_null"],
                "v": ["f_ash", "f_rubble", "f_ash", "f_rubble", "f_ash", "f_null"]
            }
        }
    }
]
